farm_id,field_id,date,soil_moisture_pct_nfk,growth_stage,crop_type,days_since_last_irrigation,previous_irrigation_mm,onfarm_rain_gauge_mm,soil_type,crop_variety_maturity,days_after_planting,irrigation_type,water_source,field_area_ha,irrigation_need
farm_1,farm_1_field_1,2025-04-15,57.2,initial,potato,7,0.0,0.0,sand,medium,7,drip,groundwater_well,11.5,0
farm_1,farm_1_field_1,2025-04-16,54.2,initial,potato,8,0.0,3.8,sand,medium,8,drip,groundwater_well,11.5,0
farm_1,farm_1_field_1,2025-04-17,62.0,initial,potato,9,0.0,0.7,sand,medium,9,drip,groundwater_well,11.5,0
farm_1,farm_1_field_1,2025-04-18,54.6,initial,potato,10,0.0,0.0,sand,medium,10,drip,groundwater_well,11.5,0
farm_1,farm_1_field_1,2025-04-19,58.3,initial,potato,11,0.0,0.0,sand,medium,11,drip,groundwater_well,11.5,0
farm_1,farm_1_field_1,2025-04-20,56.2,initial,potato,12,0.0,0.0,sand,medium,12,drip,groundwater_well,11.5,0
farm_1,farm_1_field_1,2025-04-21,54.6,initial,potato,13,0.0,0.7,sand,medium,13,drip,groundwater_well,11.5,0
farm_1,farm_1_field_1,2025-04-22,50.6,initial,potato,14,0.0,3.0,sand,medium,14,drip,groundwater_well,11.5,0
farm_1,farm_1_field_1,2025-04-23,60.3,initial,potato,15,0.0,0.0,sand,medium,15,drip,groundwater_well,11.5,0
farm_1,farm_1_field_1,2025-04-24,53.5,initial,potato,16,0.0,0.1,sand,medium,16,drip,groundwater_well,11.5,0
farm_1,farm_1_field_1,2025-04-25,,initial,potato,17,0.0,0.5,sand,medium,17,drip,groundwater_well,11.5,0
farm_1,farm_1_field_1,2025-04-26,54.4,initial,potato,18,0.0,0.2,sand,medium,18,drip,groundwater_well,11.5,0
farm_1,farm_1_field_1,2025-04-27,54.7,initial,potato,19,0.0,5.1,sand,medium,19,drip,groundwater_well,11.5,0
farm_1,farm_1_field_1,2025-04-28,55.5,initial,potato,20,0.0,0.0,sand,medium,20,drip,groundwater_well,11.5,0
farm_1,farm_1_field_1,2025-04-29,59.6,initial,potato,21,0.0,0.0,sand,medium,21,drip,groundwater_well,11.5,0
farm_1,farm_1_field_1,2025-04-30,56.8,initial,potato,22,0.0,0.6,sand,medium,22,drip,groundwater_well,11.5,0
farm_1,farm_1_field_1,2025-05-01,53.7,initial,potato,23,0.0,0.1,sand,medium,23,drip,groundwater_well,11.5,0
farm_1,farm_1_field_1,2025-05-02,50.5,initial,potato,24,0.0,0.0,sand,medium,24,drip,groundwater_well,11.5,0
farm_1,farm_1_field_1,2025-05-03,50.4,development,potato,25,0.0,2.3,sand,medium,25,drip,groundwater_well,11.5,1
farm_1,farm_1_field_1,2025-05-04,75.9,development,potato,1,18.0,0.5,sand,medium,26,drip,groundwater_well,11.5,0
farm_1,farm_1_field_1,2025-05-05,74.6,development,potato,2,18.0,0.2,sand,medium,27,drip,groundwater_well,11.5,0
farm_1,farm_1_field_1,2025-05-06,71.3,development,potato,3,18.0,0.0,sand,medium,28,drip,groundwater_well,11.5,0
farm_1,farm_1_field_1,2025-05-07,66.3,development,potato,4,18.0,0.2,sand,medium,29,drip,groundwater_well,11.5,0
farm_1,farm_1_field_1,2025-05-08,61.3,development,potato,5,18.0,0.0,sand,medium,30,drip,groundwater_well,11.5,0
farm_1,farm_1_field_1,2025-05-09,65.7,development,potato,6,18.0,1.2,sand,medium,31,drip,groundwater_well,11.5,0
farm_1,farm_1_field_1,2025-05-10,58.9,development,potato,7,18.0,0.4,sand,medium,32,drip,groundwater_well,11.5,0
farm_1,farm_1_field_1,2025-05-11,54.0,development,potato,8,18.0,0.0,sand,medium,33,drip,groundwater_well,11.5,0
farm_1,farm_1_field_1,2025-05-12,55.9,development,potato,9,18.0,0.0,sand,medium,34,drip,groundwater_well,11.5,0
farm_1,farm_1_field_1,2025-05-13,45.7,development,potato,10,18.0,0.0,sand,medium,35,drip,groundwater_well,11.5,1
farm_1,farm_1_field_1,2025-05-14,42.8,development,potato,11,18.0,0.2,sand,medium,36,drip,groundwater_well,11.5,1
farm_1,farm_1_field_1,2025-05-15,41.7,development,potato,12,18.0,0.6,sand,medium,37,drip,groundwater_well,11.5,1
farm_1,farm_1_field_1,2025-05-16,66.6,development,potato,1,18.0,0.3,sand,medium,38,drip,groundwater_well,11.5,0
farm_1,farm_1_field_1,2025-05-17,63.0,development,potato,2,18.0,5.9,sand,medium,39,drip,groundwater_well,11.5,0
farm_1,farm_1_field_1,2025-05-18,65.8,development,potato,3,18.0,1.1,sand,medium,40,drip,groundwater_well,11.5,0
farm_1,farm_1_field_1,2025-05-19,64.4,development,potato,4,18.0,8.2,sand,medium,41,drip,groundwater_well,11.5,0
farm_1,farm_1_field_1,2025-05-20,74.4,development,potato,5,18.0,0.0,sand,medium,42,drip,groundwater_well,11.5,0
farm_1,farm_1_field_1,2025-05-21,70.0,development,potato,6,18.0,5.6,sand,medium,43,drip,groundwater_well,11.5,0
farm_1,farm_1_field_1,2025-05-22,69.6,development,potato,7,18.0,0.3,sand,medium,44,drip,groundwater_well,11.5,0
farm_1,farm_1_field_1,2025-05-23,71.7,development,potato,8,18.0,0.0,sand,medium,45,drip,groundwater_well,11.5,0
farm_1,farm_1_field_1,2025-05-24,66.0,development,potato,9,18.0,0.2,sand,medium,46,drip,groundwater_well,11.5,0
farm_1,farm_1_field_1,2025-05-25,58.5,development,potato,10,18.0,3.7,sand,medium,47,drip,groundwater_well,11.5,0
farm_1,farm_1_field_1,2025-05-26,60.9,development,potato,11,18.0,0.1,sand,medium,48,drip,groundwater_well,11.5,0
farm_1,farm_1_field_1,2025-05-27,57.4,development,potato,12,18.0,0.3,sand,medium,49,drip,groundwater_well,11.5,0
farm_1,farm_1_field_1,2025-05-28,59.8,development,potato,13,18.0,0.5,sand,medium,50,drip,groundwater_well,11.5,0
farm_1,farm_1_field_1,2025-05-29,50.2,development,potato,14,18.0,0.0,sand,medium,51,drip,groundwater_well,11.5,0
farm_1,farm_1_field_1,2025-05-30,47.0,development,potato,15,18.0,0.0,sand,medium,52,drip,groundwater_well,11.5,1
farm_1,farm_1_field_1,2025-05-31,40.9,development,potato,16,18.0,0.6,sand,medium,53,drip,groundwater_well,11.5,1
farm_1,farm_1_field_1,2025-06-01,40.8,development,potato,17,18.0,0.0,sand,medium,54,drip,groundwater_well,11.5,1
farm_1,farm_1_field_1,2025-06-02,,sensitive,potato,1,18.0,0.3,sand,medium,55,drip,groundwater_well,11.5,0
farm_1,farm_1_field_1,2025-06-03,53.9,sensitive,potato,2,18.0,0.3,sand,medium,56,drip,groundwater_well,11.5,1
farm_1,farm_1_field_1,2025-06-04,81.4,sensitive,potato,1,18.0,0.6,sand,medium,57,drip,groundwater_well,11.5,0
farm_1,farm_1_field_1,2025-06-05,67.1,sensitive,potato,2,18.0,0.2,sand,medium,58,drip,groundwater_well,11.5,0
farm_1,farm_1_field_1,2025-06-06,63.3,sensitive,potato,3,18.0,0.2,sand,medium,59,drip,groundwater_well,11.5,0
farm_1,farm_1_field_1,2025-06-07,60.9,sensitive,potato,4,18.0,19.0,sand,medium,60,drip,groundwater_well,11.5,1
farm_1,farm_1_field_1,2025-06-08,94.1,sensitive,potato,1,17.5,17.5,sand,medium,61,drip,groundwater_well,11.5,0
farm_1,farm_1_field_1,2025-06-09,93.7,sensitive,potato,2,17.5,0.0,sand,medium,62,drip,groundwater_well,11.5,0
farm_1,farm_1_field_1,2025-06-10,90.4,sensitive,potato,3,17.5,1.1,sand,medium,63,drip,groundwater_well,11.5,0
farm_1,farm_1_field_1,2025-06-11,87.7,sensitive,potato,4,17.5,0.3,sand,medium,64,drip,groundwater_well,11.5,0
farm_1,farm_1_field_1,2025-06-12,82.5,sensitive,potato,5,17.5,0.0,sand,medium,65,drip,groundwater_well,11.5,0
farm_1,farm_1_field_1,2025-06-13,79.6,sensitive,potato,6,17.5,0.7,sand,medium,66,drip,groundwater_well,11.5,0
farm_1,farm_1_field_1,2025-06-14,69.9,sensitive,potato,7,17.5,0.1,sand,medium,67,drip,groundwater_well,11.5,0
farm_1,farm_1_field_1,2025-06-15,63.3,sensitive,potato,8,17.5,0.4,sand,medium,68,drip,groundwater_well,11.5,0
farm_1,farm_1_field_1,2025-06-16,61.4,sensitive,potato,9,17.5,0.6,sand,medium,69,drip,groundwater_well,11.5,1
farm_1,farm_1_field_1,2025-06-17,78.2,sensitive,potato,1,15.5,1.4,sand,medium,70,drip,groundwater_well,11.5,0
farm_1,farm_1_field_1,2025-06-18,72.9,sensitive,potato,2,15.5,22.3,sand,medium,71,drip,groundwater_well,11.5,0
farm_1,farm_1_field_1,2025-06-19,72.9,sensitive,potato,3,15.5,0.2,sand,medium,72,drip,groundwater_well,11.5,0
farm_1,farm_1_field_1,2025-06-20,72.9,sensitive,potato,4,15.5,0.5,sand,medium,73,drip,groundwater_well,11.5,0
farm_1,farm_1_field_1,2025-06-21,72.9,sensitive,potato,5,15.5,0.0,sand,medium,74,drip,groundwater_well,11.5,0
farm_1,farm_1_field_1,2025-06-22,72.9,sensitive,potato,6,15.5,0.5,sand,medium,75,drip,groundwater_well,11.5,0
farm_1,farm_1_field_1,2025-06-23,74.8,sensitive,potato,7,15.5,0.0,sand,medium,76,drip,groundwater_well,11.5,0
farm_1,farm_1_field_1,2025-06-24,65.4,sensitive,potato,8,15.5,0.2,sand,medium,77,drip,groundwater_well,11.5,0
farm_1,farm_1_field_1,2025-06-25,54.0,sensitive,potato,9,15.5,0.5,sand,medium,78,drip,groundwater_well,11.5,1
farm_1,farm_1_field_1,2025-06-26,77.9,sensitive,potato,1,15.7,0.7,sand,medium,79,drip,groundwater_well,11.5,0
farm_1,farm_1_field_1,2025-06-27,72.3,sensitive,potato,2,15.7,0.0,sand,medium,80,drip,groundwater_well,11.5,0
farm_1,farm_1_field_1,2025-06-28,62.5,sensitive,potato,3,15.7,3.1,sand,medium,81,drip,groundwater_well,11.5,0
farm_1,farm_1_field_1,2025-06-29,52.6,sensitive,potato,4,15.7,0.2,sand,medium,82,drip,groundwater_well,11.5,0
farm_1,farm_1_field_1,2025-06-30,60.6,sensitive,potato,5,15.7,0.0,sand,medium,83,drip,groundwater_well,11.5,1
farm_1,farm_1_field_1,2025-07-01,46.5,sensitive,potato,6,15.7,1.0,sand,medium,84,drip,groundwater_well,11.5,1
farm_1,farm_1_field_1,2025-07-02,44.1,sensitive,potato,7,15.7,0.5,sand,medium,85,drip,groundwater_well,11.5,2
farm_1,farm_1_field_1,2025-07-03,61.8,sensitive,potato,1,18.0,0.4,sand,medium,86,drip,groundwater_well,11.5,1
farm_1,farm_1_field_1,2025-07-04,74.9,sensitive,potato,1,14.3,0.0,sand,medium,87,drip,groundwater_well,11.5,0
farm_1,farm_1_field_1,2025-07-05,65.6,sensitive,potato,2,14.3,0.0,sand,medium,88,drip,groundwater_well,11.5,0
farm_1,farm_1_field_1,2025-07-06,54.8,sensitive,potato,3,14.3,0.4,sand,medium,89,drip,groundwater_well,11.5,1
farm_1,farm_1_field_1,2025-07-07,75.2,sensitive,potato,1,18.0,0.0,sand,medium,90,drip,groundwater_well,11.5,0
farm_1,farm_1_field_1,2025-07-08,67.1,sensitive,potato,2,18.0,0.0,sand,medium,91,drip,groundwater_well,11.5,0
farm_1,farm_1_field_1,2025-07-09,55.8,sensitive,potato,3,18.0,0.6,sand,medium,92,drip,groundwater_well,11.5,1
farm_1,farm_1_field_1,2025-07-10,75.1,sensitive,potato,1,17.9,0.0,sand,medium,93,drip,groundwater_well,11.5,0
farm_1,farm_1_field_1,2025-07-11,68.6,sensitive,potato,2,17.9,0.2,sand,medium,94,drip,groundwater_well,11.5,0
farm_1,farm_1_field_1,2025-07-12,64.3,sensitive,potato,3,17.9,0.6,sand,medium,95,drip,groundwater_well,11.5,1
farm_1,farm_1_field_1,2025-07-13,73.6,sensitive,potato,1,15.7,0.0,sand,medium,96,drip,groundwater_well,11.5,0
farm_1,farm_1_field_1,2025-07-14,69.1,sensitive,potato,2,15.7,0.2,sand,medium,97,drip,groundwater_well,11.5,0
farm_1,farm_1_field_1,2025-07-15,64.9,sensitive,potato,3,15.7,0.4,sand,medium,98,drip,groundwater_well,11.5,1
farm_1,farm_1_field_1,2025-07-16,73.6,sensitive,potato,1,14.1,0.1,sand,medium,99,drip,groundwater_well,11.5,0
farm_1,farm_1_field_1,2025-07-17,68.1,late,potato,2,14.1,0.0,sand,medium,100,drip,groundwater_well,11.5,0
farm_1,farm_1_field_1,2025-07-18,64.8,late,potato,3,14.1,1.6,sand,medium,101,drip,groundwater_well,11.5,0
farm_1,farm_1_field_1,2025-07-19,62.4,late,potato,4,14.1,10.0,sand,medium,102,drip,groundwater_well,11.5,0
farm_1,farm_1_field_1,2025-07-20,71.3,late,potato,5,14.1,0.5,sand,medium,103,drip,groundwater_well,11.5,0
farm_1,farm_1_field_1,2025-07-21,75.3,late,potato,6,14.1,0.3,sand,medium,104,drip,groundwater_well,11.5,0
farm_1,farm_1_field_1,2025-07-22,71.1,late,potato,7,14.1,0.3,sand,medium,105,drip,groundwater_well,11.5,0
farm_1,farm_1_field_1,2025-07-23,58.4,late,potato,8,14.1,0.7,sand,medium,106,drip,groundwater_well,11.5,0
farm_1,farm_1_field_1,2025-07-24,54.8,late,potato,9,14.1,0.0,sand,medium,107,drip,groundwater_well,11.5,0
farm_1,farm_1_field_1,2025-07-25,56.0,late,potato,10,14.1,0.0,sand,medium,108,drip,groundwater_well,11.5,0
farm_1,farm_1_field_1,2025-07-26,47.3,late,potato,11,14.1,0.0,sand,medium,109,drip,groundwater_well,11.5,0
farm_1,farm_1_field_1,2025-07-27,37.3,late,potato,12,14.1,1.8,sand,medium,110,drip,groundwater_well,11.5,0
farm_1,farm_1_field_1,2025-07-28,43.3,late,potato,13,14.1,0.0,sand,medium,111,drip,groundwater_well,11.5,1
farm_1,farm_1_field_1,2025-07-29,39.5,late,potato,14,14.1,6.3,sand,medium,112,drip,groundwater_well,11.5,1
farm_1,farm_1_field_1,2025-07-30,68.4,late,potato,1,18.0,0.6,sand,medium,113,drip,groundwater_well,11.5,0
farm_1,farm_1_field_1,2025-07-31,59.8,late,potato,2,18.0,0.2,sand,medium,114,drip,groundwater_well,11.5,0
farm_1,farm_1_field_1,2025-08-01,55.9,late,potato,3,18.0,0.0,sand,medium,115,drip,groundwater_well,11.5,0
farm_1,farm_1_field_1,2025-08-02,52.3,late,potato,4,18.0,0.0,sand,medium,116,drip,groundwater_well,11.5,0
farm_1,farm_1_field_1,2025-08-03,44.3,late,potato,5,18.0,0.4,sand,medium,117,drip,groundwater_well,11.5,0
farm_1,farm_1_field_1,2025-08-04,40.4,late,potato,6,18.0,1.3,sand,medium,118,drip,groundwater_well,11.5,0
farm_1,farm_1_field_1,2025-08-05,44.1,late,potato,7,18.0,0.0,sand,medium,119,drip,groundwater_well,11.5,0
farm_1,farm_1_field_1,2025-08-06,33.9,late,potato,8,18.0,8.1,sand,medium,120,drip,groundwater_well,11.5,1
farm_1,farm_1_field_1,2025-08-07,71.0,late,potato,1,18.0,0.0,sand,medium,121,drip,groundwater_well,11.5,0
farm_1,farm_1_field_1,2025-08-08,67.6,late,potato,2,18.0,0.1,sand,medium,122,drip,groundwater_well,11.5,0
farm_1,farm_1_field_1,2025-08-09,59.7,late,potato,3,18.0,0.1,sand,medium,123,drip,groundwater_well,11.5,0
farm_1,farm_1_field_1,2025-08-10,58.5,late,potato,4,18.0,0.0,sand,medium,124,drip,groundwater_well,11.5,0
farm_1,farm_1_field_1,2025-08-11,53.6,late,potato,5,18.0,2.4,sand,medium,125,drip,groundwater_well,11.5,0
farm_1,farm_1_field_1,2025-08-12,54.5,late,potato,6,18.0,0.0,sand,medium,126,drip,groundwater_well,11.5,0
farm_1,farm_1_field_1,2025-08-13,44.7,late,potato,7,18.0,0.0,sand,medium,127,drip,groundwater_well,11.5,0
farm_1,farm_1_field_1,2025-08-14,49.2,late,potato,8,18.0,0.0,sand,medium,128,drip,groundwater_well,11.5,0
farm_1,farm_1_field_1,2025-08-15,42.4,late,potato,9,18.0,0.2,sand,medium,129,drip,groundwater_well,11.5,1
farm_1,farm_1_field_1,2025-08-16,38.3,late,potato,10,18.0,0.0,sand,medium,130,drip,groundwater_well,11.5,1
farm_1,farm_1_field_1,2025-08-17,66.4,late,potato,1,18.0,0.2,sand,medium,131,drip,groundwater_well,11.5,0
farm_1,farm_1_field_1,2025-08-18,,late,potato,2,18.0,0.0,sand,medium,132,drip,groundwater_well,11.5,0
farm_1,farm_1_field_1,2025-08-19,47.1,late,potato,3,18.0,0.0,sand,medium,133,drip,groundwater_well,11.5,0
farm_1,farm_1_field_1,2025-08-20,43.7,late,potato,4,18.0,0.4,sand,medium,134,drip,groundwater_well,11.5,0
farm_1,farm_1_field_1,2025-08-21,35.8,late,potato,5,18.0,0.0,sand,medium,135,drip,groundwater_well,11.5,0
farm_1,farm_1_field_1,2025-08-22,38.8,late,potato,6,18.0,0.5,sand,medium,136,drip,groundwater_well,11.5,1
farm_1,farm_1_field_1,2025-08-23,32.8,late,potato,7,18.0,0.0,sand,medium,137,drip,groundwater_well,11.5,1
farm_1,farm_1_field_1,2025-08-24,53.8,late,potato,1,18.0,0.0,sand,medium,138,drip,groundwater_well,11.5,0
farm_1,farm_1_field_1,2025-08-25,56.8,late,potato,2,18.0,0.3,sand,medium,139,drip,groundwater_well,11.5,0
farm_1,farm_1_field_1,2025-08-26,50.9,late,potato,3,18.0,0.0,sand,medium,140,drip,groundwater_well,11.5,0
farm_1,farm_1_field_1,2025-08-27,47.3,late,potato,4,18.0,0.0,sand,medium,141,drip,groundwater_well,11.5,0
farm_1,farm_1_field_1,2025-08-28,37.9,late,potato,5,18.0,15.4,sand,medium,142,drip,groundwater_well,11.5,1
farm_1,farm_1_field_1,2025-08-29,57.5,late,potato,6,18.0,0.0,sand,medium,143,drip,groundwater_well,11.5,0
farm_1,farm_1_field_1,2025-08-30,51.9,late,potato,7,18.0,0.0,sand,medium,144,drip,groundwater_well,11.5,0
farm_1,farm_1_field_1,2025-08-31,48.7,late,potato,8,18.0,0.3,sand,medium,145,drip,groundwater_well,11.5,0
farm_1,farm_1_field_1,2025-09-01,47.0,late,potato,9,18.0,0.0,sand,medium,146,drip,groundwater_well,11.5,0
farm_1,farm_1_field_1,2025-09-02,39.5,late,potato,10,18.0,0.0,sand,medium,147,drip,groundwater_well,11.5,0
farm_1,farm_1_field_1,2025-09-03,37.8,late,potato,11,18.0,0.0,sand,medium,148,drip,groundwater_well,11.5,1
farm_1,farm_1_field_1,2025-09-04,41.3,late,potato,12,18.0,0.0,sand,medium,149,drip,groundwater_well,11.5,1
farm_1,farm_1_field_1,2025-09-05,32.1,late,potato,13,18.0,0.0,sand,medium,150,drip,groundwater_well,11.5,1
farm_1,farm_1_field_1,2025-09-06,32.1,late,potato,14,18.0,0.0,sand,medium,151,drip,groundwater_well,11.5,1
farm_1,farm_1_field_1,2025-09-07,32.1,late,potato,15,18.0,0.2,sand,medium,152,drip,groundwater_well,11.5,1
farm_1,farm_1_field_1,2025-09-08,32.1,late,potato,16,18.0,0.0,sand,medium,153,drip,groundwater_well,11.5,2
farm_1,farm_1_field_1,2025-09-09,32.1,late,potato,1,18.0,0.0,sand,medium,154,drip,groundwater_well,11.5,0
farm_1,farm_1_field_1,2025-09-10,32.1,late,potato,2,18.0,0.5,sand,medium,155,drip,groundwater_well,11.5,0
farm_1,farm_1_field_1,2025-09-11,32.1,late,potato,3,18.0,0.0,sand,medium,156,drip,groundwater_well,11.5,1
farm_1,farm_1_field_1,2025-09-12,61.4,late,potato,1,18.0,0.0,sand,medium,157,drip,groundwater_well,11.5,0
farm_1,farm_1_field_1,2025-09-13,61.4,late,potato,2,18.0,0.4,sand,medium,158,drip,groundwater_well,11.5,0
farm_1,farm_1_field_1,2025-09-14,56.6,late,potato,3,18.0,1.5,sand,medium,159,drip,groundwater_well,11.5,0
farm_1,farm_1_field_1,2025-09-15,56.6,late,potato,4,18.0,0.0,sand,medium,160,drip,groundwater_well,11.5,0
farm_1,farm_1_field_1,2025-09-16,56.6,late,potato,5,18.0,4.9,sand,medium,161,drip,groundwater_well,11.5,0
farm_1,farm_1_field_1,2025-09-17,56.6,late,potato,6,18.0,2.5,sand,medium,162,drip,groundwater_well,11.5,0
farm_1,farm_1_field_1,2025-09-18,56.6,late,potato,7,18.0,0.0,sand,medium,163,drip,groundwater_well,11.5,0
farm_1,farm_1_field_1,2025-09-19,56.6,late,potato,8,18.0,0.1,sand,medium,164,drip,groundwater_well,11.5,0
farm_1,farm_1_field_1,2025-09-20,56.6,late,potato,9,18.0,0.1,sand,medium,165,drip,groundwater_well,11.5,0
farm_1,farm_1_field_1,2025-09-21,47.9,late,potato,10,18.0,0.0,sand,medium,166,drip,groundwater_well,11.5,0
farm_1,farm_1_field_1,2025-09-22,42.6,late,potato,11,18.0,0.0,sand,medium,167,drip,groundwater_well,11.5,0
farm_1,farm_1_field_1,2025-09-23,38.3,late,potato,12,18.0,0.0,sand,medium,168,drip,groundwater_well,11.5,1
farm_1,farm_1_field_1,2025-09-24,44.6,late,potato,13,18.0,0.0,sand,medium,169,drip,groundwater_well,11.5,1
farm_1,farm_1_field_1,2025-09-25,35.9,late,potato,14,18.0,0.2,sand,medium,170,drip,groundwater_well,11.5,1
farm_1,farm_1_field_1,2025-09-26,29.5,late,potato,15,18.0,0.0,sand,medium,171,drip,groundwater_well,11.5,1
farm_1,farm_1_field_1,2025-09-27,30.6,late,potato,16,18.0,0.1,sand,medium,172,drip,groundwater_well,11.5,1
farm_1,farm_1_field_1,2025-09-28,24.6,late,potato,17,18.0,0.0,sand,medium,173,drip,groundwater_well,11.5,2
farm_1,farm_1_field_1,2025-09-29,49.9,late,potato,1,18.0,0.0,sand,medium,174,drip,groundwater_well,11.5,0
farm_1,farm_1_field_1,2025-09-30,47.9,late,potato,2,18.0,0.0,sand,medium,175,drip,groundwater_well,11.5,0
farm_1,farm_1_field_1,2026-04-15,70.0,initial,potato,7,0.0,0.0,sand,medium,7,drip,groundwater_well,11.5,0
farm_1,farm_1_field_1,2026-04-16,68.5,initial,potato,8,0.0,0.0,sand,medium,8,drip,groundwater_well,11.5,0
farm_1,farm_1_field_1,2026-04-17,68.5,initial,potato,9,0.0,1.1,sand,medium,9,drip,groundwater_well,11.5,0
farm_1,farm_1_field_1,2026-04-18,72.4,initial,potato,10,0.0,0.0,sand,medium,10,drip,groundwater_well,11.5,0
farm_1,farm_1_field_1,2026-04-19,67.1,initial,potato,11,0.0,0.3,sand,medium,11,drip,groundwater_well,11.5,0
farm_1,farm_1_field_1,2026-04-20,63.7,initial,potato,12,0.0,0.0,sand,medium,12,drip,groundwater_well,11.5,0
farm_1,farm_1_field_1,2026-04-21,65.7,initial,potato,13,0.0,0.9,sand,medium,13,drip,groundwater_well,11.5,0
farm_1,farm_1_field_1,2026-04-22,64.6,initial,potato,14,0.0,0.0,sand,medium,14,drip,groundwater_well,11.5,0
farm_1,farm_1_field_1,2026-04-23,62.7,initial,potato,15,0.0,0.0,sand,medium,15,drip,groundwater_well,11.5,0
farm_1,farm_1_field_1,2026-04-24,60.6,initial,potato,16,0.0,0.0,sand,medium,16,drip,groundwater_well,11.5,0
farm_1,farm_1_field_1,2026-04-25,57.4,initial,potato,17,0.0,0.1,sand,medium,17,drip,groundwater_well,11.5,0
farm_1,farm_1_field_1,2026-04-26,62.7,initial,potato,18,0.0,0.0,sand,medium,18,drip,groundwater_well,11.5,0
farm_1,farm_1_field_1,2026-04-27,48.2,initial,potato,19,0.0,0.0,sand,medium,19,drip,groundwater_well,11.5,0
farm_1,farm_1_field_1,2026-04-28,53.4,initial,potato,20,0.0,0.1,sand,medium,20,drip,groundwater_well,11.5,0
farm_1,farm_1_field_1,2026-04-29,49.5,initial,potato,21,0.0,0.0,sand,medium,21,drip,groundwater_well,11.5,0
farm_1,farm_1_field_1,2026-04-30,52.5,initial,potato,22,0.0,0.0,sand,medium,22,drip,groundwater_well,11.5,0
farm_1,farm_1_field_1,2026-05-01,48.4,initial,potato,23,0.0,0.7,sand,medium,23,drip,groundwater_well,11.5,0
farm_1,farm_1_field_1,2026-05-02,46.7,initial,potato,24,0.0,0.0,sand,medium,24,drip,groundwater_well,11.5,0
farm_1,farm_1_field_1,2026-05-03,44.6,development,potato,25,0.0,8.4,sand,medium,25,drip,groundwater_well,11.5,1
farm_1,farm_1_field_1,2026-05-04,85.7,development,potato,1,18.0,0.0,sand,medium,26,drip,groundwater_well,11.5,0
farm_1,farm_1_field_1,2026-05-05,81.3,development,potato,2,18.0,4.1,sand,medium,27,drip,groundwater_well,11.5,0
farm_1,farm_1_field_1,2026-05-06,74.2,development,potato,3,18.0,0.0,sand,medium,28,drip,groundwater_well,11.5,0
farm_1,farm_1_field_1,2026-05-07,77.2,development,potato,4,18.0,7.4,sand,medium,29,drip,groundwater_well,11.5,0
farm_1,farm_1_field_1,2026-05-08,88.2,development,potato,5,18.0,0.0,sand,medium,30,drip,groundwater_well,11.5,0
farm_1,farm_1_field_1,2026-05-09,82.4,development,potato,6,18.0,0.4,sand,medium,31,drip,groundwater_well,11.5,0
farm_1,farm_1_field_1,2026-05-10,79.4,development,potato,7,18.0,0.4,sand,medium,32,drip,groundwater_well,11.5,0
farm_1,farm_1_field_1,2026-05-11,72.1,development,potato,8,18.0,0.0,sand,medium,33,drip,groundwater_well,11.5,0
farm_1,farm_1_field_1,2026-05-12,64.9,development,potato,9,18.0,0.3,sand,medium,34,drip,groundwater_well,11.5,0
farm_1,farm_1_field_1,2026-05-13,68.5,development,potato,10,18.0,2.6,sand,medium,35,drip,groundwater_well,11.5,0
farm_1,farm_1_field_1,2026-05-14,67.0,development,potato,11,18.0,0.0,sand,medium,36,drip,groundwater_well,11.5,0
farm_1,farm_1_field_1,2026-05-15,63.3,development,potato,12,18.0,0.7,sand,medium,37,drip,groundwater_well,11.5,0
farm_1,farm_1_field_1,2026-05-16,65.8,development,potato,13,18.0,0.0,sand,medium,38,drip,groundwater_well,11.5,0
farm_1,farm_1_field_1,2026-05-17,58.4,development,potato,14,18.0,0.2,sand,medium,39,drip,groundwater_well,11.5,0
farm_1,farm_1_field_1,2026-05-18,50.8,development,potato,15,18.0,0.0,sand,medium,40,drip,groundwater_well,11.5,0
farm_1,farm_1_field_1,2026-05-19,45.7,development,potato,16,18.0,0.0,sand,medium,41,drip,groundwater_well,11.5,1
farm_1,farm_1_field_1,2026-05-20,71.4,development,potato,1,18.0,0.5,sand,medium,42,drip,groundwater_well,11.5,0
farm_1,farm_1_field_1,2026-05-21,69.8,development,potato,2,18.0,13.6,sand,medium,43,drip,groundwater_well,11.5,0
farm_1,farm_1_field_1,2026-05-22,83.9,development,potato,3,18.0,4.4,sand,medium,44,drip,groundwater_well,11.5,0
farm_1,farm_1_field_1,2026-05-23,98.8,development,potato,4,18.0,0.0,sand,medium,45,drip,groundwater_well,11.5,0
farm_1,farm_1_field_1,2026-05-24,85.0,development,potato,5,18.0,0.0,sand,medium,46,drip,groundwater_well,11.5,0
farm_1,farm_1_field_1,2026-05-25,80.4,development,potato,6,18.0,0.0,sand,medium,47,drip,groundwater_well,11.5,0
farm_1,farm_1_field_1,2026-05-26,74.2,development,potato,7,18.0,0.4,sand,medium,48,drip,groundwater_well,11.5,0
farm_1,farm_1_field_1,2026-05-27,72.0,development,potato,8,18.0,0.3,sand,medium,49,drip,groundwater_well,11.5,0
farm_1,farm_1_field_1,2026-05-28,67.5,development,potato,9,18.0,0.0,sand,medium,50,drip,groundwater_well,11.5,0
farm_1,farm_1_field_1,2026-05-29,64.9,development,potato,10,18.0,0.0,sand,medium,51,drip,groundwater_well,11.5,0
farm_1,farm_1_field_1,2026-05-30,62.5,development,potato,11,18.0,0.2,sand,medium,52,drip,groundwater_well,11.5,0
farm_1,farm_1_field_1,2026-05-31,55.2,development,potato,12,18.0,0.0,sand,medium,53,drip,groundwater_well,11.5,0
farm_1,farm_1_field_1,2026-06-01,53.5,development,potato,13,18.0,0.0,sand,medium,54,drip,groundwater_well,11.5,0
farm_1,farm_1_field_1,2026-06-02,47.5,sensitive,potato,14,18.0,0.0,sand,medium,55,drip,groundwater_well,11.5,1
farm_1,farm_1_field_1,2026-06-03,45.3,sensitive,potato,15,18.0,0.1,sand,medium,56,drip,groundwater_well,11.5,2
farm_1,farm_1_field_1,2026-06-04,68.9,sensitive,potato,1,18.0,0.5,sand,medium,57,drip,groundwater_well,11.5,0
farm_1,farm_1_field_1,2026-06-05,59.8,sensitive,potato,2,18.0,0.4,sand,medium,58,drip,groundwater_well,11.5,1
farm_1,farm_1_field_1,2026-06-06,55.1,sensitive,potato,3,18.0,4.1,sand,medium,59,drip,groundwater_well,11.5,1
farm_1,farm_1_field_1,2026-06-07,81.6,sensitive,potato,1,18.0,0.0,sand,medium,60,drip,groundwater_well,11.5,0
farm_1,farm_1_field_1,2026-06-08,73.6,sensitive,potato,2,18.0,0.3,sand,medium,61,drip,groundwater_well,11.5,0
farm_1,farm_1_field_1,2026-06-09,65.0,sensitive,potato,3,18.0,0.0,sand,medium,62,drip,groundwater_well,11.5,0
farm_1,farm_1_field_1,2026-06-10,58.1,sensitive,potato,4,18.0,0.0,sand,medium,63,drip,groundwater_well,11.5,1
farm_1,farm_1_field_1,2026-06-11,45.3,sensitive,potato,5,18.0,0.1,sand,medium,64,drip,groundwater_well,11.5,2
farm_1,farm_1_field_1,2026-06-12,,sensitive,potato,1,18.0,0.0,sand,medium,65,drip,groundwater_well,11.5,0
farm_1,farm_1_field_1,2026-06-13,49.1,sensitive,potato,2,18.0,0.2,sand,medium,66,drip,groundwater_well,11.5,1
farm_1,farm_1_field_1,2026-06-14,45.2,sensitive,potato,3,18.0,0.0,sand,medium,67,drip,groundwater_well,11.5,1
farm_1,farm_1_field_1,2026-06-15,61.8,sensitive,potato,1,18.0,0.0,sand,medium,68,drip,groundwater_well,11.5,0
farm_1,farm_1_field_1,2026-06-16,55.1,sensitive,potato,2,18.0,0.0,sand,medium,69,drip,groundwater_well,11.5,1
farm_1,farm_1_field_1,2026-06-17,66.2,sensitive,potato,1,18.0,0.0,sand,medium,70,drip,groundwater_well,11.5,0
farm_1,farm_1_field_1,2026-06-18,66.2,sensitive,potato,2,18.0,0.8,sand,medium,71,drip,groundwater_well,11.5,1
farm_1,farm_1_field_1,2026-06-19,66.2,sensitive,potato,3,18.0,0.0,sand,medium,72,drip,groundwater_well,11.5,1
farm_1,farm_1_field_1,2026-06-20,66.2,sensitive,potato,4,18.0,0.1,sand,medium,73,drip,groundwater_well,11.5,2
farm_1,farm_1_field_1,2026-06-21,66.2,sensitive,potato,1,18.0,0.0,sand,medium,74,drip,groundwater_well,11.5,1
farm_1,farm_1_field_1,2026-06-22,66.2,sensitive,potato,2,18.0,0.0,sand,medium,75,drip,groundwater_well,11.5,1
farm_1,farm_1_field_1,2026-06-23,42.9,sensitive,potato,3,18.0,0.3,sand,medium,76,drip,groundwater_well,11.5,2
farm_1,farm_1_field_1,2026-06-24,57.5,sensitive,potato,1,18.0,0.1,sand,medium,77,drip,groundwater_well,11.5,1
farm_1,farm_1_field_1,2026-06-25,45.6,sensitive,potato,2,18.0,1.5,sand,medium,78,drip,groundwater_well,11.5,2
farm_1,farm_1_field_1,2026-06-26,69.8,sensitive,potato,1,18.0,0.4,sand,medium,79,drip,groundwater_well,11.5,0
farm_1,farm_1_field_1,2026-06-27,58.8,sensitive,potato,2,18.0,0.0,sand,medium,80,drip,groundwater_well,11.5,1
farm_1,farm_1_field_1,2026-06-28,74.5,sensitive,potato,1,17.5,0.0,sand,medium,81,drip,groundwater_well,11.5,0
farm_1,farm_1_field_1,2026-06-29,59.2,sensitive,potato,2,17.5,0.0,sand,medium,82,drip,groundwater_well,11.5,1
farm_1,farm_1_field_1,2026-06-30,45.7,sensitive,potato,3,17.5,0.1,sand,medium,83,drip,groundwater_well,11.5,1
farm_1,farm_1_field_1,2026-07-01,62.1,sensitive,potato,1,18.0,0.0,sand,medium,84,drip,groundwater_well,11.5,0
farm_1,farm_1_field_1,2026-07-02,48.2,sensitive,potato,2,18.0,0.0,sand,medium,85,drip,groundwater_well,11.5,1
farm_1,farm_1_field_1,2026-07-03,64.5,sensitive,potato,1,18.0,0.1,sand,medium,86,drip,groundwater_well,11.5,0
farm_1,farm_1_field_1,2026-07-04,54.8,sensitive,potato,2,18.0,0.4,sand,medium,87,drip,groundwater_well,11.5,1
farm_1,farm_1_field_1,2026-07-05,73.2,sensitive,potato,1,17.4,0.0,sand,medium,88,drip,groundwater_well,11.5,0
farm_1,farm_1_field_1,2026-07-06,58.5,sensitive,potato,2,17.4,0.0,sand,medium,89,drip,groundwater_well,11.5,1
farm_1,farm_1_field_1,2026-07-07,71.9,sensitive,potato,1,14.5,0.2,sand,medium,90,drip,groundwater_well,11.5,0
farm_1,farm_1_field_1,2026-07-08,62.8,sensitive,potato,2,14.5,0.9,sand,medium,91,drip,groundwater_well,11.5,1
farm_1,farm_1_field_1,2026-07-09,48.8,sensitive,potato,3,14.5,0.0,sand,medium,92,drip,groundwater_well,11.5,1
farm_1,farm_1_field_1,2026-07-10,40.5,sensitive,potato,4,14.5,0.1,sand,medium,93,drip,groundwater_well,11.5,2
farm_1,farm_1_field_1,2026-07-11,55.3,sensitive,potato,1,18.0,0.6,sand,medium,94,drip,groundwater_well,11.5,1
farm_1,farm_1_field_1,2026-07-12,71.7,sensitive,potato,1,18.0,0.2,sand,medium,95,drip,groundwater_well,11.5,0
farm_1,farm_1_field_1,2026-07-13,64.2,sensitive,potato,2,18.0,0.1,sand,medium,96,drip,groundwater_well,11.5,0
farm_1,farm_1_field_1,2026-07-14,59.4,sensitive,potato,3,18.0,0.1,sand,medium,97,drip,groundwater_well,11.5,1
farm_1,farm_1_field_1,2026-07-15,47.8,sensitive,potato,4,18.0,0.0,sand,medium,98,drip,groundwater_well,11.5,2
farm_1,farm_1_field_1,2026-07-16,59.0,sensitive,potato,1,18.0,0.2,sand,medium,99,drip,groundwater_well,11.5,1
farm_1,farm_1_field_1,2026-07-17,53.0,late,potato,2,18.0,0.5,sand,medium,100,drip,groundwater_well,11.5,0
farm_1,farm_1_field_1,2026-07-18,42.4,late,potato,3,18.0,0.0,sand,medium,101,drip,groundwater_well,11.5,0
farm_1,farm_1_field_1,2026-07-19,34.6,late,potato,4,18.0,0.7,sand,medium,102,drip,groundwater_well,11.5,1
farm_1,farm_1_field_1,2026-07-20,35.9,late,potato,5,18.0,0.0,sand,medium,103,drip,groundwater_well,11.5,1
farm_1,farm_1_field_1,2026-07-21,24.2,late,potato,6,18.0,0.1,sand,medium,104,drip,groundwater_well,11.5,1
farm_1,farm_1_field_1,2026-07-22,20.2,late,potato,7,18.0,0.1,sand,medium,105,drip,groundwater_well,11.5,2
farm_1,farm_1_field_1,2026-07-23,40.2,late,potato,1,18.0,0.0,sand,medium,106,drip,groundwater_well,11.5,1
farm_1,farm_1_field_1,2026-07-24,33.4,late,potato,2,18.0,0.2,sand,medium,107,drip,groundwater_well,11.5,1
farm_1,farm_1_field_1,2026-07-25,51.3,late,potato,1,18.0,0.0,sand,medium,108,drip,groundwater_well,11.5,0
farm_1,farm_1_field_1,2026-07-26,49.8,late,potato,2,18.0,0.3,sand,medium,109,drip,groundwater_well,11.5,0
farm_1,farm_1_field_1,2026-07-27,,late,potato,3,18.0,0.1,sand,medium,110,drip,groundwater_well,11.5,0
farm_1,farm_1_field_1,2026-07-28,45.9,late,potato,4,18.0,0.0,sand,medium,111,drip,groundwater_well,11.5,1
farm_1,farm_1_field_1,2026-07-29,30.3,late,potato,5,18.0,0.0,sand,medium,112,drip,groundwater_well,11.5,1
farm_1,farm_1_field_1,2026-07-30,24.3,late,potato,6,18.0,0.0,sand,medium,113,drip,groundwater_well,11.5,2
farm_1,farm_1_field_1,2026-07-31,51.2,late,potato,1,18.0,7.3,sand,medium,114,drip,groundwater_well,11.5,0
farm_1,farm_1_field_1,2026-08-01,54.5,late,potato,2,18.0,0.4,sand,medium,115,drip,groundwater_well,11.5,0
farm_1,farm_1_field_1,2026-08-02,44.4,late,potato,3,18.0,0.1,sand,medium,116,drip,groundwater_well,11.5,0
farm_1,farm_1_field_1,2026-08-03,38.2,late,potato,4,18.0,8.0,sand,medium,117,drip,groundwater_well,11.5,1
farm_1,farm_1_field_1,2026-08-04,73.8,late,potato,1,18.0,0.6,sand,medium,118,drip,groundwater_well,11.5,0
farm_1,farm_1_field_1,2026-08-05,73.8,late,potato,2,18.0,0.4,sand,medium,119,drip,groundwater_well,11.5,0
farm_1,farm_1_field_1,2026-08-06,62.7,late,potato,3,18.0,0.0,sand,medium,120,drip,groundwater_well,11.5,0
farm_1,farm_1_field_1,2026-08-07,60.7,late,potato,4,18.0,0.0,sand,medium,121,drip,groundwater_well,11.5,0
farm_1,farm_1_field_1,2026-08-08,47.3,late,potato,5,18.0,0.0,sand,medium,122,drip,groundwater_well,11.5,0
farm_1,farm_1_field_1,2026-08-09,49.1,late,potato,6,18.0,0.3,sand,medium,123,drip,groundwater_well,11.5,0
farm_1,farm_1_field_1,2026-08-10,49.1,late,potato,7,18.0,1.7,sand,medium,124,drip,groundwater_well,11.5,0
farm_1,farm_1_field_1,2026-08-11,45.2,late,potato,8,18.0,0.6,sand,medium,125,drip,groundwater_well,11.5,1
farm_1,farm_1_field_1,2026-08-12,41.2,late,potato,9,18.0,0.0,sand,medium,126,drip,groundwater_well,11.5,1
farm_1,farm_1_field_1,2026-08-13,30.2,late,potato,10,18.0,0.5,sand,medium,127,drip,groundwater_well,11.5,1
farm_1,farm_1_field_1,2026-08-14,24.9,late,potato,11,18.0,0.0,sand,medium,128,drip,groundwater_well,11.5,2
farm_1,farm_1_field_1,2026-08-15,40.6,late,potato,1,18.0,0.5,sand,medium,129,drip,groundwater_well,11.5,0
farm_1,farm_1_field_1,2026-08-16,38.6,late,potato,2,18.0,0.0,sand,medium,130,drip,groundwater_well,11.5,1
farm_1,farm_1_field_1,2026-08-17,38.6,late,potato,3,18.0,0.6,sand,medium,131,drip,groundwater_well,11.5,1
farm_1,farm_1_field_1,2026-08-18,38.6,late,potato,4,18.0,0.3,sand,medium,132,drip,groundwater_well,11.5,1
farm_1,farm_1_field_1,2026-08-19,38.6,late,potato,5,18.0,0.0,sand,medium,133,drip,groundwater_well,11.5,2
farm_1,farm_1_field_1,2026-08-20,38.6,late,potato,1,18.0,1.9,sand,medium,134,drip,groundwater_well,11.5,0
farm_1,farm_1_field_1,2026-08-21,38.6,late,potato,2,18.0,0.7,sand,medium,135,drip,groundwater_well,11.5,0
farm_1,farm_1_field_1,2026-08-22,46.3,late,potato,3,18.0,0.5,sand,medium,136,drip,groundwater_well,11.5,0
farm_1,farm_1_field_1,2026-08-23,39.5,late,potato,4,18.0,0.4,sand,medium,137,drip,groundwater_well,11.5,1
farm_1,farm_1_field_1,2026-08-24,37.7,late,potato,5,18.0,0.0,sand,medium,138,drip,groundwater_well,11.5,1
farm_1,farm_1_field_1,2026-08-25,30.8,late,potato,6,18.0,0.1,sand,medium,139,drip,groundwater_well,11.5,1
farm_1,farm_1_field_1,2026-08-26,50.2,late,potato,1,18.0,0.0,sand,medium,140,drip,groundwater_well,11.5,0
farm_1,farm_1_field_1,2026-08-27,52.0,late,potato,2,18.0,0.1,sand,medium,141,drip,groundwater_well,11.5,0
farm_1,farm_1_field_1,2026-08-28,43.4,late,potato,3,18.0,3.8,sand,medium,142,drip,groundwater_well,11.5,0
farm_1,farm_1_field_1,2026-08-29,48.8,late,potato,4,18.0,0.0,sand,medium,143,drip,groundwater_well,11.5,0
farm_1,farm_1_field_1,2026-08-30,43.6,late,potato,5,18.0,0.4,sand,medium,144,drip,groundwater_well,11.5,0
farm_1,farm_1_field_1,2026-08-31,38.2,late,potato,6,18.0,0.0,sand,medium,145,drip,groundwater_well,11.5,1
farm_1,farm_1_field_1,2026-09-01,65.1,late,potato,1,18.0,0.2,sand,medium,146,drip,groundwater_well,11.5,0
farm_1,farm_1_field_1,2026-09-02,60.9,late,potato,2,18.0,0.1,sand,medium,147,drip,groundwater_well,11.5,0
farm_1,farm_1_field_1,2026-09-03,49.0,late,potato,3,18.0,0.0,sand,medium,148,drip,groundwater_well,11.5,0
farm_1,farm_1_field_1,2026-09-04,46.1,late,potato,4,18.0,0.0,sand,medium,149,drip,groundwater_well,11.5,0
farm_1,farm_1_field_1,2026-09-05,46.8,late,potato,5,18.0,0.4,sand,medium,150,drip,groundwater_well,11.5,0
farm_1,farm_1_field_1,2026-09-06,49.5,late,potato,6,18.0,0.3,sand,medium,151,drip,groundwater_well,11.5,0
farm_1,farm_1_field_1,2026-09-07,36.7,late,potato,7,18.0,0.0,sand,medium,152,drip,groundwater_well,11.5,1
farm_1,farm_1_field_1,2026-09-08,28.9,late,potato,8,18.0,1.0,sand,medium,153,drip,groundwater_well,11.5,1
farm_1,farm_1_field_1,2026-09-09,61.2,late,potato,1,18.0,0.0,sand,medium,154,drip,groundwater_well,11.5,0
farm_1,farm_1_field_1,2026-09-10,59.9,late,potato,2,18.0,0.0,sand,medium,155,drip,groundwater_well,11.5,0
farm_1,farm_1_field_1,2026-09-11,56.2,late,potato,3,18.0,0.0,sand,medium,156,drip,groundwater_well,11.5,0
farm_1,farm_1_field_1,2026-09-12,51.4,late,potato,4,18.0,0.1,sand,medium,157,drip,groundwater_well,11.5,0
farm_1,farm_1_field_1,2026-09-13,53.9,late,potato,5,18.0,0.0,sand,medium,158,drip,groundwater_well,11.5,0
farm_1,farm_1_field_1,2026-09-14,44.4,late,potato,6,18.0,0.0,sand,medium,159,drip,groundwater_well,11.5,0
farm_1,farm_1_field_1,2026-09-15,39.7,late,potato,7,18.0,0.0,sand,medium,160,drip,groundwater_well,11.5,1
farm_1,farm_1_field_1,2026-09-16,31.7,late,potato,8,18.0,0.1,sand,medium,161,drip,groundwater_well,11.5,1
farm_1,farm_1_field_1,2026-09-17,53.7,late,potato,1,18.0,0.0,sand,medium,162,drip,groundwater_well,11.5,0
farm_1,farm_1_field_1,2026-09-18,50.7,late,potato,2,18.0,0.0,sand,medium,163,drip,groundwater_well,11.5,0
farm_1,farm_1_field_1,2026-09-19,54.0,late,potato,3,18.0,0.0,sand,medium,164,drip,groundwater_well,11.5,0
farm_1,farm_1_field_1,2026-09-20,54.0,late,potato,4,18.0,0.0,sand,medium,165,drip,groundwater_well,11.5,0
farm_1,farm_1_field_1,2026-09-21,54.0,late,potato,5,18.0,0.0,sand,medium,166,drip,groundwater_well,11.5,0
farm_1,farm_1_field_1,2026-09-22,54.0,late,potato,6,18.0,0.0,sand,medium,167,drip,groundwater_well,11.5,1
farm_1,farm_1_field_1,2026-09-23,54.0,late,potato,1,18.0,0.0,sand,medium,168,drip,groundwater_well,11.5,0
farm_1,farm_1_field_1,2026-09-24,54.0,late,potato,2,18.0,0.0,sand,medium,169,drip,groundwater_well,11.5,0
farm_1,farm_1_field_1,2026-09-25,54.0,late,potato,3,18.0,0.0,sand,medium,170,drip,groundwater_well,11.5,0
farm_1,farm_1_field_1,2026-09-26,55.4,late,potato,4,18.0,0.0,sand,medium,171,drip,groundwater_well,11.5,0
farm_1,farm_1_field_1,2026-09-27,49.6,late,potato,5,18.0,2.5,sand,medium,172,drip,groundwater_well,11.5,0
farm_1,farm_1_field_1,2026-09-28,56.8,late,potato,6,18.0,0.2,sand,medium,173,drip,groundwater_well,11.5,0
farm_1,farm_1_field_1,2026-09-29,54.0,late,potato,7,18.0,0.3,sand,medium,174,drip,groundwater_well,11.5,0
farm_1,farm_1_field_1,2026-09-30,52.6,late,potato,8,18.0,0.0,sand,medium,175,drip,groundwater_well,11.5,0
farm_1,farm_1_field_2,2025-04-16,52.9,initial,potato,0,0.0,3.8,sand,late,0,drip,groundwater_well,26.4,0
farm_1,farm_1_field_2,2025-04-17,58.4,initial,potato,1,0.0,0.7,sand,late,1,drip,groundwater_well,26.4,0
farm_1,farm_1_field_2,2025-04-18,55.2,initial,potato,2,0.0,0.0,sand,late,2,drip,groundwater_well,26.4,0
farm_1,farm_1_field_2,2025-04-19,61.1,initial,potato,3,0.0,0.0,sand,late,3,drip,groundwater_well,26.4,0
farm_1,farm_1_field_2,2025-04-20,61.1,initial,potato,4,0.0,0.0,sand,late,4,drip,groundwater_well,26.4,0
farm_1,farm_1_field_2,2025-04-21,61.1,initial,potato,5,0.0,0.7,sand,late,5,drip,groundwater_well,26.4,0
farm_1,farm_1_field_2,2025-04-22,61.1,initial,potato,6,0.0,3.0,sand,late,6,drip,groundwater_well,26.4,0
farm_1,farm_1_field_2,2025-04-23,61.1,initial,potato,7,0.0,0.0,sand,late,7,drip,groundwater_well,26.4,0
farm_1,farm_1_field_2,2025-04-24,61.1,initial,potato,8,0.0,0.1,sand,late,8,drip,groundwater_well,26.4,0
farm_1,farm_1_field_2,2025-04-25,61.1,initial,potato,9,0.0,0.5,sand,late,9,drip,groundwater_well,26.4,0
farm_1,farm_1_field_2,2025-04-26,61.1,initial,potato,10,0.0,0.2,sand,late,10,drip,groundwater_well,26.4,0
farm_1,farm_1_field_2,2025-04-27,46.6,initial,potato,11,0.0,5.1,sand,late,11,drip,groundwater_well,26.4,0
farm_1,farm_1_field_2,2025-04-28,50.5,initial,potato,12,0.0,0.0,sand,late,12,drip,groundwater_well,26.4,0
farm_1,farm_1_field_2,2025-04-29,54.4,initial,potato,13,0.0,0.0,sand,late,13,drip,groundwater_well,26.4,0
farm_1,farm_1_field_2,2025-04-30,51.5,initial,potato,14,0.0,0.6,sand,late,14,drip,groundwater_well,26.4,0
farm_1,farm_1_field_2,2025-05-01,41.4,initial,potato,15,0.0,0.1,sand,late,15,drip,groundwater_well,26.4,0
farm_1,farm_1_field_2,2025-05-02,44.9,initial,potato,16,0.0,0.0,sand,late,16,drip,groundwater_well,26.4,0
farm_1,farm_1_field_2,2025-05-03,49.2,initial,potato,17,0.0,2.3,sand,late,17,drip,groundwater_well,26.4,1
farm_1,farm_1_field_2,2025-05-04,75.7,initial,potato,1,18.0,0.5,sand,late,18,drip,groundwater_well,26.4,0
farm_1,farm_1_field_2,2025-05-05,65.7,initial,potato,2,18.0,0.2,sand,late,19,drip,groundwater_well,26.4,0
farm_1,farm_1_field_2,2025-05-06,65.3,initial,potato,3,18.0,0.0,sand,late,20,drip,groundwater_well,26.4,0
farm_1,farm_1_field_2,2025-05-07,65.3,initial,potato,4,18.0,0.2,sand,late,21,drip,groundwater_well,26.4,0
farm_1,farm_1_field_2,2025-05-08,65.3,initial,potato,5,18.0,0.0,sand,late,22,drip,groundwater_well,26.4,0
farm_1,farm_1_field_2,2025-05-09,65.3,initial,potato,6,18.0,1.2,sand,late,23,drip,groundwater_well,26.4,0
farm_1,farm_1_field_2,2025-05-10,65.3,initial,potato,7,18.0,0.4,sand,late,24,drip,groundwater_well,26.4,0
farm_1,farm_1_field_2,2025-05-11,65.3,initial,potato,8,18.0,0.0,sand,late,25,drip,groundwater_well,26.4,0
farm_1,farm_1_field_2,2025-05-12,65.3,initial,potato,9,18.0,0.0,sand,late,26,drip,groundwater_well,26.4,0
farm_1,farm_1_field_2,2025-05-13,65.3,initial,potato,10,18.0,0.0,sand,late,27,drip,groundwater_well,26.4,0
farm_1,farm_1_field_2,2025-05-14,52.4,initial,potato,11,18.0,0.2,sand,late,28,drip,groundwater_well,26.4,0
farm_1,farm_1_field_2,2025-05-15,48.4,development,potato,12,18.0,0.6,sand,late,29,drip,groundwater_well,26.4,1
farm_1,farm_1_field_2,2025-05-16,68.7,development,potato,1,18.0,0.3,sand,late,30,drip,groundwater_well,26.4,0
farm_1,farm_1_field_2,2025-05-17,66.1,development,potato,2,18.0,5.9,sand,late,31,drip,groundwater_well,26.4,0
farm_1,farm_1_field_2,2025-05-18,66.0,development,potato,3,18.0,1.1,sand,late,32,drip,groundwater_well,26.4,0
farm_1,farm_1_field_2,2025-05-19,64.0,development,potato,4,18.0,8.2,sand,late,33,drip,groundwater_well,26.4,0
farm_1,farm_1_field_2,2025-05-20,74.8,development,potato,5,18.0,0.0,sand,late,34,drip,groundwater_well,26.4,0
farm_1,farm_1_field_2,2025-05-21,73.2,development,potato,6,18.0,5.6,sand,late,35,drip,groundwater_well,26.4,0
farm_1,farm_1_field_2,2025-05-22,73.9,development,potato,7,18.0,0.3,sand,late,36,drip,groundwater_well,26.4,0
farm_1,farm_1_field_2,2025-05-23,69.4,development,potato,8,18.0,0.0,sand,late,37,drip,groundwater_well,26.4,0
farm_1,farm_1_field_2,2025-05-24,65.7,development,potato,9,18.0,0.2,sand,late,38,drip,groundwater_well,26.4,0
farm_1,farm_1_field_2,2025-05-25,54.2,development,potato,10,18.0,3.7,sand,late,39,drip,groundwater_well,26.4,0
farm_1,farm_1_field_2,2025-05-26,,development,potato,11,18.0,0.1,sand,late,40,drip,groundwater_well,26.4,0
farm_1,farm_1_field_2,2025-05-27,54.5,development,potato,12,18.0,0.3,sand,late,41,drip,groundwater_well,26.4,0
farm_1,farm_1_field_2,2025-05-28,56.4,development,potato,13,18.0,0.5,sand,late,42,drip,groundwater_well,26.4,0
farm_1,farm_1_field_2,2025-05-29,49.7,development,potato,14,18.0,0.0,sand,late,43,drip,groundwater_well,26.4,1
farm_1,farm_1_field_2,2025-05-30,42.5,development,potato,15,18.0,0.0,sand,late,44,drip,groundwater_well,26.4,1
farm_1,farm_1_field_2,2025-05-31,36.2,development,potato,16,18.0,0.6,sand,late,45,drip,groundwater_well,26.4,1
farm_1,farm_1_field_2,2025-06-01,65.4,development,potato,1,18.0,0.0,sand,late,46,drip,groundwater_well,26.4,0
farm_1,farm_1_field_2,2025-06-02,50.0,development,potato,2,18.0,0.3,sand,late,47,drip,groundwater_well,26.4,0
farm_1,farm_1_field_2,2025-06-03,,development,potato,3,18.0,0.3,sand,late,48,drip,groundwater_well,26.4,1
farm_1,farm_1_field_2,2025-06-04,64.4,development,potato,1,18.0,0.6,sand,late,49,drip,groundwater_well,26.4,0
farm_1,farm_1_field_2,2025-06-05,57.1,development,potato,2,18.0,0.2,sand,late,50,drip,groundwater_well,26.4,0
farm_1,farm_1_field_2,2025-06-06,53.9,development,potato,3,18.0,0.2,sand,late,51,drip,groundwater_well,26.4,0
farm_1,farm_1_field_2,2025-06-07,47.5,development,potato,4,18.0,19.0,sand,late,52,drip,groundwater_well,26.4,0
farm_1,farm_1_field_2,2025-06-08,75.6,development,potato,5,18.0,17.5,sand,late,53,drip,groundwater_well,26.4,0
farm_1,farm_1_field_2,2025-06-09,92.8,development,potato,6,18.0,0.0,sand,late,54,drip,groundwater_well,26.4,0
farm_1,farm_1_field_2,2025-06-10,87.8,development,potato,7,18.0,1.1,sand,late,55,drip,groundwater_well,26.4,0
farm_1,farm_1_field_2,2025-06-11,81.2,development,potato,8,18.0,0.3,sand,late,56,drip,groundwater_well,26.4,0
farm_1,farm_1_field_2,2025-06-12,81.3,development,potato,9,18.0,0.0,sand,late,57,drip,groundwater_well,26.4,0
farm_1,farm_1_field_2,2025-06-13,81.6,development,potato,10,18.0,0.7,sand,late,58,drip,groundwater_well,26.4,0
farm_1,farm_1_field_2,2025-06-14,72.8,development,potato,11,18.0,0.1,sand,late,59,drip,groundwater_well,26.4,0
farm_1,farm_1_field_2,2025-06-15,66.2,development,potato,12,18.0,0.4,sand,late,60,drip,groundwater_well,26.4,0
farm_1,farm_1_field_2,2025-06-16,57.9,development,potato,13,18.0,0.6,sand,late,61,drip,groundwater_well,26.4,0
farm_1,farm_1_field_2,2025-06-17,55.7,development,potato,14,18.0,1.4,sand,late,62,drip,groundwater_well,26.4,0
farm_1,farm_1_field_2,2025-06-18,53.6,sensitive,potato,15,18.0,22.3,sand,late,63,drip,groundwater_well,26.4,1
farm_1,farm_1_field_2,2025-06-19,73.7,sensitive,potato,16,18.0,0.2,sand,late,64,drip,groundwater_well,26.4,0
farm_1,farm_1_field_2,2025-06-20,65.4,sensitive,potato,17,18.0,0.5,sand,late,65,drip,groundwater_well,26.4,0
farm_1,farm_1_field_2,2025-06-21,64.5,sensitive,potato,18,18.0,0.0,sand,late,66,drip,groundwater_well,26.4,0
farm_1,farm_1_field_2,2025-06-22,54.1,sensitive,potato,19,18.0,0.5,sand,late,67,drip,groundwater_well,26.4,1
farm_1,farm_1_field_2,2025-06-23,72.3,sensitive,potato,1,18.0,0.0,sand,late,68,drip,groundwater_well,26.4,0
farm_1,farm_1_field_2,2025-06-24,,sensitive,potato,2,18.0,0.2,sand,late,69,drip,groundwater_well,26.4,0
farm_1,farm_1_field_2,2025-06-25,61.4,sensitive,potato,3,18.0,0.5,sand,late,70,drip,groundwater_well,26.4,1
farm_1,farm_1_field_2,2025-06-26,54.4,sensitive,potato,4,18.0,0.7,sand,late,71,drip,groundwater_well,26.4,1
farm_1,farm_1_field_2,2025-06-27,68.7,sensitive,potato,1,18.0,0.0,sand,late,72,drip,groundwater_well,26.4,0
farm_1,farm_1_field_2,2025-06-28,59.0,sensitive,potato,2,18.0,3.1,sand,late,73,drip,groundwater_well,26.4,0
farm_1,farm_1_field_2,2025-06-29,62.8,sensitive,potato,3,18.0,0.2,sand,late,74,drip,groundwater_well,26.4,0
farm_1,farm_1_field_2,2025-06-30,62.8,sensitive,potato,4,18.0,0.0,sand,late,75,drip,groundwater_well,26.4,1
farm_1,farm_1_field_2,2025-07-01,,sensitive,potato,1,18.0,1.0,sand,late,76,drip,groundwater_well,26.4,0
farm_1,farm_1_field_2,2025-07-02,62.8,sensitive,potato,2,18.0,0.5,sand,late,77,drip,groundwater_well,26.4,0
farm_1,farm_1_field_2,2025-07-03,62.8,sensitive,potato,3,18.0,0.4,sand,late,78,drip,groundwater_well,26.4,1
farm_1,farm_1_field_2,2025-07-04,62.8,sensitive,potato,1,18.0,0.0,sand,late,79,drip,groundwater_well,26.4,0
farm_1,farm_1_field_2,2025-07-05,55.7,sensitive,potato,2,18.0,0.0,sand,late,80,drip,groundwater_well,26.4,1
farm_1,farm_1_field_2,2025-07-06,49.9,sensitive,potato,3,18.0,0.4,sand,late,81,drip,groundwater_well,26.4,1
farm_1,farm_1_field_2,2025-07-07,64.3,sensitive,potato,1,18.0,0.0,sand,late,82,drip,groundwater_well,26.4,0
farm_1,farm_1_field_2,2025-07-08,50.9,sensitive,potato,2,18.0,0.0,sand,late,83,drip,groundwater_well,26.4,1
farm_1,farm_1_field_2,2025-07-09,39.0,sensitive,potato,3,18.0,0.6,sand,late,84,drip,groundwater_well,26.4,2
farm_1,farm_1_field_2,2025-07-10,59.8,sensitive,potato,1,18.0,0.0,sand,late,85,drip,groundwater_well,26.4,1
farm_1,farm_1_field_2,2025-07-11,46.5,sensitive,potato,2,18.0,0.2,sand,late,86,drip,groundwater_well,26.4,1
farm_1,farm_1_field_2,2025-07-12,38.3,sensitive,potato,3,18.0,0.6,sand,late,87,drip,groundwater_well,26.4,2
farm_1,farm_1_field_2,2025-07-13,54.0,sensitive,potato,1,18.0,0.0,sand,late,88,drip,groundwater_well,26.4,1
farm_1,farm_1_field_2,2025-07-14,77.1,sensitive,potato,1,18.0,0.2,sand,late,89,drip,groundwater_well,26.4,0
farm_1,farm_1_field_2,2025-07-15,64.4,sensitive,potato,2,18.0,0.4,sand,late,90,drip,groundwater_well,26.4,0
farm_1,farm_1_field_2,2025-07-16,57.4,sensitive,potato,3,18.0,0.1,sand,late,91,drip,groundwater_well,26.4,1
farm_1,farm_1_field_2,2025-07-17,48.0,sensitive,potato,4,18.0,0.0,sand,late,92,drip,groundwater_well,26.4,1
farm_1,farm_1_field_2,2025-07-18,48.0,sensitive,potato,5,18.0,1.6,sand,late,93,drip,groundwater_well,26.4,2
farm_1,farm_1_field_2,2025-07-19,48.0,sensitive,potato,1,18.0,10.0,sand,late,94,drip,groundwater_well,26.4,0
farm_1,farm_1_field_2,2025-07-20,48.0,sensitive,potato,2,18.0,0.5,sand,late,95,drip,groundwater_well,26.4,0
farm_1,farm_1_field_2,2025-07-21,48.0,sensitive,potato,3,18.0,0.3,sand,late,96,drip,groundwater_well,26.4,0
farm_1,farm_1_field_2,2025-07-22,48.0,sensitive,potato,4,18.0,0.3,sand,late,97,drip,groundwater_well,26.4,1
farm_1,farm_1_field_2,2025-07-23,48.0,sensitive,potato,5,18.0,0.7,sand,late,98,drip,groundwater_well,26.4,1
farm_1,farm_1_field_2,2025-07-24,68.1,sensitive,potato,1,18.0,0.0,sand,late,99,drip,groundwater_well,26.4,0
farm_1,farm_1_field_2,2025-07-25,54.6,sensitive,potato,2,18.0,0.0,sand,late,100,drip,groundwater_well,26.4,1
farm_1,farm_1_field_2,2025-07-26,76.6,sensitive,potato,1,18.0,0.0,sand,late,101,drip,groundwater_well,26.4,0
farm_1,farm_1_field_2,2025-07-27,62.1,sensitive,potato,2,18.0,1.8,sand,late,102,drip,groundwater_well,26.4,0
farm_1,farm_1_field_2,2025-07-28,55.4,sensitive,potato,3,18.0,0.0,sand,late,103,drip,groundwater_well,26.4,1
farm_1,farm_1_field_2,2025-07-29,72.0,sensitive,potato,1,18.0,6.3,sand,late,104,drip,groundwater_well,26.4,0
farm_1,farm_1_field_2,2025-07-30,77.2,sensitive,potato,2,18.0,0.6,sand,late,105,drip,groundwater_well,26.4,0
farm_1,farm_1_field_2,2025-07-31,70.9,sensitive,potato,3,18.0,0.2,sand,late,106,drip,groundwater_well,26.4,0
farm_1,farm_1_field_2,2025-08-01,62.7,sensitive,potato,4,18.0,0.0,sand,late,107,drip,groundwater_well,26.4,0
farm_1,farm_1_field_2,2025-08-02,51.5,sensitive,potato,5,18.0,0.0,sand,late,108,drip,groundwater_well,26.4,1
farm_1,farm_1_field_2,2025-08-03,48.2,sensitive,potato,6,18.0,0.4,sand,late,109,drip,groundwater_well,26.4,1
farm_1,farm_1_field_2,2025-08-04,36.9,sensitive,potato,7,18.0,1.3,sand,late,110,drip,groundwater_well,26.4,2
farm_1,farm_1_field_2,2025-08-05,51.4,sensitive,potato,1,18.0,0.0,sand,late,111,drip,groundwater_well,26.4,1
farm_1,farm_1_field_2,2025-08-06,80.3,sensitive,potato,1,18.0,8.1,sand,late,112,drip,groundwater_well,26.4,0
farm_1,farm_1_field_2,2025-08-07,81.4,sensitive,potato,2,18.0,0.0,sand,late,113,drip,groundwater_well,26.4,0
farm_1,farm_1_field_2,2025-08-08,69.5,sensitive,potato,3,18.0,0.1,sand,late,114,drip,groundwater_well,26.4,0
farm_1,farm_1_field_2,2025-08-09,63.8,late,potato,4,18.0,0.1,sand,late,115,drip,groundwater_well,26.4,0
farm_1,farm_1_field_2,2025-08-10,58.9,late,potato,5,18.0,0.0,sand,late,116,drip,groundwater_well,26.4,0
farm_1,farm_1_field_2,2025-08-11,50.9,late,potato,6,18.0,2.4,sand,late,117,drip,groundwater_well,26.4,0
farm_1,farm_1_field_2,2025-08-12,50.2,late,potato,7,18.0,0.0,sand,late,118,drip,groundwater_well,26.4,0
farm_1,farm_1_field_2,2025-08-13,41.6,late,potato,8,18.0,0.0,sand,late,119,drip,groundwater_well,26.4,0
farm_1,farm_1_field_2,2025-08-14,36.9,late,potato,9,18.0,0.0,sand,late,120,drip,groundwater_well,26.4,0
farm_1,farm_1_field_2,2025-08-15,34.1,late,potato,10,18.0,0.2,sand,late,121,drip,groundwater_well,26.4,1
farm_1,farm_1_field_2,2025-08-16,49.3,late,potato,1,18.0,0.0,sand,late,122,drip,groundwater_well,26.4,0
farm_1,farm_1_field_2,2025-08-17,48.4,late,potato,2,18.0,0.2,sand,late,123,drip,groundwater_well,26.4,0
farm_1,farm_1_field_2,2025-08-18,,late,potato,3,18.0,0.0,sand,late,124,drip,groundwater_well,26.4,0
farm_1,farm_1_field_2,2025-08-19,,late,potato,4,18.0,0.0,sand,late,125,drip,groundwater_well,26.4,0
farm_1,farm_1_field_2,2025-08-20,35.6,late,potato,5,18.0,0.4,sand,late,126,drip,groundwater_well,26.4,1
farm_1,farm_1_field_2,2025-08-21,28.9,late,potato,6,18.0,0.0,sand,late,127,drip,groundwater_well,26.4,1
farm_1,farm_1_field_2,2025-08-22,33.1,late,potato,7,18.0,0.5,sand,late,128,drip,groundwater_well,26.4,1
farm_1,farm_1_field_2,2025-08-23,24.7,late,potato,8,18.0,0.0,sand,late,129,drip,groundwater_well,26.4,2
farm_1,farm_1_field_2,2025-08-24,44.6,late,potato,1,18.0,0.0,sand,late,130,drip,groundwater_well,26.4,0
farm_1,farm_1_field_2,2025-08-25,,late,potato,2,18.0,0.3,sand,late,131,drip,groundwater_well,26.4,1
farm_1,farm_1_field_2,2025-08-26,59.8,late,potato,1,18.0,0.0,sand,late,132,drip,groundwater_well,26.4,0
farm_1,farm_1_field_2,2025-08-27,55.6,late,potato,2,18.0,0.0,sand,late,133,drip,groundwater_well,26.4,0
farm_1,farm_1_field_2,2025-08-28,51.2,late,potato,3,18.0,15.4,sand,late,134,drip,groundwater_well,26.4,0
farm_1,farm_1_field_2,2025-08-29,62.7,late,potato,4,18.0,0.0,sand,late,135,drip,groundwater_well,26.4,0
farm_1,farm_1_field_2,2025-08-30,59.3,late,potato,5,18.0,0.0,sand,late,136,drip,groundwater_well,26.4,0
farm_1,farm_1_field_2,2025-08-31,56.9,late,potato,6,18.0,0.3,sand,late,137,drip,groundwater_well,26.4,0
farm_1,farm_1_field_2,2025-09-01,51.0,late,potato,7,18.0,0.0,sand,late,138,drip,groundwater_well,26.4,0
farm_1,farm_1_field_2,2025-09-02,51.0,late,potato,8,18.0,0.0,sand,late,139,drip,groundwater_well,26.4,0
farm_1,farm_1_field_2,2025-09-03,51.0,late,potato,9,18.0,0.0,sand,late,140,drip,groundwater_well,26.4,0
farm_1,farm_1_field_2,2025-09-04,51.0,late,potato,10,18.0,0.0,sand,late,141,drip,groundwater_well,26.4,0
farm_1,farm_1_field_2,2025-09-05,51.0,late,potato,11,18.0,0.0,sand,late,142,drip,groundwater_well,26.4,1
farm_1,farm_1_field_2,2025-09-06,36.0,late,potato,12,18.0,0.0,sand,late,143,drip,groundwater_well,26.4,1
farm_1,farm_1_field_2,2025-09-07,56.8,late,potato,1,18.0,0.2,sand,late,144,drip,groundwater_well,26.4,0
farm_1,farm_1_field_2,2025-09-08,43.7,late,potato,2,18.0,0.0,sand,late,145,drip,groundwater_well,26.4,0
farm_1,farm_1_field_2,2025-09-09,44.2,late,potato,3,18.0,0.0,sand,late,146,drip,groundwater_well,26.4,0
farm_1,farm_1_field_2,2025-09-10,33.4,late,potato,4,18.0,0.5,sand,late,147,drip,groundwater_well,26.4,0
farm_1,farm_1_field_2,2025-09-11,41.5,late,potato,5,18.0,0.0,sand,late,148,drip,groundwater_well,26.4,1
farm_1,farm_1_field_2,2025-09-12,29.0,late,potato,6,18.0,0.0,sand,late,149,drip,groundwater_well,26.4,1
farm_1,farm_1_field_2,2025-09-13,31.7,late,potato,7,18.0,0.4,sand,late,150,drip,groundwater_well,26.4,1
farm_1,farm_1_field_2,2025-09-14,29.7,late,potato,8,18.0,1.5,sand,late,151,drip,groundwater_well,26.4,1
farm_1,farm_1_field_2,2025-09-15,22.6,late,potato,9,18.0,0.0,sand,late,152,drip,groundwater_well,26.4,2
farm_1,farm_1_field_2,2025-09-16,48.4,late,potato,1,18.0,4.9,sand,late,153,drip,groundwater_well,26.4,0
farm_1,farm_1_field_2,2025-09-17,52.7,late,potato,2,18.0,2.5,sand,late,154,drip,groundwater_well,26.4,0
farm_1,farm_1_field_2,2025-09-18,51.2,late,potato,3,18.0,0.0,sand,late,155,drip,groundwater_well,26.4,0
farm_1,farm_1_field_2,2025-09-19,47.9,late,potato,4,18.0,0.1,sand,late,156,drip,groundwater_well,26.4,0
farm_1,farm_1_field_2,2025-09-20,44.5,late,potato,5,18.0,0.1,sand,late,157,drip,groundwater_well,26.4,0
farm_1,farm_1_field_2,2025-09-21,31.4,late,potato,6,18.0,0.0,sand,late,158,drip,groundwater_well,26.4,1
farm_1,farm_1_field_2,2025-09-22,,late,potato,1,18.0,0.0,sand,late,159,drip,groundwater_well,26.4,0
farm_1,farm_1_field_2,2025-09-23,50.9,late,potato,2,18.0,0.0,sand,late,160,drip,groundwater_well,26.4,0
farm_1,farm_1_field_2,2025-09-24,50.9,late,potato,3,18.0,0.0,sand,late,161,drip,groundwater_well,26.4,0
farm_1,farm_1_field_2,2025-09-25,50.9,late,potato,4,18.0,0.2,sand,late,162,drip,groundwater_well,26.4,0
farm_1,farm_1_field_2,2025-09-26,50.9,late,potato,5,18.0,0.0,sand,late,163,drip,groundwater_well,26.4,0
farm_1,farm_1_field_2,2025-09-27,50.9,late,potato,6,18.0,0.1,sand,late,164,drip,groundwater_well,26.4,0
farm_1,farm_1_field_2,2025-09-28,50.9,late,potato,7,18.0,0.0,sand,late,165,drip,groundwater_well,26.4,0
farm_1,farm_1_field_2,2025-09-29,50.9,late,potato,8,18.0,0.0,sand,late,166,drip,groundwater_well,26.4,1
farm_1,farm_1_field_2,2025-09-30,50.9,late,potato,9,18.0,0.0,sand,late,167,drip,groundwater_well,26.4,1
farm_1,farm_1_field_2,2026-04-16,69.5,initial,potato,0,0.0,0.0,sand,late,0,drip,groundwater_well,26.4,0
farm_1,farm_1_field_2,2026-04-17,67.1,initial,potato,1,0.0,1.1,sand,late,1,drip,groundwater_well,26.4,0
farm_1,farm_1_field_2,2026-04-18,70.5,initial,potato,2,0.0,0.0,sand,late,2,drip,groundwater_well,26.4,0
farm_1,farm_1_field_2,2026-04-19,67.4,initial,potato,3,0.0,0.3,sand,late,3,drip,groundwater_well,26.4,0
farm_1,farm_1_field_2,2026-04-20,61.4,initial,potato,4,0.0,0.0,sand,late,4,drip,groundwater_well,26.4,0
farm_1,farm_1_field_2,2026-04-21,57.2,initial,potato,5,0.0,0.9,sand,late,5,drip,groundwater_well,26.4,0
farm_1,farm_1_field_2,2026-04-22,63.1,initial,potato,6,0.0,0.0,sand,late,6,drip,groundwater_well,26.4,0
farm_1,farm_1_field_2,2026-04-23,62.5,initial,potato,7,0.0,0.0,sand,late,7,drip,groundwater_well,26.4,0
farm_1,farm_1_field_2,2026-04-24,58.2,initial,potato,8,0.0,0.0,sand,late,8,drip,groundwater_well,26.4,0
farm_1,farm_1_field_2,2026-04-25,54.6,initial,potato,9,0.0,0.1,sand,late,9,drip,groundwater_well,26.4,0
farm_1,farm_1_field_2,2026-04-26,52.3,initial,potato,10,0.0,0.0,sand,late,10,drip,groundwater_well,26.4,0
farm_1,farm_1_field_2,2026-04-27,51.1,initial,potato,11,0.0,0.0,sand,late,11,drip,groundwater_well,26.4,0
farm_1,farm_1_field_2,2026-04-28,51.3,initial,potato,12,0.0,0.1,sand,late,12,drip,groundwater_well,26.4,0
farm_1,farm_1_field_2,2026-04-29,,initial,potato,13,0.0,0.0,sand,late,13,drip,groundwater_well,26.4,0
farm_1,farm_1_field_2,2026-04-30,44.1,initial,potato,14,0.0,0.0,sand,late,14,drip,groundwater_well,26.4,0
farm_1,farm_1_field_2,2026-05-01,43.5,initial,potato,15,0.0,0.7,sand,late,15,drip,groundwater_well,26.4,1
farm_1,farm_1_field_2,2026-05-02,39.3,initial,potato,16,0.0,0.0,sand,late,16,drip,groundwater_well,26.4,1
farm_1,farm_1_field_2,2026-05-03,67.4,initial,potato,1,18.0,8.4,sand,late,17,drip,groundwater_well,26.4,0
farm_1,farm_1_field_2,2026-05-04,73.7,initial,potato,2,18.0,0.0,sand,late,18,drip,groundwater_well,26.4,0
farm_1,farm_1_field_2,2026-05-05,69.0,initial,potato,3,18.0,4.1,sand,late,19,drip,groundwater_well,26.4,0
farm_1,farm_1_field_2,2026-05-06,76.1,initial,potato,4,18.0,0.0,sand,late,20,drip,groundwater_well,26.4,0
farm_1,farm_1_field_2,2026-05-07,75.2,initial,potato,5,18.0,7.4,sand,late,21,drip,groundwater_well,26.4,0
farm_1,farm_1_field_2,2026-05-08,74.6,initial,potato,6,18.0,0.0,sand,late,22,drip,groundwater_well,26.4,0
farm_1,farm_1_field_2,2026-05-09,77.9,initial,potato,7,18.0,0.4,sand,late,23,drip,groundwater_well,26.4,0
farm_1,farm_1_field_2,2026-05-10,76.7,initial,potato,8,18.0,0.4,sand,late,24,drip,groundwater_well,26.4,0
farm_1,farm_1_field_2,2026-05-11,78.7,initial,potato,9,18.0,0.0,sand,late,25,drip,groundwater_well,26.4,0
farm_1,farm_1_field_2,2026-05-12,73.7,initial,potato,10,18.0,0.3,sand,late,26,drip,groundwater_well,26.4,0
farm_1,farm_1_field_2,2026-05-13,69.0,initial,potato,11,18.0,2.6,sand,late,27,drip,groundwater_well,26.4,0
farm_1,farm_1_field_2,2026-05-14,71.0,initial,potato,12,18.0,0.0,sand,late,28,drip,groundwater_well,26.4,0
farm_1,farm_1_field_2,2026-05-15,67.7,development,potato,13,18.0,0.7,sand,late,29,drip,groundwater_well,26.4,0
farm_1,farm_1_field_2,2026-05-16,64.9,development,potato,14,18.0,0.0,sand,late,30,drip,groundwater_well,26.4,0
farm_1,farm_1_field_2,2026-05-17,64.1,development,potato,15,18.0,0.2,sand,late,31,drip,groundwater_well,26.4,0
farm_1,farm_1_field_2,2026-05-18,56.2,development,potato,16,18.0,0.0,sand,late,32,drip,groundwater_well,26.4,0
farm_1,farm_1_field_2,2026-05-19,53.6,development,potato,17,18.0,0.0,sand,late,33,drip,groundwater_well,26.4,0
farm_1,farm_1_field_2,2026-05-20,47.1,development,potato,18,18.0,0.5,sand,late,34,drip,groundwater_well,26.4,1
farm_1,farm_1_field_2,2026-05-21,49.3,development,potato,19,18.0,13.6,sand,late,35,drip,groundwater_well,26.4,1
farm_1,farm_1_field_2,2026-05-22,49.3,development,potato,1,18.0,4.4,sand,late,36,drip,groundwater_well,26.4,0
farm_1,farm_1_field_2,2026-05-23,49.3,development,potato,2,18.0,0.0,sand,late,37,drip,groundwater_well,26.4,0
farm_1,farm_1_field_2,2026-05-24,49.3,development,potato,3,18.0,0.0,sand,late,38,drip,groundwater_well,26.4,0
farm_1,farm_1_field_2,2026-05-25,49.3,development,potato,4,18.0,0.0,sand,late,39,drip,groundwater_well,26.4,0
farm_1,farm_1_field_2,2026-05-26,49.3,development,potato,5,18.0,0.4,sand,late,40,drip,groundwater_well,26.4,0
farm_1,farm_1_field_2,2026-05-27,49.3,development,potato,6,18.0,0.3,sand,late,41,drip,groundwater_well,26.4,0
farm_1,farm_1_field_2,2026-05-28,49.3,development,potato,7,18.0,0.0,sand,late,42,drip,groundwater_well,26.4,0
farm_1,farm_1_field_2,2026-05-29,49.3,development,potato,8,18.0,0.0,sand,late,43,drip,groundwater_well,26.4,0
farm_1,farm_1_field_2,2026-05-30,49.3,development,potato,9,18.0,0.2,sand,late,44,drip,groundwater_well,26.4,0
farm_1,farm_1_field_2,2026-05-31,49.3,development,potato,10,18.0,0.0,sand,late,45,drip,groundwater_well,26.4,1
farm_1,farm_1_field_2,2026-06-01,49.3,development,potato,11,18.0,0.0,sand,late,46,drip,groundwater_well,26.4,1
farm_1,farm_1_field_2,2026-06-02,49.3,development,potato,1,18.0,0.0,sand,late,47,drip,groundwater_well,26.4,0
farm_1,farm_1_field_2,2026-06-03,63.6,development,potato,2,18.0,0.1,sand,late,48,drip,groundwater_well,26.4,0
farm_1,farm_1_field_2,2026-06-04,55.8,development,potato,3,18.0,0.5,sand,late,49,drip,groundwater_well,26.4,0
farm_1,farm_1_field_2,2026-06-05,46.0,development,potato,4,18.0,0.4,sand,late,50,drip,groundwater_well,26.4,0
farm_1,farm_1_field_2,2026-06-06,48.3,development,potato,5,18.0,4.1,sand,late,51,drip,groundwater_well,26.4,1
farm_1,farm_1_field_2,2026-06-07,47.7,development,potato,6,18.0,0.0,sand,late,52,drip,groundwater_well,26.4,1
farm_1,farm_1_field_2,2026-06-08,48.0,development,potato,7,18.0,0.3,sand,late,53,drip,groundwater_well,26.4,1
farm_1,farm_1_field_2,2026-06-09,62.7,development,potato,1,18.0,0.0,sand,late,54,drip,groundwater_well,26.4,0
farm_1,farm_1_field_2,2026-06-10,55.6,development,potato,2,18.0,0.0,sand,late,55,drip,groundwater_well,26.4,0
farm_1,farm_1_field_2,2026-06-11,47.5,development,potato,3,18.0,0.1,sand,late,56,drip,groundwater_well,26.4,1
farm_1,farm_1_field_2,2026-06-12,64.3,development,potato,1,18.0,0.0,sand,late,57,drip,groundwater_well,26.4,0
farm_1,farm_1_field_2,2026-06-13,58.7,development,potato,2,18.0,0.2,sand,late,58,drip,groundwater_well,26.4,0
farm_1,farm_1_field_2,2026-06-14,55.5,development,potato,3,18.0,0.0,sand,late,59,drip,groundwater_well,26.4,0
farm_1,farm_1_field_2,2026-06-15,49.5,development,potato,4,18.0,0.0,sand,late,60,drip,groundwater_well,26.4,1
farm_1,farm_1_field_2,2026-06-16,57.6,development,potato,1,18.0,0.0,sand,late,61,drip,groundwater_well,26.4,0
farm_1,farm_1_field_2,2026-06-17,47.0,development,potato,2,18.0,0.0,sand,late,62,drip,groundwater_well,26.4,1
farm_1,farm_1_field_2,2026-06-18,40.3,sensitive,potato,3,18.0,0.8,sand,late,63,drip,groundwater_well,26.4,2
farm_1,farm_1_field_2,2026-06-19,56.6,sensitive,potato,1,18.0,0.0,sand,late,64,drip,groundwater_well,26.4,1
farm_1,farm_1_field_2,2026-06-20,66.2,sensitive,potato,1,18.0,0.1,sand,late,65,drip,groundwater_well,26.4,0
farm_1,farm_1_field_2,2026-06-21,58.1,sensitive,potato,2,18.0,0.0,sand,late,66,drip,groundwater_well,26.4,1
farm_1,farm_1_field_2,2026-06-22,,sensitive,potato,1,18.0,0.0,sand,late,67,drip,groundwater_well,26.4,0
farm_1,farm_1_field_2,2026-06-23,63.1,sensitive,potato,2,18.0,0.3,sand,late,68,drip,groundwater_well,26.4,0
farm_1,farm_1_field_2,2026-06-24,57.2,sensitive,potato,3,18.0,0.1,sand,late,69,drip,groundwater_well,26.4,1
farm_1,farm_1_field_2,2026-06-25,67.1,sensitive,potato,1,18.0,1.5,sand,late,70,drip,groundwater_well,26.4,0
farm_1,farm_1_field_2,2026-06-26,65.0,sensitive,potato,2,18.0,0.4,sand,late,71,drip,groundwater_well,26.4,1
farm_1,farm_1_field_2,2026-06-27,73.2,sensitive,potato,1,17.8,0.0,sand,late,72,drip,groundwater_well,26.4,0
farm_1,farm_1_field_2,2026-06-28,,sensitive,potato,2,17.8,0.0,sand,late,73,drip,groundwater_well,26.4,0
farm_1,farm_1_field_2,2026-06-29,52.5,sensitive,potato,3,17.8,0.0,sand,late,74,drip,groundwater_well,26.4,1
farm_1,farm_1_field_2,2026-06-30,34.8,sensitive,potato,4,17.8,0.1,sand,late,75,drip,groundwater_well,26.4,2
farm_1,farm_1_field_2,2026-07-01,51.7,sensitive,potato,1,18.0,0.0,sand,late,76,drip,groundwater_well,26.4,1
farm_1,farm_1_field_2,2026-07-02,34.3,sensitive,potato,2,18.0,0.0,sand,late,77,drip,groundwater_well,26.4,2
farm_1,farm_1_field_2,2026-07-03,42.6,sensitive,potato,1,18.0,0.1,sand,late,78,drip,groundwater_well,26.4,1
farm_1,farm_1_field_2,2026-07-04,30.8,sensitive,potato,2,18.0,0.4,sand,late,79,drip,groundwater_well,26.4,2
farm_1,farm_1_field_2,2026-07-05,48.6,sensitive,potato,1,18.0,0.0,sand,late,80,drip,groundwater_well,26.4,1
farm_1,farm_1_field_2,2026-07-06,34.1,sensitive,potato,2,18.0,0.0,sand,late,81,drip,groundwater_well,26.4,2
farm_1,farm_1_field_2,2026-07-07,46.7,sensitive,potato,1,18.0,0.2,sand,late,82,drip,groundwater_well,26.4,1
farm_1,farm_1_field_2,2026-07-08,65.1,sensitive,potato,1,18.0,0.9,sand,late,83,drip,groundwater_well,26.4,0
farm_1,farm_1_field_2,2026-07-09,54.9,sensitive,potato,2,18.0,0.0,sand,late,84,drip,groundwater_well,26.4,1
farm_1,farm_1_field_2,2026-07-10,35.6,sensitive,potato,3,18.0,0.1,sand,late,85,drip,groundwater_well,26.4,2
farm_1,farm_1_field_2,2026-07-11,50.8,sensitive,potato,1,18.0,0.6,sand,late,86,drip,groundwater_well,26.4,1
farm_1,farm_1_field_2,2026-07-12,71.7,sensitive,potato,1,18.0,0.2,sand,late,87,drip,groundwater_well,26.4,0
farm_1,farm_1_field_2,2026-07-13,56.2,sensitive,potato,2,18.0,0.1,sand,late,88,drip,groundwater_well,26.4,1
farm_1,farm_1_field_2,2026-07-14,66.6,sensitive,potato,1,18.0,0.1,sand,late,89,drip,groundwater_well,26.4,0
farm_1,farm_1_field_2,2026-07-15,61.2,sensitive,potato,2,18.0,0.0,sand,late,90,drip,groundwater_well,26.4,1
farm_1,farm_1_field_2,2026-07-16,39.4,sensitive,potato,3,18.0,0.2,sand,late,91,drip,groundwater_well,26.4,2
farm_1,farm_1_field_2,2026-07-17,54.4,sensitive,potato,1,18.0,0.5,sand,late,92,drip,groundwater_well,26.4,1
farm_1,farm_1_field_2,2026-07-18,44.4,sensitive,potato,2,18.0,0.0,sand,late,93,drip,groundwater_well,26.4,1
farm_1,farm_1_field_2,2026-07-19,69.4,sensitive,potato,1,18.0,0.7,sand,late,94,drip,groundwater_well,26.4,0
farm_1,farm_1_field_2,2026-07-20,50.6,sensitive,potato,2,18.0,0.0,sand,late,95,drip,groundwater_well,26.4,1
farm_1,farm_1_field_2,2026-07-21,44.1,sensitive,potato,3,18.0,0.1,sand,late,96,drip,groundwater_well,26.4,2
farm_1,farm_1_field_2,2026-07-22,56.3,sensitive,potato,1,18.0,0.1,sand,late,97,drip,groundwater_well,26.4,1
farm_1,farm_1_field_2,2026-07-23,,sensitive,potato,1,18.0,0.0,sand,late,98,drip,groundwater_well,26.4,0
farm_1,farm_1_field_2,2026-07-24,57.2,sensitive,potato,2,18.0,0.2,sand,late,99,drip,groundwater_well,26.4,1
farm_1,farm_1_field_2,2026-07-25,67.9,sensitive,potato,1,18.0,0.0,sand,late,100,drip,groundwater_well,26.4,0
farm_1,farm_1_field_2,2026-07-26,58.5,sensitive,potato,2,18.0,0.3,sand,late,101,drip,groundwater_well,26.4,1
farm_1,farm_1_field_2,2026-07-27,77.2,sensitive,potato,1,17.8,0.1,sand,late,102,drip,groundwater_well,26.4,0
farm_1,farm_1_field_2,2026-07-28,66.9,sensitive,potato,2,17.8,0.0,sand,late,103,drip,groundwater_well,26.4,0
farm_1,farm_1_field_2,2026-07-29,48.5,sensitive,potato,3,17.8,0.0,sand,late,104,drip,groundwater_well,26.4,1
farm_1,farm_1_field_2,2026-07-30,43.2,sensitive,potato,4,17.8,0.0,sand,late,105,drip,groundwater_well,26.4,2
farm_1,farm_1_field_2,2026-07-31,58.5,sensitive,potato,1,18.0,7.3,sand,late,106,drip,groundwater_well,26.4,0
farm_1,farm_1_field_2,2026-08-01,62.8,sensitive,potato,2,18.0,0.4,sand,late,107,drip,groundwater_well,26.4,0
farm_1,farm_1_field_2,2026-08-02,50.3,sensitive,potato,3,18.0,0.1,sand,late,108,drip,groundwater_well,26.4,1
farm_1,farm_1_field_2,2026-08-03,50.3,sensitive,potato,1,18.0,8.0,sand,late,109,drip,groundwater_well,26.4,0
farm_1,farm_1_field_2,2026-08-04,50.3,sensitive,potato,2,18.0,0.6,sand,late,110,drip,groundwater_well,26.4,0
farm_1,farm_1_field_2,2026-08-05,50.3,sensitive,potato,3,18.0,0.4,sand,late,111,drip,groundwater_well,26.4,1
farm_1,farm_1_field_2,2026-08-06,50.3,sensitive,potato,1,18.0,0.0,sand,late,112,drip,groundwater_well,26.4,0
farm_1,farm_1_field_2,2026-08-07,50.3,sensitive,potato,2,18.0,0.0,sand,late,113,drip,groundwater_well,26.4,0
farm_1,farm_1_field_2,2026-08-08,50.3,sensitive,potato,3,18.0,0.0,sand,late,114,drip,groundwater_well,26.4,1
farm_1,farm_1_field_2,2026-08-09,47.0,late,potato,4,18.0,0.3,sand,late,115,drip,groundwater_well,26.4,0
farm_1,farm_1_field_2,2026-08-10,39.1,late,potato,5,18.0,1.7,sand,late,116,drip,groundwater_well,26.4,1
farm_1,farm_1_field_2,2026-08-11,32.5,late,potato,6,18.0,0.6,sand,late,117,drip,groundwater_well,26.4,1
farm_1,farm_1_field_2,2026-08-12,24.3,late,potato,7,18.0,0.0,sand,late,118,drip,groundwater_well,26.4,1
farm_1,farm_1_field_2,2026-08-13,48.3,late,potato,1,18.0,0.5,sand,late,119,drip,groundwater_well,26.4,0
farm_1,farm_1_field_2,2026-08-14,34.6,late,potato,2,18.0,0.0,sand,late,120,drip,groundwater_well,26.4,0
farm_1,farm_1_field_2,2026-08-15,40.7,late,potato,3,18.0,0.5,sand,late,121,drip,groundwater_well,26.4,1
farm_1,farm_1_field_2,2026-08-16,55.5,late,potato,1,18.0,0.0,sand,late,122,drip,groundwater_well,26.4,0
farm_1,farm_1_field_2,2026-08-17,50.2,late,potato,2,18.0,0.6,sand,late,123,drip,groundwater_well,26.4,0
farm_1,farm_1_field_2,2026-08-18,47.3,late,potato,3,18.0,0.3,sand,late,124,drip,groundwater_well,26.4,0
farm_1,farm_1_field_2,2026-08-19,34.0,late,potato,4,18.0,0.0,sand,late,125,drip,groundwater_well,26.4,1
farm_1,farm_1_field_2,2026-08-20,31.1,late,potato,5,18.0,1.9,sand,late,126,drip,groundwater_well,26.4,1
farm_1,farm_1_field_2,2026-08-21,29.8,late,potato,6,18.0,0.7,sand,late,127,drip,groundwater_well,26.4,1
farm_1,farm_1_field_2,2026-08-22,,late,potato,1,18.0,0.5,sand,late,128,drip,groundwater_well,26.4,0
farm_1,farm_1_field_2,2026-08-23,41.6,late,potato,2,18.0,0.4,sand,late,129,drip,groundwater_well,26.4,0
farm_1,farm_1_field_2,2026-08-24,42.0,late,potato,3,18.0,0.0,sand,late,130,drip,groundwater_well,26.4,0
farm_1,farm_1_field_2,2026-08-25,35.9,late,potato,4,18.0,0.1,sand,late,131,drip,groundwater_well,26.4,1
farm_1,farm_1_field_2,2026-08-26,34.2,late,potato,5,18.0,0.0,sand,late,132,drip,groundwater_well,26.4,1
farm_1,farm_1_field_2,2026-08-27,53.5,late,potato,1,18.0,0.1,sand,late,133,drip,groundwater_well,26.4,0
farm_1,farm_1_field_2,2026-08-28,46.9,late,potato,2,18.0,3.8,sand,late,134,drip,groundwater_well,26.4,0
farm_1,farm_1_field_2,2026-08-29,46.5,late,potato,3,18.0,0.0,sand,late,135,drip,groundwater_well,26.4,0
farm_1,farm_1_field_2,2026-08-30,45.8,late,potato,4,18.0,0.4,sand,late,136,drip,groundwater_well,26.4,0
farm_1,farm_1_field_2,2026-08-31,39.7,late,potato,5,18.0,0.0,sand,late,137,drip,groundwater_well,26.4,0
farm_1,farm_1_field_2,2026-09-01,36.5,late,potato,6,18.0,0.2,sand,late,138,drip,groundwater_well,26.4,1
farm_1,farm_1_field_2,2026-09-02,32.9,late,potato,7,18.0,0.1,sand,late,139,drip,groundwater_well,26.4,1
farm_1,farm_1_field_2,2026-09-03,51.4,late,potato,1,18.0,0.0,sand,late,140,drip,groundwater_well,26.4,0
farm_1,farm_1_field_2,2026-09-04,50.4,late,potato,2,18.0,0.0,sand,late,141,drip,groundwater_well,26.4,0
farm_1,farm_1_field_2,2026-09-05,47.7,late,potato,3,18.0,0.4,sand,late,142,drip,groundwater_well,26.4,0
farm_1,farm_1_field_2,2026-09-06,46.4,late,potato,4,18.0,0.3,sand,late,143,drip,groundwater_well,26.4,0
farm_1,farm_1_field_2,2026-09-07,37.0,late,potato,5,18.0,0.0,sand,late,144,drip,groundwater_well,26.4,1
farm_1,farm_1_field_2,2026-09-08,55.8,late,potato,1,18.0,1.0,sand,late,145,drip,groundwater_well,26.4,0
farm_1,farm_1_field_2,2026-09-09,54.0,late,potato,2,18.0,0.0,sand,late,146,drip,groundwater_well,26.4,0
farm_1,farm_1_field_2,2026-09-10,50.7,late,potato,3,18.0,0.0,sand,late,147,drip,groundwater_well,26.4,0
farm_1,farm_1_field_2,2026-09-11,42.8,late,potato,4,18.0,0.0,sand,late,148,drip,groundwater_well,26.4,0
farm_1,farm_1_field_2,2026-09-12,40.4,late,potato,5,18.0,0.1,sand,late,149,drip,groundwater_well,26.4,0
farm_1,farm_1_field_2,2026-09-13,39.0,late,potato,6,18.0,0.0,sand,late,150,drip,groundwater_well,26.4,1
farm_1,farm_1_field_2,2026-09-14,63.5,late,potato,1,18.0,0.0,sand,late,151,drip,groundwater_well,26.4,0
farm_1,farm_1_field_2,2026-09-15,53.9,late,potato,2,18.0,0.0,sand,late,152,drip,groundwater_well,26.4,0
farm_1,farm_1_field_2,2026-09-16,50.8,late,potato,3,18.0,0.1,sand,late,153,drip,groundwater_well,26.4,0
farm_1,farm_1_field_2,2026-09-17,48.4,late,potato,4,18.0,0.0,sand,late,154,drip,groundwater_well,26.4,0
farm_1,farm_1_field_2,2026-09-18,47.8,late,potato,5,18.0,0.0,sand,late,155,drip,groundwater_well,26.4,0
farm_1,farm_1_field_2,2026-09-19,40.8,late,potato,6,18.0,0.0,sand,late,156,drip,groundwater_well,26.4,0
farm_1,farm_1_field_2,2026-09-20,37.6,late,potato,7,18.0,0.0,sand,late,157,drip,groundwater_well,26.4,1
farm_1,farm_1_field_2,2026-09-21,31.4,late,potato,8,18.0,0.0,sand,late,158,drip,groundwater_well,26.4,1
farm_1,farm_1_field_2,2026-09-22,23.9,late,potato,9,18.0,0.0,sand,late,159,drip,groundwater_well,26.4,1
farm_1,farm_1_field_2,2026-09-23,22.6,late,potato,10,18.0,0.0,sand,late,160,drip,groundwater_well,26.4,2
farm_1,farm_1_field_2,2026-09-24,52.5,late,potato,1,18.0,0.0,sand,late,161,drip,groundwater_well,26.4,0
farm_1,farm_1_field_2,2026-09-25,42.1,late,potato,2,18.0,0.0,sand,late,162,drip,groundwater_well,26.4,0
farm_1,farm_1_field_2,2026-09-26,44.1,late,potato,3,18.0,0.0,sand,late,163,drip,groundwater_well,26.4,1
farm_1,farm_1_field_2,2026-09-27,60.0,late,potato,1,18.0,2.5,sand,late,164,drip,groundwater_well,26.4,0
farm_1,farm_1_field_2,2026-09-28,61.0,late,potato,2,18.0,0.2,sand,late,165,drip,groundwater_well,26.4,0
farm_1,farm_1_field_2,2026-09-29,57.5,late,potato,3,18.0,0.3,sand,late,166,drip,groundwater_well,26.4,0
farm_1,farm_1_field_2,2026-09-30,50.6,late,potato,4,18.0,0.0,sand,late,167,drip,groundwater_well,26.4,0
farm_1,farm_1_field_3,2025-04-15,61.9,initial,potato,0,0.0,0.0,sand,late,0,drip,groundwater_well,28.1,0
farm_1,farm_1_field_3,2025-04-16,65.2,initial,potato,1,0.0,3.8,sand,late,1,drip,groundwater_well,28.1,0
farm_1,farm_1_field_3,2025-04-17,63.9,initial,potato,2,0.0,0.7,sand,late,2,drip,groundwater_well,28.1,0
farm_1,farm_1_field_3,2025-04-18,69.1,initial,potato,3,0.0,0.0,sand,late,3,drip,groundwater_well,28.1,0
farm_1,farm_1_field_3,2025-04-19,63.1,initial,potato,4,0.0,0.0,sand,late,4,drip,groundwater_well,28.1,0
farm_1,farm_1_field_3,2025-04-20,62.5,initial,potato,5,0.0,0.0,sand,late,5,drip,groundwater_well,28.1,0
farm_1,farm_1_field_3,2025-04-21,58.3,initial,potato,6,0.0,0.7,sand,late,6,drip,groundwater_well,28.1,0
farm_1,farm_1_field_3,2025-04-22,62.4,initial,potato,7,0.0,3.0,sand,late,7,drip,groundwater_well,28.1,0
farm_1,farm_1_field_3,2025-04-23,58.6,initial,potato,8,0.0,0.0,sand,late,8,drip,groundwater_well,28.1,0
farm_1,farm_1_field_3,2025-04-24,59.6,initial,potato,9,0.0,0.1,sand,late,9,drip,groundwater_well,28.1,0
farm_1,farm_1_field_3,2025-04-25,61.6,initial,potato,10,0.0,0.5,sand,late,10,drip,groundwater_well,28.1,0
farm_1,farm_1_field_3,2025-04-26,61.3,initial,potato,11,0.0,0.2,sand,late,11,drip,groundwater_well,28.1,0
farm_1,farm_1_field_3,2025-04-27,53.2,initial,potato,12,0.0,5.1,sand,late,12,drip,groundwater_well,28.1,0
farm_1,farm_1_field_3,2025-04-28,63.1,initial,potato,13,0.0,0.0,sand,late,13,drip,groundwater_well,28.1,0
farm_1,farm_1_field_3,2025-04-29,62.3,initial,potato,14,0.0,0.0,sand,late,14,drip,groundwater_well,28.1,0
farm_1,farm_1_field_3,2025-04-30,63.7,initial,potato,15,0.0,0.6,sand,late,15,drip,groundwater_well,28.1,0
farm_1,farm_1_field_3,2025-05-01,54.9,initial,potato,16,0.0,0.1,sand,late,16,drip,groundwater_well,28.1,0
farm_1,farm_1_field_3,2025-05-02,55.7,initial,potato,17,0.0,0.0,sand,late,17,drip,groundwater_well,28.1,0
farm_1,farm_1_field_3,2025-05-03,48.7,initial,potato,18,0.0,2.3,sand,late,18,drip,groundwater_well,28.1,0
farm_1,farm_1_field_3,2025-05-04,56.7,initial,potato,19,0.0,0.5,sand,late,19,drip,groundwater_well,28.1,0
farm_1,farm_1_field_3,2025-05-05,51.4,initial,potato,20,0.0,0.2,sand,late,20,drip,groundwater_well,28.1,0
farm_1,farm_1_field_3,2025-05-06,49.8,initial,potato,21,0.0,0.0,sand,late,21,drip,groundwater_well,28.1,0
farm_1,farm_1_field_3,2025-05-07,51.1,initial,potato,22,0.0,0.2,sand,late,22,drip,groundwater_well,28.1,0
farm_1,farm_1_field_3,2025-05-08,48.2,initial,potato,23,0.0,0.0,sand,late,23,drip,groundwater_well,28.1,0
farm_1,farm_1_field_3,2025-05-09,47.9,initial,potato,24,0.0,1.2,sand,late,24,drip,groundwater_well,28.1,1
farm_1,farm_1_field_3,2025-05-10,42.5,initial,potato,25,0.0,0.4,sand,late,25,drip,groundwater_well,28.1,1
farm_1,farm_1_field_3,2025-05-11,,initial,potato,26,0.0,0.0,sand,late,26,drip,groundwater_well,28.1,1
farm_1,farm_1_field_3,2025-05-12,44.6,initial,potato,27,0.0,0.0,sand,late,27,drip,groundwater_well,28.1,1
farm_1,farm_1_field_3,2025-05-13,37.1,initial,potato,28,0.0,0.0,sand,late,28,drip,groundwater_well,28.1,1
farm_1,farm_1_field_3,2025-05-14,40.1,development,potato,29,0.0,0.2,sand,late,29,drip,groundwater_well,28.1,1
farm_1,farm_1_field_3,2025-05-15,39.3,development,potato,30,0.0,0.6,sand,late,30,drip,groundwater_well,28.1,2
farm_1,farm_1_field_3,2025-05-16,57.7,development,potato,1,18.0,0.3,sand,late,31,drip,groundwater_well,28.1,0
farm_1,farm_1_field_3,2025-05-17,56.1,development,potato,2,18.0,5.9,sand,late,32,drip,groundwater_well,28.1,0
farm_1,farm_1_field_3,2025-05-18,52.9,development,potato,3,18.0,1.1,sand,late,33,drip,groundwater_well,28.1,0
farm_1,farm_1_field_3,2025-05-19,54.4,development,potato,4,18.0,8.2,sand,late,34,drip,groundwater_well,28.1,0
farm_1,farm_1_field_3,2025-05-20,62.6,development,potato,5,18.0,0.0,sand,late,35,drip,groundwater_well,28.1,0
farm_1,farm_1_field_3,2025-05-21,60.1,development,potato,6,18.0,5.6,sand,late,36,drip,groundwater_well,28.1,0
farm_1,farm_1_field_3,2025-05-22,59.8,development,potato,7,18.0,0.3,sand,late,37,drip,groundwater_well,28.1,0
farm_1,farm_1_field_3,2025-05-23,55.0,development,potato,8,18.0,0.0,sand,late,38,drip,groundwater_well,28.1,0
farm_1,farm_1_field_3,2025-05-24,48.4,development,potato,9,18.0,0.2,sand,late,39,drip,groundwater_well,28.1,1
farm_1,farm_1_field_3,2025-05-25,72.9,development,potato,1,18.0,3.7,sand,late,40,drip,groundwater_well,28.1,0
farm_1,farm_1_field_3,2025-05-26,71.0,development,potato,2,18.0,0.1,sand,late,41,drip,groundwater_well,28.1,0
farm_1,farm_1_field_3,2025-05-27,71.0,development,potato,3,18.0,0.3,sand,late,42,drip,groundwater_well,28.1,0
farm_1,farm_1_field_3,2025-05-28,71.0,development,potato,4,18.0,0.5,sand,late,43,drip,groundwater_well,28.1,0
farm_1,farm_1_field_3,2025-05-29,71.0,development,potato,5,18.0,0.0,sand,late,44,drip,groundwater_well,28.1,0
farm_1,farm_1_field_3,2025-05-30,71.0,development,potato,6,18.0,0.0,sand,late,45,drip,groundwater_well,28.1,0
farm_1,farm_1_field_3,2025-05-31,71.0,development,potato,7,18.0,0.6,sand,late,46,drip,groundwater_well,28.1,0
farm_1,farm_1_field_3,2025-06-01,71.0,development,potato,8,18.0,0.0,sand,late,47,drip,groundwater_well,28.1,1
farm_1,farm_1_field_3,2025-06-02,71.0,development,potato,1,18.0,0.3,sand,late,48,drip,groundwater_well,28.1,0
farm_1,farm_1_field_3,2025-06-03,67.7,development,potato,2,18.0,0.3,sand,late,49,drip,groundwater_well,28.1,0
farm_1,farm_1_field_3,2025-06-04,63.8,development,potato,3,18.0,0.6,sand,late,50,drip,groundwater_well,28.1,0
farm_1,farm_1_field_3,2025-06-05,57.3,development,potato,4,18.0,0.2,sand,late,51,drip,groundwater_well,28.1,0
farm_1,farm_1_field_3,2025-06-06,54.7,development,potato,5,18.0,0.2,sand,late,52,drip,groundwater_well,28.1,0
farm_1,farm_1_field_3,2025-06-07,52.2,development,potato,6,18.0,19.0,sand,late,53,drip,groundwater_well,28.1,1
farm_1,farm_1_field_3,2025-06-08,68.0,development,potato,7,18.0,17.5,sand,late,54,drip,groundwater_well,28.1,0
farm_1,farm_1_field_3,2025-06-09,90.6,development,potato,8,18.0,0.0,sand,late,55,drip,groundwater_well,28.1,0
farm_1,farm_1_field_3,2025-06-10,83.4,development,potato,9,18.0,1.1,sand,late,56,drip,groundwater_well,28.1,0
farm_1,farm_1_field_3,2025-06-11,86.1,development,potato,10,18.0,0.3,sand,late,57,drip,groundwater_well,28.1,0
farm_1,farm_1_field_3,2025-06-12,82.2,development,potato,11,18.0,0.0,sand,late,58,drip,groundwater_well,28.1,0
farm_1,farm_1_field_3,2025-06-13,69.0,development,potato,12,18.0,0.7,sand,late,59,drip,groundwater_well,28.1,0
farm_1,farm_1_field_3,2025-06-14,74.7,development,potato,13,18.0,0.1,sand,late,60,drip,groundwater_well,28.1,0
farm_1,farm_1_field_3,2025-06-15,69.2,development,potato,14,18.0,0.4,sand,late,61,drip,groundwater_well,28.1,0
farm_1,farm_1_field_3,2025-06-16,65.8,development,potato,15,18.0,0.6,sand,late,62,drip,groundwater_well,28.1,0
farm_1,farm_1_field_3,2025-06-17,60.1,sensitive,potato,16,18.0,1.4,sand,late,63,drip,groundwater_well,28.1,1
farm_1,farm_1_field_3,2025-06-18,54.8,sensitive,potato,17,18.0,22.3,sand,late,64,drip,groundwater_well,28.1,1
farm_1,farm_1_field_3,2025-06-19,100.0,sensitive,potato,1,18.0,0.2,sand,late,65,drip,groundwater_well,28.1,0
farm_1,farm_1_field_3,2025-06-20,95.2,sensitive,potato,2,18.0,0.5,sand,late,66,drip,groundwater_well,28.1,0
farm_1,farm_1_field_3,2025-06-21,89.2,sensitive,potato,3,18.0,0.0,sand,late,67,drip,groundwater_well,28.1,0
farm_1,farm_1_field_3,2025-06-22,83.6,sensitive,potato,4,18.0,0.5,sand,late,68,drip,groundwater_well,28.1,0
farm_1,farm_1_field_3,2025-06-23,76.2,sensitive,potato,5,18.0,0.0,sand,late,69,drip,groundwater_well,28.1,0
farm_1,farm_1_field_3,2025-06-24,75.0,sensitive,potato,6,18.0,0.2,sand,late,70,drip,groundwater_well,28.1,0
farm_1,farm_1_field_3,2025-06-25,60.4,sensitive,potato,7,18.0,0.5,sand,late,71,drip,groundwater_well,28.1,1
farm_1,farm_1_field_3,2025-06-26,79.8,sensitive,potato,1,18.0,0.7,sand,late,72,drip,groundwater_well,28.1,0
farm_1,farm_1_field_3,2025-06-27,76.7,sensitive,potato,2,18.0,0.0,sand,late,73,drip,groundwater_well,28.1,0
farm_1,farm_1_field_3,2025-06-28,73.4,sensitive,potato,3,18.0,3.1,sand,late,74,drip,groundwater_well,28.1,0
farm_1,farm_1_field_3,2025-06-29,66.3,sensitive,potato,4,18.0,0.2,sand,late,75,drip,groundwater_well,28.1,0
farm_1,farm_1_field_3,2025-06-30,59.1,sensitive,potato,5,18.0,0.0,sand,late,76,drip,groundwater_well,28.1,1
farm_1,farm_1_field_3,2025-07-01,49.9,sensitive,potato,6,18.0,1.0,sand,late,77,drip,groundwater_well,28.1,1
farm_1,farm_1_field_3,2025-07-02,68.0,sensitive,potato,1,18.0,0.5,sand,late,78,drip,groundwater_well,28.1,0
farm_1,farm_1_field_3,2025-07-03,63.5,sensitive,potato,2,18.0,0.4,sand,late,79,drip,groundwater_well,28.1,1
farm_1,farm_1_field_3,2025-07-04,52.4,sensitive,potato,3,18.0,0.0,sand,late,80,drip,groundwater_well,28.1,1
farm_1,farm_1_field_3,2025-07-05,69.8,sensitive,potato,1,18.0,0.0,sand,late,81,drip,groundwater_well,28.1,0
farm_1,farm_1_field_3,2025-07-06,,sensitive,potato,2,18.0,0.4,sand,late,82,drip,groundwater_well,28.1,1
farm_1,farm_1_field_3,2025-07-07,47.6,sensitive,potato,3,18.0,0.0,sand,late,83,drip,groundwater_well,28.1,1
farm_1,farm_1_field_3,2025-07-08,41.6,sensitive,potato,4,18.0,0.0,sand,late,84,drip,groundwater_well,28.1,2
farm_1,farm_1_field_3,2025-07-09,59.1,sensitive,potato,1,18.0,0.6,sand,late,85,drip,groundwater_well,28.1,1
farm_1,farm_1_field_3,2025-07-10,47.2,sensitive,potato,2,18.0,0.0,sand,late,86,drip,groundwater_well,28.1,1
farm_1,farm_1_field_3,2025-07-11,63.0,sensitive,potato,1,18.0,0.2,sand,late,87,drip,groundwater_well,28.1,0
farm_1,farm_1_field_3,2025-07-12,53.5,sensitive,potato,2,18.0,0.6,sand,late,88,drip,groundwater_well,28.1,1
farm_1,farm_1_field_3,2025-07-13,71.3,sensitive,potato,1,18.0,0.0,sand,late,89,drip,groundwater_well,28.1,0
farm_1,farm_1_field_3,2025-07-14,68.8,sensitive,potato,2,18.0,0.2,sand,late,90,drip,groundwater_well,28.1,0
farm_1,farm_1_field_3,2025-07-15,62.1,sensitive,potato,3,18.0,0.4,sand,late,91,drip,groundwater_well,28.1,0
farm_1,farm_1_field_3,2025-07-16,51.0,sensitive,potato,4,18.0,0.1,sand,late,92,drip,groundwater_well,28.1,1
farm_1,farm_1_field_3,2025-07-17,73.8,sensitive,potato,1,18.0,0.0,sand,late,93,drip,groundwater_well,28.1,0
farm_1,farm_1_field_3,2025-07-18,65.6,sensitive,potato,2,18.0,1.6,sand,late,94,drip,groundwater_well,28.1,0
farm_1,farm_1_field_3,2025-07-19,66.4,sensitive,potato,3,18.0,10.0,sand,late,95,drip,groundwater_well,28.1,0
farm_1,farm_1_field_3,2025-07-20,69.8,sensitive,potato,4,18.0,0.5,sand,late,96,drip,groundwater_well,28.1,0
farm_1,farm_1_field_3,2025-07-21,60.4,sensitive,potato,5,18.0,0.3,sand,late,97,drip,groundwater_well,28.1,0
farm_1,farm_1_field_3,2025-07-22,54.4,sensitive,potato,6,18.0,0.3,sand,late,98,drip,groundwater_well,28.1,1
farm_1,farm_1_field_3,2025-07-23,78.4,sensitive,potato,1,18.0,0.7,sand,late,99,drip,groundwater_well,28.1,0
farm_1,farm_1_field_3,2025-07-24,67.9,sensitive,potato,2,18.0,0.0,sand,late,100,drip,groundwater_well,28.1,0
farm_1,farm_1_field_3,2025-07-25,59.7,sensitive,potato,3,18.0,0.0,sand,late,101,drip,groundwater_well,28.1,1
farm_1,farm_1_field_3,2025-07-26,52.4,sensitive,potato,4,18.0,0.0,sand,late,102,drip,groundwater_well,28.1,1
farm_1,farm_1_field_3,2025-07-27,69.3,sensitive,potato,1,18.0,1.8,sand,late,103,drip,groundwater_well,28.1,0
farm_1,farm_1_field_3,2025-07-28,59.4,sensitive,potato,2,18.0,0.0,sand,late,104,drip,groundwater_well,28.1,0
farm_1,farm_1_field_3,2025-07-29,60.1,sensitive,potato,3,18.0,6.3,sand,late,105,drip,groundwater_well,28.1,1
farm_1,farm_1_field_3,2025-07-30,87.0,sensitive,potato,1,18.0,0.6,sand,late,106,drip,groundwater_well,28.1,0
farm_1,farm_1_field_3,2025-07-31,73.6,sensitive,potato,2,18.0,0.2,sand,late,107,drip,groundwater_well,28.1,0
farm_1,farm_1_field_3,2025-08-01,69.5,sensitive,potato,3,18.0,0.0,sand,late,108,drip,groundwater_well,28.1,0
farm_1,farm_1_field_3,2025-08-02,67.4,sensitive,potato,4,18.0,0.0,sand,late,109,drip,groundwater_well,28.1,0
farm_1,farm_1_field_3,2025-08-03,54.5,sensitive,potato,5,18.0,0.4,sand,late,110,drip,groundwater_well,28.1,1
farm_1,farm_1_field_3,2025-08-04,70.3,sensitive,potato,1,18.0,1.3,sand,late,111,drip,groundwater_well,28.1,0
farm_1,farm_1_field_3,2025-08-05,71.6,sensitive,potato,2,18.0,0.0,sand,late,112,drip,groundwater_well,28.1,0
farm_1,farm_1_field_3,2025-08-06,61.7,sensitive,potato,3,18.0,8.1,sand,late,113,drip,groundwater_well,28.1,1
farm_1,farm_1_field_3,2025-08-07,87.8,sensitive,potato,1,17.6,0.0,sand,late,114,drip,groundwater_well,28.1,0
farm_1,farm_1_field_3,2025-08-08,83.0,late,potato,2,17.6,0.1,sand,late,115,drip,groundwater_well,28.1,0
farm_1,farm_1_field_3,2025-08-09,71.8,late,potato,3,17.6,0.1,sand,late,116,drip,groundwater_well,28.1,0
farm_1,farm_1_field_3,2025-08-10,72.0,late,potato,4,17.6,0.0,sand,late,117,drip,groundwater_well,28.1,0
farm_1,farm_1_field_3,2025-08-11,67.1,late,potato,5,17.6,2.4,sand,late,118,drip,groundwater_well,28.1,0
farm_1,farm_1_field_3,2025-08-12,67.1,late,potato,6,17.6,0.0,sand,late,119,drip,groundwater_well,28.1,0
farm_1,farm_1_field_3,2025-08-13,65.8,late,potato,7,17.6,0.0,sand,late,120,drip,groundwater_well,28.1,0
farm_1,farm_1_field_3,2025-08-14,56.8,late,potato,8,17.6,0.0,sand,late,121,drip,groundwater_well,28.1,0
farm_1,farm_1_field_3,2025-08-15,59.7,late,potato,9,17.6,0.2,sand,late,122,drip,groundwater_well,28.1,0
farm_1,farm_1_field_3,2025-08-16,56.6,late,potato,10,17.6,0.0,sand,late,123,drip,groundwater_well,28.1,0
farm_1,farm_1_field_3,2025-08-17,47.8,late,potato,11,17.6,0.2,sand,late,124,drip,groundwater_well,28.1,0
farm_1,farm_1_field_3,2025-08-18,37.7,late,potato,12,17.6,0.0,sand,late,125,drip,groundwater_well,28.1,0
farm_1,farm_1_field_3,2025-08-19,41.0,late,potato,13,17.6,0.0,sand,late,126,drip,groundwater_well,28.1,1
farm_1,farm_1_field_3,2025-08-20,36.8,late,potato,14,17.6,0.4,sand,late,127,drip,groundwater_well,28.1,1
farm_1,farm_1_field_3,2025-08-21,56.9,late,potato,1,18.0,0.0,sand,late,128,drip,groundwater_well,28.1,0
farm_1,farm_1_field_3,2025-08-22,46.3,late,potato,2,18.0,0.5,sand,late,129,drip,groundwater_well,28.1,0
farm_1,farm_1_field_3,2025-08-23,45.7,late,potato,3,18.0,0.0,sand,late,130,drip,groundwater_well,28.1,0
farm_1,farm_1_field_3,2025-08-24,49.1,late,potato,4,18.0,0.0,sand,late,131,drip,groundwater_well,28.1,0
farm_1,farm_1_field_3,2025-08-25,38.0,late,potato,5,18.0,0.3,sand,late,132,drip,groundwater_well,28.1,1
farm_1,farm_1_field_3,2025-08-26,30.4,late,potato,6,18.0,0.0,sand,late,133,drip,groundwater_well,28.1,1
farm_1,farm_1_field_3,2025-08-27,56.2,late,potato,1,18.0,0.0,sand,late,134,drip,groundwater_well,28.1,0
farm_1,farm_1_field_3,2025-08-28,48.5,late,potato,2,18.0,15.4,sand,late,135,drip,groundwater_well,28.1,0
farm_1,farm_1_field_3,2025-08-29,66.9,late,potato,3,18.0,0.0,sand,late,136,drip,groundwater_well,28.1,0
farm_1,farm_1_field_3,2025-08-30,66.9,late,potato,4,18.0,0.0,sand,late,137,drip,groundwater_well,28.1,0
farm_1,farm_1_field_3,2025-08-31,63.2,late,potato,5,18.0,0.3,sand,late,138,drip,groundwater_well,28.1,0
farm_1,farm_1_field_3,2025-09-01,59.0,late,potato,6,18.0,0.0,sand,late,139,drip,groundwater_well,28.1,0
farm_1,farm_1_field_3,2025-09-02,54.8,late,potato,7,18.0,0.0,sand,late,140,drip,groundwater_well,28.1,0
farm_1,farm_1_field_3,2025-09-03,44.6,late,potato,8,18.0,0.0,sand,late,141,drip,groundwater_well,28.1,0
farm_1,farm_1_field_3,2025-09-04,39.6,late,potato,9,18.0,0.0,sand,late,142,drip,groundwater_well,28.1,0
farm_1,farm_1_field_3,2025-09-05,41.9,late,potato,10,18.0,0.0,sand,late,143,drip,groundwater_well,28.1,1
farm_1,farm_1_field_3,2025-09-06,64.3,late,potato,1,18.0,0.0,sand,late,144,drip,groundwater_well,28.1,0
farm_1,farm_1_field_3,2025-09-07,60.5,late,potato,2,18.0,0.2,sand,late,145,drip,groundwater_well,28.1,0
farm_1,farm_1_field_3,2025-09-08,58.0,late,potato,3,18.0,0.0,sand,late,146,drip,groundwater_well,28.1,0
farm_1,farm_1_field_3,2025-09-09,49.2,late,potato,4,18.0,0.0,sand,late,147,drip,groundwater_well,28.1,0
farm_1,farm_1_field_3,2025-09-10,50.1,late,potato,5,18.0,0.5,sand,late,148,drip,groundwater_well,28.1,0
farm_1,farm_1_field_3,2025-09-11,41.2,late,potato,6,18.0,0.0,sand,late,149,drip,groundwater_well,28.1,0
farm_1,farm_1_field_3,2025-09-12,33.3,late,potato,7,18.0,0.0,sand,late,150,drip,groundwater_well,28.1,0
farm_1,farm_1_field_3,2025-09-13,39.0,late,potato,8,18.0,0.4,sand,late,151,drip,groundwater_well,28.1,1
farm_1,farm_1_field_3,2025-09-14,29.9,late,potato,9,18.0,1.5,sand,late,152,drip,groundwater_well,28.1,1
farm_1,farm_1_field_3,2025-09-15,36.2,late,potato,10,18.0,0.0,sand,late,153,drip,groundwater_well,28.1,1
farm_1,farm_1_field_3,2025-09-16,50.0,late,potato,1,18.0,4.9,sand,late,154,drip,groundwater_well,28.1,0
farm_1,farm_1_field_3,2025-09-17,56.2,late,potato,2,18.0,2.5,sand,late,155,drip,groundwater_well,28.1,0
farm_1,farm_1_field_3,2025-09-18,58.5,late,potato,3,18.0,0.0,sand,late,156,drip,groundwater_well,28.1,0
farm_1,farm_1_field_3,2025-09-19,52.9,late,potato,4,18.0,0.1,sand,late,157,drip,groundwater_well,28.1,0
farm_1,farm_1_field_3,2025-09-20,49.4,late,potato,5,18.0,0.1,sand,late,158,drip,groundwater_well,28.1,0
farm_1,farm_1_field_3,2025-09-21,50.8,late,potato,6,18.0,0.0,sand,late,159,drip,groundwater_well,28.1,0
farm_1,farm_1_field_3,2025-09-22,43.2,late,potato,7,18.0,0.0,sand,late,160,drip,groundwater_well,28.1,0
farm_1,farm_1_field_3,2025-09-23,38.8,late,potato,8,18.0,0.0,sand,late,161,drip,groundwater_well,28.1,0
farm_1,farm_1_field_3,2025-09-24,40.2,late,potato,9,18.0,0.0,sand,late,162,drip,groundwater_well,28.1,1
farm_1,farm_1_field_3,2025-09-25,61.9,late,potato,1,18.0,0.2,sand,late,163,drip,groundwater_well,28.1,0
farm_1,farm_1_field_3,2025-09-26,59.4,late,potato,2,18.0,0.0,sand,late,164,drip,groundwater_well,28.1,0
farm_1,farm_1_field_3,2025-09-27,,late,potato,3,18.0,0.1,sand,late,165,drip,groundwater_well,28.1,0
farm_1,farm_1_field_3,2025-09-28,60.7,late,potato,4,18.0,0.0,sand,late,166,drip,groundwater_well,28.1,0
farm_1,farm_1_field_3,2025-09-29,45.6,late,potato,5,18.0,0.0,sand,late,167,drip,groundwater_well,28.1,0
farm_1,farm_1_field_3,2025-09-30,45.9,late,potato,6,18.0,0.0,sand,late,168,drip,groundwater_well,28.1,0
farm_1,farm_1_field_3,2026-04-15,67.9,initial,potato,0,0.0,0.0,sand,late,0,drip,groundwater_well,28.1,0
farm_1,farm_1_field_3,2026-04-16,62.2,initial,potato,1,0.0,0.0,sand,late,1,drip,groundwater_well,28.1,0
farm_1,farm_1_field_3,2026-04-17,63.6,initial,potato,2,0.0,1.1,sand,late,2,drip,groundwater_well,28.1,0
farm_1,farm_1_field_3,2026-04-18,62.7,initial,potato,3,0.0,0.0,sand,late,3,drip,groundwater_well,28.1,0
farm_1,farm_1_field_3,2026-04-19,67.2,initial,potato,4,0.0,0.3,sand,late,4,drip,groundwater_well,28.1,0
farm_1,farm_1_field_3,2026-04-20,59.1,initial,potato,5,0.0,0.0,sand,late,5,drip,groundwater_well,28.1,0
farm_1,farm_1_field_3,2026-04-21,61.4,initial,potato,6,0.0,0.9,sand,late,6,drip,groundwater_well,28.1,0
farm_1,farm_1_field_3,2026-04-22,62.2,initial,potato,7,0.0,0.0,sand,late,7,drip,groundwater_well,28.1,0
farm_1,farm_1_field_3,2026-04-23,55.3,initial,potato,8,0.0,0.0,sand,late,8,drip,groundwater_well,28.1,0
farm_1,farm_1_field_3,2026-04-24,61.8,initial,potato,9,0.0,0.0,sand,late,9,drip,groundwater_well,28.1,0
farm_1,farm_1_field_3,2026-04-25,50.4,initial,potato,10,0.0,0.1,sand,late,10,drip,groundwater_well,28.1,0
farm_1,farm_1_field_3,2026-04-26,51.3,initial,potato,11,0.0,0.0,sand,late,11,drip,groundwater_well,28.1,0
farm_1,farm_1_field_3,2026-04-27,51.1,initial,potato,12,0.0,0.0,sand,late,12,drip,groundwater_well,28.1,0
farm_1,farm_1_field_3,2026-04-28,51.3,initial,potato,13,0.0,0.1,sand,late,13,drip,groundwater_well,28.1,0
farm_1,farm_1_field_3,2026-04-29,45.9,initial,potato,14,0.0,0.0,sand,late,14,drip,groundwater_well,28.1,1
farm_1,farm_1_field_3,2026-04-30,44.9,initial,potato,15,0.0,0.0,sand,late,15,drip,groundwater_well,28.1,1
farm_1,farm_1_field_3,2026-05-01,43.8,initial,potato,16,0.0,0.7,sand,late,16,drip,groundwater_well,28.1,1
farm_1,farm_1_field_3,2026-05-02,43.5,initial,potato,17,0.0,0.0,sand,late,17,drip,groundwater_well,28.1,1
farm_1,farm_1_field_3,2026-05-03,44.6,initial,potato,18,0.0,8.4,sand,late,18,drip,groundwater_well,28.1,1
farm_1,farm_1_field_3,2026-05-04,53.3,initial,potato,19,0.0,0.0,sand,late,19,drip,groundwater_well,28.1,0
farm_1,farm_1_field_3,2026-05-05,46.4,initial,potato,20,0.0,4.1,sand,late,20,drip,groundwater_well,28.1,1
farm_1,farm_1_field_3,2026-05-06,72.2,initial,potato,1,18.0,0.0,sand,late,21,drip,groundwater_well,28.1,0
farm_1,farm_1_field_3,2026-05-07,72.7,initial,potato,2,18.0,7.4,sand,late,22,drip,groundwater_well,28.1,0
farm_1,farm_1_field_3,2026-05-08,87.0,initial,potato,3,18.0,0.0,sand,late,23,drip,groundwater_well,28.1,0
farm_1,farm_1_field_3,2026-05-09,87.0,initial,potato,4,18.0,0.4,sand,late,24,drip,groundwater_well,28.1,0
farm_1,farm_1_field_3,2026-05-10,87.0,initial,potato,5,18.0,0.4,sand,late,25,drip,groundwater_well,28.1,0
farm_1,farm_1_field_3,2026-05-11,87.0,initial,potato,6,18.0,0.0,sand,late,26,drip,groundwater_well,28.1,0
farm_1,farm_1_field_3,2026-05-12,87.0,initial,potato,7,18.0,0.3,sand,late,27,drip,groundwater_well,28.1,0
farm_1,farm_1_field_3,2026-05-13,87.0,initial,potato,8,18.0,2.6,sand,late,28,drip,groundwater_well,28.1,0
farm_1,farm_1_field_3,2026-05-14,87.0,development,potato,9,18.0,0.0,sand,late,29,drip,groundwater_well,28.1,0
farm_1,farm_1_field_3,2026-05-15,87.0,development,potato,10,18.0,0.7,sand,late,30,drip,groundwater_well,28.1,0
farm_1,farm_1_field_3,2026-05-16,73.0,development,potato,11,18.0,0.0,sand,late,31,drip,groundwater_well,28.1,0
farm_1,farm_1_field_3,2026-05-17,66.4,development,potato,12,18.0,0.2,sand,late,32,drip,groundwater_well,28.1,0
farm_1,farm_1_field_3,2026-05-18,61.4,development,potato,13,18.0,0.0,sand,late,33,drip,groundwater_well,28.1,0
farm_1,farm_1_field_3,2026-05-19,60.4,development,potato,14,18.0,0.0,sand,late,34,drip,groundwater_well,28.1,0
farm_1,farm_1_field_3,2026-05-20,51.6,development,potato,15,18.0,0.5,sand,late,35,drip,groundwater_well,28.1,1
farm_1,farm_1_field_3,2026-05-21,77.8,development,potato,1,18.0,13.6,sand,late,36,drip,groundwater_well,28.1,0
farm_1,farm_1_field_3,2026-05-22,91.5,development,potato,2,18.0,4.4,sand,late,37,drip,groundwater_well,28.1,0
farm_1,farm_1_field_3,2026-05-23,89.5,development,potato,3,18.0,0.0,sand,late,38,drip,groundwater_well,28.1,0
farm_1,farm_1_field_3,2026-05-24,89.7,development,potato,4,18.0,0.0,sand,late,39,drip,groundwater_well,28.1,0
farm_1,farm_1_field_3,2026-05-25,85.5,development,potato,5,18.0,0.0,sand,late,40,drip,groundwater_well,28.1,0
farm_1,farm_1_field_3,2026-05-26,81.9,development,potato,6,18.0,0.4,sand,late,41,drip,groundwater_well,28.1,0
farm_1,farm_1_field_3,2026-05-27,76.5,development,potato,7,18.0,0.3,sand,late,42,drip,groundwater_well,28.1,0
farm_1,farm_1_field_3,2026-05-28,68.5,development,potato,8,18.0,0.0,sand,late,43,drip,groundwater_well,28.1,0
farm_1,farm_1_field_3,2026-05-29,70.7,development,potato,9,18.0,0.0,sand,late,44,drip,groundwater_well,28.1,0
farm_1,farm_1_field_3,2026-05-30,63.4,development,potato,10,18.0,0.2,sand,late,45,drip,groundwater_well,28.1,0
farm_1,farm_1_field_3,2026-05-31,57.7,development,potato,11,18.0,0.0,sand,late,46,drip,groundwater_well,28.1,0
farm_1,farm_1_field_3,2026-06-01,53.4,development,potato,12,18.0,0.0,sand,late,47,drip,groundwater_well,28.1,0
farm_1,farm_1_field_3,2026-06-02,54.4,development,potato,13,18.0,0.0,sand,late,48,drip,groundwater_well,28.1,1
farm_1,farm_1_field_3,2026-06-03,69.3,development,potato,1,18.0,0.1,sand,late,49,drip,groundwater_well,28.1,0
farm_1,farm_1_field_3,2026-06-04,68.1,development,potato,2,18.0,0.5,sand,late,50,drip,groundwater_well,28.1,0
farm_1,farm_1_field_3,2026-06-05,66.3,development,potato,3,18.0,0.4,sand,late,51,drip,groundwater_well,28.1,0
farm_1,farm_1_field_3,2026-06-06,60.9,development,potato,4,18.0,4.1,sand,late,52,drip,groundwater_well,28.1,0
farm_1,farm_1_field_3,2026-06-07,60.5,development,potato,5,18.0,0.0,sand,late,53,drip,groundwater_well,28.1,0
farm_1,farm_1_field_3,2026-06-08,59.3,development,potato,6,18.0,0.3,sand,late,54,drip,groundwater_well,28.1,0
farm_1,farm_1_field_3,2026-06-09,47.5,development,potato,7,18.0,0.0,sand,late,55,drip,groundwater_well,28.1,1
farm_1,farm_1_field_3,2026-06-10,43.1,development,potato,8,18.0,0.0,sand,late,56,drip,groundwater_well,28.1,1
farm_1,farm_1_field_3,2026-06-11,54.5,development,potato,1,18.0,0.1,sand,late,57,drip,groundwater_well,28.1,0
farm_1,farm_1_field_3,2026-06-12,53.9,development,potato,2,18.0,0.0,sand,late,58,drip,groundwater_well,28.1,0
farm_1,farm_1_field_3,2026-06-13,45.0,development,potato,3,18.0,0.2,sand,late,59,drip,groundwater_well,28.1,1
farm_1,farm_1_field_3,2026-06-14,68.1,development,potato,1,18.0,0.0,sand,late,60,drip,groundwater_well,28.1,0
farm_1,farm_1_field_3,2026-06-15,61.2,development,potato,2,18.0,0.0,sand,late,61,drip,groundwater_well,28.1,0
farm_1,farm_1_field_3,2026-06-16,51.4,development,potato,3,18.0,0.0,sand,late,62,drip,groundwater_well,28.1,1
farm_1,farm_1_field_3,2026-06-17,38.1,sensitive,potato,4,18.0,0.0,sand,late,63,drip,groundwater_well,28.1,2
farm_1,farm_1_field_3,2026-06-18,56.8,sensitive,potato,1,18.0,0.8,sand,late,64,drip,groundwater_well,28.1,1
farm_1,farm_1_field_3,2026-06-19,50.5,sensitive,potato,2,18.0,0.0,sand,late,65,drip,groundwater_well,28.1,1
farm_1,farm_1_field_3,2026-06-20,39.2,sensitive,potato,3,18.0,0.1,sand,late,66,drip,groundwater_well,28.1,2
farm_1,farm_1_field_3,2026-06-21,54.6,sensitive,potato,1,18.0,0.0,sand,late,67,drip,groundwater_well,28.1,1
farm_1,farm_1_field_3,2026-06-22,71.5,sensitive,potato,1,18.0,0.0,sand,late,68,drip,groundwater_well,28.1,0
farm_1,farm_1_field_3,2026-06-23,59.7,sensitive,potato,2,18.0,0.3,sand,late,69,drip,groundwater_well,28.1,1
farm_1,farm_1_field_3,2026-06-24,69.5,sensitive,potato,1,17.9,0.1,sand,late,70,drip,groundwater_well,28.1,0
farm_1,farm_1_field_3,2026-06-25,69.5,sensitive,potato,2,17.9,1.5,sand,late,71,drip,groundwater_well,28.1,0
farm_1,farm_1_field_3,2026-06-26,56.1,sensitive,potato,3,17.9,0.4,sand,late,72,drip,groundwater_well,28.1,1
farm_1,farm_1_field_3,2026-06-27,,sensitive,potato,1,18.0,0.0,sand,late,73,drip,groundwater_well,28.1,0
farm_1,farm_1_field_3,2026-06-28,64.5,sensitive,potato,2,18.0,0.0,sand,late,74,drip,groundwater_well,28.1,0
farm_1,farm_1_field_3,2026-06-29,52.3,sensitive,potato,3,18.0,0.0,sand,late,75,drip,groundwater_well,28.1,1
farm_1,farm_1_field_3,2026-06-30,39.1,sensitive,potato,4,18.0,0.1,sand,late,76,drip,groundwater_well,28.1,2
farm_1,farm_1_field_3,2026-07-01,54.0,sensitive,potato,1,18.0,0.0,sand,late,77,drip,groundwater_well,28.1,1
farm_1,farm_1_field_3,2026-07-02,68.9,sensitive,potato,1,18.0,0.0,sand,late,78,drip,groundwater_well,28.1,0
farm_1,farm_1_field_3,2026-07-03,56.4,sensitive,potato,2,18.0,0.1,sand,late,79,drip,groundwater_well,28.1,1
farm_1,farm_1_field_3,2026-07-04,65.7,sensitive,potato,1,18.0,0.4,sand,late,80,drip,groundwater_well,28.1,0
farm_1,farm_1_field_3,2026-07-05,61.3,sensitive,potato,2,18.0,0.0,sand,late,81,drip,groundwater_well,28.1,1
farm_1,farm_1_field_3,2026-07-06,47.8,sensitive,potato,3,18.0,0.0,sand,late,82,drip,groundwater_well,28.1,1
farm_1,farm_1_field_3,2026-07-07,60.5,sensitive,potato,1,18.0,0.2,sand,late,83,drip,groundwater_well,28.1,1
farm_1,farm_1_field_3,2026-07-08,84.4,sensitive,potato,1,17.9,0.9,sand,late,84,drip,groundwater_well,28.1,0
farm_1,farm_1_field_3,2026-07-09,66.6,sensitive,potato,2,17.9,0.0,sand,late,85,drip,groundwater_well,28.1,0
farm_1,farm_1_field_3,2026-07-10,58.3,sensitive,potato,3,17.9,0.1,sand,late,86,drip,groundwater_well,28.1,1
farm_1,farm_1_field_3,2026-07-11,44.1,sensitive,potato,4,17.9,0.6,sand,late,87,drip,groundwater_well,28.1,2
farm_1,farm_1_field_3,2026-07-12,63.2,sensitive,potato,1,18.0,0.2,sand,late,88,drip,groundwater_well,28.1,1
farm_1,farm_1_field_3,2026-07-13,78.4,sensitive,potato,1,18.0,0.1,sand,late,89,drip,groundwater_well,28.1,0
farm_1,farm_1_field_3,2026-07-14,61.6,sensitive,potato,2,18.0,0.1,sand,late,90,drip,groundwater_well,28.1,0
farm_1,farm_1_field_3,2026-07-15,54.0,sensitive,potato,3,18.0,0.0,sand,late,91,drip,groundwater_well,28.1,1
farm_1,farm_1_field_3,2026-07-16,68.3,sensitive,potato,1,18.0,0.2,sand,late,92,drip,groundwater_well,28.1,0
farm_1,farm_1_field_3,2026-07-17,55.9,sensitive,potato,2,18.0,0.5,sand,late,93,drip,groundwater_well,28.1,1
farm_1,farm_1_field_3,2026-07-18,71.4,sensitive,potato,1,18.0,0.0,sand,late,94,drip,groundwater_well,28.1,0
farm_1,farm_1_field_3,2026-07-19,66.8,sensitive,potato,2,18.0,0.7,sand,late,95,drip,groundwater_well,28.1,0
farm_1,farm_1_field_3,2026-07-20,46.7,sensitive,potato,3,18.0,0.0,sand,late,96,drip,groundwater_well,28.1,1
farm_1,farm_1_field_3,2026-07-21,76.5,sensitive,potato,1,18.0,0.1,sand,late,97,drip,groundwater_well,28.1,0
farm_1,farm_1_field_3,2026-07-22,54.2,sensitive,potato,2,18.0,0.1,sand,late,98,drip,groundwater_well,28.1,1
farm_1,farm_1_field_3,2026-07-23,56.5,sensitive,potato,3,18.0,0.0,sand,late,99,drip,groundwater_well,28.1,1
farm_1,farm_1_field_3,2026-07-24,64.5,sensitive,potato,1,18.0,0.2,sand,late,100,drip,groundwater_well,28.1,0
farm_1,farm_1_field_3,2026-07-25,50.7,sensitive,potato,2,18.0,0.0,sand,late,101,drip,groundwater_well,28.1,1
farm_1,farm_1_field_3,2026-07-26,48.3,sensitive,potato,3,18.0,0.3,sand,late,102,drip,groundwater_well,28.1,2
farm_1,farm_1_field_3,2026-07-27,62.7,sensitive,potato,1,18.0,0.1,sand,late,103,drip,groundwater_well,28.1,1
farm_1,farm_1_field_3,2026-07-28,49.7,sensitive,potato,2,18.0,0.0,sand,late,104,drip,groundwater_well,28.1,1
farm_1,farm_1_field_3,2026-07-29,40.2,sensitive,potato,3,18.0,0.0,sand,late,105,drip,groundwater_well,28.1,2
farm_1,farm_1_field_3,2026-07-30,59.7,sensitive,potato,1,18.0,0.0,sand,late,106,drip,groundwater_well,28.1,1
farm_1,farm_1_field_3,2026-07-31,74.9,sensitive,potato,1,18.0,7.3,sand,late,107,drip,groundwater_well,28.1,0
farm_1,farm_1_field_3,2026-08-01,75.0,sensitive,potato,2,18.0,0.4,sand,late,108,drip,groundwater_well,28.1,0
farm_1,farm_1_field_3,2026-08-02,,sensitive,potato,3,18.0,0.1,sand,late,109,drip,groundwater_well,28.1,0
farm_1,farm_1_field_3,2026-08-03,59.2,sensitive,potato,4,18.0,8.0,sand,late,110,drip,groundwater_well,28.1,1
farm_1,farm_1_field_3,2026-08-04,85.9,sensitive,potato,1,18.0,0.6,sand,late,111,drip,groundwater_well,28.1,0
farm_1,farm_1_field_3,2026-08-05,78.9,sensitive,potato,2,18.0,0.4,sand,late,112,drip,groundwater_well,28.1,0
farm_1,farm_1_field_3,2026-08-06,67.9,sensitive,potato,3,18.0,0.0,sand,late,113,drip,groundwater_well,28.1,0
farm_1,farm_1_field_3,2026-08-07,60.6,sensitive,potato,4,18.0,0.0,sand,late,114,drip,groundwater_well,28.1,1
farm_1,farm_1_field_3,2026-08-08,76.0,late,potato,1,18.0,0.0,sand,late,115,drip,groundwater_well,28.1,0
farm_1,farm_1_field_3,2026-08-09,70.0,late,potato,2,18.0,0.3,sand,late,116,drip,groundwater_well,28.1,0
farm_1,farm_1_field_3,2026-08-10,63.8,late,potato,3,18.0,1.7,sand,late,117,drip,groundwater_well,28.1,0
farm_1,farm_1_field_3,2026-08-11,68.5,late,potato,4,18.0,0.6,sand,late,118,drip,groundwater_well,28.1,0
farm_1,farm_1_field_3,2026-08-12,60.2,late,potato,5,18.0,0.0,sand,late,119,drip,groundwater_well,28.1,0
farm_1,farm_1_field_3,2026-08-13,50.8,late,potato,6,18.0,0.5,sand,late,120,drip,groundwater_well,28.1,0
farm_1,farm_1_field_3,2026-08-14,47.8,late,potato,7,18.0,0.0,sand,late,121,drip,groundwater_well,28.1,0
farm_1,farm_1_field_3,2026-08-15,39.6,late,potato,8,18.0,0.5,sand,late,122,drip,groundwater_well,28.1,1
farm_1,farm_1_field_3,2026-08-16,34.0,late,potato,9,18.0,0.0,sand,late,123,drip,groundwater_well,28.1,1
farm_1,farm_1_field_3,2026-08-17,31.7,late,potato,10,18.0,0.6,sand,late,124,drip,groundwater_well,28.1,1
farm_1,farm_1_field_3,2026-08-18,28.2,late,potato,11,18.0,0.3,sand,late,125,drip,groundwater_well,28.1,2
farm_1,farm_1_field_3,2026-08-19,46.7,late,potato,1,18.0,0.0,sand,late,126,drip,groundwater_well,28.1,0
farm_1,farm_1_field_3,2026-08-20,42.5,late,potato,2,18.0,1.9,sand,late,127,drip,groundwater_well,28.1,0
farm_1,farm_1_field_3,2026-08-21,36.0,late,potato,3,18.0,0.7,sand,late,128,drip,groundwater_well,28.1,1
farm_1,farm_1_field_3,2026-08-22,59.0,late,potato,1,18.0,0.5,sand,late,129,drip,groundwater_well,28.1,0
farm_1,farm_1_field_3,2026-08-23,62.9,late,potato,2,18.0,0.4,sand,late,130,drip,groundwater_well,28.1,0
farm_1,farm_1_field_3,2026-08-24,53.5,late,potato,3,18.0,0.0,sand,late,131,drip,groundwater_well,28.1,0
farm_1,farm_1_field_3,2026-08-25,51.4,late,potato,4,18.0,0.1,sand,late,132,drip,groundwater_well,28.1,0
farm_1,farm_1_field_3,2026-08-26,40.1,late,potato,5,18.0,0.0,sand,late,133,drip,groundwater_well,28.1,0
farm_1,farm_1_field_3,2026-08-27,45.6,late,potato,6,18.0,0.1,sand,late,134,drip,groundwater_well,28.1,0
farm_1,farm_1_field_3,2026-08-28,31.2,late,potato,7,18.0,3.8,sand,late,135,drip,groundwater_well,28.1,1
farm_1,farm_1_field_3,2026-08-29,41.9,late,potato,8,18.0,0.0,sand,late,136,drip,groundwater_well,28.1,1
farm_1,farm_1_field_3,2026-08-30,39.2,late,potato,9,18.0,0.4,sand,late,137,drip,groundwater_well,28.1,1
farm_1,farm_1_field_3,2026-08-31,59.6,late,potato,1,18.0,0.0,sand,late,138,drip,groundwater_well,28.1,0
farm_1,farm_1_field_3,2026-09-01,51.3,late,potato,2,18.0,0.2,sand,late,139,drip,groundwater_well,28.1,0
farm_1,farm_1_field_3,2026-09-02,50.0,late,potato,3,18.0,0.1,sand,late,140,drip,groundwater_well,28.1,0
farm_1,farm_1_field_3,2026-09-03,42.6,late,potato,4,18.0,0.0,sand,late,141,drip,groundwater_well,28.1,0
farm_1,farm_1_field_3,2026-09-04,35.4,late,potato,5,18.0,0.0,sand,late,142,drip,groundwater_well,28.1,1
farm_1,farm_1_field_3,2026-09-05,64.5,late,potato,1,18.0,0.4,sand,late,143,drip,groundwater_well,28.1,0
farm_1,farm_1_field_3,2026-09-06,56.8,late,potato,2,18.0,0.3,sand,late,144,drip,groundwater_well,28.1,0
farm_1,farm_1_field_3,2026-09-07,59.2,late,potato,3,18.0,0.0,sand,late,145,drip,groundwater_well,28.1,0
farm_1,farm_1_field_3,2026-09-08,53.9,late,potato,4,18.0,1.0,sand,late,146,drip,groundwater_well,28.1,0
farm_1,farm_1_field_3,2026-09-09,49.2,late,potato,5,18.0,0.0,sand,late,147,drip,groundwater_well,28.1,0
farm_1,farm_1_field_3,2026-09-10,47.0,late,potato,6,18.0,0.0,sand,late,148,drip,groundwater_well,28.1,0
farm_1,farm_1_field_3,2026-09-11,42.3,late,potato,7,18.0,0.0,sand,late,149,drip,groundwater_well,28.1,1
farm_1,farm_1_field_3,2026-09-12,40.9,late,potato,8,18.0,0.1,sand,late,150,drip,groundwater_well,28.1,1
farm_1,farm_1_field_3,2026-09-13,64.0,late,potato,1,18.0,0.0,sand,late,151,drip,groundwater_well,28.1,0
farm_1,farm_1_field_3,2026-09-14,54.7,late,potato,2,18.0,0.0,sand,late,152,drip,groundwater_well,28.1,0
farm_1,farm_1_field_3,2026-09-15,50.6,late,potato,3,18.0,0.0,sand,late,153,drip,groundwater_well,28.1,0
farm_1,farm_1_field_3,2026-09-16,48.8,late,potato,4,18.0,0.1,sand,late,154,drip,groundwater_well,28.1,0
farm_1,farm_1_field_3,2026-09-17,41.1,late,potato,5,18.0,0.0,sand,late,155,drip,groundwater_well,28.1,0
farm_1,farm_1_field_3,2026-09-18,37.2,late,potato,6,18.0,0.0,sand,late,156,drip,groundwater_well,28.1,1
farm_1,farm_1_field_3,2026-09-19,61.7,late,potato,1,18.0,0.0,sand,late,157,drip,groundwater_well,28.1,0
farm_1,farm_1_field_3,2026-09-20,56.6,late,potato,2,18.0,0.0,sand,late,158,drip,groundwater_well,28.1,0
farm_1,farm_1_field_3,2026-09-21,50.4,late,potato,3,18.0,0.0,sand,late,159,drip,groundwater_well,28.1,0
farm_1,farm_1_field_3,2026-09-22,51.6,late,potato,4,18.0,0.0,sand,late,160,drip,groundwater_well,28.1,0
farm_1,farm_1_field_3,2026-09-23,50.9,late,potato,5,18.0,0.0,sand,late,161,drip,groundwater_well,28.1,0
farm_1,farm_1_field_3,2026-09-24,44.8,late,potato,6,18.0,0.0,sand,late,162,drip,groundwater_well,28.1,0
farm_1,farm_1_field_3,2026-09-25,39.1,late,potato,7,18.0,0.0,sand,late,163,drip,groundwater_well,28.1,0
farm_1,farm_1_field_3,2026-09-26,33.9,late,potato,8,18.0,0.0,sand,late,164,drip,groundwater_well,28.1,1
farm_1,farm_1_field_3,2026-09-27,36.0,late,potato,9,18.0,2.5,sand,late,165,drip,groundwater_well,28.1,1
farm_1,farm_1_field_3,2026-09-28,62.2,late,potato,1,18.0,0.2,sand,late,166,drip,groundwater_well,28.1,0
farm_1,farm_1_field_3,2026-09-29,53.8,late,potato,2,18.0,0.3,sand,late,167,drip,groundwater_well,28.1,0
farm_1,farm_1_field_3,2026-09-30,54.9,late,potato,3,18.0,0.0,sand,late,168,drip,groundwater_well,28.1,0
