farm_id,field_id,date,soil_moisture_pct_nfk,growth_stage,crop_type,days_since_last_irrigation,previous_irrigation_mm,onfarm_rain_gauge_mm,soil_type,crop_variety_maturity,days_after_planting,irrigation_type,water_source,field_area_ha,irrigation_need
farm_4,farm_4_field_1,2025-04-25,73.7,initial,maize,0,0.0,0.7,loam,early,0,hose_reel,farm_reservoir,10.2,0
farm_4,farm_4_field_1,2025-04-26,68.4,initial,maize,1,0.0,0.0,loam,early,1,hose_reel,farm_reservoir,10.2,0
farm_4,farm_4_field_1,2025-04-27,68.1,initial,maize,2,0.0,5.5,loam,early,2,hose_reel,farm_reservoir,10.2,0
farm_4,farm_4_field_1,2025-04-28,72.5,initial,maize,3,0.0,0.0,loam,early,3,hose_reel,farm_reservoir,10.2,0
farm_4,farm_4_field_1,2025-04-29,68.1,initial,maize,4,0.0,0.0,loam,early,4,hose_reel,farm_reservoir,10.2,0
farm_4,farm_4_field_1,2025-04-30,72.5,initial,maize,5,0.0,1.3,loam,early,5,hose_reel,farm_reservoir,10.2,0
farm_4,farm_4_field_1,2025-05-01,69.7,initial,maize,6,0.0,0.0,loam,early,6,hose_reel,farm_reservoir,10.2,0
farm_4,farm_4_field_1,2025-05-02,67.3,initial,maize,7,0.0,0.4,loam,early,7,hose_reel,farm_reservoir,10.2,0
farm_4,farm_4_field_1,2025-05-03,72.1,initial,maize,8,0.0,3.7,loam,early,8,hose_reel,farm_reservoir,10.2,0
farm_4,farm_4_field_1,2025-05-04,67.6,initial,maize,9,0.0,0.1,loam,early,9,hose_reel,farm_reservoir,10.2,0
farm_4,farm_4_field_1,2025-05-05,71.0,initial,maize,10,0.0,0.0,loam,early,10,hose_reel,farm_reservoir,10.2,0
farm_4,farm_4_field_1,2025-05-06,68.8,initial,maize,11,0.0,0.1,loam,early,11,hose_reel,farm_reservoir,10.2,0
farm_4,farm_4_field_1,2025-05-07,72.7,initial,maize,12,0.0,0.2,loam,early,12,hose_reel,farm_reservoir,10.2,0
farm_4,farm_4_field_1,2025-05-08,71.0,initial,maize,13,0.0,0.1,loam,early,13,hose_reel,farm_reservoir,10.2,0
farm_4,farm_4_field_1,2025-05-09,69.5,initial,maize,14,0.0,0.5,loam,early,14,hose_reel,farm_reservoir,10.2,0
farm_4,farm_4_field_1,2025-05-10,75.4,initial,maize,15,0.0,0.0,loam,early,15,hose_reel,farm_reservoir,10.2,0
farm_4,farm_4_field_1,2025-05-11,72.4,initial,maize,16,0.0,0.2,loam,early,16,hose_reel,farm_reservoir,10.2,0
farm_4,farm_4_field_1,2025-05-12,69.2,initial,maize,17,0.0,0.9,loam,early,17,hose_reel,farm_reservoir,10.2,0
farm_4,farm_4_field_1,2025-05-13,65.4,initial,maize,18,0.0,0.0,loam,early,18,hose_reel,farm_reservoir,10.2,0
farm_4,farm_4_field_1,2025-05-14,70.8,initial,maize,19,0.0,0.1,loam,early,19,hose_reel,farm_reservoir,10.2,0
farm_4,farm_4_field_1,2025-05-15,64.4,initial,maize,20,0.0,0.3,loam,early,20,hose_reel,farm_reservoir,10.2,0
farm_4,farm_4_field_1,2025-05-16,69.1,initial,maize,21,0.0,0.2,loam,early,21,hose_reel,farm_reservoir,10.2,0
farm_4,farm_4_field_1,2025-05-17,60.8,initial,maize,22,0.0,8.4,loam,early,22,hose_reel,farm_reservoir,10.2,0
farm_4,farm_4_field_1,2025-05-18,65.4,initial,maize,23,0.0,0.5,loam,early,23,hose_reel,farm_reservoir,10.2,0
farm_4,farm_4_field_1,2025-05-19,69.1,initial,maize,24,0.0,10.7,loam,early,24,hose_reel,farm_reservoir,10.2,0
farm_4,farm_4_field_1,2025-05-20,80.2,initial,maize,25,0.0,0.0,loam,early,25,hose_reel,farm_reservoir,10.2,0
farm_4,farm_4_field_1,2025-05-21,73.1,development,maize,26,0.0,7.0,loam,early,26,hose_reel,farm_reservoir,10.2,0
farm_4,farm_4_field_1,2025-05-22,72.5,development,maize,27,0.0,0.3,loam,early,27,hose_reel,farm_reservoir,10.2,0
farm_4,farm_4_field_1,2025-05-23,72.5,development,maize,28,0.0,0.0,loam,early,28,hose_reel,farm_reservoir,10.2,0
farm_4,farm_4_field_1,2025-05-24,72.8,development,maize,29,0.0,0.6,loam,early,29,hose_reel,farm_reservoir,10.2,0
farm_4,farm_4_field_1,2025-05-25,71.2,development,maize,30,0.0,4.1,loam,early,30,hose_reel,farm_reservoir,10.2,0
farm_4,farm_4_field_1,2025-05-26,71.3,development,maize,31,0.0,0.6,loam,early,31,hose_reel,farm_reservoir,10.2,0
farm_4,farm_4_field_1,2025-05-27,70.6,development,maize,32,0.0,0.7,loam,early,32,hose_reel,farm_reservoir,10.2,0
farm_4,farm_4_field_1,2025-05-28,72.1,development,maize,33,0.0,0.3,loam,early,33,hose_reel,farm_reservoir,10.2,0
farm_4,farm_4_field_1,2025-05-29,68.7,development,maize,34,0.0,0.1,loam,early,34,hose_reel,farm_reservoir,10.2,0
farm_4,farm_4_field_1,2025-05-30,64.7,development,maize,35,0.0,0.1,loam,early,35,hose_reel,farm_reservoir,10.2,0
farm_4,farm_4_field_1,2025-05-31,64.1,development,maize,36,0.0,0.0,loam,early,36,hose_reel,farm_reservoir,10.2,0
farm_4,farm_4_field_1,2025-06-01,57.5,development,maize,37,0.0,0.0,loam,early,37,hose_reel,farm_reservoir,10.2,0
farm_4,farm_4_field_1,2025-06-02,60.5,development,maize,38,0.0,0.0,loam,early,38,hose_reel,farm_reservoir,10.2,0
farm_4,farm_4_field_1,2025-06-03,56.0,development,maize,39,0.0,0.1,loam,early,39,hose_reel,farm_reservoir,10.2,0
farm_4,farm_4_field_1,2025-06-04,60.4,development,maize,40,0.0,0.4,loam,early,40,hose_reel,farm_reservoir,10.2,0
farm_4,farm_4_field_1,2025-06-05,49.8,development,maize,41,0.0,0.0,loam,early,41,hose_reel,farm_reservoir,10.2,0
farm_4,farm_4_field_1,2025-06-06,52.9,development,maize,42,0.0,0.1,loam,early,42,hose_reel,farm_reservoir,10.2,0
farm_4,farm_4_field_1,2025-06-07,48.1,development,maize,43,0.0,22.8,loam,early,43,hose_reel,farm_reservoir,10.2,1
farm_4,farm_4_field_1,2025-06-08,64.6,development,maize,44,0.0,22.5,loam,early,44,hose_reel,farm_reservoir,10.2,0
farm_4,farm_4_field_1,2025-06-09,75.1,development,maize,45,0.0,0.0,loam,early,45,hose_reel,farm_reservoir,10.2,0
farm_4,farm_4_field_1,2025-06-10,73.5,development,maize,46,0.0,0.0,loam,early,46,hose_reel,farm_reservoir,10.2,0
farm_4,farm_4_field_1,2025-06-11,70.1,development,maize,47,0.0,0.0,loam,early,47,hose_reel,farm_reservoir,10.2,0
farm_4,farm_4_field_1,2025-06-12,67.4,development,maize,48,0.0,0.1,loam,early,48,hose_reel,farm_reservoir,10.2,0
farm_4,farm_4_field_1,2025-06-13,67.1,development,maize,49,0.0,0.3,loam,early,49,hose_reel,farm_reservoir,10.2,0
farm_4,farm_4_field_1,2025-06-14,66.3,development,maize,50,0.0,0.3,loam,early,50,hose_reel,farm_reservoir,10.2,0
farm_4,farm_4_field_1,2025-06-15,62.6,development,maize,51,0.0,0.5,loam,early,51,hose_reel,farm_reservoir,10.2,0
farm_4,farm_4_field_1,2025-06-16,60.6,development,maize,52,0.0,0.0,loam,early,52,hose_reel,farm_reservoir,10.2,0
farm_4,farm_4_field_1,2025-06-17,56.4,development,maize,53,0.0,1.4,loam,early,53,hose_reel,farm_reservoir,10.2,0
farm_4,farm_4_field_1,2025-06-18,55.6,development,maize,54,0.0,27.2,loam,early,54,hose_reel,farm_reservoir,10.2,0
farm_4,farm_4_field_1,2025-06-19,,development,maize,55,0.0,0.0,loam,early,55,hose_reel,farm_reservoir,10.2,0
farm_4,farm_4_field_1,2025-06-20,70.3,development,maize,56,0.0,0.5,loam,early,56,hose_reel,farm_reservoir,10.2,0
farm_4,farm_4_field_1,2025-06-21,70.2,development,maize,57,0.0,0.4,loam,early,57,hose_reel,farm_reservoir,10.2,0
farm_4,farm_4_field_1,2025-06-22,70.0,development,maize,58,0.0,0.0,loam,early,58,hose_reel,farm_reservoir,10.2,0
farm_4,farm_4_field_1,2025-06-23,61.8,development,maize,59,0.0,0.0,loam,early,59,hose_reel,farm_reservoir,10.2,0
farm_4,farm_4_field_1,2025-06-24,61.0,sensitive,maize,60,0.0,0.1,loam,early,60,hose_reel,farm_reservoir,10.2,0
farm_4,farm_4_field_1,2025-06-25,,sensitive,maize,61,0.0,0.1,loam,early,61,hose_reel,farm_reservoir,10.2,1
farm_4,farm_4_field_1,2025-06-26,50.2,sensitive,maize,62,0.0,0.1,loam,early,62,hose_reel,farm_reservoir,10.2,1
farm_4,farm_4_field_1,2025-06-27,47.4,sensitive,maize,63,0.0,0.0,loam,early,63,hose_reel,farm_reservoir,10.2,1
farm_4,farm_4_field_1,2025-06-28,38.5,sensitive,maize,64,0.0,3.2,loam,early,64,hose_reel,farm_reservoir,10.2,1
farm_4,farm_4_field_1,2025-06-29,71.9,sensitive,maize,1,40.0,0.0,loam,early,65,hose_reel,farm_reservoir,10.2,0
farm_4,farm_4_field_1,2025-06-30,63.0,sensitive,maize,2,40.0,0.0,loam,early,66,hose_reel,farm_reservoir,10.2,0
farm_4,farm_4_field_1,2025-07-01,60.5,sensitive,maize,3,40.0,0.0,loam,early,67,hose_reel,farm_reservoir,10.2,0
farm_4,farm_4_field_1,2025-07-02,56.6,sensitive,maize,4,40.0,0.0,loam,early,68,hose_reel,farm_reservoir,10.2,1
farm_4,farm_4_field_1,2025-07-03,78.3,sensitive,maize,1,35.4,0.5,loam,early,69,hose_reel,farm_reservoir,10.2,0
farm_4,farm_4_field_1,2025-07-04,72.9,sensitive,maize,2,35.4,0.1,loam,early,70,hose_reel,farm_reservoir,10.2,0
farm_4,farm_4_field_1,2025-07-05,64.4,sensitive,maize,3,35.4,0.0,loam,early,71,hose_reel,farm_reservoir,10.2,0
farm_4,farm_4_field_1,2025-07-06,59.7,sensitive,maize,4,35.4,0.0,loam,early,72,hose_reel,farm_reservoir,10.2,0
farm_4,farm_4_field_1,2025-07-07,55.3,sensitive,maize,5,35.4,0.6,loam,early,73,hose_reel,farm_reservoir,10.2,1
farm_4,farm_4_field_1,2025-07-08,48.9,sensitive,maize,6,35.4,0.0,loam,early,74,hose_reel,farm_reservoir,10.2,1
farm_4,farm_4_field_1,2025-07-09,46.9,sensitive,maize,7,35.4,0.0,loam,early,75,hose_reel,farm_reservoir,10.2,1
farm_4,farm_4_field_1,2025-07-10,38.0,sensitive,maize,8,35.4,0.1,loam,early,76,hose_reel,farm_reservoir,10.2,2
farm_4,farm_4_field_1,2025-07-11,62.2,sensitive,maize,1,40.0,0.3,loam,early,77,hose_reel,farm_reservoir,10.2,0
farm_4,farm_4_field_1,2025-07-12,56.5,sensitive,maize,2,40.0,0.1,loam,early,78,hose_reel,farm_reservoir,10.2,0
farm_4,farm_4_field_1,2025-07-13,54.0,sensitive,maize,3,40.0,0.0,loam,early,79,hose_reel,farm_reservoir,10.2,1
farm_4,farm_4_field_1,2025-07-14,49.3,sensitive,maize,4,40.0,0.0,loam,early,80,hose_reel,farm_reservoir,10.2,1
farm_4,farm_4_field_1,2025-07-15,44.7,sensitive,maize,5,40.0,0.1,loam,early,81,hose_reel,farm_reservoir,10.2,1
farm_4,farm_4_field_1,2025-07-16,36.2,sensitive,maize,6,40.0,0.0,loam,early,82,hose_reel,farm_reservoir,10.2,2
farm_4,farm_4_field_1,2025-07-17,65.2,sensitive,maize,1,40.0,0.0,loam,early,83,hose_reel,farm_reservoir,10.2,0
farm_4,farm_4_field_1,2025-07-18,61.2,sensitive,maize,2,40.0,3.3,loam,early,84,hose_reel,farm_reservoir,10.2,0
farm_4,farm_4_field_1,2025-07-19,63.3,sensitive,maize,3,40.0,12.0,loam,early,85,hose_reel,farm_reservoir,10.2,0
farm_4,farm_4_field_1,2025-07-20,64.7,sensitive,maize,4,40.0,0.0,loam,early,86,hose_reel,farm_reservoir,10.2,0
farm_4,farm_4_field_1,2025-07-21,61.7,sensitive,maize,5,40.0,0.0,loam,early,87,hose_reel,farm_reservoir,10.2,0
farm_4,farm_4_field_1,2025-07-22,54.0,sensitive,maize,6,40.0,0.0,loam,early,88,hose_reel,farm_reservoir,10.2,1
farm_4,farm_4_field_1,2025-07-23,50.3,sensitive,maize,7,40.0,0.4,loam,early,89,hose_reel,farm_reservoir,10.2,1
farm_4,farm_4_field_1,2025-07-24,47.7,sensitive,maize,8,40.0,0.0,loam,early,90,hose_reel,farm_reservoir,10.2,1
farm_4,farm_4_field_1,2025-07-25,44.0,sensitive,maize,9,40.0,0.0,loam,early,91,hose_reel,farm_reservoir,10.2,1
farm_4,farm_4_field_1,2025-07-26,46.0,sensitive,maize,10,40.0,0.4,loam,early,92,hose_reel,farm_reservoir,10.2,2
farm_4,farm_4_field_1,2025-07-27,62.8,sensitive,maize,1,40.0,3.3,loam,early,93,hose_reel,farm_reservoir,10.2,0
farm_4,farm_4_field_1,2025-07-28,66.7,sensitive,maize,2,40.0,0.7,loam,early,94,hose_reel,farm_reservoir,10.2,0
farm_4,farm_4_field_1,2025-07-29,58.8,sensitive,maize,3,40.0,8.4,loam,early,95,hose_reel,farm_reservoir,10.2,0
farm_4,farm_4_field_1,2025-07-30,61.6,sensitive,maize,4,40.0,0.0,loam,early,96,hose_reel,farm_reservoir,10.2,0
farm_4,farm_4_field_1,2025-07-31,55.9,sensitive,maize,5,40.0,0.0,loam,early,97,hose_reel,farm_reservoir,10.2,1
farm_4,farm_4_field_1,2025-08-01,48.4,sensitive,maize,6,40.0,0.2,loam,early,98,hose_reel,farm_reservoir,10.2,1
farm_4,farm_4_field_1,2025-08-02,45.4,sensitive,maize,7,40.0,0.2,loam,early,99,hose_reel,farm_reservoir,10.2,1
farm_4,farm_4_field_1,2025-08-03,41.4,sensitive,maize,8,40.0,0.2,loam,early,100,hose_reel,farm_reservoir,10.2,1
farm_4,farm_4_field_1,2025-08-04,41.1,sensitive,maize,9,40.0,0.2,loam,early,101,hose_reel,farm_reservoir,10.2,2
farm_4,farm_4_field_1,2025-08-05,62.6,late,maize,1,40.0,0.0,loam,early,102,hose_reel,farm_reservoir,10.2,0
farm_4,farm_4_field_1,2025-08-06,62.3,late,maize,2,40.0,9.7,loam,early,103,hose_reel,farm_reservoir,10.2,0
farm_4,farm_4_field_1,2025-08-07,68.8,late,maize,3,40.0,0.0,loam,early,104,hose_reel,farm_reservoir,10.2,0
farm_4,farm_4_field_1,2025-08-08,69.6,late,maize,4,40.0,0.2,loam,early,105,hose_reel,farm_reservoir,10.2,0
farm_4,farm_4_field_1,2025-08-09,60.2,late,maize,5,40.0,0.1,loam,early,106,hose_reel,farm_reservoir,10.2,0
farm_4,farm_4_field_1,2025-08-10,57.9,late,maize,6,40.0,0.3,loam,early,107,hose_reel,farm_reservoir,10.2,0
farm_4,farm_4_field_1,2025-08-11,55.7,late,maize,7,40.0,3.1,loam,early,108,hose_reel,farm_reservoir,10.2,0
farm_4,farm_4_field_1,2025-08-12,56.5,late,maize,8,40.0,0.0,loam,early,109,hose_reel,farm_reservoir,10.2,0
farm_4,farm_4_field_1,2025-08-13,51.2,late,maize,9,40.0,0.0,loam,early,110,hose_reel,farm_reservoir,10.2,0
farm_4,farm_4_field_1,2025-08-14,51.9,late,maize,10,40.0,0.0,loam,early,111,hose_reel,farm_reservoir,10.2,0
farm_4,farm_4_field_1,2025-08-15,52.2,late,maize,11,40.0,0.0,loam,early,112,hose_reel,farm_reservoir,10.2,0
farm_4,farm_4_field_1,2025-08-16,47.6,late,maize,12,40.0,0.0,loam,early,113,hose_reel,farm_reservoir,10.2,0
farm_4,farm_4_field_1,2025-08-17,49.9,late,maize,13,40.0,0.0,loam,early,114,hose_reel,farm_reservoir,10.2,0
farm_4,farm_4_field_1,2025-08-18,47.8,late,maize,14,40.0,0.0,loam,early,115,hose_reel,farm_reservoir,10.2,0
farm_4,farm_4_field_1,2025-08-19,44.3,late,maize,15,40.0,0.3,loam,early,116,hose_reel,farm_reservoir,10.2,0
farm_4,farm_4_field_1,2025-08-20,41.7,late,maize,16,40.0,0.0,loam,early,117,hose_reel,farm_reservoir,10.2,0
farm_4,farm_4_field_1,2025-08-21,37.8,late,maize,17,40.0,0.4,loam,early,118,hose_reel,farm_reservoir,10.2,0
farm_4,farm_4_field_1,2025-08-22,42.5,late,maize,18,40.0,0.3,loam,early,119,hose_reel,farm_reservoir,10.2,0
farm_4,farm_4_field_1,2025-08-23,38.9,late,maize,19,40.0,0.0,loam,early,120,hose_reel,farm_reservoir,10.2,1
farm_4,farm_4_field_1,2025-08-24,30.2,late,maize,20,40.0,0.0,loam,early,121,hose_reel,farm_reservoir,10.2,1
farm_4,farm_4_field_1,2025-08-25,59.3,late,maize,1,40.0,0.2,loam,early,122,hose_reel,farm_reservoir,10.2,0
farm_4,farm_4_field_1,2025-08-26,60.1,late,maize,2,40.0,0.6,loam,early,123,hose_reel,farm_reservoir,10.2,0
farm_4,farm_4_field_1,2025-08-27,62.3,late,maize,3,40.0,0.0,loam,early,124,hose_reel,farm_reservoir,10.2,0
farm_4,farm_4_field_1,2025-08-28,56.8,late,maize,4,40.0,19.6,loam,early,125,hose_reel,farm_reservoir,10.2,0
farm_4,farm_4_field_1,2025-08-29,68.7,late,maize,5,40.0,0.0,loam,early,126,hose_reel,farm_reservoir,10.2,0
farm_4,farm_4_field_1,2025-08-30,64.3,late,maize,6,40.0,0.0,loam,early,127,hose_reel,farm_reservoir,10.2,0
farm_4,farm_4_field_1,2025-08-31,66.9,late,maize,7,40.0,0.0,loam,early,128,hose_reel,farm_reservoir,10.2,0
farm_4,farm_4_field_1,2025-09-01,68.0,late,maize,8,40.0,0.0,loam,early,129,hose_reel,farm_reservoir,10.2,0
farm_4,farm_4_field_1,2025-09-02,57.9,late,maize,9,40.0,0.0,loam,early,130,hose_reel,farm_reservoir,10.2,0
farm_4,farm_4_field_1,2025-09-03,61.3,late,maize,10,40.0,0.0,loam,early,131,hose_reel,farm_reservoir,10.2,0
farm_4,farm_4_field_1,2025-09-04,61.6,late,maize,11,40.0,0.0,loam,early,132,hose_reel,farm_reservoir,10.2,0
farm_4,farm_4_field_1,2025-09-05,57.4,late,maize,12,40.0,0.2,loam,early,133,hose_reel,farm_reservoir,10.2,0
farm_4,farm_4_field_1,2025-09-06,48.8,late,maize,13,40.0,0.0,loam,early,134,hose_reel,farm_reservoir,10.2,0
farm_4,farm_4_field_1,2025-09-07,55.8,late,maize,14,40.0,0.6,loam,early,135,hose_reel,farm_reservoir,10.2,0
farm_4,farm_4_field_1,2025-09-08,50.3,late,maize,15,40.0,0.0,loam,early,136,hose_reel,farm_reservoir,10.2,0
farm_4,farm_4_field_1,2025-09-09,,late,maize,16,40.0,1.1,loam,early,137,hose_reel,farm_reservoir,10.2,0
farm_4,farm_4_field_1,2025-09-10,49.5,late,maize,17,40.0,0.0,loam,early,138,hose_reel,farm_reservoir,10.2,0
farm_4,farm_4_field_1,2025-09-11,47.5,late,maize,18,40.0,0.0,loam,early,139,hose_reel,farm_reservoir,10.2,0
farm_4,farm_4_field_1,2025-09-12,48.4,late,maize,19,40.0,0.7,loam,early,140,hose_reel,farm_reservoir,10.2,0
farm_4,farm_4_field_1,2025-09-13,41.3,late,maize,20,40.0,0.0,loam,early,141,hose_reel,farm_reservoir,10.2,0
farm_4,farm_4_field_1,2025-09-14,36.6,late,maize,21,40.0,1.8,loam,early,142,hose_reel,farm_reservoir,10.2,0
farm_4,farm_4_field_1,2025-09-15,39.3,late,maize,22,40.0,0.0,loam,early,143,hose_reel,farm_reservoir,10.2,0
farm_4,farm_4_field_1,2025-09-16,42.5,late,maize,23,40.0,5.5,loam,early,144,hose_reel,farm_reservoir,10.2,0
farm_4,farm_4_field_1,2025-09-17,45.5,late,maize,24,40.0,2.1,loam,early,145,hose_reel,farm_reservoir,10.2,0
farm_4,farm_4_field_1,2025-09-18,40.4,late,maize,25,40.0,0.0,loam,early,146,hose_reel,farm_reservoir,10.2,0
farm_4,farm_4_field_1,2025-09-19,39.5,late,maize,26,40.0,0.1,loam,early,147,hose_reel,farm_reservoir,10.2,0
farm_4,farm_4_field_1,2025-09-20,42.1,late,maize,27,40.0,0.0,loam,early,148,hose_reel,farm_reservoir,10.2,0
farm_4,farm_4_field_1,2025-09-21,42.1,late,maize,28,40.0,0.3,loam,early,149,hose_reel,farm_reservoir,10.2,0
farm_4,farm_4_field_1,2025-09-22,42.1,late,maize,29,40.0,0.0,loam,early,150,hose_reel,farm_reservoir,10.2,0
farm_4,farm_4_field_1,2025-09-23,,late,maize,30,40.0,0.4,loam,early,151,hose_reel,farm_reservoir,10.2,1
farm_4,farm_4_field_1,2025-09-24,42.1,late,maize,31,40.0,0.0,loam,early,152,hose_reel,farm_reservoir,10.2,1
farm_4,farm_4_field_1,2025-09-25,42.1,late,maize,32,40.0,0.0,loam,early,153,hose_reel,farm_reservoir,10.2,1
farm_4,farm_4_field_1,2025-09-26,42.1,late,maize,33,40.0,0.1,loam,early,154,hose_reel,farm_reservoir,10.2,1
farm_4,farm_4_field_1,2025-09-27,42.1,late,maize,1,40.0,0.2,loam,early,155,hose_reel,farm_reservoir,10.2,0
farm_4,farm_4_field_1,2025-09-28,62.2,late,maize,2,40.0,0.0,loam,early,156,hose_reel,farm_reservoir,10.2,0
farm_4,farm_4_field_1,2025-09-29,59.2,late,maize,3,40.0,0.0,loam,early,157,hose_reel,farm_reservoir,10.2,0
farm_4,farm_4_field_1,2025-09-30,56.4,late,maize,4,40.0,0.9,loam,early,158,hose_reel,farm_reservoir,10.2,0
farm_4,farm_4_field_1,2026-04-25,66.2,initial,maize,0,0.0,0.2,loam,early,0,hose_reel,farm_reservoir,10.2,0
farm_4,farm_4_field_1,2026-04-26,61.8,initial,maize,1,0.0,0.1,loam,early,1,hose_reel,farm_reservoir,10.2,0
farm_4,farm_4_field_1,2026-04-27,65.1,initial,maize,2,0.0,0.2,loam,early,2,hose_reel,farm_reservoir,10.2,0
farm_4,farm_4_field_1,2026-04-28,61.4,initial,maize,3,0.0,0.4,loam,early,3,hose_reel,farm_reservoir,10.2,0
farm_4,farm_4_field_1,2026-04-29,62.5,initial,maize,4,0.0,0.0,loam,early,4,hose_reel,farm_reservoir,10.2,0
farm_4,farm_4_field_1,2026-04-30,60.9,initial,maize,5,0.0,0.0,loam,early,5,hose_reel,farm_reservoir,10.2,0
farm_4,farm_4_field_1,2026-05-01,59.1,initial,maize,6,0.0,0.8,loam,early,6,hose_reel,farm_reservoir,10.2,0
farm_4,farm_4_field_1,2026-05-02,55.5,initial,maize,7,0.0,0.2,loam,early,7,hose_reel,farm_reservoir,10.2,0
farm_4,farm_4_field_1,2026-05-03,63.3,initial,maize,8,0.0,10.9,loam,early,8,hose_reel,farm_reservoir,10.2,0
farm_4,farm_4_field_1,2026-05-04,71.8,initial,maize,9,0.0,0.0,loam,early,9,hose_reel,farm_reservoir,10.2,0
farm_4,farm_4_field_1,2026-05-05,66.0,initial,maize,10,0.0,6.2,loam,early,10,hose_reel,farm_reservoir,10.2,0
farm_4,farm_4_field_1,2026-05-06,66.0,initial,maize,11,0.0,0.0,loam,early,11,hose_reel,farm_reservoir,10.2,0
farm_4,farm_4_field_1,2026-05-07,66.0,initial,maize,12,0.0,8.7,loam,early,12,hose_reel,farm_reservoir,10.2,0
farm_4,farm_4_field_1,2026-05-08,66.0,initial,maize,13,0.0,0.0,loam,early,13,hose_reel,farm_reservoir,10.2,0
farm_4,farm_4_field_1,2026-05-09,66.0,initial,maize,14,0.0,0.0,loam,early,14,hose_reel,farm_reservoir,10.2,0
farm_4,farm_4_field_1,2026-05-10,79.2,initial,maize,15,0.0,0.0,loam,early,15,hose_reel,farm_reservoir,10.2,0
farm_4,farm_4_field_1,2026-05-11,71.7,initial,maize,16,0.0,0.0,loam,early,16,hose_reel,farm_reservoir,10.2,0
farm_4,farm_4_field_1,2026-05-12,71.6,initial,maize,17,0.0,0.0,loam,early,17,hose_reel,farm_reservoir,10.2,0
farm_4,farm_4_field_1,2026-05-13,75.8,initial,maize,18,0.0,2.8,loam,early,18,hose_reel,farm_reservoir,10.2,0
farm_4,farm_4_field_1,2026-05-14,71.4,initial,maize,19,0.0,0.0,loam,early,19,hose_reel,farm_reservoir,10.2,0
farm_4,farm_4_field_1,2026-05-15,76.4,initial,maize,20,0.0,0.0,loam,early,20,hose_reel,farm_reservoir,10.2,0
farm_4,farm_4_field_1,2026-05-16,68.7,initial,maize,21,0.0,0.0,loam,early,21,hose_reel,farm_reservoir,10.2,0
farm_4,farm_4_field_1,2026-05-17,75.7,initial,maize,22,0.0,0.5,loam,early,22,hose_reel,farm_reservoir,10.2,0
farm_4,farm_4_field_1,2026-05-18,69.1,initial,maize,23,0.0,0.0,loam,early,23,hose_reel,farm_reservoir,10.2,0
farm_4,farm_4_field_1,2026-05-19,73.0,initial,maize,24,0.0,0.0,loam,early,24,hose_reel,farm_reservoir,10.2,0
farm_4,farm_4_field_1,2026-05-20,68.7,initial,maize,25,0.0,0.6,loam,early,25,hose_reel,farm_reservoir,10.2,0
farm_4,farm_4_field_1,2026-05-21,69.8,development,maize,26,0.0,16.9,loam,early,26,hose_reel,farm_reservoir,10.2,0
farm_4,farm_4_field_1,2026-05-22,78.9,development,maize,27,0.0,5.9,loam,early,27,hose_reel,farm_reservoir,10.2,0
farm_4,farm_4_field_1,2026-05-23,80.0,development,maize,28,0.0,0.0,loam,early,28,hose_reel,farm_reservoir,10.2,0
farm_4,farm_4_field_1,2026-05-24,78.2,development,maize,29,0.0,0.1,loam,early,29,hose_reel,farm_reservoir,10.2,0
farm_4,farm_4_field_1,2026-05-25,76.6,development,maize,30,0.0,0.0,loam,early,30,hose_reel,farm_reservoir,10.2,0
farm_4,farm_4_field_1,2026-05-26,75.6,development,maize,31,0.0,0.0,loam,early,31,hose_reel,farm_reservoir,10.2,0
farm_4,farm_4_field_1,2026-05-27,76.0,development,maize,32,0.0,0.3,loam,early,32,hose_reel,farm_reservoir,10.2,0
farm_4,farm_4_field_1,2026-05-28,68.9,development,maize,33,0.0,0.0,loam,early,33,hose_reel,farm_reservoir,10.2,0
farm_4,farm_4_field_1,2026-05-29,69.9,development,maize,34,0.0,0.0,loam,early,34,hose_reel,farm_reservoir,10.2,0
farm_4,farm_4_field_1,2026-05-30,70.3,development,maize,35,0.0,0.0,loam,early,35,hose_reel,farm_reservoir,10.2,0
farm_4,farm_4_field_1,2026-05-31,64.1,development,maize,36,0.0,0.0,loam,early,36,hose_reel,farm_reservoir,10.2,0
farm_4,farm_4_field_1,2026-06-01,59.0,development,maize,37,0.0,0.4,loam,early,37,hose_reel,farm_reservoir,10.2,0
farm_4,farm_4_field_1,2026-06-02,62.4,development,maize,38,0.0,0.0,loam,early,38,hose_reel,farm_reservoir,10.2,0
farm_4,farm_4_field_1,2026-06-03,58.9,development,maize,39,0.0,0.0,loam,early,39,hose_reel,farm_reservoir,10.2,0
farm_4,farm_4_field_1,2026-06-04,53.0,development,maize,40,0.0,0.0,loam,early,40,hose_reel,farm_reservoir,10.2,0
farm_4,farm_4_field_1,2026-06-05,53.6,development,maize,41,0.0,0.2,loam,early,41,hose_reel,farm_reservoir,10.2,0
farm_4,farm_4_field_1,2026-06-06,52.6,development,maize,42,0.0,4.8,loam,early,42,hose_reel,farm_reservoir,10.2,0
farm_4,farm_4_field_1,2026-06-07,54.1,development,maize,43,0.0,0.0,loam,early,43,hose_reel,farm_reservoir,10.2,0
farm_4,farm_4_field_1,2026-06-08,51.6,development,maize,44,0.0,0.0,loam,early,44,hose_reel,farm_reservoir,10.2,0
farm_4,farm_4_field_1,2026-06-09,50.1,development,maize,45,0.0,0.2,loam,early,45,hose_reel,farm_reservoir,10.2,1
farm_4,farm_4_field_1,2026-06-10,39.2,development,maize,46,0.0,0.4,loam,early,46,hose_reel,farm_reservoir,10.2,1
farm_4,farm_4_field_1,2026-06-11,45.2,development,maize,47,0.0,0.0,loam,early,47,hose_reel,farm_reservoir,10.2,1
farm_4,farm_4_field_1,2026-06-12,39.0,development,maize,48,0.0,0.0,loam,early,48,hose_reel,farm_reservoir,10.2,1
farm_4,farm_4_field_1,2026-06-13,31.4,development,maize,49,0.0,1.1,loam,early,49,hose_reel,farm_reservoir,10.2,2
farm_4,farm_4_field_1,2026-06-14,54.0,development,maize,1,40.0,0.1,loam,early,50,hose_reel,farm_reservoir,10.2,0
farm_4,farm_4_field_1,2026-06-15,53.2,development,maize,2,40.0,0.0,loam,early,51,hose_reel,farm_reservoir,10.2,0
farm_4,farm_4_field_1,2026-06-16,51.4,development,maize,3,40.0,0.3,loam,early,52,hose_reel,farm_reservoir,10.2,0
farm_4,farm_4_field_1,2026-06-17,46.7,development,maize,4,40.0,0.0,loam,early,53,hose_reel,farm_reservoir,10.2,1
farm_4,farm_4_field_1,2026-06-18,46.7,development,maize,5,40.0,0.5,loam,early,54,hose_reel,farm_reservoir,10.2,1
farm_4,farm_4_field_1,2026-06-19,46.7,development,maize,6,40.0,0.6,loam,early,55,hose_reel,farm_reservoir,10.2,1
farm_4,farm_4_field_1,2026-06-20,46.7,development,maize,1,40.0,0.1,loam,early,56,hose_reel,farm_reservoir,10.2,0
farm_4,farm_4_field_1,2026-06-21,46.7,development,maize,2,40.0,0.0,loam,early,57,hose_reel,farm_reservoir,10.2,0
farm_4,farm_4_field_1,2026-06-22,46.7,development,maize,3,40.0,0.1,loam,early,58,hose_reel,farm_reservoir,10.2,0
farm_4,farm_4_field_1,2026-06-23,54.8,development,maize,4,40.0,0.0,loam,early,59,hose_reel,farm_reservoir,10.2,0
farm_4,farm_4_field_1,2026-06-24,54.9,sensitive,maize,5,40.0,0.2,loam,early,60,hose_reel,farm_reservoir,10.2,1
farm_4,farm_4_field_1,2026-06-25,76.1,sensitive,maize,1,40.0,1.2,loam,early,61,hose_reel,farm_reservoir,10.2,0
farm_4,farm_4_field_1,2026-06-26,65.9,sensitive,maize,2,40.0,0.2,loam,early,62,hose_reel,farm_reservoir,10.2,0
farm_4,farm_4_field_1,2026-06-27,57.2,sensitive,maize,3,40.0,0.1,loam,early,63,hose_reel,farm_reservoir,10.2,0
farm_4,farm_4_field_1,2026-06-28,59.1,sensitive,maize,4,40.0,0.0,loam,early,64,hose_reel,farm_reservoir,10.2,1
farm_4,farm_4_field_1,2026-06-29,51.7,sensitive,maize,5,40.0,0.2,loam,early,65,hose_reel,farm_reservoir,10.2,1
farm_4,farm_4_field_1,2026-06-30,77.9,sensitive,maize,1,40.0,0.9,loam,early,66,hose_reel,farm_reservoir,10.2,0
farm_4,farm_4_field_1,2026-07-01,62.8,sensitive,maize,2,40.0,0.0,loam,early,67,hose_reel,farm_reservoir,10.2,0
farm_4,farm_4_field_1,2026-07-02,61.3,sensitive,maize,3,40.0,0.0,loam,early,68,hose_reel,farm_reservoir,10.2,0
farm_4,farm_4_field_1,2026-07-03,52.3,sensitive,maize,4,40.0,0.0,loam,early,69,hose_reel,farm_reservoir,10.2,1
farm_4,farm_4_field_1,2026-07-04,44.6,sensitive,maize,5,40.0,0.0,loam,early,70,hose_reel,farm_reservoir,10.2,1
farm_4,farm_4_field_1,2026-07-05,39.8,sensitive,maize,6,40.0,0.0,loam,early,71,hose_reel,farm_reservoir,10.2,2
farm_4,farm_4_field_1,2026-07-06,59.4,sensitive,maize,1,40.0,0.1,loam,early,72,hose_reel,farm_reservoir,10.2,0
farm_4,farm_4_field_1,2026-07-07,54.8,sensitive,maize,2,40.0,0.0,loam,early,73,hose_reel,farm_reservoir,10.2,1
farm_4,farm_4_field_1,2026-07-08,49.7,sensitive,maize,3,40.0,0.0,loam,early,74,hose_reel,farm_reservoir,10.2,1
farm_4,farm_4_field_1,2026-07-09,34.7,sensitive,maize,4,40.0,0.0,loam,early,75,hose_reel,farm_reservoir,10.2,2
farm_4,farm_4_field_1,2026-07-10,61.7,sensitive,maize,1,40.0,0.0,loam,early,76,hose_reel,farm_reservoir,10.2,0
farm_4,farm_4_field_1,2026-07-11,57.1,sensitive,maize,2,40.0,0.2,loam,early,77,hose_reel,farm_reservoir,10.2,1
farm_4,farm_4_field_1,2026-07-12,53.2,sensitive,maize,3,40.0,0.0,loam,early,78,hose_reel,farm_reservoir,10.2,1
farm_4,farm_4_field_1,2026-07-13,45.7,sensitive,maize,4,40.0,0.0,loam,early,79,hose_reel,farm_reservoir,10.2,1
farm_4,farm_4_field_1,2026-07-14,36.7,sensitive,maize,5,40.0,0.9,loam,early,80,hose_reel,farm_reservoir,10.2,2
farm_4,farm_4_field_1,2026-07-15,66.9,sensitive,maize,1,40.0,0.0,loam,early,81,hose_reel,farm_reservoir,10.2,0
farm_4,farm_4_field_1,2026-07-16,58.6,sensitive,maize,2,40.0,0.0,loam,early,82,hose_reel,farm_reservoir,10.2,1
farm_4,farm_4_field_1,2026-07-17,50.3,sensitive,maize,3,40.0,0.5,loam,early,83,hose_reel,farm_reservoir,10.2,1
farm_4,farm_4_field_1,2026-07-18,45.4,sensitive,maize,4,40.0,0.0,loam,early,84,hose_reel,farm_reservoir,10.2,1
farm_4,farm_4_field_1,2026-07-19,64.9,sensitive,maize,1,40.0,0.0,loam,early,85,hose_reel,farm_reservoir,10.2,0
farm_4,farm_4_field_1,2026-07-20,61.7,sensitive,maize,2,40.0,0.0,loam,early,86,hose_reel,farm_reservoir,10.2,0
farm_4,farm_4_field_1,2026-07-21,54.1,sensitive,maize,3,40.0,0.0,loam,early,87,hose_reel,farm_reservoir,10.2,1
farm_4,farm_4_field_1,2026-07-22,46.3,sensitive,maize,4,40.0,0.0,loam,early,88,hose_reel,farm_reservoir,10.2,1
farm_4,farm_4_field_1,2026-07-23,38.1,sensitive,maize,5,40.0,0.1,loam,early,89,hose_reel,farm_reservoir,10.2,2
farm_4,farm_4_field_1,2026-07-24,59.8,sensitive,maize,1,40.0,0.0,loam,early,90,hose_reel,farm_reservoir,10.2,0
farm_4,farm_4_field_1,2026-07-25,66.3,sensitive,maize,2,40.0,0.2,loam,early,91,hose_reel,farm_reservoir,10.2,0
farm_4,farm_4_field_1,2026-07-26,52.3,sensitive,maize,3,40.0,0.0,loam,early,92,hose_reel,farm_reservoir,10.2,1
farm_4,farm_4_field_1,2026-07-27,50.1,sensitive,maize,4,40.0,0.0,loam,early,93,hose_reel,farm_reservoir,10.2,1
farm_4,farm_4_field_1,2026-07-28,38.3,sensitive,maize,5,40.0,0.9,loam,early,94,hose_reel,farm_reservoir,10.2,2
farm_4,farm_4_field_1,2026-07-29,63.5,sensitive,maize,1,40.0,0.3,loam,early,95,hose_reel,farm_reservoir,10.2,0
farm_4,farm_4_field_1,2026-07-30,64.5,sensitive,maize,2,40.0,0.2,loam,early,96,hose_reel,farm_reservoir,10.2,0
farm_4,farm_4_field_1,2026-07-31,53.9,sensitive,maize,3,40.0,8.9,loam,early,97,hose_reel,farm_reservoir,10.2,1
farm_4,farm_4_field_1,2026-08-01,61.1,sensitive,maize,4,40.0,0.0,loam,early,98,hose_reel,farm_reservoir,10.2,1
farm_4,farm_4_field_1,2026-08-02,76.2,sensitive,maize,1,35.3,1.0,loam,early,99,hose_reel,farm_reservoir,10.2,0
farm_4,farm_4_field_1,2026-08-03,71.8,sensitive,maize,2,35.3,9.5,loam,early,100,hose_reel,farm_reservoir,10.2,0
farm_4,farm_4_field_1,2026-08-04,73.5,sensitive,maize,3,35.3,0.0,loam,early,101,hose_reel,farm_reservoir,10.2,0
farm_4,farm_4_field_1,2026-08-05,74.8,late,maize,4,35.3,0.0,loam,early,102,hose_reel,farm_reservoir,10.2,0
farm_4,farm_4_field_1,2026-08-06,67.0,late,maize,5,35.3,0.0,loam,early,103,hose_reel,farm_reservoir,10.2,0
farm_4,farm_4_field_1,2026-08-07,63.8,late,maize,6,35.3,0.0,loam,early,104,hose_reel,farm_reservoir,10.2,0
farm_4,farm_4_field_1,2026-08-08,60.3,late,maize,7,35.3,0.0,loam,early,105,hose_reel,farm_reservoir,10.2,0
farm_4,farm_4_field_1,2026-08-09,58.1,late,maize,8,35.3,0.0,loam,early,106,hose_reel,farm_reservoir,10.2,0
farm_4,farm_4_field_1,2026-08-10,57.6,late,maize,9,35.3,2.4,loam,early,107,hose_reel,farm_reservoir,10.2,0
farm_4,farm_4_field_1,2026-08-11,60.7,late,maize,10,35.3,0.0,loam,early,108,hose_reel,farm_reservoir,10.2,0
farm_4,farm_4_field_1,2026-08-12,55.6,late,maize,11,35.3,0.0,loam,early,109,hose_reel,farm_reservoir,10.2,0
farm_4,farm_4_field_1,2026-08-13,44.1,late,maize,12,35.3,0.0,loam,early,110,hose_reel,farm_reservoir,10.2,0
farm_4,farm_4_field_1,2026-08-14,45.1,late,maize,13,35.3,0.0,loam,early,111,hose_reel,farm_reservoir,10.2,0
farm_4,farm_4_field_1,2026-08-15,40.4,late,maize,14,35.3,0.0,loam,early,112,hose_reel,farm_reservoir,10.2,0
farm_4,farm_4_field_1,2026-08-16,44.1,late,maize,15,35.3,0.5,loam,early,113,hose_reel,farm_reservoir,10.2,0
farm_4,farm_4_field_1,2026-08-17,39.0,late,maize,16,35.3,0.0,loam,early,114,hose_reel,farm_reservoir,10.2,0
farm_4,farm_4_field_1,2026-08-18,35.7,late,maize,17,35.3,0.0,loam,early,115,hose_reel,farm_reservoir,10.2,1
farm_4,farm_4_field_1,2026-08-19,35.1,late,maize,18,35.3,0.0,loam,early,116,hose_reel,farm_reservoir,10.2,1
farm_4,farm_4_field_1,2026-08-20,36.1,late,maize,19,35.3,3.2,loam,early,117,hose_reel,farm_reservoir,10.2,1
farm_4,farm_4_field_1,2026-08-21,32.8,late,maize,20,35.3,0.2,loam,early,118,hose_reel,farm_reservoir,10.2,1
farm_4,farm_4_field_1,2026-08-22,29.7,late,maize,21,35.3,0.0,loam,early,119,hose_reel,farm_reservoir,10.2,1
farm_4,farm_4_field_1,2026-08-23,26.9,late,maize,22,35.3,0.0,loam,early,120,hose_reel,farm_reservoir,10.2,1
farm_4,farm_4_field_1,2026-08-24,24.7,late,maize,23,35.3,0.0,loam,early,121,hose_reel,farm_reservoir,10.2,1
farm_4,farm_4_field_1,2026-08-25,52.2,late,maize,1,40.0,0.0,loam,early,122,hose_reel,farm_reservoir,10.2,0
farm_4,farm_4_field_1,2026-08-26,55.3,late,maize,2,40.0,0.0,loam,early,123,hose_reel,farm_reservoir,10.2,0
farm_4,farm_4_field_1,2026-08-27,53.4,late,maize,3,40.0,0.0,loam,early,124,hose_reel,farm_reservoir,10.2,0
farm_4,farm_4_field_1,2026-08-28,45.2,late,maize,4,40.0,3.5,loam,early,125,hose_reel,farm_reservoir,10.2,0
farm_4,farm_4_field_1,2026-08-29,46.6,late,maize,5,40.0,0.2,loam,early,126,hose_reel,farm_reservoir,10.2,0
farm_4,farm_4_field_1,2026-08-30,47.2,late,maize,6,40.0,0.0,loam,early,127,hose_reel,farm_reservoir,10.2,0
farm_4,farm_4_field_1,2026-08-31,48.8,late,maize,7,40.0,0.0,loam,early,128,hose_reel,farm_reservoir,10.2,0
farm_4,farm_4_field_1,2026-09-01,44.9,late,maize,8,40.0,0.0,loam,early,129,hose_reel,farm_reservoir,10.2,0
farm_4,farm_4_field_1,2026-09-02,36.2,late,maize,9,40.0,0.3,loam,early,130,hose_reel,farm_reservoir,10.2,0
farm_4,farm_4_field_1,2026-09-03,36.9,late,maize,10,40.0,0.6,loam,early,131,hose_reel,farm_reservoir,10.2,0
farm_4,farm_4_field_1,2026-09-04,42.3,late,maize,11,40.0,0.3,loam,early,132,hose_reel,farm_reservoir,10.2,0
farm_4,farm_4_field_1,2026-09-05,35.0,late,maize,12,40.0,0.1,loam,early,133,hose_reel,farm_reservoir,10.2,1
farm_4,farm_4_field_1,2026-09-06,36.8,late,maize,13,40.0,0.0,loam,early,134,hose_reel,farm_reservoir,10.2,1
farm_4,farm_4_field_1,2026-09-07,40.3,late,maize,14,40.0,0.7,loam,early,135,hose_reel,farm_reservoir,10.2,1
farm_4,farm_4_field_1,2026-09-08,34.5,late,maize,15,40.0,0.0,loam,early,136,hose_reel,farm_reservoir,10.2,1
farm_4,farm_4_field_1,2026-09-09,,late,maize,16,40.0,0.0,loam,early,137,hose_reel,farm_reservoir,10.2,1
farm_4,farm_4_field_1,2026-09-10,29.7,late,maize,17,40.0,0.0,loam,early,138,hose_reel,farm_reservoir,10.2,1
farm_4,farm_4_field_1,2026-09-11,27.5,late,maize,18,40.0,0.0,loam,early,139,hose_reel,farm_reservoir,10.2,1
farm_4,farm_4_field_1,2026-09-12,23.9,late,maize,19,40.0,0.9,loam,early,140,hose_reel,farm_reservoir,10.2,1
farm_4,farm_4_field_1,2026-09-13,27.5,late,maize,20,40.0,0.0,loam,early,141,hose_reel,farm_reservoir,10.2,1
farm_4,farm_4_field_1,2026-09-14,22.6,late,maize,21,40.0,0.3,loam,early,142,hose_reel,farm_reservoir,10.2,1
farm_4,farm_4_field_1,2026-09-15,45.8,late,maize,1,40.0,0.0,loam,early,143,hose_reel,farm_reservoir,10.2,0
farm_4,farm_4_field_1,2026-09-16,46.0,late,maize,2,40.0,0.0,loam,early,144,hose_reel,farm_reservoir,10.2,0
farm_4,farm_4_field_1,2026-09-17,48.2,late,maize,3,40.0,0.0,loam,early,145,hose_reel,farm_reservoir,10.2,0
farm_4,farm_4_field_1,2026-09-18,41.2,late,maize,4,40.0,0.5,loam,early,146,hose_reel,farm_reservoir,10.2,0
farm_4,farm_4_field_1,2026-09-19,44.8,late,maize,5,40.0,0.0,loam,early,147,hose_reel,farm_reservoir,10.2,0
farm_4,farm_4_field_1,2026-09-20,49.4,late,maize,6,40.0,0.2,loam,early,148,hose_reel,farm_reservoir,10.2,0
farm_4,farm_4_field_1,2026-09-21,43.7,late,maize,7,40.0,0.0,loam,early,149,hose_reel,farm_reservoir,10.2,0
farm_4,farm_4_field_1,2026-09-22,37.4,late,maize,8,40.0,0.1,loam,early,150,hose_reel,farm_reservoir,10.2,0
farm_4,farm_4_field_1,2026-09-23,39.4,late,maize,9,40.0,0.0,loam,early,151,hose_reel,farm_reservoir,10.2,0
farm_4,farm_4_field_1,2026-09-24,33.0,late,maize,10,40.0,0.4,loam,early,152,hose_reel,farm_reservoir,10.2,1
farm_4,farm_4_field_1,2026-09-25,34.4,late,maize,11,40.0,0.0,loam,early,153,hose_reel,farm_reservoir,10.2,1
farm_4,farm_4_field_1,2026-09-26,34.2,late,maize,12,40.0,0.0,loam,early,154,hose_reel,farm_reservoir,10.2,1
farm_4,farm_4_field_1,2026-09-27,29.3,late,maize,13,40.0,2.7,loam,early,155,hose_reel,farm_reservoir,10.2,1
farm_4,farm_4_field_1,2026-09-28,38.5,late,maize,14,40.0,0.4,loam,early,156,hose_reel,farm_reservoir,10.2,1
farm_4,farm_4_field_1,2026-09-29,30.2,late,maize,15,40.0,0.6,loam,early,157,hose_reel,farm_reservoir,10.2,1
farm_4,farm_4_field_1,2026-09-30,30.9,late,maize,16,40.0,0.0,loam,early,158,hose_reel,farm_reservoir,10.2,1
farm_4,farm_4_field_2,2025-04-30,77.5,initial,maize,0,0.0,1.3,loam,early,0,hose_reel,farm_reservoir,30.1,0
farm_4,farm_4_field_2,2025-05-01,77.5,initial,maize,1,0.0,0.0,loam,early,1,hose_reel,farm_reservoir,30.1,0
farm_4,farm_4_field_2,2025-05-02,76.0,initial,maize,2,0.0,0.4,loam,early,2,hose_reel,farm_reservoir,30.1,0
farm_4,farm_4_field_2,2025-05-03,76.2,initial,maize,3,0.0,3.7,loam,early,3,hose_reel,farm_reservoir,30.1,0
farm_4,farm_4_field_2,2025-05-04,76.8,initial,maize,4,0.0,0.1,loam,early,4,hose_reel,farm_reservoir,30.1,0
farm_4,farm_4_field_2,2025-05-05,73.4,initial,maize,5,0.0,0.0,loam,early,5,hose_reel,farm_reservoir,30.1,0
farm_4,farm_4_field_2,2025-05-06,76.2,initial,maize,6,0.0,0.1,loam,early,6,hose_reel,farm_reservoir,30.1,0
farm_4,farm_4_field_2,2025-05-07,74.9,initial,maize,7,0.0,0.2,loam,early,7,hose_reel,farm_reservoir,30.1,0
farm_4,farm_4_field_2,2025-05-08,80.8,initial,maize,8,0.0,0.1,loam,early,8,hose_reel,farm_reservoir,30.1,0
farm_4,farm_4_field_2,2025-05-09,69.7,initial,maize,9,0.0,0.5,loam,early,9,hose_reel,farm_reservoir,30.1,0
farm_4,farm_4_field_2,2025-05-10,74.2,initial,maize,10,0.0,0.0,loam,early,10,hose_reel,farm_reservoir,30.1,0
farm_4,farm_4_field_2,2025-05-11,69.5,initial,maize,11,0.0,0.2,loam,early,11,hose_reel,farm_reservoir,30.1,0
farm_4,farm_4_field_2,2025-05-12,72.7,initial,maize,12,0.0,0.9,loam,early,12,hose_reel,farm_reservoir,30.1,0
farm_4,farm_4_field_2,2025-05-13,73.5,initial,maize,13,0.0,0.0,loam,early,13,hose_reel,farm_reservoir,30.1,0
farm_4,farm_4_field_2,2025-05-14,73.5,initial,maize,14,0.0,0.1,loam,early,14,hose_reel,farm_reservoir,30.1,0
farm_4,farm_4_field_2,2025-05-15,73.2,initial,maize,15,0.0,0.3,loam,early,15,hose_reel,farm_reservoir,30.1,0
farm_4,farm_4_field_2,2025-05-16,72.9,initial,maize,16,0.0,0.2,loam,early,16,hose_reel,farm_reservoir,30.1,0
farm_4,farm_4_field_2,2025-05-17,72.2,initial,maize,17,0.0,8.4,loam,early,17,hose_reel,farm_reservoir,30.1,0
farm_4,farm_4_field_2,2025-05-18,79.1,initial,maize,18,0.0,0.5,loam,early,18,hose_reel,farm_reservoir,30.1,0
farm_4,farm_4_field_2,2025-05-19,74.3,initial,maize,19,0.0,10.7,loam,early,19,hose_reel,farm_reservoir,30.1,0
farm_4,farm_4_field_2,2025-05-20,85.1,initial,maize,20,0.0,0.0,loam,early,20,hose_reel,farm_reservoir,30.1,0
farm_4,farm_4_field_2,2025-05-21,77.7,initial,maize,21,0.0,7.0,loam,early,21,hose_reel,farm_reservoir,30.1,0
farm_4,farm_4_field_2,2025-05-22,86.0,initial,maize,22,0.0,0.3,loam,early,22,hose_reel,farm_reservoir,30.1,0
farm_4,farm_4_field_2,2025-05-23,85.8,initial,maize,23,0.0,0.0,loam,early,23,hose_reel,farm_reservoir,30.1,0
farm_4,farm_4_field_2,2025-05-24,85.2,initial,maize,24,0.0,0.6,loam,early,24,hose_reel,farm_reservoir,30.1,0
farm_4,farm_4_field_2,2025-05-25,85.4,initial,maize,25,0.0,4.1,loam,early,25,hose_reel,farm_reservoir,30.1,0
farm_4,farm_4_field_2,2025-05-26,80.4,development,maize,26,0.0,0.6,loam,early,26,hose_reel,farm_reservoir,30.1,0
farm_4,farm_4_field_2,2025-05-27,82.7,development,maize,27,0.0,0.7,loam,early,27,hose_reel,farm_reservoir,30.1,0
farm_4,farm_4_field_2,2025-05-28,86.5,development,maize,28,0.0,0.3,loam,early,28,hose_reel,farm_reservoir,30.1,0
farm_4,farm_4_field_2,2025-05-29,75.0,development,maize,29,0.0,0.1,loam,early,29,hose_reel,farm_reservoir,30.1,0
farm_4,farm_4_field_2,2025-05-30,75.3,development,maize,30,0.0,0.1,loam,early,30,hose_reel,farm_reservoir,30.1,0
farm_4,farm_4_field_2,2025-05-31,72.4,development,maize,31,0.0,0.0,loam,early,31,hose_reel,farm_reservoir,30.1,0
farm_4,farm_4_field_2,2025-06-01,72.6,development,maize,32,0.0,0.0,loam,early,32,hose_reel,farm_reservoir,30.1,0
farm_4,farm_4_field_2,2025-06-02,69.5,development,maize,33,0.0,0.0,loam,early,33,hose_reel,farm_reservoir,30.1,0
farm_4,farm_4_field_2,2025-06-03,66.7,development,maize,34,0.0,0.1,loam,early,34,hose_reel,farm_reservoir,30.1,0
farm_4,farm_4_field_2,2025-06-04,62.8,development,maize,35,0.0,0.4,loam,early,35,hose_reel,farm_reservoir,30.1,0
farm_4,farm_4_field_2,2025-06-05,65.0,development,maize,36,0.0,0.0,loam,early,36,hose_reel,farm_reservoir,30.1,0
farm_4,farm_4_field_2,2025-06-06,54.9,development,maize,37,0.0,0.1,loam,early,37,hose_reel,farm_reservoir,30.1,0
farm_4,farm_4_field_2,2025-06-07,55.1,development,maize,38,0.0,22.8,loam,early,38,hose_reel,farm_reservoir,30.1,0
farm_4,farm_4_field_2,2025-06-08,70.0,development,maize,39,0.0,22.5,loam,early,39,hose_reel,farm_reservoir,30.1,0
farm_4,farm_4_field_2,2025-06-09,83.1,development,maize,40,0.0,0.0,loam,early,40,hose_reel,farm_reservoir,30.1,0
farm_4,farm_4_field_2,2025-06-10,85.7,development,maize,41,0.0,0.0,loam,early,41,hose_reel,farm_reservoir,30.1,0
farm_4,farm_4_field_2,2025-06-11,78.8,development,maize,42,0.0,0.0,loam,early,42,hose_reel,farm_reservoir,30.1,0
farm_4,farm_4_field_2,2025-06-12,79.9,development,maize,43,0.0,0.1,loam,early,43,hose_reel,farm_reservoir,30.1,0
farm_4,farm_4_field_2,2025-06-13,78.2,development,maize,44,0.0,0.3,loam,early,44,hose_reel,farm_reservoir,30.1,0
farm_4,farm_4_field_2,2025-06-14,77.8,development,maize,45,0.0,0.3,loam,early,45,hose_reel,farm_reservoir,30.1,0
farm_4,farm_4_field_2,2025-06-15,73.6,development,maize,46,0.0,0.5,loam,early,46,hose_reel,farm_reservoir,30.1,0
farm_4,farm_4_field_2,2025-06-16,74.1,development,maize,47,0.0,0.0,loam,early,47,hose_reel,farm_reservoir,30.1,0
farm_4,farm_4_field_2,2025-06-17,70.1,development,maize,48,0.0,1.4,loam,early,48,hose_reel,farm_reservoir,30.1,0
farm_4,farm_4_field_2,2025-06-18,65.9,development,maize,49,0.0,27.2,loam,early,49,hose_reel,farm_reservoir,30.1,0
farm_4,farm_4_field_2,2025-06-19,80.9,development,maize,50,0.0,0.0,loam,early,50,hose_reel,farm_reservoir,30.1,0
farm_4,farm_4_field_2,2025-06-20,80.2,development,maize,51,0.0,0.5,loam,early,51,hose_reel,farm_reservoir,30.1,0
farm_4,farm_4_field_2,2025-06-21,80.1,development,maize,52,0.0,0.4,loam,early,52,hose_reel,farm_reservoir,30.1,0
farm_4,farm_4_field_2,2025-06-22,71.9,development,maize,53,0.0,0.0,loam,early,53,hose_reel,farm_reservoir,30.1,0
farm_4,farm_4_field_2,2025-06-23,74.7,development,maize,54,0.0,0.0,loam,early,54,hose_reel,farm_reservoir,30.1,0
farm_4,farm_4_field_2,2025-06-24,74.3,development,maize,55,0.0,0.1,loam,early,55,hose_reel,farm_reservoir,30.1,0
farm_4,farm_4_field_2,2025-06-25,69.4,development,maize,56,0.0,0.1,loam,early,56,hose_reel,farm_reservoir,30.1,0
farm_4,farm_4_field_2,2025-06-26,63.0,development,maize,57,0.0,0.1,loam,early,57,hose_reel,farm_reservoir,30.1,0
farm_4,farm_4_field_2,2025-06-27,62.2,development,maize,58,0.0,0.0,loam,early,58,hose_reel,farm_reservoir,30.1,0
farm_4,farm_4_field_2,2025-06-28,65.0,development,maize,59,0.0,3.2,loam,early,59,hose_reel,farm_reservoir,30.1,0
farm_4,farm_4_field_2,2025-06-29,65.8,sensitive,maize,60,0.0,0.0,loam,early,60,hose_reel,farm_reservoir,30.1,1
farm_4,farm_4_field_2,2025-06-30,48.0,sensitive,maize,61,0.0,0.0,loam,early,61,hose_reel,farm_reservoir,30.1,1
farm_4,farm_4_field_2,2025-07-01,50.4,sensitive,maize,62,0.0,0.0,loam,early,62,hose_reel,farm_reservoir,30.1,1
farm_4,farm_4_field_2,2025-07-02,48.2,sensitive,maize,63,0.0,0.0,loam,early,63,hose_reel,farm_reservoir,30.1,1
farm_4,farm_4_field_2,2025-07-03,42.0,sensitive,maize,64,0.0,0.5,loam,early,64,hose_reel,farm_reservoir,30.1,2
farm_4,farm_4_field_2,2025-07-04,63.2,sensitive,maize,1,40.0,0.1,loam,early,65,hose_reel,farm_reservoir,30.1,0
farm_4,farm_4_field_2,2025-07-05,55.6,sensitive,maize,2,40.0,0.0,loam,early,66,hose_reel,farm_reservoir,30.1,1
farm_4,farm_4_field_2,2025-07-06,52.1,sensitive,maize,3,40.0,0.0,loam,early,67,hose_reel,farm_reservoir,30.1,1
farm_4,farm_4_field_2,2025-07-07,44.5,sensitive,maize,4,40.0,0.6,loam,early,68,hose_reel,farm_reservoir,30.1,1
farm_4,farm_4_field_2,2025-07-08,40.9,sensitive,maize,5,40.0,0.0,loam,early,69,hose_reel,farm_reservoir,30.1,2
farm_4,farm_4_field_2,2025-07-09,60.8,sensitive,maize,1,40.0,0.0,loam,early,70,hose_reel,farm_reservoir,30.1,0
farm_4,farm_4_field_2,2025-07-10,65.2,sensitive,maize,2,40.0,0.1,loam,early,71,hose_reel,farm_reservoir,30.1,1
farm_4,farm_4_field_2,2025-07-11,56.4,sensitive,maize,3,40.0,0.3,loam,early,72,hose_reel,farm_reservoir,30.1,1
farm_4,farm_4_field_2,2025-07-12,50.8,sensitive,maize,4,40.0,0.1,loam,early,73,hose_reel,farm_reservoir,30.1,1
farm_4,farm_4_field_2,2025-07-13,40.0,sensitive,maize,5,40.0,0.0,loam,early,74,hose_reel,farm_reservoir,30.1,2
farm_4,farm_4_field_2,2025-07-14,68.4,sensitive,maize,1,40.0,0.0,loam,early,75,hose_reel,farm_reservoir,30.1,0
farm_4,farm_4_field_2,2025-07-15,70.6,sensitive,maize,2,40.0,0.1,loam,early,76,hose_reel,farm_reservoir,30.1,0
farm_4,farm_4_field_2,2025-07-16,56.0,sensitive,maize,3,40.0,0.0,loam,early,77,hose_reel,farm_reservoir,30.1,0
farm_4,farm_4_field_2,2025-07-17,60.7,sensitive,maize,4,40.0,0.0,loam,early,78,hose_reel,farm_reservoir,30.1,1
farm_4,farm_4_field_2,2025-07-18,80.3,sensitive,maize,1,40.0,3.3,loam,early,79,hose_reel,farm_reservoir,30.1,0
farm_4,farm_4_field_2,2025-07-19,79.5,sensitive,maize,2,40.0,12.0,loam,early,80,hose_reel,farm_reservoir,30.1,0
farm_4,farm_4_field_2,2025-07-20,82.9,sensitive,maize,3,40.0,0.0,loam,early,81,hose_reel,farm_reservoir,30.1,0
farm_4,farm_4_field_2,2025-07-21,73.6,sensitive,maize,4,40.0,0.0,loam,early,82,hose_reel,farm_reservoir,30.1,0
farm_4,farm_4_field_2,2025-07-22,76.9,sensitive,maize,5,40.0,0.0,loam,early,83,hose_reel,farm_reservoir,30.1,0
farm_4,farm_4_field_2,2025-07-23,70.8,sensitive,maize,6,40.0,0.4,loam,early,84,hose_reel,farm_reservoir,30.1,0
farm_4,farm_4_field_2,2025-07-24,64.6,sensitive,maize,7,40.0,0.0,loam,early,85,hose_reel,farm_reservoir,30.1,0
farm_4,farm_4_field_2,2025-07-25,62.8,sensitive,maize,8,40.0,0.0,loam,early,86,hose_reel,farm_reservoir,30.1,0
farm_4,farm_4_field_2,2025-07-26,58.1,sensitive,maize,9,40.0,0.4,loam,early,87,hose_reel,farm_reservoir,30.1,1
farm_4,farm_4_field_2,2025-07-27,51.3,sensitive,maize,10,40.0,3.3,loam,early,88,hose_reel,farm_reservoir,30.1,1
farm_4,farm_4_field_2,2025-07-28,46.2,sensitive,maize,11,40.0,0.7,loam,early,89,hose_reel,farm_reservoir,30.1,1
farm_4,farm_4_field_2,2025-07-29,,sensitive,maize,12,40.0,8.4,loam,early,90,hose_reel,farm_reservoir,30.1,1
farm_4,farm_4_field_2,2025-07-30,,sensitive,maize,1,40.0,0.0,loam,early,91,hose_reel,farm_reservoir,30.1,0
farm_4,farm_4_field_2,2025-07-31,71.9,sensitive,maize,2,40.0,0.0,loam,early,92,hose_reel,farm_reservoir,30.1,0
farm_4,farm_4_field_2,2025-08-01,71.2,sensitive,maize,3,40.0,0.2,loam,early,93,hose_reel,farm_reservoir,30.1,0
farm_4,farm_4_field_2,2025-08-02,57.2,sensitive,maize,4,40.0,0.2,loam,early,94,hose_reel,farm_reservoir,30.1,0
farm_4,farm_4_field_2,2025-08-03,57.6,sensitive,maize,5,40.0,0.2,loam,early,95,hose_reel,farm_reservoir,30.1,1
farm_4,farm_4_field_2,2025-08-04,52.5,sensitive,maize,6,40.0,0.2,loam,early,96,hose_reel,farm_reservoir,30.1,1
farm_4,farm_4_field_2,2025-08-05,76.0,sensitive,maize,1,40.0,0.0,loam,early,97,hose_reel,farm_reservoir,30.1,0
farm_4,farm_4_field_2,2025-08-06,76.0,sensitive,maize,2,40.0,9.7,loam,early,98,hose_reel,farm_reservoir,30.1,0
farm_4,farm_4_field_2,2025-08-07,76.0,sensitive,maize,3,40.0,0.0,loam,early,99,hose_reel,farm_reservoir,30.1,0
farm_4,farm_4_field_2,2025-08-08,76.0,sensitive,maize,4,40.0,0.2,loam,early,100,hose_reel,farm_reservoir,30.1,0
farm_4,farm_4_field_2,2025-08-09,76.0,sensitive,maize,5,40.0,0.1,loam,early,101,hose_reel,farm_reservoir,30.1,0
farm_4,farm_4_field_2,2025-08-10,76.0,late,maize,6,40.0,0.3,loam,early,102,hose_reel,farm_reservoir,30.1,0
farm_4,farm_4_field_2,2025-08-11,65.1,late,maize,7,40.0,3.1,loam,early,103,hose_reel,farm_reservoir,30.1,0
farm_4,farm_4_field_2,2025-08-12,67.2,late,maize,8,40.0,0.0,loam,early,104,hose_reel,farm_reservoir,30.1,0
farm_4,farm_4_field_2,2025-08-13,64.1,late,maize,9,40.0,0.0,loam,early,105,hose_reel,farm_reservoir,30.1,0
farm_4,farm_4_field_2,2025-08-14,57.3,late,maize,10,40.0,0.0,loam,early,106,hose_reel,farm_reservoir,30.1,0
farm_4,farm_4_field_2,2025-08-15,61.0,late,maize,11,40.0,0.0,loam,early,107,hose_reel,farm_reservoir,30.1,0
farm_4,farm_4_field_2,2025-08-16,,late,maize,12,40.0,0.0,loam,early,108,hose_reel,farm_reservoir,30.1,0
farm_4,farm_4_field_2,2025-08-17,46.7,late,maize,13,40.0,0.0,loam,early,109,hose_reel,farm_reservoir,30.1,0
farm_4,farm_4_field_2,2025-08-18,47.6,late,maize,14,40.0,0.0,loam,early,110,hose_reel,farm_reservoir,30.1,0
farm_4,farm_4_field_2,2025-08-19,49.3,late,maize,15,40.0,0.3,loam,early,111,hose_reel,farm_reservoir,30.1,0
farm_4,farm_4_field_2,2025-08-20,45.8,late,maize,16,40.0,0.0,loam,early,112,hose_reel,farm_reservoir,30.1,0
farm_4,farm_4_field_2,2025-08-21,45.6,late,maize,17,40.0,0.4,loam,early,113,hose_reel,farm_reservoir,30.1,0
farm_4,farm_4_field_2,2025-08-22,45.0,late,maize,18,40.0,0.3,loam,early,114,hose_reel,farm_reservoir,30.1,0
farm_4,farm_4_field_2,2025-08-23,42.8,late,maize,19,40.0,0.0,loam,early,115,hose_reel,farm_reservoir,30.1,0
farm_4,farm_4_field_2,2025-08-24,34.8,late,maize,20,40.0,0.0,loam,early,116,hose_reel,farm_reservoir,30.1,1
farm_4,farm_4_field_2,2025-08-25,33.3,late,maize,21,40.0,0.2,loam,early,117,hose_reel,farm_reservoir,30.1,1
farm_4,farm_4_field_2,2025-08-26,39.8,late,maize,22,40.0,0.6,loam,early,118,hose_reel,farm_reservoir,30.1,1
farm_4,farm_4_field_2,2025-08-27,37.7,late,maize,23,40.0,0.0,loam,early,119,hose_reel,farm_reservoir,30.1,1
farm_4,farm_4_field_2,2025-08-28,30.2,late,maize,24,40.0,19.6,loam,early,120,hose_reel,farm_reservoir,30.1,1
farm_4,farm_4_field_2,2025-08-29,50.5,late,maize,25,40.0,0.0,loam,early,121,hose_reel,farm_reservoir,30.1,0
farm_4,farm_4_field_2,2025-08-30,45.7,late,maize,26,40.0,0.0,loam,early,122,hose_reel,farm_reservoir,30.1,0
farm_4,farm_4_field_2,2025-08-31,37.1,late,maize,27,40.0,0.0,loam,early,123,hose_reel,farm_reservoir,30.1,1
farm_4,farm_4_field_2,2025-09-01,64.1,late,maize,1,40.0,0.0,loam,early,124,hose_reel,farm_reservoir,30.1,0
farm_4,farm_4_field_2,2025-09-02,61.7,late,maize,2,40.0,0.0,loam,early,125,hose_reel,farm_reservoir,30.1,0
farm_4,farm_4_field_2,2025-09-03,62.7,late,maize,3,40.0,0.0,loam,early,126,hose_reel,farm_reservoir,30.1,0
farm_4,farm_4_field_2,2025-09-04,63.2,late,maize,4,40.0,0.0,loam,early,127,hose_reel,farm_reservoir,30.1,0
farm_4,farm_4_field_2,2025-09-05,56.7,late,maize,5,40.0,0.2,loam,early,128,hose_reel,farm_reservoir,30.1,0
farm_4,farm_4_field_2,2025-09-06,61.3,late,maize,6,40.0,0.0,loam,early,129,hose_reel,farm_reservoir,30.1,0
farm_4,farm_4_field_2,2025-09-07,58.9,late,maize,7,40.0,0.6,loam,early,130,hose_reel,farm_reservoir,30.1,0
farm_4,farm_4_field_2,2025-09-08,54.0,late,maize,8,40.0,0.0,loam,early,131,hose_reel,farm_reservoir,30.1,0
farm_4,farm_4_field_2,2025-09-09,53.2,late,maize,9,40.0,1.1,loam,early,132,hose_reel,farm_reservoir,30.1,0
farm_4,farm_4_field_2,2025-09-10,52.9,late,maize,10,40.0,0.0,loam,early,133,hose_reel,farm_reservoir,30.1,0
farm_4,farm_4_field_2,2025-09-11,54.3,late,maize,11,40.0,0.0,loam,early,134,hose_reel,farm_reservoir,30.1,0
farm_4,farm_4_field_2,2025-09-12,48.3,late,maize,12,40.0,0.7,loam,early,135,hose_reel,farm_reservoir,30.1,0
farm_4,farm_4_field_2,2025-09-13,47.7,late,maize,13,40.0,0.0,loam,early,136,hose_reel,farm_reservoir,30.1,0
farm_4,farm_4_field_2,2025-09-14,,late,maize,14,40.0,1.8,loam,early,137,hose_reel,farm_reservoir,30.1,0
farm_4,farm_4_field_2,2025-09-15,46.2,late,maize,15,40.0,0.0,loam,early,138,hose_reel,farm_reservoir,30.1,0
farm_4,farm_4_field_2,2025-09-16,42.2,late,maize,16,40.0,5.5,loam,early,139,hose_reel,farm_reservoir,30.1,0
farm_4,farm_4_field_2,2025-09-17,49.0,late,maize,17,40.0,2.1,loam,early,140,hose_reel,farm_reservoir,30.1,0
farm_4,farm_4_field_2,2025-09-18,48.0,late,maize,18,40.0,0.0,loam,early,141,hose_reel,farm_reservoir,30.1,0
farm_4,farm_4_field_2,2025-09-19,42.4,late,maize,19,40.0,0.1,loam,early,142,hose_reel,farm_reservoir,30.1,0
farm_4,farm_4_field_2,2025-09-20,43.6,late,maize,20,40.0,0.0,loam,early,143,hose_reel,farm_reservoir,30.1,0
farm_4,farm_4_field_2,2025-09-21,46.2,late,maize,21,40.0,0.3,loam,early,144,hose_reel,farm_reservoir,30.1,0
farm_4,farm_4_field_2,2025-09-22,41.7,late,maize,22,40.0,0.0,loam,early,145,hose_reel,farm_reservoir,30.1,0
farm_4,farm_4_field_2,2025-09-23,41.7,late,maize,23,40.0,0.4,loam,early,146,hose_reel,farm_reservoir,30.1,1
farm_4,farm_4_field_2,2025-09-24,44.9,late,maize,24,40.0,0.0,loam,early,147,hose_reel,farm_reservoir,30.1,1
farm_4,farm_4_field_2,2025-09-25,36.2,late,maize,25,40.0,0.0,loam,early,148,hose_reel,farm_reservoir,30.1,1
farm_4,farm_4_field_2,2025-09-26,37.2,late,maize,26,40.0,0.1,loam,early,149,hose_reel,farm_reservoir,30.1,1
farm_4,farm_4_field_2,2025-09-27,39.2,late,maize,27,40.0,0.2,loam,early,150,hose_reel,farm_reservoir,30.1,1
farm_4,farm_4_field_2,2025-09-28,35.8,late,maize,28,40.0,0.0,loam,early,151,hose_reel,farm_reservoir,30.1,1
farm_4,farm_4_field_2,2025-09-29,27.5,late,maize,29,40.0,0.0,loam,early,152,hose_reel,farm_reservoir,30.1,1
farm_4,farm_4_field_2,2025-09-30,29.9,late,maize,30,40.0,0.9,loam,early,153,hose_reel,farm_reservoir,30.1,1
farm_4,farm_4_field_2,2026-04-30,70.2,initial,maize,0,0.0,0.0,loam,early,0,hose_reel,farm_reservoir,30.1,0
farm_4,farm_4_field_2,2026-05-01,73.0,initial,maize,1,0.0,0.8,loam,early,1,hose_reel,farm_reservoir,30.1,0
farm_4,farm_4_field_2,2026-05-02,78.7,initial,maize,2,0.0,0.2,loam,early,2,hose_reel,farm_reservoir,30.1,0
farm_4,farm_4_field_2,2026-05-03,73.2,initial,maize,3,0.0,10.9,loam,early,3,hose_reel,farm_reservoir,30.1,0
farm_4,farm_4_field_2,2026-05-04,75.2,initial,maize,4,0.0,0.0,loam,early,4,hose_reel,farm_reservoir,30.1,0
farm_4,farm_4_field_2,2026-05-05,77.5,initial,maize,5,0.0,6.2,loam,early,5,hose_reel,farm_reservoir,30.1,0
farm_4,farm_4_field_2,2026-05-06,,initial,maize,6,0.0,0.0,loam,early,6,hose_reel,farm_reservoir,30.1,0
farm_4,farm_4_field_2,2026-05-07,84.0,initial,maize,7,0.0,8.7,loam,early,7,hose_reel,farm_reservoir,30.1,0
farm_4,farm_4_field_2,2026-05-08,95.9,initial,maize,8,0.0,0.0,loam,early,8,hose_reel,farm_reservoir,30.1,0
farm_4,farm_4_field_2,2026-05-09,86.1,initial,maize,9,0.0,0.0,loam,early,9,hose_reel,farm_reservoir,30.1,0
farm_4,farm_4_field_2,2026-05-10,81.1,initial,maize,10,0.0,0.0,loam,early,10,hose_reel,farm_reservoir,30.1,0
farm_4,farm_4_field_2,2026-05-11,89.8,initial,maize,11,0.0,0.0,loam,early,11,hose_reel,farm_reservoir,30.1,0
farm_4,farm_4_field_2,2026-05-12,86.6,initial,maize,12,0.0,0.0,loam,early,12,hose_reel,farm_reservoir,30.1,0
farm_4,farm_4_field_2,2026-05-13,85.1,initial,maize,13,0.0,2.8,loam,early,13,hose_reel,farm_reservoir,30.1,0
farm_4,farm_4_field_2,2026-05-14,76.5,initial,maize,14,0.0,0.0,loam,early,14,hose_reel,farm_reservoir,30.1,0
farm_4,farm_4_field_2,2026-05-15,81.8,initial,maize,15,0.0,0.0,loam,early,15,hose_reel,farm_reservoir,30.1,0
farm_4,farm_4_field_2,2026-05-16,79.8,initial,maize,16,0.0,0.0,loam,early,16,hose_reel,farm_reservoir,30.1,0
farm_4,farm_4_field_2,2026-05-17,82.6,initial,maize,17,0.0,0.5,loam,early,17,hose_reel,farm_reservoir,30.1,0
farm_4,farm_4_field_2,2026-05-18,85.2,initial,maize,18,0.0,0.0,loam,early,18,hose_reel,farm_reservoir,30.1,0
farm_4,farm_4_field_2,2026-05-19,83.7,initial,maize,19,0.0,0.0,loam,early,19,hose_reel,farm_reservoir,30.1,0
farm_4,farm_4_field_2,2026-05-20,76.5,initial,maize,20,0.0,0.6,loam,early,20,hose_reel,farm_reservoir,30.1,0
farm_4,farm_4_field_2,2026-05-21,85.4,initial,maize,21,0.0,16.9,loam,early,21,hose_reel,farm_reservoir,30.1,0
farm_4,farm_4_field_2,2026-05-22,95.7,initial,maize,22,0.0,5.9,loam,early,22,hose_reel,farm_reservoir,30.1,0
farm_4,farm_4_field_2,2026-05-23,97.6,initial,maize,23,0.0,0.0,loam,early,23,hose_reel,farm_reservoir,30.1,0
farm_4,farm_4_field_2,2026-05-24,94.6,initial,maize,24,0.0,0.1,loam,early,24,hose_reel,farm_reservoir,30.1,0
farm_4,farm_4_field_2,2026-05-25,93.4,initial,maize,25,0.0,0.0,loam,early,25,hose_reel,farm_reservoir,30.1,0
farm_4,farm_4_field_2,2026-05-26,93.4,development,maize,26,0.0,0.0,loam,early,26,hose_reel,farm_reservoir,30.1,0
farm_4,farm_4_field_2,2026-05-27,86.4,development,maize,27,0.0,0.3,loam,early,27,hose_reel,farm_reservoir,30.1,0
farm_4,farm_4_field_2,2026-05-28,84.3,development,maize,28,0.0,0.0,loam,early,28,hose_reel,farm_reservoir,30.1,0
farm_4,farm_4_field_2,2026-05-29,85.6,development,maize,29,0.0,0.0,loam,early,29,hose_reel,farm_reservoir,30.1,0
farm_4,farm_4_field_2,2026-05-30,83.3,development,maize,30,0.0,0.0,loam,early,30,hose_reel,farm_reservoir,30.1,0
farm_4,farm_4_field_2,2026-05-31,77.5,development,maize,31,0.0,0.0,loam,early,31,hose_reel,farm_reservoir,30.1,0
farm_4,farm_4_field_2,2026-06-01,77.5,development,maize,32,0.0,0.4,loam,early,32,hose_reel,farm_reservoir,30.1,0
farm_4,farm_4_field_2,2026-06-02,77.5,development,maize,33,0.0,0.0,loam,early,33,hose_reel,farm_reservoir,30.1,0
farm_4,farm_4_field_2,2026-06-03,77.5,development,maize,34,0.0,0.0,loam,early,34,hose_reel,farm_reservoir,30.1,0
farm_4,farm_4_field_2,2026-06-04,77.5,development,maize,35,0.0,0.0,loam,early,35,hose_reel,farm_reservoir,30.1,0
farm_4,farm_4_field_2,2026-06-05,77.5,development,maize,36,0.0,0.2,loam,early,36,hose_reel,farm_reservoir,30.1,0
farm_4,farm_4_field_2,2026-06-06,77.5,development,maize,37,0.0,4.8,loam,early,37,hose_reel,farm_reservoir,30.1,0
farm_4,farm_4_field_2,2026-06-07,77.5,development,maize,38,0.0,0.0,loam,early,38,hose_reel,farm_reservoir,30.1,0
farm_4,farm_4_field_2,2026-06-08,77.5,development,maize,39,0.0,0.0,loam,early,39,hose_reel,farm_reservoir,30.1,0
farm_4,farm_4_field_2,2026-06-09,77.5,development,maize,40,0.0,0.2,loam,early,40,hose_reel,farm_reservoir,30.1,0
farm_4,farm_4_field_2,2026-06-10,56.9,development,maize,41,0.0,0.4,loam,early,41,hose_reel,farm_reservoir,30.1,0
farm_4,farm_4_field_2,2026-06-11,50.2,development,maize,42,0.0,0.0,loam,early,42,hose_reel,farm_reservoir,30.1,0
farm_4,farm_4_field_2,2026-06-12,55.1,development,maize,43,0.0,0.0,loam,early,43,hose_reel,farm_reservoir,30.1,0
farm_4,farm_4_field_2,2026-06-13,48.1,development,maize,44,0.0,1.1,loam,early,44,hose_reel,farm_reservoir,30.1,1
farm_4,farm_4_field_2,2026-06-14,45.0,development,maize,45,0.0,0.1,loam,early,45,hose_reel,farm_reservoir,30.1,1
farm_4,farm_4_field_2,2026-06-15,43.3,development,maize,46,0.0,0.0,loam,early,46,hose_reel,farm_reservoir,30.1,1
farm_4,farm_4_field_2,2026-06-16,35.0,development,maize,47,0.0,0.3,loam,early,47,hose_reel,farm_reservoir,30.1,1
farm_4,farm_4_field_2,2026-06-17,31.4,development,maize,48,0.0,0.0,loam,early,48,hose_reel,farm_reservoir,30.1,2
farm_4,farm_4_field_2,2026-06-18,,development,maize,1,40.0,0.5,loam,early,49,hose_reel,farm_reservoir,30.1,0
farm_4,farm_4_field_2,2026-06-19,55.2,development,maize,2,40.0,0.6,loam,early,50,hose_reel,farm_reservoir,30.1,0
farm_4,farm_4_field_2,2026-06-20,52.6,development,maize,3,40.0,0.1,loam,early,51,hose_reel,farm_reservoir,30.1,0
farm_4,farm_4_field_2,2026-06-21,47.4,development,maize,4,40.0,0.0,loam,early,52,hose_reel,farm_reservoir,30.1,1
farm_4,farm_4_field_2,2026-06-22,40.3,development,maize,5,40.0,0.1,loam,early,53,hose_reel,farm_reservoir,30.1,1
farm_4,farm_4_field_2,2026-06-23,39.9,development,maize,6,40.0,0.0,loam,early,54,hose_reel,farm_reservoir,30.1,1
farm_4,farm_4_field_2,2026-06-24,34.8,development,maize,7,40.0,0.2,loam,early,55,hose_reel,farm_reservoir,30.1,1
farm_4,farm_4_field_2,2026-06-25,32.1,development,maize,8,40.0,1.2,loam,early,56,hose_reel,farm_reservoir,30.1,2
farm_4,farm_4_field_2,2026-06-26,64.0,development,maize,1,40.0,0.2,loam,early,57,hose_reel,farm_reservoir,30.1,0
farm_4,farm_4_field_2,2026-06-27,56.1,development,maize,2,40.0,0.1,loam,early,58,hose_reel,farm_reservoir,30.1,0
farm_4,farm_4_field_2,2026-06-28,55.1,development,maize,3,40.0,0.0,loam,early,59,hose_reel,farm_reservoir,30.1,0
farm_4,farm_4_field_2,2026-06-29,46.3,sensitive,maize,4,40.0,0.2,loam,early,60,hose_reel,farm_reservoir,30.1,1
farm_4,farm_4_field_2,2026-06-30,72.6,sensitive,maize,1,40.0,0.9,loam,early,61,hose_reel,farm_reservoir,30.1,0
farm_4,farm_4_field_2,2026-07-01,60.9,sensitive,maize,2,40.0,0.0,loam,early,62,hose_reel,farm_reservoir,30.1,0
farm_4,farm_4_field_2,2026-07-02,57.1,sensitive,maize,3,40.0,0.0,loam,early,63,hose_reel,farm_reservoir,30.1,1
farm_4,farm_4_field_2,2026-07-03,53.5,sensitive,maize,4,40.0,0.0,loam,early,64,hose_reel,farm_reservoir,30.1,1
farm_4,farm_4_field_2,2026-07-04,42.0,sensitive,maize,5,40.0,0.0,loam,early,65,hose_reel,farm_reservoir,30.1,2
farm_4,farm_4_field_2,2026-07-05,60.2,sensitive,maize,1,40.0,0.0,loam,early,66,hose_reel,farm_reservoir,30.1,0
farm_4,farm_4_field_2,2026-07-06,57.8,sensitive,maize,2,40.0,0.1,loam,early,67,hose_reel,farm_reservoir,30.1,1
farm_4,farm_4_field_2,2026-07-07,50.3,sensitive,maize,3,40.0,0.0,loam,early,68,hose_reel,farm_reservoir,30.1,1
farm_4,farm_4_field_2,2026-07-08,46.8,sensitive,maize,4,40.0,0.0,loam,early,69,hose_reel,farm_reservoir,30.1,2
farm_4,farm_4_field_2,2026-07-09,66.0,sensitive,maize,1,40.0,0.0,loam,early,70,hose_reel,farm_reservoir,30.1,0
farm_4,farm_4_field_2,2026-07-10,57.2,sensitive,maize,2,40.0,0.0,loam,early,71,hose_reel,farm_reservoir,30.1,1
farm_4,farm_4_field_2,2026-07-11,55.0,sensitive,maize,3,40.0,0.2,loam,early,72,hose_reel,farm_reservoir,30.1,1
farm_4,farm_4_field_2,2026-07-12,44.0,sensitive,maize,4,40.0,0.0,loam,early,73,hose_reel,farm_reservoir,30.1,1
farm_4,farm_4_field_2,2026-07-13,36.7,sensitive,maize,5,40.0,0.0,loam,early,74,hose_reel,farm_reservoir,30.1,2
farm_4,farm_4_field_2,2026-07-14,62.5,sensitive,maize,1,40.0,0.9,loam,early,75,hose_reel,farm_reservoir,30.1,0
farm_4,farm_4_field_2,2026-07-15,57.4,sensitive,maize,2,40.0,0.0,loam,early,76,hose_reel,farm_reservoir,30.1,1
farm_4,farm_4_field_2,2026-07-16,52.7,sensitive,maize,3,40.0,0.0,loam,early,77,hose_reel,farm_reservoir,30.1,1
farm_4,farm_4_field_2,2026-07-17,43.2,sensitive,maize,4,40.0,0.5,loam,early,78,hose_reel,farm_reservoir,30.1,2
farm_4,farm_4_field_2,2026-07-18,68.0,sensitive,maize,1,40.0,0.0,loam,early,79,hose_reel,farm_reservoir,30.1,0
farm_4,farm_4_field_2,2026-07-19,58.6,sensitive,maize,2,40.0,0.0,loam,early,80,hose_reel,farm_reservoir,30.1,1
farm_4,farm_4_field_2,2026-07-20,58.3,sensitive,maize,3,40.0,0.0,loam,early,81,hose_reel,farm_reservoir,30.1,1
farm_4,farm_4_field_2,2026-07-21,55.5,sensitive,maize,4,40.0,0.0,loam,early,82,hose_reel,farm_reservoir,30.1,1
farm_4,farm_4_field_2,2026-07-22,40.3,sensitive,maize,5,40.0,0.0,loam,early,83,hose_reel,farm_reservoir,30.1,2
farm_4,farm_4_field_2,2026-07-23,64.8,sensitive,maize,1,40.0,0.1,loam,early,84,hose_reel,farm_reservoir,30.1,0
farm_4,farm_4_field_2,2026-07-24,53.5,sensitive,maize,2,40.0,0.0,loam,early,85,hose_reel,farm_reservoir,30.1,1
farm_4,farm_4_field_2,2026-07-25,49.0,sensitive,maize,3,40.0,0.2,loam,early,86,hose_reel,farm_reservoir,30.1,1
farm_4,farm_4_field_2,2026-07-26,45.2,sensitive,maize,4,40.0,0.0,loam,early,87,hose_reel,farm_reservoir,30.1,1
farm_4,farm_4_field_2,2026-07-27,69.4,sensitive,maize,1,40.0,0.0,loam,early,88,hose_reel,farm_reservoir,30.1,0
farm_4,farm_4_field_2,2026-07-28,62.9,sensitive,maize,2,40.0,0.9,loam,early,89,hose_reel,farm_reservoir,30.1,0
farm_4,farm_4_field_2,2026-07-29,61.5,sensitive,maize,3,40.0,0.3,loam,early,90,hose_reel,farm_reservoir,30.1,1
farm_4,farm_4_field_2,2026-07-30,79.0,sensitive,maize,1,39.7,0.2,loam,early,91,hose_reel,farm_reservoir,30.1,0
farm_4,farm_4_field_2,2026-07-31,75.8,sensitive,maize,2,39.7,8.9,loam,early,92,hose_reel,farm_reservoir,30.1,0
farm_4,farm_4_field_2,2026-08-01,74.9,sensitive,maize,3,39.7,0.0,loam,early,93,hose_reel,farm_reservoir,30.1,0
farm_4,farm_4_field_2,2026-08-02,77.4,sensitive,maize,4,39.7,1.0,loam,early,94,hose_reel,farm_reservoir,30.1,0
farm_4,farm_4_field_2,2026-08-03,61.7,sensitive,maize,5,39.7,9.5,loam,early,95,hose_reel,farm_reservoir,30.1,0
farm_4,farm_4_field_2,2026-08-04,73.6,sensitive,maize,6,39.7,0.0,loam,early,96,hose_reel,farm_reservoir,30.1,0
farm_4,farm_4_field_2,2026-08-05,63.8,sensitive,maize,7,39.7,0.0,loam,early,97,hose_reel,farm_reservoir,30.1,0
farm_4,farm_4_field_2,2026-08-06,60.7,sensitive,maize,8,39.7,0.0,loam,early,98,hose_reel,farm_reservoir,30.1,1
farm_4,farm_4_field_2,2026-08-07,50.6,sensitive,maize,9,39.7,0.0,loam,early,99,hose_reel,farm_reservoir,30.1,1
farm_4,farm_4_field_2,2026-08-08,48.8,sensitive,maize,10,39.7,0.0,loam,early,100,hose_reel,farm_reservoir,30.1,1
farm_4,farm_4_field_2,2026-08-09,41.5,sensitive,maize,11,39.7,0.0,loam,early,101,hose_reel,farm_reservoir,30.1,2
farm_4,farm_4_field_2,2026-08-10,66.6,late,maize,1,40.0,2.4,loam,early,102,hose_reel,farm_reservoir,30.1,0
farm_4,farm_4_field_2,2026-08-11,59.5,late,maize,2,40.0,0.0,loam,early,103,hose_reel,farm_reservoir,30.1,0
farm_4,farm_4_field_2,2026-08-12,56.4,late,maize,3,40.0,0.0,loam,early,104,hose_reel,farm_reservoir,30.1,0
farm_4,farm_4_field_2,2026-08-13,61.4,late,maize,4,40.0,0.0,loam,early,105,hose_reel,farm_reservoir,30.1,0
farm_4,farm_4_field_2,2026-08-14,58.0,late,maize,5,40.0,0.0,loam,early,106,hose_reel,farm_reservoir,30.1,0
farm_4,farm_4_field_2,2026-08-15,51.4,late,maize,6,40.0,0.0,loam,early,107,hose_reel,farm_reservoir,30.1,0
farm_4,farm_4_field_2,2026-08-16,51.8,late,maize,7,40.0,0.5,loam,early,108,hose_reel,farm_reservoir,30.1,0
farm_4,farm_4_field_2,2026-08-17,52.0,late,maize,8,40.0,0.0,loam,early,109,hose_reel,farm_reservoir,30.1,0
farm_4,farm_4_field_2,2026-08-18,48.7,late,maize,9,40.0,0.0,loam,early,110,hose_reel,farm_reservoir,30.1,0
farm_4,farm_4_field_2,2026-08-19,44.1,late,maize,10,40.0,0.0,loam,early,111,hose_reel,farm_reservoir,30.1,0
farm_4,farm_4_field_2,2026-08-20,44.5,late,maize,11,40.0,3.2,loam,early,112,hose_reel,farm_reservoir,30.1,0
farm_4,farm_4_field_2,2026-08-21,41.7,late,maize,12,40.0,0.2,loam,early,113,hose_reel,farm_reservoir,30.1,0
farm_4,farm_4_field_2,2026-08-22,42.6,late,maize,13,40.0,0.0,loam,early,114,hose_reel,farm_reservoir,30.1,0
farm_4,farm_4_field_2,2026-08-23,,late,maize,14,40.0,0.0,loam,early,115,hose_reel,farm_reservoir,30.1,1
farm_4,farm_4_field_2,2026-08-24,35.4,late,maize,15,40.0,0.0,loam,early,116,hose_reel,farm_reservoir,30.1,1
farm_4,farm_4_field_2,2026-08-25,31.7,late,maize,16,40.0,0.0,loam,early,117,hose_reel,farm_reservoir,30.1,1
farm_4,farm_4_field_2,2026-08-26,63.6,late,maize,1,40.0,0.0,loam,early,118,hose_reel,farm_reservoir,30.1,0
farm_4,farm_4_field_2,2026-08-27,57.4,late,maize,2,40.0,0.0,loam,early,119,hose_reel,farm_reservoir,30.1,0
farm_4,farm_4_field_2,2026-08-28,53.0,late,maize,3,40.0,3.5,loam,early,120,hose_reel,farm_reservoir,30.1,0
farm_4,farm_4_field_2,2026-08-29,54.9,late,maize,4,40.0,0.2,loam,early,121,hose_reel,farm_reservoir,30.1,0
farm_4,farm_4_field_2,2026-08-30,56.1,late,maize,5,40.0,0.0,loam,early,122,hose_reel,farm_reservoir,30.1,0
farm_4,farm_4_field_2,2026-08-31,53.8,late,maize,6,40.0,0.0,loam,early,123,hose_reel,farm_reservoir,30.1,0
farm_4,farm_4_field_2,2026-09-01,47.6,late,maize,7,40.0,0.0,loam,early,124,hose_reel,farm_reservoir,30.1,0
farm_4,farm_4_field_2,2026-09-02,52.6,late,maize,8,40.0,0.3,loam,early,125,hose_reel,farm_reservoir,30.1,0
farm_4,farm_4_field_2,2026-09-03,49.7,late,maize,9,40.0,0.6,loam,early,126,hose_reel,farm_reservoir,30.1,0
farm_4,farm_4_field_2,2026-09-04,46.5,late,maize,10,40.0,0.3,loam,early,127,hose_reel,farm_reservoir,30.1,0
farm_4,farm_4_field_2,2026-09-05,44.6,late,maize,11,40.0,0.1,loam,early,128,hose_reel,farm_reservoir,30.1,0
farm_4,farm_4_field_2,2026-09-06,46.5,late,maize,12,40.0,0.0,loam,early,129,hose_reel,farm_reservoir,30.1,0
farm_4,farm_4_field_2,2026-09-07,43.3,late,maize,13,40.0,0.7,loam,early,130,hose_reel,farm_reservoir,30.1,0
farm_4,farm_4_field_2,2026-09-08,42.9,late,maize,14,40.0,0.0,loam,early,131,hose_reel,farm_reservoir,30.1,0
farm_4,farm_4_field_2,2026-09-09,38.4,late,maize,15,40.0,0.0,loam,early,132,hose_reel,farm_reservoir,30.1,1
farm_4,farm_4_field_2,2026-09-10,37.8,late,maize,16,40.0,0.0,loam,early,133,hose_reel,farm_reservoir,30.1,1
farm_4,farm_4_field_2,2026-09-11,33.4,late,maize,17,40.0,0.0,loam,early,134,hose_reel,farm_reservoir,30.1,1
farm_4,farm_4_field_2,2026-09-12,38.8,late,maize,18,40.0,0.9,loam,early,135,hose_reel,farm_reservoir,30.1,1
farm_4,farm_4_field_2,2026-09-13,33.0,late,maize,19,40.0,0.0,loam,early,136,hose_reel,farm_reservoir,30.1,1
farm_4,farm_4_field_2,2026-09-14,32.8,late,maize,20,40.0,0.3,loam,early,137,hose_reel,farm_reservoir,30.1,1
farm_4,farm_4_field_2,2026-09-15,33.6,late,maize,21,40.0,0.0,loam,early,138,hose_reel,farm_reservoir,30.1,1
farm_4,farm_4_field_2,2026-09-16,53.9,late,maize,1,40.0,0.0,loam,early,139,hose_reel,farm_reservoir,30.1,0
farm_4,farm_4_field_2,2026-09-17,55.9,late,maize,2,40.0,0.0,loam,early,140,hose_reel,farm_reservoir,30.1,0
farm_4,farm_4_field_2,2026-09-18,46.1,late,maize,3,40.0,0.5,loam,early,141,hose_reel,farm_reservoir,30.1,0
farm_4,farm_4_field_2,2026-09-19,45.9,late,maize,4,40.0,0.0,loam,early,142,hose_reel,farm_reservoir,30.1,0
farm_4,farm_4_field_2,2026-09-20,49.3,late,maize,5,40.0,0.2,loam,early,143,hose_reel,farm_reservoir,30.1,0
farm_4,farm_4_field_2,2026-09-21,48.0,late,maize,6,40.0,0.0,loam,early,144,hose_reel,farm_reservoir,30.1,0
farm_4,farm_4_field_2,2026-09-22,46.7,late,maize,7,40.0,0.1,loam,early,145,hose_reel,farm_reservoir,30.1,0
farm_4,farm_4_field_2,2026-09-23,43.0,late,maize,8,40.0,0.0,loam,early,146,hose_reel,farm_reservoir,30.1,0
farm_4,farm_4_field_2,2026-09-24,48.1,late,maize,9,40.0,0.4,loam,early,147,hose_reel,farm_reservoir,30.1,0
farm_4,farm_4_field_2,2026-09-25,46.8,late,maize,10,40.0,0.0,loam,early,148,hose_reel,farm_reservoir,30.1,0
farm_4,farm_4_field_2,2026-09-26,40.2,late,maize,11,40.0,0.0,loam,early,149,hose_reel,farm_reservoir,30.1,0
farm_4,farm_4_field_2,2026-09-27,38.9,late,maize,12,40.0,2.7,loam,early,150,hose_reel,farm_reservoir,30.1,1
farm_4,farm_4_field_2,2026-09-28,36.7,late,maize,13,40.0,0.4,loam,early,151,hose_reel,farm_reservoir,30.1,0
farm_4,farm_4_field_2,2026-09-29,40.7,late,maize,14,40.0,0.6,loam,early,152,hose_reel,farm_reservoir,30.1,1
farm_4,farm_4_field_2,2026-09-30,30.6,late,maize,15,40.0,0.0,loam,early,153,hose_reel,farm_reservoir,30.1,1
farm_4,farm_4_field_3,2025-04-27,79.0,initial,maize,0,0.0,5.5,loam,late,0,hose_reel,farm_reservoir,24.8,0
farm_4,farm_4_field_3,2025-04-28,84.1,initial,maize,1,0.0,0.0,loam,late,1,hose_reel,farm_reservoir,24.8,0
farm_4,farm_4_field_3,2025-04-29,82.8,initial,maize,2,0.0,0.0,loam,late,2,hose_reel,farm_reservoir,24.8,0
farm_4,farm_4_field_3,2025-04-30,86.9,initial,maize,3,0.0,1.3,loam,late,3,hose_reel,farm_reservoir,24.8,0
farm_4,farm_4_field_3,2025-05-01,78.6,initial,maize,4,0.0,0.0,loam,late,4,hose_reel,farm_reservoir,24.8,0
farm_4,farm_4_field_3,2025-05-02,88.3,initial,maize,5,0.0,0.4,loam,late,5,hose_reel,farm_reservoir,24.8,0
farm_4,farm_4_field_3,2025-05-03,87.6,initial,maize,6,0.0,3.7,loam,late,6,hose_reel,farm_reservoir,24.8,0
farm_4,farm_4_field_3,2025-05-04,82.9,initial,maize,7,0.0,0.1,loam,late,7,hose_reel,farm_reservoir,24.8,0
farm_4,farm_4_field_3,2025-05-05,85.0,initial,maize,8,0.0,0.0,loam,late,8,hose_reel,farm_reservoir,24.8,0
farm_4,farm_4_field_3,2025-05-06,85.8,initial,maize,9,0.0,0.1,loam,late,9,hose_reel,farm_reservoir,24.8,0
farm_4,farm_4_field_3,2025-05-07,82.3,initial,maize,10,0.0,0.2,loam,late,10,hose_reel,farm_reservoir,24.8,0
farm_4,farm_4_field_3,2025-05-08,83.9,initial,maize,11,0.0,0.1,loam,late,11,hose_reel,farm_reservoir,24.8,0
farm_4,farm_4_field_3,2025-05-09,80.1,initial,maize,12,0.0,0.5,loam,late,12,hose_reel,farm_reservoir,24.8,0
farm_4,farm_4_field_3,2025-05-10,83.1,initial,maize,13,0.0,0.0,loam,late,13,hose_reel,farm_reservoir,24.8,0
farm_4,farm_4_field_3,2025-05-11,83.4,initial,maize,14,0.0,0.2,loam,late,14,hose_reel,farm_reservoir,24.8,0
farm_4,farm_4_field_3,2025-05-12,80.5,initial,maize,15,0.0,0.9,loam,late,15,hose_reel,farm_reservoir,24.8,0
farm_4,farm_4_field_3,2025-05-13,84.4,initial,maize,16,0.0,0.0,loam,late,16,hose_reel,farm_reservoir,24.8,0
farm_4,farm_4_field_3,2025-05-14,81.6,initial,maize,17,0.0,0.1,loam,late,17,hose_reel,farm_reservoir,24.8,0
farm_4,farm_4_field_3,2025-05-15,82.5,initial,maize,18,0.0,0.3,loam,late,18,hose_reel,farm_reservoir,24.8,0
farm_4,farm_4_field_3,2025-05-16,80.9,initial,maize,19,0.0,0.2,loam,late,19,hose_reel,farm_reservoir,24.8,0
farm_4,farm_4_field_3,2025-05-17,79.1,initial,maize,20,0.0,8.4,loam,late,20,hose_reel,farm_reservoir,24.8,0
farm_4,farm_4_field_3,2025-05-18,80.2,initial,maize,21,0.0,0.5,loam,late,21,hose_reel,farm_reservoir,24.8,0
farm_4,farm_4_field_3,2025-05-19,83.7,initial,maize,22,0.0,10.7,loam,late,22,hose_reel,farm_reservoir,24.8,0
farm_4,farm_4_field_3,2025-05-20,89.7,initial,maize,23,0.0,0.0,loam,late,23,hose_reel,farm_reservoir,24.8,0
farm_4,farm_4_field_3,2025-05-21,84.8,initial,maize,24,0.0,7.0,loam,late,24,hose_reel,farm_reservoir,24.8,0
farm_4,farm_4_field_3,2025-05-22,94.4,initial,maize,25,0.0,0.3,loam,late,25,hose_reel,farm_reservoir,24.8,0
farm_4,farm_4_field_3,2025-05-23,97.6,initial,maize,26,0.0,0.0,loam,late,26,hose_reel,farm_reservoir,24.8,0
farm_4,farm_4_field_3,2025-05-24,,initial,maize,27,0.0,0.6,loam,late,27,hose_reel,farm_reservoir,24.8,0
farm_4,farm_4_field_3,2025-05-25,95.7,initial,maize,28,0.0,4.1,loam,late,28,hose_reel,farm_reservoir,24.8,0
farm_4,farm_4_field_3,2025-05-26,98.5,initial,maize,29,0.0,0.6,loam,late,29,hose_reel,farm_reservoir,24.8,0
farm_4,farm_4_field_3,2025-05-27,,initial,maize,30,0.0,0.7,loam,late,30,hose_reel,farm_reservoir,24.8,0
farm_4,farm_4_field_3,2025-05-28,99.9,initial,maize,31,0.0,0.3,loam,late,31,hose_reel,farm_reservoir,24.8,0
farm_4,farm_4_field_3,2025-05-29,97.0,initial,maize,32,0.0,0.1,loam,late,32,hose_reel,farm_reservoir,24.8,0
farm_4,farm_4_field_3,2025-05-30,96.2,initial,maize,33,0.0,0.1,loam,late,33,hose_reel,farm_reservoir,24.8,0
farm_4,farm_4_field_3,2025-05-31,92.6,development,maize,34,0.0,0.0,loam,late,34,hose_reel,farm_reservoir,24.8,0
farm_4,farm_4_field_3,2025-06-01,97.7,development,maize,35,0.0,0.0,loam,late,35,hose_reel,farm_reservoir,24.8,0
farm_4,farm_4_field_3,2025-06-02,81.9,development,maize,36,0.0,0.0,loam,late,36,hose_reel,farm_reservoir,24.8,0
farm_4,farm_4_field_3,2025-06-03,83.9,development,maize,37,0.0,0.1,loam,late,37,hose_reel,farm_reservoir,24.8,0
farm_4,farm_4_field_3,2025-06-04,87.3,development,maize,38,0.0,0.4,loam,late,38,hose_reel,farm_reservoir,24.8,0
farm_4,farm_4_field_3,2025-06-05,81.9,development,maize,39,0.0,0.0,loam,late,39,hose_reel,farm_reservoir,24.8,0
farm_4,farm_4_field_3,2025-06-06,81.6,development,maize,40,0.0,0.1,loam,late,40,hose_reel,farm_reservoir,24.8,0
farm_4,farm_4_field_3,2025-06-07,83.9,development,maize,41,0.0,22.8,loam,late,41,hose_reel,farm_reservoir,24.8,0
farm_4,farm_4_field_3,2025-06-08,90.9,development,maize,42,0.0,22.5,loam,late,42,hose_reel,farm_reservoir,24.8,0
farm_4,farm_4_field_3,2025-06-09,93.1,development,maize,43,0.0,0.0,loam,late,43,hose_reel,farm_reservoir,24.8,0
farm_4,farm_4_field_3,2025-06-10,,development,maize,44,0.0,0.0,loam,late,44,hose_reel,farm_reservoir,24.8,0
farm_4,farm_4_field_3,2025-06-11,95.3,development,maize,45,0.0,0.0,loam,late,45,hose_reel,farm_reservoir,24.8,0
farm_4,farm_4_field_3,2025-06-12,,development,maize,46,0.0,0.1,loam,late,46,hose_reel,farm_reservoir,24.8,0
farm_4,farm_4_field_3,2025-06-13,95.0,development,maize,47,0.0,0.3,loam,late,47,hose_reel,farm_reservoir,24.8,0
farm_4,farm_4_field_3,2025-06-14,89.0,development,maize,48,0.0,0.3,loam,late,48,hose_reel,farm_reservoir,24.8,0
farm_4,farm_4_field_3,2025-06-15,88.6,development,maize,49,0.0,0.5,loam,late,49,hose_reel,farm_reservoir,24.8,0
farm_4,farm_4_field_3,2025-06-16,86.4,development,maize,50,0.0,0.0,loam,late,50,hose_reel,farm_reservoir,24.8,0
farm_4,farm_4_field_3,2025-06-17,83.2,development,maize,51,0.0,1.4,loam,late,51,hose_reel,farm_reservoir,24.8,0
farm_4,farm_4_field_3,2025-06-18,85.1,development,maize,52,0.0,27.2,loam,late,52,hose_reel,farm_reservoir,24.8,0
farm_4,farm_4_field_3,2025-06-19,99.9,development,maize,53,0.0,0.0,loam,late,53,hose_reel,farm_reservoir,24.8,0
farm_4,farm_4_field_3,2025-06-20,98.9,development,maize,54,0.0,0.5,loam,late,54,hose_reel,farm_reservoir,24.8,0
farm_4,farm_4_field_3,2025-06-21,99.1,development,maize,55,0.0,0.4,loam,late,55,hose_reel,farm_reservoir,24.8,0
farm_4,farm_4_field_3,2025-06-22,93.1,development,maize,56,0.0,0.0,loam,late,56,hose_reel,farm_reservoir,24.8,0
farm_4,farm_4_field_3,2025-06-23,94.8,development,maize,57,0.0,0.0,loam,late,57,hose_reel,farm_reservoir,24.8,0
farm_4,farm_4_field_3,2025-06-24,92.0,development,maize,58,0.0,0.1,loam,late,58,hose_reel,farm_reservoir,24.8,0
farm_4,farm_4_field_3,2025-06-25,87.9,development,maize,59,0.0,0.1,loam,late,59,hose_reel,farm_reservoir,24.8,0
farm_4,farm_4_field_3,2025-06-26,83.9,development,maize,60,0.0,0.1,loam,late,60,hose_reel,farm_reservoir,24.8,0
farm_4,farm_4_field_3,2025-06-27,84.5,development,maize,61,0.0,0.0,loam,late,61,hose_reel,farm_reservoir,24.8,0
farm_4,farm_4_field_3,2025-06-28,85.6,development,maize,62,0.0,3.2,loam,late,62,hose_reel,farm_reservoir,24.8,0
farm_4,farm_4_field_3,2025-06-29,83.9,development,maize,63,0.0,0.0,loam,late,63,hose_reel,farm_reservoir,24.8,0
farm_4,farm_4_field_3,2025-06-30,83.4,development,maize,64,0.0,0.0,loam,late,64,hose_reel,farm_reservoir,24.8,0
farm_4,farm_4_field_3,2025-07-01,79.5,development,maize,65,0.0,0.0,loam,late,65,hose_reel,farm_reservoir,24.8,0
farm_4,farm_4_field_3,2025-07-02,78.1,development,maize,66,0.0,0.0,loam,late,66,hose_reel,farm_reservoir,24.8,0
farm_4,farm_4_field_3,2025-07-03,74.2,development,maize,67,0.0,0.5,loam,late,67,hose_reel,farm_reservoir,24.8,0
farm_4,farm_4_field_3,2025-07-04,74.3,development,maize,68,0.0,0.1,loam,late,68,hose_reel,farm_reservoir,24.8,0
farm_4,farm_4_field_3,2025-07-05,68.4,development,maize,69,0.0,0.0,loam,late,69,hose_reel,farm_reservoir,24.8,0
farm_4,farm_4_field_3,2025-07-06,64.6,development,maize,70,0.0,0.0,loam,late,70,hose_reel,farm_reservoir,24.8,0
farm_4,farm_4_field_3,2025-07-07,60.5,development,maize,71,0.0,0.6,loam,late,71,hose_reel,farm_reservoir,24.8,0
farm_4,farm_4_field_3,2025-07-08,56.1,development,maize,72,0.0,0.0,loam,late,72,hose_reel,farm_reservoir,24.8,0
farm_4,farm_4_field_3,2025-07-09,59.2,development,maize,73,0.0,0.0,loam,late,73,hose_reel,farm_reservoir,24.8,0
farm_4,farm_4_field_3,2025-07-10,54.9,development,maize,74,0.0,0.1,loam,late,74,hose_reel,farm_reservoir,24.8,0
farm_4,farm_4_field_3,2025-07-11,59.0,development,maize,75,0.0,0.3,loam,late,75,hose_reel,farm_reservoir,24.8,0
farm_4,farm_4_field_3,2025-07-12,52.0,development,maize,76,0.0,0.1,loam,late,76,hose_reel,farm_reservoir,24.8,0
farm_4,farm_4_field_3,2025-07-13,51.4,development,maize,77,0.0,0.0,loam,late,77,hose_reel,farm_reservoir,24.8,1
farm_4,farm_4_field_3,2025-07-14,51.4,development,maize,78,0.0,0.0,loam,late,78,hose_reel,farm_reservoir,24.8,1
farm_4,farm_4_field_3,2025-07-15,51.4,development,maize,79,0.0,0.1,loam,late,79,hose_reel,farm_reservoir,24.8,1
farm_4,farm_4_field_3,2025-07-16,51.4,sensitive,maize,80,0.0,0.0,loam,late,80,hose_reel,farm_reservoir,24.8,2
farm_4,farm_4_field_3,2025-07-17,51.4,sensitive,maize,1,40.0,0.0,loam,late,81,hose_reel,farm_reservoir,24.8,0
farm_4,farm_4_field_3,2025-07-18,51.4,sensitive,maize,2,40.0,3.3,loam,late,82,hose_reel,farm_reservoir,24.8,0
farm_4,farm_4_field_3,2025-07-19,64.4,sensitive,maize,3,40.0,12.0,loam,late,83,hose_reel,farm_reservoir,24.8,0
farm_4,farm_4_field_3,2025-07-20,72.0,sensitive,maize,4,40.0,0.0,loam,late,84,hose_reel,farm_reservoir,24.8,0
farm_4,farm_4_field_3,2025-07-21,67.3,sensitive,maize,5,40.0,0.0,loam,late,85,hose_reel,farm_reservoir,24.8,0
farm_4,farm_4_field_3,2025-07-22,64.4,sensitive,maize,6,40.0,0.0,loam,late,86,hose_reel,farm_reservoir,24.8,0
farm_4,farm_4_field_3,2025-07-23,64.7,sensitive,maize,7,40.0,0.4,loam,late,87,hose_reel,farm_reservoir,24.8,1
farm_4,farm_4_field_3,2025-07-24,63.1,sensitive,maize,8,40.0,0.0,loam,late,88,hose_reel,farm_reservoir,24.8,1
farm_4,farm_4_field_3,2025-07-25,56.5,sensitive,maize,9,40.0,0.0,loam,late,89,hose_reel,farm_reservoir,24.8,1
farm_4,farm_4_field_3,2025-07-26,52.2,sensitive,maize,10,40.0,0.4,loam,late,90,hose_reel,farm_reservoir,24.8,1
farm_4,farm_4_field_3,2025-07-27,77.1,sensitive,maize,1,40.0,3.3,loam,late,91,hose_reel,farm_reservoir,24.8,0
farm_4,farm_4_field_3,2025-07-28,75.2,sensitive,maize,2,40.0,0.7,loam,late,92,hose_reel,farm_reservoir,24.8,0
farm_4,farm_4_field_3,2025-07-29,70.7,sensitive,maize,3,40.0,8.4,loam,late,93,hose_reel,farm_reservoir,24.8,0
farm_4,farm_4_field_3,2025-07-30,74.7,sensitive,maize,4,40.0,0.0,loam,late,94,hose_reel,farm_reservoir,24.8,0
farm_4,farm_4_field_3,2025-07-31,68.3,sensitive,maize,5,40.0,0.0,loam,late,95,hose_reel,farm_reservoir,24.8,0
farm_4,farm_4_field_3,2025-08-01,63.9,sensitive,maize,6,40.0,0.2,loam,late,96,hose_reel,farm_reservoir,24.8,0
farm_4,farm_4_field_3,2025-08-02,62.8,sensitive,maize,7,40.0,0.2,loam,late,97,hose_reel,farm_reservoir,24.8,0
farm_4,farm_4_field_3,2025-08-03,65.9,sensitive,maize,8,40.0,0.2,loam,late,98,hose_reel,farm_reservoir,24.8,0
farm_4,farm_4_field_3,2025-08-04,53.6,sensitive,maize,9,40.0,0.2,loam,late,99,hose_reel,farm_reservoir,24.8,1
farm_4,farm_4_field_3,2025-08-05,84.2,sensitive,maize,1,38.0,0.0,loam,late,100,hose_reel,farm_reservoir,24.8,0
farm_4,farm_4_field_3,2025-08-06,74.8,sensitive,maize,2,38.0,9.7,loam,late,101,hose_reel,farm_reservoir,24.8,0
farm_4,farm_4_field_3,2025-08-07,82.7,sensitive,maize,3,38.0,0.0,loam,late,102,hose_reel,farm_reservoir,24.8,0
farm_4,farm_4_field_3,2025-08-08,78.4,sensitive,maize,4,38.0,0.2,loam,late,103,hose_reel,farm_reservoir,24.8,0
farm_4,farm_4_field_3,2025-08-09,73.9,sensitive,maize,5,38.0,0.1,loam,late,104,hose_reel,farm_reservoir,24.8,0
farm_4,farm_4_field_3,2025-08-10,72.4,sensitive,maize,6,38.0,0.3,loam,late,105,hose_reel,farm_reservoir,24.8,0
farm_4,farm_4_field_3,2025-08-11,65.3,sensitive,maize,7,38.0,3.1,loam,late,106,hose_reel,farm_reservoir,24.8,0
farm_4,farm_4_field_3,2025-08-12,69.5,sensitive,maize,8,38.0,0.0,loam,late,107,hose_reel,farm_reservoir,24.8,0
farm_4,farm_4_field_3,2025-08-13,64.9,sensitive,maize,9,38.0,0.0,loam,late,108,hose_reel,farm_reservoir,24.8,0
farm_4,farm_4_field_3,2025-08-14,64.6,sensitive,maize,10,38.0,0.0,loam,late,109,hose_reel,farm_reservoir,24.8,0
farm_4,farm_4_field_3,2025-08-15,60.7,sensitive,maize,11,38.0,0.0,loam,late,110,hose_reel,farm_reservoir,24.8,1
farm_4,farm_4_field_3,2025-08-16,58.1,sensitive,maize,12,38.0,0.0,loam,late,111,hose_reel,farm_reservoir,24.8,1
farm_4,farm_4_field_3,2025-08-17,57.0,sensitive,maize,13,38.0,0.0,loam,late,112,hose_reel,farm_reservoir,24.8,1
farm_4,farm_4_field_3,2025-08-18,50.6,sensitive,maize,14,38.0,0.0,loam,late,113,hose_reel,farm_reservoir,24.8,1
farm_4,farm_4_field_3,2025-08-19,46.2,sensitive,maize,15,38.0,0.3,loam,late,114,hose_reel,farm_reservoir,24.8,1
farm_4,farm_4_field_3,2025-08-20,43.5,sensitive,maize,16,38.0,0.0,loam,late,115,hose_reel,farm_reservoir,24.8,2
farm_4,farm_4_field_3,2025-08-21,71.9,sensitive,maize,1,40.0,0.4,loam,late,116,hose_reel,farm_reservoir,24.8,0
farm_4,farm_4_field_3,2025-08-22,60.8,sensitive,maize,2,40.0,0.3,loam,late,117,hose_reel,farm_reservoir,24.8,0
farm_4,farm_4_field_3,2025-08-23,,sensitive,maize,3,40.0,0.0,loam,late,118,hose_reel,farm_reservoir,24.8,0
farm_4,farm_4_field_3,2025-08-24,61.6,sensitive,maize,4,40.0,0.0,loam,late,119,hose_reel,farm_reservoir,24.8,0
farm_4,farm_4_field_3,2025-08-25,58.4,sensitive,maize,5,40.0,0.2,loam,late,120,hose_reel,farm_reservoir,24.8,1
farm_4,farm_4_field_3,2025-08-26,84.1,sensitive,maize,1,39.1,0.6,loam,late,121,hose_reel,farm_reservoir,24.8,0
farm_4,farm_4_field_3,2025-08-27,78.4,sensitive,maize,2,39.1,0.0,loam,late,122,hose_reel,farm_reservoir,24.8,0
farm_4,farm_4_field_3,2025-08-28,74.8,sensitive,maize,3,39.1,19.6,loam,late,123,hose_reel,farm_reservoir,24.8,0
farm_4,farm_4_field_3,2025-08-29,,sensitive,maize,4,39.1,0.0,loam,late,124,hose_reel,farm_reservoir,24.8,0
farm_4,farm_4_field_3,2025-08-30,86.3,sensitive,maize,5,39.1,0.0,loam,late,125,hose_reel,farm_reservoir,24.8,0
farm_4,farm_4_field_3,2025-08-31,83.2,sensitive,maize,6,39.1,0.0,loam,late,126,hose_reel,farm_reservoir,24.8,0
farm_4,farm_4_field_3,2025-09-01,73.6,sensitive,maize,7,39.1,0.0,loam,late,127,hose_reel,farm_reservoir,24.8,0
farm_4,farm_4_field_3,2025-09-02,73.7,sensitive,maize,8,39.1,0.0,loam,late,128,hose_reel,farm_reservoir,24.8,0
farm_4,farm_4_field_3,2025-09-03,73.7,sensitive,maize,9,39.1,0.0,loam,late,129,hose_reel,farm_reservoir,24.8,0
farm_4,farm_4_field_3,2025-09-04,73.7,sensitive,maize,10,39.1,0.0,loam,late,130,hose_reel,farm_reservoir,24.8,0
farm_4,farm_4_field_3,2025-09-05,73.7,sensitive,maize,11,39.1,0.2,loam,late,131,hose_reel,farm_reservoir,24.8,0
farm_4,farm_4_field_3,2025-09-06,73.7,sensitive,maize,12,39.1,0.0,loam,late,132,hose_reel,farm_reservoir,24.8,0
farm_4,farm_4_field_3,2025-09-07,63.7,sensitive,maize,13,39.1,0.6,loam,late,133,hose_reel,farm_reservoir,24.8,0
farm_4,farm_4_field_3,2025-09-08,61.6,sensitive,maize,14,39.1,0.0,loam,late,134,hose_reel,farm_reservoir,24.8,0
farm_4,farm_4_field_3,2025-09-09,59.1,sensitive,maize,15,39.1,1.1,loam,late,135,hose_reel,farm_reservoir,24.8,1
farm_4,farm_4_field_3,2025-09-10,49.7,sensitive,maize,16,39.1,0.0,loam,late,136,hose_reel,farm_reservoir,24.8,1
farm_4,farm_4_field_3,2025-09-11,56.4,late,maize,17,39.1,0.0,loam,late,137,hose_reel,farm_reservoir,24.8,0
farm_4,farm_4_field_3,2025-09-12,49.4,late,maize,18,39.1,0.7,loam,late,138,hose_reel,farm_reservoir,24.8,0
farm_4,farm_4_field_3,2025-09-13,50.6,late,maize,19,39.1,0.0,loam,late,139,hose_reel,farm_reservoir,24.8,0
farm_4,farm_4_field_3,2025-09-14,53.4,late,maize,20,39.1,1.8,loam,late,140,hose_reel,farm_reservoir,24.8,0
farm_4,farm_4_field_3,2025-09-15,51.0,late,maize,21,39.1,0.0,loam,late,141,hose_reel,farm_reservoir,24.8,0
farm_4,farm_4_field_3,2025-09-16,49.5,late,maize,22,39.1,5.5,loam,late,142,hose_reel,farm_reservoir,24.8,0
farm_4,farm_4_field_3,2025-09-17,50.4,late,maize,23,39.1,2.1,loam,late,143,hose_reel,farm_reservoir,24.8,0
farm_4,farm_4_field_3,2025-09-18,54.7,late,maize,24,39.1,0.0,loam,late,144,hose_reel,farm_reservoir,24.8,0
farm_4,farm_4_field_3,2025-09-19,57.3,late,maize,25,39.1,0.1,loam,late,145,hose_reel,farm_reservoir,24.8,0
farm_4,farm_4_field_3,2025-09-20,49.9,late,maize,26,39.1,0.0,loam,late,146,hose_reel,farm_reservoir,24.8,0
farm_4,farm_4_field_3,2025-09-21,51.4,late,maize,27,39.1,0.3,loam,late,147,hose_reel,farm_reservoir,24.8,0
farm_4,farm_4_field_3,2025-09-22,49.7,late,maize,28,39.1,0.0,loam,late,148,hose_reel,farm_reservoir,24.8,0
farm_4,farm_4_field_3,2025-09-23,46.7,late,maize,29,39.1,0.4,loam,late,149,hose_reel,farm_reservoir,24.8,0
farm_4,farm_4_field_3,2025-09-24,48.4,late,maize,30,39.1,0.0,loam,late,150,hose_reel,farm_reservoir,24.8,0
farm_4,farm_4_field_3,2025-09-25,43.4,late,maize,31,39.1,0.0,loam,late,151,hose_reel,farm_reservoir,24.8,0
farm_4,farm_4_field_3,2025-09-26,41.9,late,maize,32,39.1,0.1,loam,late,152,hose_reel,farm_reservoir,24.8,0
farm_4,farm_4_field_3,2025-09-27,43.3,late,maize,33,39.1,0.2,loam,late,153,hose_reel,farm_reservoir,24.8,0
farm_4,farm_4_field_3,2025-09-28,43.8,late,maize,34,39.1,0.0,loam,late,154,hose_reel,farm_reservoir,24.8,0
farm_4,farm_4_field_3,2025-09-29,42.1,late,maize,35,39.1,0.0,loam,late,155,hose_reel,farm_reservoir,24.8,0
farm_4,farm_4_field_3,2025-09-30,36.7,late,maize,36,39.1,0.9,loam,late,156,hose_reel,farm_reservoir,24.8,0
farm_4,farm_4_field_3,2026-04-27,62.7,initial,maize,0,0.0,0.2,loam,late,0,hose_reel,farm_reservoir,24.8,0
farm_4,farm_4_field_3,2026-04-28,58.0,initial,maize,1,0.0,0.4,loam,late,1,hose_reel,farm_reservoir,24.8,0
farm_4,farm_4_field_3,2026-04-29,62.1,initial,maize,2,0.0,0.0,loam,late,2,hose_reel,farm_reservoir,24.8,0
farm_4,farm_4_field_3,2026-04-30,55.4,initial,maize,3,0.0,0.0,loam,late,3,hose_reel,farm_reservoir,24.8,0
farm_4,farm_4_field_3,2026-05-01,56.2,initial,maize,4,0.0,0.8,loam,late,4,hose_reel,farm_reservoir,24.8,0
farm_4,farm_4_field_3,2026-05-02,57.9,initial,maize,5,0.0,0.2,loam,late,5,hose_reel,farm_reservoir,24.8,0
farm_4,farm_4_field_3,2026-05-03,62.3,initial,maize,6,0.0,10.9,loam,late,6,hose_reel,farm_reservoir,24.8,0
farm_4,farm_4_field_3,2026-05-04,66.3,initial,maize,7,0.0,0.0,loam,late,7,hose_reel,farm_reservoir,24.8,0
farm_4,farm_4_field_3,2026-05-05,64.6,initial,maize,8,0.0,6.2,loam,late,8,hose_reel,farm_reservoir,24.8,0
farm_4,farm_4_field_3,2026-05-06,70.9,initial,maize,9,0.0,0.0,loam,late,9,hose_reel,farm_reservoir,24.8,0
farm_4,farm_4_field_3,2026-05-07,65.4,initial,maize,10,0.0,8.7,loam,late,10,hose_reel,farm_reservoir,24.8,0
farm_4,farm_4_field_3,2026-05-08,73.5,initial,maize,11,0.0,0.0,loam,late,11,hose_reel,farm_reservoir,24.8,0
farm_4,farm_4_field_3,2026-05-09,73.3,initial,maize,12,0.0,0.0,loam,late,12,hose_reel,farm_reservoir,24.8,0
farm_4,farm_4_field_3,2026-05-10,68.1,initial,maize,13,0.0,0.0,loam,late,13,hose_reel,farm_reservoir,24.8,0
farm_4,farm_4_field_3,2026-05-11,77.2,initial,maize,14,0.0,0.0,loam,late,14,hose_reel,farm_reservoir,24.8,0
farm_4,farm_4_field_3,2026-05-12,,initial,maize,15,0.0,0.0,loam,late,15,hose_reel,farm_reservoir,24.8,0
farm_4,farm_4_field_3,2026-05-13,70.1,initial,maize,16,0.0,2.8,loam,late,16,hose_reel,farm_reservoir,24.8,0
farm_4,farm_4_field_3,2026-05-14,74.2,initial,maize,17,0.0,0.0,loam,late,17,hose_reel,farm_reservoir,24.8,0
farm_4,farm_4_field_3,2026-05-15,69.5,initial,maize,18,0.0,0.0,loam,late,18,hose_reel,farm_reservoir,24.8,0
farm_4,farm_4_field_3,2026-05-16,71.5,initial,maize,19,0.0,0.0,loam,late,19,hose_reel,farm_reservoir,24.8,0
farm_4,farm_4_field_3,2026-05-17,71.5,initial,maize,20,0.0,0.5,loam,late,20,hose_reel,farm_reservoir,24.8,0
farm_4,farm_4_field_3,2026-05-18,71.9,initial,maize,21,0.0,0.0,loam,late,21,hose_reel,farm_reservoir,24.8,0
farm_4,farm_4_field_3,2026-05-19,71.5,initial,maize,22,0.0,0.0,loam,late,22,hose_reel,farm_reservoir,24.8,0
farm_4,farm_4_field_3,2026-05-20,68.4,initial,maize,23,0.0,0.6,loam,late,23,hose_reel,farm_reservoir,24.8,0
farm_4,farm_4_field_3,2026-05-21,70.3,initial,maize,24,0.0,16.9,loam,late,24,hose_reel,farm_reservoir,24.8,0
farm_4,farm_4_field_3,2026-05-22,70.3,initial,maize,25,0.0,5.9,loam,late,25,hose_reel,farm_reservoir,24.8,0
farm_4,farm_4_field_3,2026-05-23,70.3,initial,maize,26,0.0,0.0,loam,late,26,hose_reel,farm_reservoir,24.8,0
farm_4,farm_4_field_3,2026-05-24,70.3,initial,maize,27,0.0,0.1,loam,late,27,hose_reel,farm_reservoir,24.8,0
farm_4,farm_4_field_3,2026-05-25,70.3,initial,maize,28,0.0,0.0,loam,late,28,hose_reel,farm_reservoir,24.8,0
farm_4,farm_4_field_3,2026-05-26,70.3,initial,maize,29,0.0,0.0,loam,late,29,hose_reel,farm_reservoir,24.8,0
farm_4,farm_4_field_3,2026-05-27,70.3,initial,maize,30,0.0,0.3,loam,late,30,hose_reel,farm_reservoir,24.8,0
farm_4,farm_4_field_3,2026-05-28,70.3,initial,maize,31,0.0,0.0,loam,late,31,hose_reel,farm_reservoir,24.8,0
farm_4,farm_4_field_3,2026-05-29,70.3,initial,maize,32,0.0,0.0,loam,late,32,hose_reel,farm_reservoir,24.8,0
farm_4,farm_4_field_3,2026-05-30,82.1,initial,maize,33,0.0,0.0,loam,late,33,hose_reel,farm_reservoir,24.8,0
farm_4,farm_4_field_3,2026-05-31,75.6,development,maize,34,0.0,0.0,loam,late,34,hose_reel,farm_reservoir,24.8,0
farm_4,farm_4_field_3,2026-06-01,71.3,development,maize,35,0.0,0.4,loam,late,35,hose_reel,farm_reservoir,24.8,0
farm_4,farm_4_field_3,2026-06-02,76.4,development,maize,36,0.0,0.0,loam,late,36,hose_reel,farm_reservoir,24.8,0
farm_4,farm_4_field_3,2026-06-03,80.0,development,maize,37,0.0,0.0,loam,late,37,hose_reel,farm_reservoir,24.8,0
farm_4,farm_4_field_3,2026-06-04,78.7,development,maize,38,0.0,0.0,loam,late,38,hose_reel,farm_reservoir,24.8,0
farm_4,farm_4_field_3,2026-06-05,74.5,development,maize,39,0.0,0.2,loam,late,39,hose_reel,farm_reservoir,24.8,0
farm_4,farm_4_field_3,2026-06-06,69.5,development,maize,40,0.0,4.8,loam,late,40,hose_reel,farm_reservoir,24.8,0
farm_4,farm_4_field_3,2026-06-07,69.8,development,maize,41,0.0,0.0,loam,late,41,hose_reel,farm_reservoir,24.8,0
farm_4,farm_4_field_3,2026-06-08,68.3,development,maize,42,0.0,0.0,loam,late,42,hose_reel,farm_reservoir,24.8,0
farm_4,farm_4_field_3,2026-06-09,65.6,development,maize,43,0.0,0.2,loam,late,43,hose_reel,farm_reservoir,24.8,0
farm_4,farm_4_field_3,2026-06-10,64.0,development,maize,44,0.0,0.4,loam,late,44,hose_reel,farm_reservoir,24.8,0
farm_4,farm_4_field_3,2026-06-11,62.7,development,maize,45,0.0,0.0,loam,late,45,hose_reel,farm_reservoir,24.8,0
farm_4,farm_4_field_3,2026-06-12,54.2,development,maize,46,0.0,0.0,loam,late,46,hose_reel,farm_reservoir,24.8,0
farm_4,farm_4_field_3,2026-06-13,59.1,development,maize,47,0.0,1.1,loam,late,47,hose_reel,farm_reservoir,24.8,0
farm_4,farm_4_field_3,2026-06-14,57.3,development,maize,48,0.0,0.1,loam,late,48,hose_reel,farm_reservoir,24.8,0
farm_4,farm_4_field_3,2026-06-15,50.6,development,maize,49,0.0,0.0,loam,late,49,hose_reel,farm_reservoir,24.8,0
farm_4,farm_4_field_3,2026-06-16,45.2,development,maize,50,0.0,0.3,loam,late,50,hose_reel,farm_reservoir,24.8,1
farm_4,farm_4_field_3,2026-06-17,47.2,development,maize,51,0.0,0.0,loam,late,51,hose_reel,farm_reservoir,24.8,1
farm_4,farm_4_field_3,2026-06-18,46.5,development,maize,52,0.0,0.5,loam,late,52,hose_reel,farm_reservoir,24.8,1
farm_4,farm_4_field_3,2026-06-19,33.3,development,maize,53,0.0,0.6,loam,late,53,hose_reel,farm_reservoir,24.8,1
farm_4,farm_4_field_3,2026-06-20,41.9,development,maize,54,0.0,0.1,loam,late,54,hose_reel,farm_reservoir,24.8,1
farm_4,farm_4_field_3,2026-06-21,36.6,development,maize,55,0.0,0.0,loam,late,55,hose_reel,farm_reservoir,24.8,2
farm_4,farm_4_field_3,2026-06-22,54.0,development,maize,1,40.0,0.1,loam,late,56,hose_reel,farm_reservoir,24.8,0
farm_4,farm_4_field_3,2026-06-23,62.1,development,maize,2,40.0,0.0,loam,late,57,hose_reel,farm_reservoir,24.8,0
farm_4,farm_4_field_3,2026-06-24,52.7,development,maize,3,40.0,0.2,loam,late,58,hose_reel,farm_reservoir,24.8,0
farm_4,farm_4_field_3,2026-06-25,53.8,development,maize,4,40.0,1.2,loam,late,59,hose_reel,farm_reservoir,24.8,0
farm_4,farm_4_field_3,2026-06-26,46.5,development,maize,5,40.0,0.2,loam,late,60,hose_reel,farm_reservoir,24.8,1
farm_4,farm_4_field_3,2026-06-27,77.4,development,maize,1,40.0,0.1,loam,late,61,hose_reel,farm_reservoir,24.8,0
farm_4,farm_4_field_3,2026-06-28,70.8,development,maize,2,40.0,0.0,loam,late,62,hose_reel,farm_reservoir,24.8,0
farm_4,farm_4_field_3,2026-06-29,68.3,development,maize,3,40.0,0.2,loam,late,63,hose_reel,farm_reservoir,24.8,0
farm_4,farm_4_field_3,2026-06-30,71.7,development,maize,4,40.0,0.9,loam,late,64,hose_reel,farm_reservoir,24.8,0
farm_4,farm_4_field_3,2026-07-01,61.9,development,maize,5,40.0,0.0,loam,late,65,hose_reel,farm_reservoir,24.8,0
farm_4,farm_4_field_3,2026-07-02,55.0,development,maize,6,40.0,0.0,loam,late,66,hose_reel,farm_reservoir,24.8,0
farm_4,farm_4_field_3,2026-07-03,57.0,development,maize,7,40.0,0.0,loam,late,67,hose_reel,farm_reservoir,24.8,0
farm_4,farm_4_field_3,2026-07-04,53.1,development,maize,8,40.0,0.0,loam,late,68,hose_reel,farm_reservoir,24.8,0
farm_4,farm_4_field_3,2026-07-05,43.9,development,maize,9,40.0,0.0,loam,late,69,hose_reel,farm_reservoir,24.8,1
farm_4,farm_4_field_3,2026-07-06,46.2,development,maize,10,40.0,0.1,loam,late,70,hose_reel,farm_reservoir,24.8,1
farm_4,farm_4_field_3,2026-07-07,43.8,development,maize,11,40.0,0.0,loam,late,71,hose_reel,farm_reservoir,24.8,1
farm_4,farm_4_field_3,2026-07-08,65.2,development,maize,1,40.0,0.0,loam,late,72,hose_reel,farm_reservoir,24.8,0
farm_4,farm_4_field_3,2026-07-09,64.1,development,maize,2,40.0,0.0,loam,late,73,hose_reel,farm_reservoir,24.8,0
farm_4,farm_4_field_3,2026-07-10,63.7,development,maize,3,40.0,0.0,loam,late,74,hose_reel,farm_reservoir,24.8,0
farm_4,farm_4_field_3,2026-07-11,55.8,development,maize,4,40.0,0.2,loam,late,75,hose_reel,farm_reservoir,24.8,0
farm_4,farm_4_field_3,2026-07-12,58.9,development,maize,5,40.0,0.0,loam,late,76,hose_reel,farm_reservoir,24.8,0
farm_4,farm_4_field_3,2026-07-13,55.4,development,maize,6,40.0,0.0,loam,late,77,hose_reel,farm_reservoir,24.8,0
farm_4,farm_4_field_3,2026-07-14,47.5,development,maize,7,40.0,0.9,loam,late,78,hose_reel,farm_reservoir,24.8,0
farm_4,farm_4_field_3,2026-07-15,49.9,development,maize,8,40.0,0.0,loam,late,79,hose_reel,farm_reservoir,24.8,1
farm_4,farm_4_field_3,2026-07-16,42.6,sensitive,maize,9,40.0,0.0,loam,late,80,hose_reel,farm_reservoir,24.8,2
farm_4,farm_4_field_3,2026-07-17,70.9,sensitive,maize,1,40.0,0.5,loam,late,81,hose_reel,farm_reservoir,24.8,0
farm_4,farm_4_field_3,2026-07-18,64.8,sensitive,maize,2,40.0,0.0,loam,late,82,hose_reel,farm_reservoir,24.8,0
farm_4,farm_4_field_3,2026-07-19,62.3,sensitive,maize,3,40.0,0.0,loam,late,83,hose_reel,farm_reservoir,24.8,1
farm_4,farm_4_field_3,2026-07-20,83.7,sensitive,maize,1,35.9,0.0,loam,late,84,hose_reel,farm_reservoir,24.8,0
farm_4,farm_4_field_3,2026-07-21,77.8,sensitive,maize,2,35.9,0.0,loam,late,85,hose_reel,farm_reservoir,24.8,0
farm_4,farm_4_field_3,2026-07-22,68.5,sensitive,maize,3,35.9,0.0,loam,late,86,hose_reel,farm_reservoir,24.8,0
farm_4,farm_4_field_3,2026-07-23,65.4,sensitive,maize,4,35.9,0.1,loam,late,87,hose_reel,farm_reservoir,24.8,0
farm_4,farm_4_field_3,2026-07-24,66.7,sensitive,maize,5,35.9,0.0,loam,late,88,hose_reel,farm_reservoir,24.8,0
farm_4,farm_4_field_3,2026-07-25,60.9,sensitive,maize,6,35.9,0.2,loam,late,89,hose_reel,farm_reservoir,24.8,1
farm_4,farm_4_field_3,2026-07-26,79.5,sensitive,maize,1,38.8,0.0,loam,late,90,hose_reel,farm_reservoir,24.8,0
farm_4,farm_4_field_3,2026-07-27,78.5,sensitive,maize,2,38.8,0.0,loam,late,91,hose_reel,farm_reservoir,24.8,0
farm_4,farm_4_field_3,2026-07-28,67.6,sensitive,maize,3,38.8,0.9,loam,late,92,hose_reel,farm_reservoir,24.8,0
farm_4,farm_4_field_3,2026-07-29,69.1,sensitive,maize,4,38.8,0.3,loam,late,93,hose_reel,farm_reservoir,24.8,0
farm_4,farm_4_field_3,2026-07-30,67.0,sensitive,maize,5,38.8,0.2,loam,late,94,hose_reel,farm_reservoir,24.8,0
farm_4,farm_4_field_3,2026-07-31,60.8,sensitive,maize,6,38.8,8.9,loam,late,95,hose_reel,farm_reservoir,24.8,0
farm_4,farm_4_field_3,2026-08-01,64.0,sensitive,maize,7,38.8,0.0,loam,late,96,hose_reel,farm_reservoir,24.8,0
farm_4,farm_4_field_3,2026-08-02,55.7,sensitive,maize,8,38.8,1.0,loam,late,97,hose_reel,farm_reservoir,24.8,1
farm_4,farm_4_field_3,2026-08-03,53.1,sensitive,maize,9,38.8,9.5,loam,late,98,hose_reel,farm_reservoir,24.8,1
farm_4,farm_4_field_3,2026-08-04,54.3,sensitive,maize,10,38.8,0.0,loam,late,99,hose_reel,farm_reservoir,24.8,1
farm_4,farm_4_field_3,2026-08-05,51.7,sensitive,maize,11,38.8,0.0,loam,late,100,hose_reel,farm_reservoir,24.8,1
farm_4,farm_4_field_3,2026-08-06,48.1,sensitive,maize,12,38.8,0.0,loam,late,101,hose_reel,farm_reservoir,24.8,1
farm_4,farm_4_field_3,2026-08-07,46.7,sensitive,maize,13,38.8,0.0,loam,late,102,hose_reel,farm_reservoir,24.8,2
farm_4,farm_4_field_3,2026-08-08,66.8,sensitive,maize,1,40.0,0.0,loam,late,103,hose_reel,farm_reservoir,24.8,0
farm_4,farm_4_field_3,2026-08-09,66.8,sensitive,maize,2,40.0,0.0,loam,late,104,hose_reel,farm_reservoir,24.8,0
farm_4,farm_4_field_3,2026-08-10,56.7,sensitive,maize,3,40.0,2.4,loam,late,105,hose_reel,farm_reservoir,24.8,0
farm_4,farm_4_field_3,2026-08-11,62.5,sensitive,maize,4,40.0,0.0,loam,late,106,hose_reel,farm_reservoir,24.8,1
farm_4,farm_4_field_3,2026-08-12,50.2,sensitive,maize,5,40.0,0.0,loam,late,107,hose_reel,farm_reservoir,24.8,1
farm_4,farm_4_field_3,2026-08-13,50.0,sensitive,maize,6,40.0,0.0,loam,late,108,hose_reel,farm_reservoir,24.8,1
farm_4,farm_4_field_3,2026-08-14,78.2,sensitive,maize,1,40.0,0.0,loam,late,109,hose_reel,farm_reservoir,24.8,0
farm_4,farm_4_field_3,2026-08-15,76.0,sensitive,maize,2,40.0,0.0,loam,late,110,hose_reel,farm_reservoir,24.8,0
farm_4,farm_4_field_3,2026-08-16,71.5,sensitive,maize,3,40.0,0.5,loam,late,111,hose_reel,farm_reservoir,24.8,0
farm_4,farm_4_field_3,2026-08-17,65.1,sensitive,maize,4,40.0,0.0,loam,late,112,hose_reel,farm_reservoir,24.8,0
farm_4,farm_4_field_3,2026-08-18,61.0,sensitive,maize,5,40.0,0.0,loam,late,113,hose_reel,farm_reservoir,24.8,1
farm_4,farm_4_field_3,2026-08-19,52.3,sensitive,maize,6,40.0,0.0,loam,late,114,hose_reel,farm_reservoir,24.8,1
farm_4,farm_4_field_3,2026-08-20,81.9,sensitive,maize,1,40.0,3.2,loam,late,115,hose_reel,farm_reservoir,24.8,0
farm_4,farm_4_field_3,2026-08-21,79.2,sensitive,maize,2,40.0,0.2,loam,late,116,hose_reel,farm_reservoir,24.8,0
farm_4,farm_4_field_3,2026-08-22,81.4,sensitive,maize,3,40.0,0.0,loam,late,117,hose_reel,farm_reservoir,24.8,0
farm_4,farm_4_field_3,2026-08-23,69.8,sensitive,maize,4,40.0,0.0,loam,late,118,hose_reel,farm_reservoir,24.8,0
farm_4,farm_4_field_3,2026-08-24,74.2,sensitive,maize,5,40.0,0.0,loam,late,119,hose_reel,farm_reservoir,24.8,0
farm_4,farm_4_field_3,2026-08-25,69.7,sensitive,maize,6,40.0,0.0,loam,late,120,hose_reel,farm_reservoir,24.8,0
farm_4,farm_4_field_3,2026-08-26,70.9,sensitive,maize,7,40.0,0.0,loam,late,121,hose_reel,farm_reservoir,24.8,0
farm_4,farm_4_field_3,2026-08-27,65.9,sensitive,maize,8,40.0,0.0,loam,late,122,hose_reel,farm_reservoir,24.8,0
farm_4,farm_4_field_3,2026-08-28,60.6,sensitive,maize,9,40.0,3.5,loam,late,123,hose_reel,farm_reservoir,24.8,1
farm_4,farm_4_field_3,2026-08-29,65.1,sensitive,maize,10,40.0,0.2,loam,late,124,hose_reel,farm_reservoir,24.8,1
farm_4,farm_4_field_3,2026-08-30,53.8,sensitive,maize,11,40.0,0.0,loam,late,125,hose_reel,farm_reservoir,24.8,1
farm_4,farm_4_field_3,2026-08-31,81.3,sensitive,maize,1,40.0,0.0,loam,late,126,hose_reel,farm_reservoir,24.8,0
farm_4,farm_4_field_3,2026-09-01,77.2,sensitive,maize,2,40.0,0.0,loam,late,127,hose_reel,farm_reservoir,24.8,0
farm_4,farm_4_field_3,2026-09-02,77.6,sensitive,maize,3,40.0,0.3,loam,late,128,hose_reel,farm_reservoir,24.8,0
farm_4,farm_4_field_3,2026-09-03,76.2,sensitive,maize,4,40.0,0.6,loam,late,129,hose_reel,farm_reservoir,24.8,0
farm_4,farm_4_field_3,2026-09-04,61.3,sensitive,maize,5,40.0,0.3,loam,late,130,hose_reel,farm_reservoir,24.8,0
farm_4,farm_4_field_3,2026-09-05,69.8,sensitive,maize,6,40.0,0.1,loam,late,131,hose_reel,farm_reservoir,24.8,0
farm_4,farm_4_field_3,2026-09-06,64.9,sensitive,maize,7,40.0,0.0,loam,late,132,hose_reel,farm_reservoir,24.8,0
farm_4,farm_4_field_3,2026-09-07,62.4,sensitive,maize,8,40.0,0.7,loam,late,133,hose_reel,farm_reservoir,24.8,0
farm_4,farm_4_field_3,2026-09-08,64.3,sensitive,maize,9,40.0,0.0,loam,late,134,hose_reel,farm_reservoir,24.8,0
farm_4,farm_4_field_3,2026-09-09,58.3,sensitive,maize,10,40.0,0.0,loam,late,135,hose_reel,farm_reservoir,24.8,1
farm_4,farm_4_field_3,2026-09-10,57.2,sensitive,maize,11,40.0,0.0,loam,late,136,hose_reel,farm_reservoir,24.8,1
farm_4,farm_4_field_3,2026-09-11,,late,maize,12,40.0,0.0,loam,late,137,hose_reel,farm_reservoir,24.8,0
farm_4,farm_4_field_3,2026-09-12,54.3,late,maize,13,40.0,0.9,loam,late,138,hose_reel,farm_reservoir,24.8,0
farm_4,farm_4_field_3,2026-09-13,56.3,late,maize,14,40.0,0.0,loam,late,139,hose_reel,farm_reservoir,24.8,0
farm_4,farm_4_field_3,2026-09-14,51.7,late,maize,15,40.0,0.3,loam,late,140,hose_reel,farm_reservoir,24.8,0
farm_4,farm_4_field_3,2026-09-15,46.3,late,maize,16,40.0,0.0,loam,late,141,hose_reel,farm_reservoir,24.8,0
farm_4,farm_4_field_3,2026-09-16,50.1,late,maize,17,40.0,0.0,loam,late,142,hose_reel,farm_reservoir,24.8,0
farm_4,farm_4_field_3,2026-09-17,48.9,late,maize,18,40.0,0.0,loam,late,143,hose_reel,farm_reservoir,24.8,0
farm_4,farm_4_field_3,2026-09-18,46.8,late,maize,19,40.0,0.5,loam,late,144,hose_reel,farm_reservoir,24.8,0
farm_4,farm_4_field_3,2026-09-19,36.4,late,maize,20,40.0,0.0,loam,late,145,hose_reel,farm_reservoir,24.8,0
farm_4,farm_4_field_3,2026-09-20,41.9,late,maize,21,40.0,0.2,loam,late,146,hose_reel,farm_reservoir,24.8,0
farm_4,farm_4_field_3,2026-09-21,41.0,late,maize,22,40.0,0.0,loam,late,147,hose_reel,farm_reservoir,24.8,0
farm_4,farm_4_field_3,2026-09-22,43.5,late,maize,23,40.0,0.1,loam,late,148,hose_reel,farm_reservoir,24.8,1
farm_4,farm_4_field_3,2026-09-23,35.0,late,maize,24,40.0,0.0,loam,late,149,hose_reel,farm_reservoir,24.8,1
farm_4,farm_4_field_3,2026-09-24,39.9,late,maize,25,40.0,0.4,loam,late,150,hose_reel,farm_reservoir,24.8,1
farm_4,farm_4_field_3,2026-09-25,33.1,late,maize,26,40.0,0.0,loam,late,151,hose_reel,farm_reservoir,24.8,1
farm_4,farm_4_field_3,2026-09-26,58.4,late,maize,1,40.0,0.0,loam,late,152,hose_reel,farm_reservoir,24.8,0
farm_4,farm_4_field_3,2026-09-27,63.6,late,maize,2,40.0,2.7,loam,late,153,hose_reel,farm_reservoir,24.8,0
farm_4,farm_4_field_3,2026-09-28,63.8,late,maize,3,40.0,0.4,loam,late,154,hose_reel,farm_reservoir,24.8,0
farm_4,farm_4_field_3,2026-09-29,67.6,late,maize,4,40.0,0.6,loam,late,155,hose_reel,farm_reservoir,24.8,0
farm_4,farm_4_field_3,2026-09-30,61.6,late,maize,5,40.0,0.0,loam,late,156,hose_reel,farm_reservoir,24.8,0
