farm_id,field_id,date,soil_moisture_pct_nfk,growth_stage,crop_type,days_since_last_irrigation,previous_irrigation_mm,onfarm_rain_gauge_mm,soil_type,crop_variety_maturity,days_after_planting,irrigation_type,water_source,field_area_ha,irrigation_need
farm_10,farm_10_field_1,2025-04-18,62.0,initial,potato,0,0.0,0.8,sand,medium,0,pivot,irrigation_canal,22.0,0
farm_10,farm_10_field_1,2025-04-19,61.8,initial,potato,1,0.0,0.0,sand,medium,1,pivot,irrigation_canal,22.0,0
farm_10,farm_10_field_1,2025-04-20,,initial,potato,2,0.0,0.5,sand,medium,2,pivot,irrigation_canal,22.0,0
farm_10,farm_10_field_1,2025-04-21,65.1,initial,potato,3,0.0,0.0,sand,medium,3,pivot,irrigation_canal,22.0,0
farm_10,farm_10_field_1,2025-04-22,56.0,initial,potato,4,0.0,3.5,sand,medium,4,pivot,irrigation_canal,22.0,0
farm_10,farm_10_field_1,2025-04-23,66.1,initial,potato,5,0.0,0.4,sand,medium,5,pivot,irrigation_canal,22.0,0
farm_10,farm_10_field_1,2025-04-24,61.9,initial,potato,6,0.0,0.2,sand,medium,6,pivot,irrigation_canal,22.0,0
farm_10,farm_10_field_1,2025-04-25,63.0,initial,potato,7,0.0,0.8,sand,medium,7,pivot,irrigation_canal,22.0,0
farm_10,farm_10_field_1,2025-04-26,57.2,initial,potato,8,0.0,0.0,sand,medium,8,pivot,irrigation_canal,22.0,0
farm_10,farm_10_field_1,2025-04-27,54.7,initial,potato,9,0.0,4.2,sand,medium,9,pivot,irrigation_canal,22.0,0
farm_10,farm_10_field_1,2025-04-28,57.5,initial,potato,10,0.0,0.2,sand,medium,10,pivot,irrigation_canal,22.0,0
farm_10,farm_10_field_1,2025-04-29,62.0,initial,potato,11,0.0,0.0,sand,medium,11,pivot,irrigation_canal,22.0,0
farm_10,farm_10_field_1,2025-04-30,62.4,initial,potato,12,0.0,1.3,sand,medium,12,pivot,irrigation_canal,22.0,0
farm_10,farm_10_field_1,2025-05-01,58.0,initial,potato,13,0.0,0.0,sand,medium,13,pivot,irrigation_canal,22.0,0
farm_10,farm_10_field_1,2025-05-02,55.8,initial,potato,14,0.0,0.1,sand,medium,14,pivot,irrigation_canal,22.0,1
farm_10,farm_10_field_1,2025-05-03,50.2,initial,potato,15,0.0,2.1,sand,medium,15,pivot,irrigation_canal,22.0,1
farm_10,farm_10_field_1,2025-05-04,58.2,initial,potato,16,0.0,0.0,sand,medium,16,pivot,irrigation_canal,22.0,1
farm_10,farm_10_field_1,2025-05-05,58.5,initial,potato,17,0.0,0.2,sand,medium,17,pivot,irrigation_canal,22.0,1
farm_10,farm_10_field_1,2025-05-06,53.1,initial,potato,18,0.0,1.0,sand,medium,18,pivot,irrigation_canal,22.0,1
farm_10,farm_10_field_1,2025-05-07,52.5,initial,potato,19,0.0,0.0,sand,medium,19,pivot,irrigation_canal,22.0,1
farm_10,farm_10_field_1,2025-05-08,48.1,initial,potato,20,0.0,0.0,sand,medium,20,pivot,irrigation_canal,22.0,1
farm_10,farm_10_field_1,2025-05-09,49.3,initial,potato,21,0.0,0.7,sand,medium,21,pivot,irrigation_canal,22.0,1
farm_10,farm_10_field_1,2025-05-10,46.9,initial,potato,22,0.0,0.1,sand,medium,22,pivot,irrigation_canal,22.0,1
farm_10,farm_10_field_1,2025-05-11,46.8,initial,potato,23,0.0,0.2,sand,medium,23,pivot,irrigation_canal,22.0,1
farm_10,farm_10_field_1,2025-05-12,39.6,initial,potato,24,0.0,0.0,sand,medium,24,pivot,irrigation_canal,22.0,1
farm_10,farm_10_field_1,2025-05-13,40.0,development,potato,25,0.0,0.5,sand,medium,25,pivot,irrigation_canal,22.0,2
farm_10,farm_10_field_1,2025-05-14,79.0,development,potato,1,30.0,0.0,sand,medium,26,pivot,irrigation_canal,22.0,0
farm_10,farm_10_field_1,2025-05-15,78.5,development,potato,2,30.0,0.1,sand,medium,27,pivot,irrigation_canal,22.0,0
farm_10,farm_10_field_1,2025-05-16,78.5,development,potato,3,30.0,0.0,sand,medium,28,pivot,irrigation_canal,22.0,0
farm_10,farm_10_field_1,2025-05-17,78.5,development,potato,4,30.0,5.9,sand,medium,29,pivot,irrigation_canal,22.0,0
farm_10,farm_10_field_1,2025-05-18,78.5,development,potato,5,30.0,0.0,sand,medium,30,pivot,irrigation_canal,22.0,0
farm_10,farm_10_field_1,2025-05-19,78.5,development,potato,6,30.0,6.9,sand,medium,31,pivot,irrigation_canal,22.0,0
farm_10,farm_10_field_1,2025-05-20,78.5,development,potato,7,30.0,0.0,sand,medium,32,pivot,irrigation_canal,22.0,0
farm_10,farm_10_field_1,2025-05-21,78.5,development,potato,8,30.0,4.8,sand,medium,33,pivot,irrigation_canal,22.0,0
farm_10,farm_10_field_1,2025-05-22,78.5,development,potato,9,30.0,0.0,sand,medium,34,pivot,irrigation_canal,22.0,0
farm_10,farm_10_field_1,2025-05-23,72.2,development,potato,10,30.0,0.2,sand,medium,35,pivot,irrigation_canal,22.0,0
farm_10,farm_10_field_1,2025-05-24,66.7,development,potato,11,30.0,0.6,sand,medium,36,pivot,irrigation_canal,22.0,0
farm_10,farm_10_field_1,2025-05-25,61.1,development,potato,12,30.0,3.2,sand,medium,37,pivot,irrigation_canal,22.0,0
farm_10,farm_10_field_1,2025-05-26,63.3,development,potato,13,30.0,0.0,sand,medium,38,pivot,irrigation_canal,22.0,0
farm_10,farm_10_field_1,2025-05-27,57.1,development,potato,14,30.0,0.0,sand,medium,39,pivot,irrigation_canal,22.0,1
farm_10,farm_10_field_1,2025-05-28,58.1,development,potato,15,30.0,0.0,sand,medium,40,pivot,irrigation_canal,22.0,1
farm_10,farm_10_field_1,2025-05-29,46.2,development,potato,16,30.0,0.0,sand,medium,41,pivot,irrigation_canal,22.0,1
farm_10,farm_10_field_1,2025-05-30,54.0,development,potato,17,30.0,0.0,sand,medium,42,pivot,irrigation_canal,22.0,1
farm_10,farm_10_field_1,2025-05-31,43.3,development,potato,18,30.0,0.4,sand,medium,43,pivot,irrigation_canal,22.0,2
farm_10,farm_10_field_1,2025-06-01,81.5,development,potato,1,30.0,0.0,sand,medium,44,pivot,irrigation_canal,22.0,0
farm_10,farm_10_field_1,2025-06-02,80.8,development,potato,2,30.0,0.2,sand,medium,45,pivot,irrigation_canal,22.0,0
farm_10,farm_10_field_1,2025-06-03,74.6,development,potato,3,30.0,0.7,sand,medium,46,pivot,irrigation_canal,22.0,0
farm_10,farm_10_field_1,2025-06-04,63.0,development,potato,4,30.0,0.3,sand,medium,47,pivot,irrigation_canal,22.0,0
farm_10,farm_10_field_1,2025-06-05,63.1,development,potato,5,30.0,0.4,sand,medium,48,pivot,irrigation_canal,22.0,0
farm_10,farm_10_field_1,2025-06-06,65.2,development,potato,6,30.0,0.0,sand,medium,49,pivot,irrigation_canal,22.0,1
farm_10,farm_10_field_1,2025-06-07,48.9,development,potato,7,30.0,17.0,sand,medium,50,pivot,irrigation_canal,22.0,1
farm_10,farm_10_field_1,2025-06-08,100.0,development,potato,1,25.5,17.2,sand,medium,51,pivot,irrigation_canal,22.0,0
farm_10,farm_10_field_1,2025-06-09,99.3,development,potato,2,25.5,0.4,sand,medium,52,pivot,irrigation_canal,22.0,0
farm_10,farm_10_field_1,2025-06-10,100.0,development,potato,3,25.5,0.0,sand,medium,53,pivot,irrigation_canal,22.0,0
farm_10,farm_10_field_1,2025-06-11,100.0,development,potato,4,25.5,0.6,sand,medium,54,pivot,irrigation_canal,22.0,0
farm_10,farm_10_field_1,2025-06-12,94.7,sensitive,potato,5,25.5,0.0,sand,medium,55,pivot,irrigation_canal,22.0,0
farm_10,farm_10_field_1,2025-06-13,90.4,sensitive,potato,6,25.5,0.0,sand,medium,56,pivot,irrigation_canal,22.0,0
farm_10,farm_10_field_1,2025-06-14,82.1,sensitive,potato,7,25.5,0.3,sand,medium,57,pivot,irrigation_canal,22.0,0
farm_10,farm_10_field_1,2025-06-15,79.3,sensitive,potato,8,25.5,0.9,sand,medium,58,pivot,irrigation_canal,22.0,0
farm_10,farm_10_field_1,2025-06-16,68.7,sensitive,potato,9,25.5,0.1,sand,medium,59,pivot,irrigation_canal,22.0,0
farm_10,farm_10_field_1,2025-06-17,63.6,sensitive,potato,10,25.5,1.3,sand,medium,60,pivot,irrigation_canal,22.0,1
farm_10,farm_10_field_1,2025-06-18,62.5,sensitive,potato,11,25.5,20.7,sand,medium,61,pivot,irrigation_canal,22.0,1
farm_10,farm_10_field_1,2025-06-19,89.7,sensitive,potato,12,25.5,0.0,sand,medium,62,pivot,irrigation_canal,22.0,0
farm_10,farm_10_field_1,2025-06-20,75.4,sensitive,potato,13,25.5,0.0,sand,medium,63,pivot,irrigation_canal,22.0,0
farm_10,farm_10_field_1,2025-06-21,67.2,sensitive,potato,14,25.5,0.1,sand,medium,64,pivot,irrigation_canal,22.0,1
farm_10,farm_10_field_1,2025-06-22,62.9,sensitive,potato,15,25.5,0.0,sand,medium,65,pivot,irrigation_canal,22.0,1
farm_10,farm_10_field_1,2025-06-23,84.5,sensitive,potato,1,19.6,0.3,sand,medium,66,pivot,irrigation_canal,22.0,0
farm_10,farm_10_field_1,2025-06-24,80.9,sensitive,potato,2,19.6,0.0,sand,medium,67,pivot,irrigation_canal,22.0,0
farm_10,farm_10_field_1,2025-06-25,73.2,sensitive,potato,3,19.6,0.0,sand,medium,68,pivot,irrigation_canal,22.0,1
farm_10,farm_10_field_1,2025-06-26,64.3,sensitive,potato,4,19.6,0.3,sand,medium,69,pivot,irrigation_canal,22.0,1
farm_10,farm_10_field_1,2025-06-27,59.6,sensitive,potato,5,19.6,0.2,sand,medium,70,pivot,irrigation_canal,22.0,1
farm_10,farm_10_field_1,2025-06-28,53.4,sensitive,potato,6,19.6,2.9,sand,medium,71,pivot,irrigation_canal,22.0,2
farm_10,farm_10_field_1,2025-06-29,92.9,sensitive,potato,1,27.1,0.2,sand,medium,72,pivot,irrigation_canal,22.0,0
farm_10,farm_10_field_1,2025-06-30,78.8,sensitive,potato,2,27.1,0.0,sand,medium,73,pivot,irrigation_canal,22.0,0
farm_10,farm_10_field_1,2025-07-01,75.4,sensitive,potato,3,27.1,0.4,sand,medium,74,pivot,irrigation_canal,22.0,0
farm_10,farm_10_field_1,2025-07-02,72.0,sensitive,potato,4,27.1,0.4,sand,medium,75,pivot,irrigation_canal,22.0,1
farm_10,farm_10_field_1,2025-07-03,56.6,sensitive,potato,5,27.1,0.3,sand,medium,76,pivot,irrigation_canal,22.0,1
farm_10,farm_10_field_1,2025-07-04,82.2,sensitive,potato,1,22.6,0.5,sand,medium,77,pivot,irrigation_canal,22.0,0
farm_10,farm_10_field_1,2025-07-05,75.9,sensitive,potato,2,22.6,0.0,sand,medium,78,pivot,irrigation_canal,22.0,0
farm_10,farm_10_field_1,2025-07-06,63.0,sensitive,potato,3,22.6,0.3,sand,medium,79,pivot,irrigation_canal,22.0,1
farm_10,farm_10_field_1,2025-07-07,51.6,sensitive,potato,4,22.6,0.0,sand,medium,80,pivot,irrigation_canal,22.0,1
farm_10,farm_10_field_1,2025-07-08,86.7,sensitive,potato,1,24.4,0.1,sand,medium,81,pivot,irrigation_canal,22.0,0
farm_10,farm_10_field_1,2025-07-09,70.2,sensitive,potato,2,24.4,0.0,sand,medium,82,pivot,irrigation_canal,22.0,0
farm_10,farm_10_field_1,2025-07-10,64.3,sensitive,potato,3,24.4,0.6,sand,medium,83,pivot,irrigation_canal,22.0,1
farm_10,farm_10_field_1,2025-07-11,56.9,sensitive,potato,4,24.4,0.2,sand,medium,84,pivot,irrigation_canal,22.0,1
farm_10,farm_10_field_1,2025-07-12,56.0,sensitive,potato,5,24.4,0.0,sand,medium,85,pivot,irrigation_canal,22.0,2
farm_10,farm_10_field_1,2025-07-13,79.7,sensitive,potato,1,28.9,0.1,sand,medium,86,pivot,irrigation_canal,22.0,0
farm_10,farm_10_field_1,2025-07-14,75.6,sensitive,potato,2,28.9,0.0,sand,medium,87,pivot,irrigation_canal,22.0,0
farm_10,farm_10_field_1,2025-07-15,68.0,sensitive,potato,3,28.9,0.5,sand,medium,88,pivot,irrigation_canal,22.0,1
farm_10,farm_10_field_1,2025-07-16,63.7,sensitive,potato,4,28.9,0.4,sand,medium,89,pivot,irrigation_canal,22.0,1
farm_10,farm_10_field_1,2025-07-17,87.1,sensitive,potato,1,20.4,0.4,sand,medium,90,pivot,irrigation_canal,22.0,0
farm_10,farm_10_field_1,2025-07-18,77.4,sensitive,potato,2,20.4,2.1,sand,medium,91,pivot,irrigation_canal,22.0,0
farm_10,farm_10_field_1,2025-07-19,74.2,sensitive,potato,3,20.4,9.2,sand,medium,92,pivot,irrigation_canal,22.0,0
farm_10,farm_10_field_1,2025-07-20,79.4,sensitive,potato,4,20.4,0.0,sand,medium,93,pivot,irrigation_canal,22.0,0
farm_10,farm_10_field_1,2025-07-21,72.7,sensitive,potato,5,20.4,0.0,sand,medium,94,pivot,irrigation_canal,22.0,0
farm_10,farm_10_field_1,2025-07-22,65.0,sensitive,potato,6,20.4,0.0,sand,medium,95,pivot,irrigation_canal,22.0,1
farm_10,farm_10_field_1,2025-07-23,58.8,sensitive,potato,7,20.4,0.0,sand,medium,96,pivot,irrigation_canal,22.0,1
farm_10,farm_10_field_1,2025-07-24,55.8,sensitive,potato,8,20.4,0.0,sand,medium,97,pivot,irrigation_canal,22.0,2
farm_10,farm_10_field_1,2025-07-25,82.5,sensitive,potato,1,27.0,0.3,sand,medium,98,pivot,irrigation_canal,22.0,0
farm_10,farm_10_field_1,2025-07-26,75.9,sensitive,potato,2,27.0,0.3,sand,medium,99,pivot,irrigation_canal,22.0,0
farm_10,farm_10_field_1,2025-07-27,70.9,late,potato,3,27.0,1.9,sand,medium,100,pivot,irrigation_canal,22.0,0
farm_10,farm_10_field_1,2025-07-28,69.6,late,potato,4,27.0,0.0,sand,medium,101,pivot,irrigation_canal,22.0,0
farm_10,farm_10_field_1,2025-07-29,64.9,late,potato,5,27.0,6.2,sand,medium,102,pivot,irrigation_canal,22.0,0
farm_10,farm_10_field_1,2025-07-30,64.4,late,potato,6,27.0,0.0,sand,medium,103,pivot,irrigation_canal,22.0,0
farm_10,farm_10_field_1,2025-07-31,64.9,late,potato,7,27.0,0.2,sand,medium,104,pivot,irrigation_canal,22.0,0
farm_10,farm_10_field_1,2025-08-01,56.7,late,potato,8,27.0,0.6,sand,medium,105,pivot,irrigation_canal,22.0,0
farm_10,farm_10_field_1,2025-08-02,60.5,late,potato,9,27.0,0.0,sand,medium,106,pivot,irrigation_canal,22.0,0
farm_10,farm_10_field_1,2025-08-03,47.4,late,potato,10,27.0,0.0,sand,medium,107,pivot,irrigation_canal,22.0,1
farm_10,farm_10_field_1,2025-08-04,89.3,late,potato,1,29.1,1.5,sand,medium,108,pivot,irrigation_canal,22.0,0
farm_10,farm_10_field_1,2025-08-05,80.5,late,potato,2,29.1,0.1,sand,medium,109,pivot,irrigation_canal,22.0,0
farm_10,farm_10_field_1,2025-08-06,75.8,late,potato,3,29.1,8.2,sand,medium,110,pivot,irrigation_canal,22.0,0
farm_10,farm_10_field_1,2025-08-07,85.6,late,potato,4,29.1,0.1,sand,medium,111,pivot,irrigation_canal,22.0,0
farm_10,farm_10_field_1,2025-08-08,84.4,late,potato,5,29.1,0.0,sand,medium,112,pivot,irrigation_canal,22.0,0
farm_10,farm_10_field_1,2025-08-09,79.0,late,potato,6,29.1,0.0,sand,medium,113,pivot,irrigation_canal,22.0,0
farm_10,farm_10_field_1,2025-08-10,71.8,late,potato,7,29.1,0.0,sand,medium,114,pivot,irrigation_canal,22.0,0
farm_10,farm_10_field_1,2025-08-11,70.5,late,potato,8,29.1,1.1,sand,medium,115,pivot,irrigation_canal,22.0,0
farm_10,farm_10_field_1,2025-08-12,64.6,late,potato,9,29.1,0.0,sand,medium,116,pivot,irrigation_canal,22.0,0
farm_10,farm_10_field_1,2025-08-13,59.5,late,potato,10,29.1,0.3,sand,medium,117,pivot,irrigation_canal,22.0,0
farm_10,farm_10_field_1,2025-08-14,54.5,late,potato,11,29.1,0.7,sand,medium,118,pivot,irrigation_canal,22.0,0
farm_10,farm_10_field_1,2025-08-15,49.9,late,potato,12,29.1,0.0,sand,medium,119,pivot,irrigation_canal,22.0,0
farm_10,farm_10_field_1,2025-08-16,49.8,late,potato,13,29.1,0.3,sand,medium,120,pivot,irrigation_canal,22.0,1
farm_10,farm_10_field_1,2025-08-17,41.5,late,potato,14,29.1,0.0,sand,medium,121,pivot,irrigation_canal,22.0,1
farm_10,farm_10_field_1,2025-08-18,42.0,late,potato,15,29.1,0.0,sand,medium,122,pivot,irrigation_canal,22.0,1
farm_10,farm_10_field_1,2025-08-19,42.6,late,potato,16,29.1,0.0,sand,medium,123,pivot,irrigation_canal,22.0,1
farm_10,farm_10_field_1,2025-08-20,26.7,late,potato,17,29.1,0.4,sand,medium,124,pivot,irrigation_canal,22.0,2
farm_10,farm_10_field_1,2025-08-21,70.6,late,potato,1,30.0,0.0,sand,medium,125,pivot,irrigation_canal,22.0,0
farm_10,farm_10_field_1,2025-08-22,66.9,late,potato,2,30.0,0.4,sand,medium,126,pivot,irrigation_canal,22.0,0
farm_10,farm_10_field_1,2025-08-23,60.3,late,potato,3,30.0,0.0,sand,medium,127,pivot,irrigation_canal,22.0,0
farm_10,farm_10_field_1,2025-08-24,58.5,late,potato,4,30.0,0.0,sand,medium,128,pivot,irrigation_canal,22.0,0
farm_10,farm_10_field_1,2025-08-25,52.0,late,potato,5,30.0,0.2,sand,medium,129,pivot,irrigation_canal,22.0,0
farm_10,farm_10_field_1,2025-08-26,51.2,late,potato,6,30.0,0.0,sand,medium,130,pivot,irrigation_canal,22.0,1
farm_10,farm_10_field_1,2025-08-27,45.8,late,potato,7,30.0,0.0,sand,medium,131,pivot,irrigation_canal,22.0,1
farm_10,farm_10_field_1,2025-08-28,37.9,late,potato,8,30.0,14.4,sand,medium,132,pivot,irrigation_canal,22.0,1
farm_10,farm_10_field_1,2025-08-29,98.6,late,potato,1,30.0,0.0,sand,medium,133,pivot,irrigation_canal,22.0,0
farm_10,farm_10_field_1,2025-08-30,96.7,late,potato,2,30.0,0.7,sand,medium,134,pivot,irrigation_canal,22.0,0
farm_10,farm_10_field_1,2025-08-31,93.9,late,potato,3,30.0,0.0,sand,medium,135,pivot,irrigation_canal,22.0,0
farm_10,farm_10_field_1,2025-09-01,92.1,late,potato,4,30.0,0.2,sand,medium,136,pivot,irrigation_canal,22.0,0
farm_10,farm_10_field_1,2025-09-02,88.4,late,potato,5,30.0,0.0,sand,medium,137,pivot,irrigation_canal,22.0,0
farm_10,farm_10_field_1,2025-09-03,82.6,late,potato,6,30.0,0.0,sand,medium,138,pivot,irrigation_canal,22.0,0
farm_10,farm_10_field_1,2025-09-04,82.4,late,potato,7,30.0,0.0,sand,medium,139,pivot,irrigation_canal,22.0,0
farm_10,farm_10_field_1,2025-09-05,73.8,late,potato,8,30.0,0.0,sand,medium,140,pivot,irrigation_canal,22.0,0
farm_10,farm_10_field_1,2025-09-06,74.0,late,potato,9,30.0,0.0,sand,medium,141,pivot,irrigation_canal,22.0,0
farm_10,farm_10_field_1,2025-09-07,67.5,late,potato,10,30.0,0.1,sand,medium,142,pivot,irrigation_canal,22.0,0
farm_10,farm_10_field_1,2025-09-08,63.9,late,potato,11,30.0,0.0,sand,medium,143,pivot,irrigation_canal,22.0,0
farm_10,farm_10_field_1,2025-09-09,57.3,late,potato,12,30.0,0.4,sand,medium,144,pivot,irrigation_canal,22.0,0
farm_10,farm_10_field_1,2025-09-10,57.7,late,potato,13,30.0,0.2,sand,medium,145,pivot,irrigation_canal,22.0,0
farm_10,farm_10_field_1,2025-09-11,52.7,late,potato,14,30.0,0.0,sand,medium,146,pivot,irrigation_canal,22.0,0
farm_10,farm_10_field_1,2025-09-12,55.8,late,potato,15,30.0,0.0,sand,medium,147,pivot,irrigation_canal,22.0,0
farm_10,farm_10_field_1,2025-09-13,52.6,late,potato,16,30.0,0.6,sand,medium,148,pivot,irrigation_canal,22.0,1
farm_10,farm_10_field_1,2025-09-14,52.6,late,potato,17,30.0,1.2,sand,medium,149,pivot,irrigation_canal,22.0,1
farm_10,farm_10_field_1,2025-09-15,52.6,late,potato,1,30.0,0.0,sand,medium,150,pivot,irrigation_canal,22.0,0
farm_10,farm_10_field_1,2025-09-16,52.6,late,potato,2,30.0,4.1,sand,medium,151,pivot,irrigation_canal,22.0,0
farm_10,farm_10_field_1,2025-09-17,52.6,late,potato,3,30.0,2.4,sand,medium,152,pivot,irrigation_canal,22.0,0
farm_10,farm_10_field_1,2025-09-18,82.5,late,potato,4,30.0,0.0,sand,medium,153,pivot,irrigation_canal,22.0,0
farm_10,farm_10_field_1,2025-09-19,78.9,late,potato,5,30.0,0.0,sand,medium,154,pivot,irrigation_canal,22.0,0
farm_10,farm_10_field_1,2025-09-20,79.3,late,potato,6,30.0,0.2,sand,medium,155,pivot,irrigation_canal,22.0,0
farm_10,farm_10_field_1,2025-09-21,80.3,late,potato,7,30.0,0.0,sand,medium,156,pivot,irrigation_canal,22.0,0
farm_10,farm_10_field_1,2025-09-22,69.1,late,potato,8,30.0,0.0,sand,medium,157,pivot,irrigation_canal,22.0,0
farm_10,farm_10_field_1,2025-09-23,67.2,late,potato,9,30.0,0.3,sand,medium,158,pivot,irrigation_canal,22.0,0
farm_10,farm_10_field_1,2025-09-24,64.7,late,potato,10,30.0,0.2,sand,medium,159,pivot,irrigation_canal,22.0,0
farm_10,farm_10_field_1,2025-09-25,64.7,late,potato,11,30.0,0.0,sand,medium,160,pivot,irrigation_canal,22.0,0
farm_10,farm_10_field_1,2025-09-26,64.7,late,potato,12,30.0,0.4,sand,medium,161,pivot,irrigation_canal,22.0,0
farm_10,farm_10_field_1,2025-09-27,64.7,late,potato,13,30.0,0.1,sand,medium,162,pivot,irrigation_canal,22.0,0
farm_10,farm_10_field_1,2025-09-28,64.7,late,potato,14,30.0,0.0,sand,medium,163,pivot,irrigation_canal,22.0,0
farm_10,farm_10_field_1,2025-09-29,64.7,late,potato,15,30.0,0.3,sand,medium,164,pivot,irrigation_canal,22.0,0
farm_10,farm_10_field_1,2025-09-30,64.7,late,potato,16,30.0,0.0,sand,medium,165,pivot,irrigation_canal,22.0,0
farm_10,farm_10_field_1,2026-04-18,61.8,initial,potato,0,0.0,0.0,sand,medium,0,pivot,irrigation_canal,22.0,0
farm_10,farm_10_field_1,2026-04-19,52.8,initial,potato,1,0.0,0.0,sand,medium,1,pivot,irrigation_canal,22.0,0
farm_10,farm_10_field_1,2026-04-20,54.5,initial,potato,2,0.0,0.2,sand,medium,2,pivot,irrigation_canal,22.0,0
farm_10,farm_10_field_1,2026-04-21,50.4,initial,potato,3,0.0,0.0,sand,medium,3,pivot,irrigation_canal,22.0,1
farm_10,farm_10_field_1,2026-04-22,55.5,initial,potato,4,0.0,0.4,sand,medium,4,pivot,irrigation_canal,22.0,1
farm_10,farm_10_field_1,2026-04-23,48.9,initial,potato,5,0.0,0.0,sand,medium,5,pivot,irrigation_canal,22.0,1
farm_10,farm_10_field_1,2026-04-24,49.7,initial,potato,6,0.0,0.0,sand,medium,6,pivot,irrigation_canal,22.0,1
farm_10,farm_10_field_1,2026-04-25,51.8,initial,potato,7,0.0,0.0,sand,medium,7,pivot,irrigation_canal,22.0,1
farm_10,farm_10_field_1,2026-04-26,86.6,initial,potato,1,29.3,0.3,sand,medium,8,pivot,irrigation_canal,22.0,0
farm_10,farm_10_field_1,2026-04-27,89.4,initial,potato,2,29.3,0.4,sand,medium,9,pivot,irrigation_canal,22.0,0
farm_10,farm_10_field_1,2026-04-28,79.7,initial,potato,3,29.3,0.3,sand,medium,10,pivot,irrigation_canal,22.0,0
farm_10,farm_10_field_1,2026-04-29,84.5,initial,potato,4,29.3,0.1,sand,medium,11,pivot,irrigation_canal,22.0,0
farm_10,farm_10_field_1,2026-04-30,80.6,initial,potato,5,29.3,0.1,sand,medium,12,pivot,irrigation_canal,22.0,0
farm_10,farm_10_field_1,2026-05-01,75.1,initial,potato,6,29.3,0.2,sand,medium,13,pivot,irrigation_canal,22.0,0
farm_10,farm_10_field_1,2026-05-02,75.1,initial,potato,7,29.3,0.0,sand,medium,14,pivot,irrigation_canal,22.0,0
farm_10,farm_10_field_1,2026-05-03,75.1,initial,potato,8,29.3,8.1,sand,medium,15,pivot,irrigation_canal,22.0,0
farm_10,farm_10_field_1,2026-05-04,75.1,initial,potato,9,29.3,0.0,sand,medium,16,pivot,irrigation_canal,22.0,0
farm_10,farm_10_field_1,2026-05-05,,initial,potato,10,29.3,3.9,sand,medium,17,pivot,irrigation_canal,22.0,0
farm_10,farm_10_field_1,2026-05-06,75.1,initial,potato,11,29.3,0.3,sand,medium,18,pivot,irrigation_canal,22.0,0
farm_10,farm_10_field_1,2026-05-07,89.0,initial,potato,12,29.3,6.1,sand,medium,19,pivot,irrigation_canal,22.0,0
farm_10,farm_10_field_1,2026-05-08,96.4,initial,potato,13,29.3,0.0,sand,medium,20,pivot,irrigation_canal,22.0,0
farm_10,farm_10_field_1,2026-05-09,89.7,initial,potato,14,29.3,0.1,sand,medium,21,pivot,irrigation_canal,22.0,0
farm_10,farm_10_field_1,2026-05-10,90.4,initial,potato,15,29.3,0.0,sand,medium,22,pivot,irrigation_canal,22.0,0
farm_10,farm_10_field_1,2026-05-11,89.0,initial,potato,16,29.3,0.2,sand,medium,23,pivot,irrigation_canal,22.0,0
farm_10,farm_10_field_1,2026-05-12,84.4,initial,potato,17,29.3,0.0,sand,medium,24,pivot,irrigation_canal,22.0,0
farm_10,farm_10_field_1,2026-05-13,79.6,development,potato,18,29.3,2.2,sand,medium,25,pivot,irrigation_canal,22.0,0
farm_10,farm_10_field_1,2026-05-14,81.7,development,potato,19,29.3,0.0,sand,medium,26,pivot,irrigation_canal,22.0,0
farm_10,farm_10_field_1,2026-05-15,75.0,development,potato,20,29.3,0.0,sand,medium,27,pivot,irrigation_canal,22.0,0
farm_10,farm_10_field_1,2026-05-16,72.2,development,potato,21,29.3,0.4,sand,medium,28,pivot,irrigation_canal,22.0,0
farm_10,farm_10_field_1,2026-05-17,71.3,development,potato,22,29.3,0.0,sand,medium,29,pivot,irrigation_canal,22.0,0
farm_10,farm_10_field_1,2026-05-18,63.6,development,potato,23,29.3,0.3,sand,medium,30,pivot,irrigation_canal,22.0,0
farm_10,farm_10_field_1,2026-05-19,60.9,development,potato,24,29.3,0.2,sand,medium,31,pivot,irrigation_canal,22.0,0
farm_10,farm_10_field_1,2026-05-20,62.5,development,potato,25,29.3,0.0,sand,medium,32,pivot,irrigation_canal,22.0,1
farm_10,farm_10_field_1,2026-05-21,61.0,development,potato,26,29.3,13.0,sand,medium,33,pivot,irrigation_canal,22.0,1
farm_10,farm_10_field_1,2026-05-22,68.7,development,potato,27,29.3,4.7,sand,medium,34,pivot,irrigation_canal,22.0,0
farm_10,farm_10_field_1,2026-05-23,76.5,development,potato,28,29.3,0.7,sand,medium,35,pivot,irrigation_canal,22.0,0
farm_10,farm_10_field_1,2026-05-24,72.2,development,potato,29,29.3,0.0,sand,medium,36,pivot,irrigation_canal,22.0,0
farm_10,farm_10_field_1,2026-05-25,66.2,development,potato,30,29.3,0.1,sand,medium,37,pivot,irrigation_canal,22.0,0
farm_10,farm_10_field_1,2026-05-26,57.3,development,potato,31,29.3,0.5,sand,medium,38,pivot,irrigation_canal,22.0,0
farm_10,farm_10_field_1,2026-05-27,61.0,development,potato,32,29.3,0.1,sand,medium,39,pivot,irrigation_canal,22.0,1
farm_10,farm_10_field_1,2026-05-28,85.5,development,potato,1,22.6,0.0,sand,medium,40,pivot,irrigation_canal,22.0,0
farm_10,farm_10_field_1,2026-05-29,86.7,development,potato,2,22.6,0.0,sand,medium,41,pivot,irrigation_canal,22.0,0
farm_10,farm_10_field_1,2026-05-30,77.1,development,potato,3,22.6,0.0,sand,medium,42,pivot,irrigation_canal,22.0,0
farm_10,farm_10_field_1,2026-05-31,74.6,development,potato,4,22.6,0.0,sand,medium,43,pivot,irrigation_canal,22.0,0
farm_10,farm_10_field_1,2026-06-01,71.1,development,potato,5,22.6,0.0,sand,medium,44,pivot,irrigation_canal,22.0,0
farm_10,farm_10_field_1,2026-06-02,65.8,development,potato,6,22.6,0.0,sand,medium,45,pivot,irrigation_canal,22.0,0
farm_10,farm_10_field_1,2026-06-03,63.8,development,potato,7,22.6,0.0,sand,medium,46,pivot,irrigation_canal,22.0,0
farm_10,farm_10_field_1,2026-06-04,59.6,development,potato,8,22.6,0.0,sand,medium,47,pivot,irrigation_canal,22.0,1
farm_10,farm_10_field_1,2026-06-05,54.3,development,potato,9,22.6,0.2,sand,medium,48,pivot,irrigation_canal,22.0,1
farm_10,farm_10_field_1,2026-06-06,49.6,development,potato,10,22.6,3.7,sand,medium,49,pivot,irrigation_canal,22.0,1
farm_10,farm_10_field_1,2026-06-07,88.8,development,potato,1,28.1,0.1,sand,medium,50,pivot,irrigation_canal,22.0,0
farm_10,farm_10_field_1,2026-06-08,88.3,development,potato,2,28.1,0.2,sand,medium,51,pivot,irrigation_canal,22.0,0
farm_10,farm_10_field_1,2026-06-09,80.5,development,potato,3,28.1,0.5,sand,medium,52,pivot,irrigation_canal,22.0,0
farm_10,farm_10_field_1,2026-06-10,73.8,development,potato,4,28.1,0.1,sand,medium,53,pivot,irrigation_canal,22.0,0
farm_10,farm_10_field_1,2026-06-11,64.8,development,potato,5,28.1,0.0,sand,medium,54,pivot,irrigation_canal,22.0,0
farm_10,farm_10_field_1,2026-06-12,56.2,sensitive,potato,6,28.1,0.3,sand,medium,55,pivot,irrigation_canal,22.0,1
farm_10,farm_10_field_1,2026-06-13,56.4,sensitive,potato,7,28.1,0.0,sand,medium,56,pivot,irrigation_canal,22.0,2
farm_10,farm_10_field_1,2026-06-14,78.0,sensitive,potato,1,26.7,0.0,sand,medium,57,pivot,irrigation_canal,22.0,0
farm_10,farm_10_field_1,2026-06-15,75.6,sensitive,potato,2,26.7,0.0,sand,medium,58,pivot,irrigation_canal,22.0,0
farm_10,farm_10_field_1,2026-06-16,58.2,sensitive,potato,3,26.7,0.0,sand,medium,59,pivot,irrigation_canal,22.0,1
farm_10,farm_10_field_1,2026-06-17,46.8,sensitive,potato,4,26.7,0.9,sand,medium,60,pivot,irrigation_canal,22.0,2
farm_10,farm_10_field_1,2026-06-18,82.3,sensitive,potato,1,28.3,0.0,sand,medium,61,pivot,irrigation_canal,22.0,0
farm_10,farm_10_field_1,2026-06-19,76.0,sensitive,potato,2,28.3,0.0,sand,medium,62,pivot,irrigation_canal,22.0,0
farm_10,farm_10_field_1,2026-06-20,57.2,sensitive,potato,3,28.3,0.1,sand,medium,63,pivot,irrigation_canal,22.0,1
farm_10,farm_10_field_1,2026-06-21,51.5,sensitive,potato,4,28.3,0.0,sand,medium,64,pivot,irrigation_canal,22.0,2
farm_10,farm_10_field_1,2026-06-22,76.1,sensitive,potato,1,27.2,0.1,sand,medium,65,pivot,irrigation_canal,22.0,0
farm_10,farm_10_field_1,2026-06-23,67.7,sensitive,potato,2,27.2,0.5,sand,medium,66,pivot,irrigation_canal,22.0,0
farm_10,farm_10_field_1,2026-06-24,56.7,sensitive,potato,3,27.2,0.0,sand,medium,67,pivot,irrigation_canal,22.0,1
farm_10,farm_10_field_1,2026-06-25,80.7,sensitive,potato,1,17.9,1.4,sand,medium,68,pivot,irrigation_canal,22.0,0
farm_10,farm_10_field_1,2026-06-26,68.5,sensitive,potato,2,17.9,0.0,sand,medium,69,pivot,irrigation_canal,22.0,0
farm_10,farm_10_field_1,2026-06-27,61.4,sensitive,potato,3,17.9,0.0,sand,medium,70,pivot,irrigation_canal,22.0,1
farm_10,farm_10_field_1,2026-06-28,51.3,sensitive,potato,4,17.9,0.3,sand,medium,71,pivot,irrigation_canal,22.0,2
farm_10,farm_10_field_1,2026-06-29,81.9,sensitive,potato,1,28.1,0.0,sand,medium,72,pivot,irrigation_canal,22.0,0
farm_10,farm_10_field_1,2026-06-30,68.4,sensitive,potato,2,28.1,0.4,sand,medium,73,pivot,irrigation_canal,22.0,1
farm_10,farm_10_field_1,2026-07-01,75.9,sensitive,potato,1,15.1,0.0,sand,medium,74,pivot,irrigation_canal,22.0,0
farm_10,farm_10_field_1,2026-07-02,62.2,sensitive,potato,2,15.1,0.1,sand,medium,75,pivot,irrigation_canal,22.0,1
farm_10,farm_10_field_1,2026-07-03,60.9,sensitive,potato,3,15.1,0.1,sand,medium,76,pivot,irrigation_canal,22.0,1
farm_10,farm_10_field_1,2026-07-04,44.6,sensitive,potato,4,15.1,0.0,sand,medium,77,pivot,irrigation_canal,22.0,2
farm_10,farm_10_field_1,2026-07-05,76.6,sensitive,potato,1,30.0,0.1,sand,medium,78,pivot,irrigation_canal,22.0,0
farm_10,farm_10_field_1,2026-07-06,66.7,sensitive,potato,2,30.0,0.0,sand,medium,79,pivot,irrigation_canal,22.0,1
farm_10,farm_10_field_1,2026-07-07,62.2,sensitive,potato,3,30.0,0.1,sand,medium,80,pivot,irrigation_canal,22.0,1
farm_10,farm_10_field_1,2026-07-08,43.5,sensitive,potato,4,30.0,0.0,sand,medium,81,pivot,irrigation_canal,22.0,2
farm_10,farm_10_field_1,2026-07-09,75.5,sensitive,potato,1,30.0,0.1,sand,medium,82,pivot,irrigation_canal,22.0,0
farm_10,farm_10_field_1,2026-07-10,65.5,sensitive,potato,2,30.0,0.1,sand,medium,83,pivot,irrigation_canal,22.0,1
farm_10,farm_10_field_1,2026-07-11,58.1,sensitive,potato,3,30.0,0.1,sand,medium,84,pivot,irrigation_canal,22.0,2
farm_10,farm_10_field_1,2026-07-12,82.3,sensitive,potato,1,25.4,0.7,sand,medium,85,pivot,irrigation_canal,22.0,0
farm_10,farm_10_field_1,2026-07-13,70.9,sensitive,potato,2,25.4,0.0,sand,medium,86,pivot,irrigation_canal,22.0,0
farm_10,farm_10_field_1,2026-07-14,60.0,sensitive,potato,3,25.4,0.4,sand,medium,87,pivot,irrigation_canal,22.0,1
farm_10,farm_10_field_1,2026-07-15,49.1,sensitive,potato,4,25.4,0.0,sand,medium,88,pivot,irrigation_canal,22.0,2
farm_10,farm_10_field_1,2026-07-16,75.0,sensitive,potato,1,25.8,0.4,sand,medium,89,pivot,irrigation_canal,22.0,0
farm_10,farm_10_field_1,2026-07-17,68.6,sensitive,potato,2,25.8,0.0,sand,medium,90,pivot,irrigation_canal,22.0,1
farm_10,farm_10_field_1,2026-07-18,58.0,sensitive,potato,3,25.8,0.1,sand,medium,91,pivot,irrigation_canal,22.0,1
farm_10,farm_10_field_1,2026-07-19,45.6,sensitive,potato,4,25.8,0.0,sand,medium,92,pivot,irrigation_canal,22.0,2
farm_10,farm_10_field_1,2026-07-20,79.8,sensitive,potato,1,28.6,0.4,sand,medium,93,pivot,irrigation_canal,22.0,0
farm_10,farm_10_field_1,2026-07-21,75.0,sensitive,potato,2,28.6,0.0,sand,medium,94,pivot,irrigation_canal,22.0,0
farm_10,farm_10_field_1,2026-07-22,63.5,sensitive,potato,3,28.6,0.4,sand,medium,95,pivot,irrigation_canal,22.0,1
farm_10,farm_10_field_1,2026-07-23,52.5,sensitive,potato,4,28.6,0.5,sand,medium,96,pivot,irrigation_canal,22.0,2
farm_10,farm_10_field_1,2026-07-24,83.3,sensitive,potato,1,26.7,0.1,sand,medium,97,pivot,irrigation_canal,22.0,0
farm_10,farm_10_field_1,2026-07-25,70.5,sensitive,potato,2,26.7,0.0,sand,medium,98,pivot,irrigation_canal,22.0,0
farm_10,farm_10_field_1,2026-07-26,65.0,sensitive,potato,3,26.7,0.0,sand,medium,99,pivot,irrigation_canal,22.0,1
farm_10,farm_10_field_1,2026-07-27,49.8,late,potato,4,26.7,1.1,sand,medium,100,pivot,irrigation_canal,22.0,0
farm_10,farm_10_field_1,2026-07-28,48.1,late,potato,5,26.7,0.5,sand,medium,101,pivot,irrigation_canal,22.0,1
farm_10,farm_10_field_1,2026-07-29,88.1,late,potato,1,30.0,0.0,sand,medium,102,pivot,irrigation_canal,22.0,0
farm_10,farm_10_field_1,2026-07-30,80.6,late,potato,2,30.0,0.0,sand,medium,103,pivot,irrigation_canal,22.0,0
farm_10,farm_10_field_1,2026-07-31,74.7,late,potato,3,30.0,6.5,sand,medium,104,pivot,irrigation_canal,22.0,0
farm_10,farm_10_field_1,2026-08-01,81.7,late,potato,4,30.0,0.0,sand,medium,105,pivot,irrigation_canal,22.0,0
farm_10,farm_10_field_1,2026-08-02,81.3,late,potato,5,30.0,0.0,sand,medium,106,pivot,irrigation_canal,22.0,0
farm_10,farm_10_field_1,2026-08-03,71.2,late,potato,6,30.0,7.6,sand,medium,107,pivot,irrigation_canal,22.0,0
farm_10,farm_10_field_1,2026-08-04,67.5,late,potato,7,30.0,0.0,sand,medium,108,pivot,irrigation_canal,22.0,0
farm_10,farm_10_field_1,2026-08-05,62.0,late,potato,8,30.0,0.0,sand,medium,109,pivot,irrigation_canal,22.0,0
farm_10,farm_10_field_1,2026-08-06,60.7,late,potato,9,30.0,0.0,sand,medium,110,pivot,irrigation_canal,22.0,0
farm_10,farm_10_field_1,2026-08-07,57.4,late,potato,10,30.0,0.0,sand,medium,111,pivot,irrigation_canal,22.0,0
farm_10,farm_10_field_1,2026-08-08,53.8,late,potato,11,30.0,0.0,sand,medium,112,pivot,irrigation_canal,22.0,1
farm_10,farm_10_field_1,2026-08-09,43.7,late,potato,12,30.0,0.1,sand,medium,113,pivot,irrigation_canal,22.0,1
farm_10,farm_10_field_1,2026-08-10,38.2,late,potato,13,30.0,1.5,sand,medium,114,pivot,irrigation_canal,22.0,1
farm_10,farm_10_field_1,2026-08-11,36.7,late,potato,14,30.0,0.0,sand,medium,115,pivot,irrigation_canal,22.0,2
farm_10,farm_10_field_1,2026-08-12,71.8,late,potato,1,30.0,0.0,sand,medium,116,pivot,irrigation_canal,22.0,0
farm_10,farm_10_field_1,2026-08-13,64.3,late,potato,2,30.0,0.1,sand,medium,117,pivot,irrigation_canal,22.0,0
farm_10,farm_10_field_1,2026-08-14,55.7,late,potato,3,30.0,0.7,sand,medium,118,pivot,irrigation_canal,22.0,0
farm_10,farm_10_field_1,2026-08-15,56.0,late,potato,4,30.0,0.2,sand,medium,119,pivot,irrigation_canal,22.0,0
farm_10,farm_10_field_1,2026-08-16,56.0,late,potato,5,30.0,0.3,sand,medium,120,pivot,irrigation_canal,22.0,1
farm_10,farm_10_field_1,2026-08-17,56.0,late,potato,6,30.0,0.0,sand,medium,121,pivot,irrigation_canal,22.0,1
farm_10,farm_10_field_1,2026-08-18,56.0,late,potato,7,30.0,0.0,sand,medium,122,pivot,irrigation_canal,22.0,1
farm_10,farm_10_field_1,2026-08-19,56.0,late,potato,1,30.0,0.6,sand,medium,123,pivot,irrigation_canal,22.0,0
farm_10,farm_10_field_1,2026-08-20,75.7,late,potato,2,30.0,1.9,sand,medium,124,pivot,irrigation_canal,22.0,0
farm_10,farm_10_field_1,2026-08-21,67.8,late,potato,3,30.0,0.1,sand,medium,125,pivot,irrigation_canal,22.0,0
farm_10,farm_10_field_1,2026-08-22,67.8,late,potato,4,30.0,0.2,sand,medium,126,pivot,irrigation_canal,22.0,0
farm_10,farm_10_field_1,2026-08-23,67.8,late,potato,5,30.0,1.1,sand,medium,127,pivot,irrigation_canal,22.0,0
farm_10,farm_10_field_1,2026-08-24,67.8,late,potato,6,30.0,0.7,sand,medium,128,pivot,irrigation_canal,22.0,0
farm_10,farm_10_field_1,2026-08-25,67.8,late,potato,7,30.0,0.2,sand,medium,129,pivot,irrigation_canal,22.0,0
farm_10,farm_10_field_1,2026-08-26,67.8,late,potato,8,30.0,0.0,sand,medium,130,pivot,irrigation_canal,22.0,0
farm_10,farm_10_field_1,2026-08-27,67.8,late,potato,9,30.0,0.0,sand,medium,131,pivot,irrigation_canal,22.0,1
farm_10,farm_10_field_1,2026-08-28,67.8,late,potato,10,30.0,2.9,sand,medium,132,pivot,irrigation_canal,22.0,1
farm_10,farm_10_field_1,2026-08-29,45.0,late,potato,11,30.0,0.4,sand,medium,133,pivot,irrigation_canal,22.0,1
farm_10,farm_10_field_1,2026-08-30,77.5,late,potato,1,30.0,0.1,sand,medium,134,pivot,irrigation_canal,22.0,0
farm_10,farm_10_field_1,2026-08-31,81.7,late,potato,2,30.0,0.4,sand,medium,135,pivot,irrigation_canal,22.0,0
farm_10,farm_10_field_1,2026-09-01,78.1,late,potato,3,30.0,0.0,sand,medium,136,pivot,irrigation_canal,22.0,0
farm_10,farm_10_field_1,2026-09-02,73.7,late,potato,4,30.0,0.3,sand,medium,137,pivot,irrigation_canal,22.0,0
farm_10,farm_10_field_1,2026-09-03,68.5,late,potato,5,30.0,0.0,sand,medium,138,pivot,irrigation_canal,22.0,0
farm_10,farm_10_field_1,2026-09-04,65.7,late,potato,6,30.0,0.1,sand,medium,139,pivot,irrigation_canal,22.0,0
farm_10,farm_10_field_1,2026-09-05,61.9,late,potato,7,30.0,0.0,sand,medium,140,pivot,irrigation_canal,22.0,0
farm_10,farm_10_field_1,2026-09-06,60.9,late,potato,8,30.0,0.0,sand,medium,141,pivot,irrigation_canal,22.0,0
farm_10,farm_10_field_1,2026-09-07,55.4,late,potato,9,30.0,0.0,sand,medium,142,pivot,irrigation_canal,22.0,0
farm_10,farm_10_field_1,2026-09-08,53.0,late,potato,10,30.0,0.0,sand,medium,143,pivot,irrigation_canal,22.0,0
farm_10,farm_10_field_1,2026-09-09,46.6,late,potato,11,30.0,0.0,sand,medium,144,pivot,irrigation_canal,22.0,1
farm_10,farm_10_field_1,2026-09-10,41.8,late,potato,12,30.0,1.0,sand,medium,145,pivot,irrigation_canal,22.0,1
farm_10,farm_10_field_1,2026-09-11,35.4,late,potato,13,30.0,0.4,sand,medium,146,pivot,irrigation_canal,22.0,1
farm_10,farm_10_field_1,2026-09-12,38.1,late,potato,14,30.0,0.0,sand,medium,147,pivot,irrigation_canal,22.0,1
farm_10,farm_10_field_1,2026-09-13,33.2,late,potato,15,30.0,0.0,sand,medium,148,pivot,irrigation_canal,22.0,2
farm_10,farm_10_field_1,2026-09-14,33.2,late,potato,1,30.0,0.0,sand,medium,149,pivot,irrigation_canal,22.0,0
farm_10,farm_10_field_1,2026-09-15,33.2,late,potato,2,30.0,0.0,sand,medium,150,pivot,irrigation_canal,22.0,0
farm_10,farm_10_field_1,2026-09-16,33.2,late,potato,3,30.0,0.1,sand,medium,151,pivot,irrigation_canal,22.0,0
farm_10,farm_10_field_1,2026-09-17,33.2,late,potato,4,30.0,0.8,sand,medium,152,pivot,irrigation_canal,22.0,0
farm_10,farm_10_field_1,2026-09-18,33.2,late,potato,5,30.0,0.3,sand,medium,153,pivot,irrigation_canal,22.0,0
farm_10,farm_10_field_1,2026-09-19,60.0,late,potato,6,30.0,0.4,sand,medium,154,pivot,irrigation_canal,22.0,0
farm_10,farm_10_field_1,2026-09-20,56.4,late,potato,7,30.0,0.0,sand,medium,155,pivot,irrigation_canal,22.0,0
farm_10,farm_10_field_1,2026-09-21,50.2,late,potato,8,30.0,0.2,sand,medium,156,pivot,irrigation_canal,22.0,0
farm_10,farm_10_field_1,2026-09-22,48.7,late,potato,9,30.0,0.0,sand,medium,157,pivot,irrigation_canal,22.0,1
farm_10,farm_10_field_1,2026-09-23,42.5,late,potato,10,30.0,0.7,sand,medium,158,pivot,irrigation_canal,22.0,1
farm_10,farm_10_field_1,2026-09-24,43.2,late,potato,11,30.0,0.0,sand,medium,159,pivot,irrigation_canal,22.0,1
farm_10,farm_10_field_1,2026-09-25,35.7,late,potato,12,30.0,0.0,sand,medium,160,pivot,irrigation_canal,22.0,1
farm_10,farm_10_field_1,2026-09-26,82.2,late,potato,1,30.0,0.0,sand,medium,161,pivot,irrigation_canal,22.0,0
farm_10,farm_10_field_1,2026-09-27,76.5,late,potato,2,30.0,2.6,sand,medium,162,pivot,irrigation_canal,22.0,0
farm_10,farm_10_field_1,2026-09-28,73.3,late,potato,3,30.0,0.0,sand,medium,163,pivot,irrigation_canal,22.0,0
farm_10,farm_10_field_1,2026-09-29,77.5,late,potato,4,30.0,0.4,sand,medium,164,pivot,irrigation_canal,22.0,0
farm_10,farm_10_field_1,2026-09-30,73.9,late,potato,5,30.0,0.0,sand,medium,165,pivot,irrigation_canal,22.0,0
farm_10,farm_10_field_2,2025-04-18,62.2,initial,potato,0,0.0,0.8,loamy_sand,medium,0,pivot,irrigation_canal,35.3,0
farm_10,farm_10_field_2,2025-04-19,58.8,initial,potato,1,0.0,0.0,loamy_sand,medium,1,pivot,irrigation_canal,35.3,0
farm_10,farm_10_field_2,2025-04-20,58.1,initial,potato,2,0.0,0.5,loamy_sand,medium,2,pivot,irrigation_canal,35.3,0
farm_10,farm_10_field_2,2025-04-21,53.1,initial,potato,3,0.0,0.0,loamy_sand,medium,3,pivot,irrigation_canal,35.3,0
farm_10,farm_10_field_2,2025-04-22,49.8,initial,potato,4,0.0,3.5,loamy_sand,medium,4,pivot,irrigation_canal,35.3,0
farm_10,farm_10_field_2,2025-04-23,60.1,initial,potato,5,0.0,0.4,loamy_sand,medium,5,pivot,irrigation_canal,35.3,0
farm_10,farm_10_field_2,2025-04-24,55.0,initial,potato,6,0.0,0.2,loamy_sand,medium,6,pivot,irrigation_canal,35.3,0
farm_10,farm_10_field_2,2025-04-25,56.9,initial,potato,7,0.0,0.8,loamy_sand,medium,7,pivot,irrigation_canal,35.3,0
farm_10,farm_10_field_2,2025-04-26,57.1,initial,potato,8,0.0,0.0,loamy_sand,medium,8,pivot,irrigation_canal,35.3,0
farm_10,farm_10_field_2,2025-04-27,53.2,initial,potato,9,0.0,4.2,loamy_sand,medium,9,pivot,irrigation_canal,35.3,0
farm_10,farm_10_field_2,2025-04-28,57.2,initial,potato,10,0.0,0.2,loamy_sand,medium,10,pivot,irrigation_canal,35.3,0
farm_10,farm_10_field_2,2025-04-29,53.9,initial,potato,11,0.0,0.0,loamy_sand,medium,11,pivot,irrigation_canal,35.3,0
farm_10,farm_10_field_2,2025-04-30,53.4,initial,potato,12,0.0,1.3,loamy_sand,medium,12,pivot,irrigation_canal,35.3,0
farm_10,farm_10_field_2,2025-05-01,53.9,initial,potato,13,0.0,0.0,loamy_sand,medium,13,pivot,irrigation_canal,35.3,0
farm_10,farm_10_field_2,2025-05-02,50.7,initial,potato,14,0.0,0.1,loamy_sand,medium,14,pivot,irrigation_canal,35.3,0
farm_10,farm_10_field_2,2025-05-03,50.2,initial,potato,15,0.0,2.1,loamy_sand,medium,15,pivot,irrigation_canal,35.3,0
farm_10,farm_10_field_2,2025-05-04,47.3,initial,potato,16,0.0,0.0,loamy_sand,medium,16,pivot,irrigation_canal,35.3,0
farm_10,farm_10_field_2,2025-05-05,51.4,initial,potato,17,0.0,0.2,loamy_sand,medium,17,pivot,irrigation_canal,35.3,0
farm_10,farm_10_field_2,2025-05-06,46.6,initial,potato,18,0.0,1.0,loamy_sand,medium,18,pivot,irrigation_canal,35.3,1
farm_10,farm_10_field_2,2025-05-07,49.2,initial,potato,19,0.0,0.0,loamy_sand,medium,19,pivot,irrigation_canal,35.3,1
farm_10,farm_10_field_2,2025-05-08,75.7,initial,potato,1,30.0,0.0,loamy_sand,medium,20,pivot,irrigation_canal,35.3,0
farm_10,farm_10_field_2,2025-05-09,78.1,initial,potato,2,30.0,0.7,loamy_sand,medium,21,pivot,irrigation_canal,35.3,0
farm_10,farm_10_field_2,2025-05-10,79.1,initial,potato,3,30.0,0.1,loamy_sand,medium,22,pivot,irrigation_canal,35.3,0
farm_10,farm_10_field_2,2025-05-11,69.5,initial,potato,4,30.0,0.2,loamy_sand,medium,23,pivot,irrigation_canal,35.3,0
farm_10,farm_10_field_2,2025-05-12,72.1,initial,potato,5,30.0,0.0,loamy_sand,medium,24,pivot,irrigation_canal,35.3,0
farm_10,farm_10_field_2,2025-05-13,71.2,development,potato,6,30.0,0.5,loamy_sand,medium,25,pivot,irrigation_canal,35.3,0
farm_10,farm_10_field_2,2025-05-14,77.4,development,potato,7,30.0,0.0,loamy_sand,medium,26,pivot,irrigation_canal,35.3,0
farm_10,farm_10_field_2,2025-05-15,65.8,development,potato,8,30.0,0.1,loamy_sand,medium,27,pivot,irrigation_canal,35.3,0
farm_10,farm_10_field_2,2025-05-16,65.3,development,potato,9,30.0,0.0,loamy_sand,medium,28,pivot,irrigation_canal,35.3,0
farm_10,farm_10_field_2,2025-05-17,61.7,development,potato,10,30.0,5.9,loamy_sand,medium,29,pivot,irrigation_canal,35.3,0
farm_10,farm_10_field_2,2025-05-18,58.8,development,potato,11,30.0,0.0,loamy_sand,medium,30,pivot,irrigation_canal,35.3,0
farm_10,farm_10_field_2,2025-05-19,58.9,development,potato,12,30.0,6.9,loamy_sand,medium,31,pivot,irrigation_canal,35.3,0
farm_10,farm_10_field_2,2025-05-20,61.3,development,potato,13,30.0,0.0,loamy_sand,medium,32,pivot,irrigation_canal,35.3,0
farm_10,farm_10_field_2,2025-05-21,54.5,development,potato,14,30.0,4.8,loamy_sand,medium,33,pivot,irrigation_canal,35.3,0
farm_10,farm_10_field_2,2025-05-22,67.4,development,potato,15,30.0,0.0,loamy_sand,medium,34,pivot,irrigation_canal,35.3,0
farm_10,farm_10_field_2,2025-05-23,57.2,development,potato,16,30.0,0.2,loamy_sand,medium,35,pivot,irrigation_canal,35.3,0
farm_10,farm_10_field_2,2025-05-24,57.6,development,potato,17,30.0,0.6,loamy_sand,medium,36,pivot,irrigation_canal,35.3,1
farm_10,farm_10_field_2,2025-05-25,52.6,development,potato,18,30.0,3.2,loamy_sand,medium,37,pivot,irrigation_canal,35.3,1
farm_10,farm_10_field_2,2025-05-26,53.5,development,potato,19,30.0,0.0,loamy_sand,medium,38,pivot,irrigation_canal,35.3,1
farm_10,farm_10_field_2,2025-05-27,80.8,development,potato,1,30.0,0.0,loamy_sand,medium,39,pivot,irrigation_canal,35.3,0
farm_10,farm_10_field_2,2025-05-28,77.6,development,potato,2,30.0,0.0,loamy_sand,medium,40,pivot,irrigation_canal,35.3,0
farm_10,farm_10_field_2,2025-05-29,70.0,development,potato,3,30.0,0.0,loamy_sand,medium,41,pivot,irrigation_canal,35.3,0
farm_10,farm_10_field_2,2025-05-30,69.9,development,potato,4,30.0,0.0,loamy_sand,medium,42,pivot,irrigation_canal,35.3,0
farm_10,farm_10_field_2,2025-05-31,67.2,development,potato,5,30.0,0.4,loamy_sand,medium,43,pivot,irrigation_canal,35.3,0
farm_10,farm_10_field_2,2025-06-01,69.7,development,potato,6,30.0,0.0,loamy_sand,medium,44,pivot,irrigation_canal,35.3,0
farm_10,farm_10_field_2,2025-06-02,57.2,development,potato,7,30.0,0.2,loamy_sand,medium,45,pivot,irrigation_canal,35.3,0
farm_10,farm_10_field_2,2025-06-03,54.6,development,potato,8,30.0,0.7,loamy_sand,medium,46,pivot,irrigation_canal,35.3,0
farm_10,farm_10_field_2,2025-06-04,51.5,development,potato,9,30.0,0.3,loamy_sand,medium,47,pivot,irrigation_canal,35.3,1
farm_10,farm_10_field_2,2025-06-05,52.4,development,potato,10,30.0,0.4,loamy_sand,medium,48,pivot,irrigation_canal,35.3,1
farm_10,farm_10_field_2,2025-06-06,47.5,development,potato,11,30.0,0.0,loamy_sand,medium,49,pivot,irrigation_canal,35.3,1
farm_10,farm_10_field_2,2025-06-07,45.8,development,potato,12,30.0,17.0,loamy_sand,medium,50,pivot,irrigation_canal,35.3,1
farm_10,farm_10_field_2,2025-06-08,57.9,development,potato,13,30.0,17.2,loamy_sand,medium,51,pivot,irrigation_canal,35.3,0
farm_10,farm_10_field_2,2025-06-09,72.4,development,potato,14,30.0,0.4,loamy_sand,medium,52,pivot,irrigation_canal,35.3,0
farm_10,farm_10_field_2,2025-06-10,68.6,development,potato,15,30.0,0.0,loamy_sand,medium,53,pivot,irrigation_canal,35.3,0
farm_10,farm_10_field_2,2025-06-11,63.5,development,potato,16,30.0,0.6,loamy_sand,medium,54,pivot,irrigation_canal,35.3,0
farm_10,farm_10_field_2,2025-06-12,64.4,sensitive,potato,17,30.0,0.0,loamy_sand,medium,55,pivot,irrigation_canal,35.3,1
farm_10,farm_10_field_2,2025-06-13,58.2,sensitive,potato,18,30.0,0.0,loamy_sand,medium,56,pivot,irrigation_canal,35.3,1
farm_10,farm_10_field_2,2025-06-14,50.4,sensitive,potato,19,30.0,0.3,loamy_sand,medium,57,pivot,irrigation_canal,35.3,1
farm_10,farm_10_field_2,2025-06-15,46.6,sensitive,potato,20,30.0,0.9,loamy_sand,medium,58,pivot,irrigation_canal,35.3,2
farm_10,farm_10_field_2,2025-06-16,70.9,sensitive,potato,1,30.0,0.1,loamy_sand,medium,59,pivot,irrigation_canal,35.3,0
farm_10,farm_10_field_2,2025-06-17,68.0,sensitive,potato,2,30.0,1.3,loamy_sand,medium,60,pivot,irrigation_canal,35.3,0
farm_10,farm_10_field_2,2025-06-18,,sensitive,potato,3,30.0,20.7,loamy_sand,medium,61,pivot,irrigation_canal,35.3,0
farm_10,farm_10_field_2,2025-06-19,74.2,sensitive,potato,4,30.0,0.0,loamy_sand,medium,62,pivot,irrigation_canal,35.3,0
farm_10,farm_10_field_2,2025-06-20,70.0,sensitive,potato,5,30.0,0.0,loamy_sand,medium,63,pivot,irrigation_canal,35.3,0
farm_10,farm_10_field_2,2025-06-21,68.4,sensitive,potato,6,30.0,0.1,loamy_sand,medium,64,pivot,irrigation_canal,35.3,0
farm_10,farm_10_field_2,2025-06-22,66.7,sensitive,potato,7,30.0,0.0,loamy_sand,medium,65,pivot,irrigation_canal,35.3,0
farm_10,farm_10_field_2,2025-06-23,62.4,sensitive,potato,8,30.0,0.3,loamy_sand,medium,66,pivot,irrigation_canal,35.3,1
farm_10,farm_10_field_2,2025-06-24,51.3,sensitive,potato,9,30.0,0.0,loamy_sand,medium,67,pivot,irrigation_canal,35.3,1
farm_10,farm_10_field_2,2025-06-25,45.8,sensitive,potato,10,30.0,0.0,loamy_sand,medium,68,pivot,irrigation_canal,35.3,2
farm_10,farm_10_field_2,2025-06-26,74.9,sensitive,potato,1,30.0,0.3,loamy_sand,medium,69,pivot,irrigation_canal,35.3,0
farm_10,farm_10_field_2,2025-06-27,69.5,sensitive,potato,2,30.0,0.2,loamy_sand,medium,70,pivot,irrigation_canal,35.3,0
farm_10,farm_10_field_2,2025-06-28,66.8,sensitive,potato,3,30.0,2.9,loamy_sand,medium,71,pivot,irrigation_canal,35.3,0
farm_10,farm_10_field_2,2025-06-29,65.7,sensitive,potato,4,30.0,0.2,loamy_sand,medium,72,pivot,irrigation_canal,35.3,1
farm_10,farm_10_field_2,2025-06-30,55.5,sensitive,potato,5,30.0,0.0,loamy_sand,medium,73,pivot,irrigation_canal,35.3,1
farm_10,farm_10_field_2,2025-07-01,52.3,sensitive,potato,6,30.0,0.4,loamy_sand,medium,74,pivot,irrigation_canal,35.3,1
farm_10,farm_10_field_2,2025-07-02,74.1,sensitive,potato,1,30.0,0.4,loamy_sand,medium,75,pivot,irrigation_canal,35.3,0
farm_10,farm_10_field_2,2025-07-03,71.8,sensitive,potato,2,30.0,0.3,loamy_sand,medium,76,pivot,irrigation_canal,35.3,0
farm_10,farm_10_field_2,2025-07-04,65.2,sensitive,potato,3,30.0,0.5,loamy_sand,medium,77,pivot,irrigation_canal,35.3,1
farm_10,farm_10_field_2,2025-07-05,56.3,sensitive,potato,4,30.0,0.0,loamy_sand,medium,78,pivot,irrigation_canal,35.3,1
farm_10,farm_10_field_2,2025-07-06,48.9,sensitive,potato,5,30.0,0.3,loamy_sand,medium,79,pivot,irrigation_canal,35.3,1
farm_10,farm_10_field_2,2025-07-07,75.9,sensitive,potato,1,30.0,0.0,loamy_sand,medium,80,pivot,irrigation_canal,35.3,0
farm_10,farm_10_field_2,2025-07-08,65.3,sensitive,potato,2,30.0,0.1,loamy_sand,medium,81,pivot,irrigation_canal,35.3,0
farm_10,farm_10_field_2,2025-07-09,61.9,sensitive,potato,3,30.0,0.0,loamy_sand,medium,82,pivot,irrigation_canal,35.3,1
farm_10,farm_10_field_2,2025-07-10,55.4,sensitive,potato,4,30.0,0.6,loamy_sand,medium,83,pivot,irrigation_canal,35.3,1
farm_10,farm_10_field_2,2025-07-11,50.3,sensitive,potato,5,30.0,0.2,loamy_sand,medium,84,pivot,irrigation_canal,35.3,2
farm_10,farm_10_field_2,2025-07-12,75.8,sensitive,potato,1,30.0,0.0,loamy_sand,medium,85,pivot,irrigation_canal,35.3,0
farm_10,farm_10_field_2,2025-07-13,67.4,sensitive,potato,2,30.0,0.1,loamy_sand,medium,86,pivot,irrigation_canal,35.3,0
farm_10,farm_10_field_2,2025-07-14,67.9,sensitive,potato,3,30.0,0.0,loamy_sand,medium,87,pivot,irrigation_canal,35.3,1
farm_10,farm_10_field_2,2025-07-15,79.5,sensitive,potato,1,23.4,0.5,loamy_sand,medium,88,pivot,irrigation_canal,35.3,0
farm_10,farm_10_field_2,2025-07-16,76.8,sensitive,potato,2,23.4,0.4,loamy_sand,medium,89,pivot,irrigation_canal,35.3,0
farm_10,farm_10_field_2,2025-07-17,66.5,sensitive,potato,3,23.4,0.4,loamy_sand,medium,90,pivot,irrigation_canal,35.3,0
farm_10,farm_10_field_2,2025-07-18,61.3,sensitive,potato,4,23.4,2.1,loamy_sand,medium,91,pivot,irrigation_canal,35.3,1
farm_10,farm_10_field_2,2025-07-19,81.8,sensitive,potato,1,20.2,9.2,loamy_sand,medium,92,pivot,irrigation_canal,35.3,0
farm_10,farm_10_field_2,2025-07-20,81.8,sensitive,potato,2,20.2,0.0,loamy_sand,medium,93,pivot,irrigation_canal,35.3,0
farm_10,farm_10_field_2,2025-07-21,81.8,sensitive,potato,3,20.2,0.0,loamy_sand,medium,94,pivot,irrigation_canal,35.3,0
farm_10,farm_10_field_2,2025-07-22,81.8,sensitive,potato,4,20.2,0.0,loamy_sand,medium,95,pivot,irrigation_canal,35.3,0
farm_10,farm_10_field_2,2025-07-23,81.8,sensitive,potato,5,20.2,0.0,loamy_sand,medium,96,pivot,irrigation_canal,35.3,0
farm_10,farm_10_field_2,2025-07-24,81.8,sensitive,potato,6,20.2,0.0,loamy_sand,medium,97,pivot,irrigation_canal,35.3,1
farm_10,farm_10_field_2,2025-07-25,57.3,sensitive,potato,7,20.2,0.3,loamy_sand,medium,98,pivot,irrigation_canal,35.3,1
farm_10,farm_10_field_2,2025-07-26,79.9,sensitive,potato,1,26.7,0.3,loamy_sand,medium,99,pivot,irrigation_canal,35.3,0
farm_10,farm_10_field_2,2025-07-27,75.2,late,potato,2,26.7,1.9,loamy_sand,medium,100,pivot,irrigation_canal,35.3,0
farm_10,farm_10_field_2,2025-07-28,79.1,late,potato,3,26.7,0.0,loamy_sand,medium,101,pivot,irrigation_canal,35.3,0
farm_10,farm_10_field_2,2025-07-29,65.3,late,potato,4,26.7,6.2,loamy_sand,medium,102,pivot,irrigation_canal,35.3,0
farm_10,farm_10_field_2,2025-07-30,68.4,late,potato,5,26.7,0.0,loamy_sand,medium,103,pivot,irrigation_canal,35.3,0
farm_10,farm_10_field_2,2025-07-31,65.4,late,potato,6,26.7,0.2,loamy_sand,medium,104,pivot,irrigation_canal,35.3,0
farm_10,farm_10_field_2,2025-08-01,61.7,late,potato,7,26.7,0.6,loamy_sand,medium,105,pivot,irrigation_canal,35.3,0
farm_10,farm_10_field_2,2025-08-02,63.4,late,potato,8,26.7,0.0,loamy_sand,medium,106,pivot,irrigation_canal,35.3,0
farm_10,farm_10_field_2,2025-08-03,55.7,late,potato,9,26.7,0.0,loamy_sand,medium,107,pivot,irrigation_canal,35.3,0
farm_10,farm_10_field_2,2025-08-04,52.6,late,potato,10,26.7,1.5,loamy_sand,medium,108,pivot,irrigation_canal,35.3,0
farm_10,farm_10_field_2,2025-08-05,50.4,late,potato,11,26.7,0.1,loamy_sand,medium,109,pivot,irrigation_canal,35.3,0
farm_10,farm_10_field_2,2025-08-06,51.1,late,potato,12,26.7,8.2,loamy_sand,medium,110,pivot,irrigation_canal,35.3,0
farm_10,farm_10_field_2,2025-08-07,57.2,late,potato,13,26.7,0.1,loamy_sand,medium,111,pivot,irrigation_canal,35.3,0
farm_10,farm_10_field_2,2025-08-08,50.3,late,potato,14,26.7,0.0,loamy_sand,medium,112,pivot,irrigation_canal,35.3,0
farm_10,farm_10_field_2,2025-08-09,44.8,late,potato,15,26.7,0.0,loamy_sand,medium,113,pivot,irrigation_canal,35.3,0
farm_10,farm_10_field_2,2025-08-10,46.6,late,potato,16,26.7,0.0,loamy_sand,medium,114,pivot,irrigation_canal,35.3,1
farm_10,farm_10_field_2,2025-08-11,,late,potato,1,30.0,1.1,loamy_sand,medium,115,pivot,irrigation_canal,35.3,0
farm_10,farm_10_field_2,2025-08-12,69.0,late,potato,2,30.0,0.0,loamy_sand,medium,116,pivot,irrigation_canal,35.3,0
farm_10,farm_10_field_2,2025-08-13,65.4,late,potato,3,30.0,0.3,loamy_sand,medium,117,pivot,irrigation_canal,35.3,0
farm_10,farm_10_field_2,2025-08-14,62.6,late,potato,4,30.0,0.7,loamy_sand,medium,118,pivot,irrigation_canal,35.3,0
farm_10,farm_10_field_2,2025-08-15,59.4,late,potato,5,30.0,0.0,loamy_sand,medium,119,pivot,irrigation_canal,35.3,0
farm_10,farm_10_field_2,2025-08-16,57.7,late,potato,6,30.0,0.3,loamy_sand,medium,120,pivot,irrigation_canal,35.3,0
farm_10,farm_10_field_2,2025-08-17,51.9,late,potato,7,30.0,0.0,loamy_sand,medium,121,pivot,irrigation_canal,35.3,0
farm_10,farm_10_field_2,2025-08-18,46.6,late,potato,8,30.0,0.0,loamy_sand,medium,122,pivot,irrigation_canal,35.3,0
farm_10,farm_10_field_2,2025-08-19,44.6,late,potato,9,30.0,0.0,loamy_sand,medium,123,pivot,irrigation_canal,35.3,0
farm_10,farm_10_field_2,2025-08-20,43.1,late,potato,10,30.0,0.4,loamy_sand,medium,124,pivot,irrigation_canal,35.3,1
farm_10,farm_10_field_2,2025-08-21,39.9,late,potato,11,30.0,0.0,loamy_sand,medium,125,pivot,irrigation_canal,35.3,1
farm_10,farm_10_field_2,2025-08-22,34.3,late,potato,12,30.0,0.4,loamy_sand,medium,126,pivot,irrigation_canal,35.3,1
farm_10,farm_10_field_2,2025-08-23,37.7,late,potato,13,30.0,0.0,loamy_sand,medium,127,pivot,irrigation_canal,35.3,1
farm_10,farm_10_field_2,2025-08-24,35.2,late,potato,14,30.0,0.0,loamy_sand,medium,128,pivot,irrigation_canal,35.3,1
farm_10,farm_10_field_2,2025-08-25,60.7,late,potato,1,30.0,0.2,loamy_sand,medium,129,pivot,irrigation_canal,35.3,0
farm_10,farm_10_field_2,2025-08-26,54.2,late,potato,2,30.0,0.0,loamy_sand,medium,130,pivot,irrigation_canal,35.3,0
farm_10,farm_10_field_2,2025-08-27,46.1,late,potato,3,30.0,0.0,loamy_sand,medium,131,pivot,irrigation_canal,35.3,0
farm_10,farm_10_field_2,2025-08-28,44.4,late,potato,4,30.0,14.4,loamy_sand,medium,132,pivot,irrigation_canal,35.3,0
farm_10,farm_10_field_2,2025-08-29,64.6,late,potato,5,30.0,0.0,loamy_sand,medium,133,pivot,irrigation_canal,35.3,0
farm_10,farm_10_field_2,2025-08-30,54.2,late,potato,6,30.0,0.7,loamy_sand,medium,134,pivot,irrigation_canal,35.3,0
farm_10,farm_10_field_2,2025-08-31,56.1,late,potato,7,30.0,0.0,loamy_sand,medium,135,pivot,irrigation_canal,35.3,0
farm_10,farm_10_field_2,2025-09-01,50.0,late,potato,8,30.0,0.2,loamy_sand,medium,136,pivot,irrigation_canal,35.3,0
farm_10,farm_10_field_2,2025-09-02,50.9,late,potato,9,30.0,0.0,loamy_sand,medium,137,pivot,irrigation_canal,35.3,0
farm_10,farm_10_field_2,2025-09-03,48.4,late,potato,10,30.0,0.0,loamy_sand,medium,138,pivot,irrigation_canal,35.3,0
farm_10,farm_10_field_2,2025-09-04,41.2,late,potato,11,30.0,0.0,loamy_sand,medium,139,pivot,irrigation_canal,35.3,1
farm_10,farm_10_field_2,2025-09-05,36.8,late,potato,12,30.0,0.0,loamy_sand,medium,140,pivot,irrigation_canal,35.3,1
farm_10,farm_10_field_2,2025-09-06,37.0,late,potato,13,30.0,0.0,loamy_sand,medium,141,pivot,irrigation_canal,35.3,1
farm_10,farm_10_field_2,2025-09-07,33.5,late,potato,14,30.0,0.1,loamy_sand,medium,142,pivot,irrigation_canal,35.3,1
farm_10,farm_10_field_2,2025-09-08,30.3,late,potato,15,30.0,0.0,loamy_sand,medium,143,pivot,irrigation_canal,35.3,1
farm_10,farm_10_field_2,2025-09-09,54.1,late,potato,1,30.0,0.4,loamy_sand,medium,144,pivot,irrigation_canal,35.3,0
farm_10,farm_10_field_2,2025-09-10,55.5,late,potato,2,30.0,0.2,loamy_sand,medium,145,pivot,irrigation_canal,35.3,0
farm_10,farm_10_field_2,2025-09-11,57.0,late,potato,3,30.0,0.0,loamy_sand,medium,146,pivot,irrigation_canal,35.3,0
farm_10,farm_10_field_2,2025-09-12,56.0,late,potato,4,30.0,0.0,loamy_sand,medium,147,pivot,irrigation_canal,35.3,0
farm_10,farm_10_field_2,2025-09-13,54.2,late,potato,5,30.0,0.6,loamy_sand,medium,148,pivot,irrigation_canal,35.3,0
farm_10,farm_10_field_2,2025-09-14,53.3,late,potato,6,30.0,1.2,loamy_sand,medium,149,pivot,irrigation_canal,35.3,0
farm_10,farm_10_field_2,2025-09-15,43.5,late,potato,7,30.0,0.0,loamy_sand,medium,150,pivot,irrigation_canal,35.3,1
farm_10,farm_10_field_2,2025-09-16,39.9,late,potato,8,30.0,4.1,loamy_sand,medium,151,pivot,irrigation_canal,35.3,1
farm_10,farm_10_field_2,2025-09-17,42.0,late,potato,9,30.0,2.4,loamy_sand,medium,152,pivot,irrigation_canal,35.3,1
farm_10,farm_10_field_2,2025-09-18,41.1,late,potato,10,30.0,0.0,loamy_sand,medium,153,pivot,irrigation_canal,35.3,1
farm_10,farm_10_field_2,2025-09-19,40.0,late,potato,11,30.0,0.0,loamy_sand,medium,154,pivot,irrigation_canal,35.3,1
farm_10,farm_10_field_2,2025-09-20,39.0,late,potato,12,30.0,0.2,loamy_sand,medium,155,pivot,irrigation_canal,35.3,1
farm_10,farm_10_field_2,2025-09-21,65.0,late,potato,1,30.0,0.0,loamy_sand,medium,156,pivot,irrigation_canal,35.3,0
farm_10,farm_10_field_2,2025-09-22,64.2,late,potato,2,30.0,0.0,loamy_sand,medium,157,pivot,irrigation_canal,35.3,0
farm_10,farm_10_field_2,2025-09-23,61.2,late,potato,3,30.0,0.3,loamy_sand,medium,158,pivot,irrigation_canal,35.3,0
farm_10,farm_10_field_2,2025-09-24,57.7,late,potato,4,30.0,0.2,loamy_sand,medium,159,pivot,irrigation_canal,35.3,0
farm_10,farm_10_field_2,2025-09-25,55.5,late,potato,5,30.0,0.0,loamy_sand,medium,160,pivot,irrigation_canal,35.3,0
farm_10,farm_10_field_2,2025-09-26,59.2,late,potato,6,30.0,0.4,loamy_sand,medium,161,pivot,irrigation_canal,35.3,0
farm_10,farm_10_field_2,2025-09-27,50.1,late,potato,7,30.0,0.1,loamy_sand,medium,162,pivot,irrigation_canal,35.3,0
farm_10,farm_10_field_2,2025-09-28,52.5,late,potato,8,30.0,0.0,loamy_sand,medium,163,pivot,irrigation_canal,35.3,0
farm_10,farm_10_field_2,2025-09-29,47.7,late,potato,9,30.0,0.3,loamy_sand,medium,164,pivot,irrigation_canal,35.3,0
farm_10,farm_10_field_2,2025-09-30,53.2,late,potato,10,30.0,0.0,loamy_sand,medium,165,pivot,irrigation_canal,35.3,0
farm_10,farm_10_field_2,2026-04-18,54.3,initial,potato,0,0.0,0.0,loamy_sand,medium,0,pivot,irrigation_canal,35.3,0
farm_10,farm_10_field_2,2026-04-19,57.2,initial,potato,1,0.0,0.0,loamy_sand,medium,1,pivot,irrigation_canal,35.3,0
farm_10,farm_10_field_2,2026-04-20,,initial,potato,2,0.0,0.2,loamy_sand,medium,2,pivot,irrigation_canal,35.3,0
farm_10,farm_10_field_2,2026-04-21,52.7,initial,potato,3,0.0,0.0,loamy_sand,medium,3,pivot,irrigation_canal,35.3,0
farm_10,farm_10_field_2,2026-04-22,46.1,initial,potato,4,0.0,0.4,loamy_sand,medium,4,pivot,irrigation_canal,35.3,1
farm_10,farm_10_field_2,2026-04-23,76.6,initial,potato,1,30.0,0.0,loamy_sand,medium,5,pivot,irrigation_canal,35.3,0
farm_10,farm_10_field_2,2026-04-24,74.8,initial,potato,2,30.0,0.0,loamy_sand,medium,6,pivot,irrigation_canal,35.3,0
farm_10,farm_10_field_2,2026-04-25,81.9,initial,potato,3,30.0,0.0,loamy_sand,medium,7,pivot,irrigation_canal,35.3,0
farm_10,farm_10_field_2,2026-04-26,71.1,initial,potato,4,30.0,0.3,loamy_sand,medium,8,pivot,irrigation_canal,35.3,0
farm_10,farm_10_field_2,2026-04-27,75.3,initial,potato,5,30.0,0.4,loamy_sand,medium,9,pivot,irrigation_canal,35.3,0
farm_10,farm_10_field_2,2026-04-28,68.9,initial,potato,6,30.0,0.3,loamy_sand,medium,10,pivot,irrigation_canal,35.3,0
farm_10,farm_10_field_2,2026-04-29,70.3,initial,potato,7,30.0,0.1,loamy_sand,medium,11,pivot,irrigation_canal,35.3,0
farm_10,farm_10_field_2,2026-04-30,72.7,initial,potato,8,30.0,0.1,loamy_sand,medium,12,pivot,irrigation_canal,35.3,0
farm_10,farm_10_field_2,2026-05-01,67.8,initial,potato,9,30.0,0.2,loamy_sand,medium,13,pivot,irrigation_canal,35.3,0
farm_10,farm_10_field_2,2026-05-02,63.4,initial,potato,10,30.0,0.0,loamy_sand,medium,14,pivot,irrigation_canal,35.3,0
farm_10,farm_10_field_2,2026-05-03,65.4,initial,potato,11,30.0,8.1,loamy_sand,medium,15,pivot,irrigation_canal,35.3,0
farm_10,farm_10_field_2,2026-05-04,72.8,initial,potato,12,30.0,0.0,loamy_sand,medium,16,pivot,irrigation_canal,35.3,0
farm_10,farm_10_field_2,2026-05-05,67.9,initial,potato,13,30.0,3.9,loamy_sand,medium,17,pivot,irrigation_canal,35.3,0
farm_10,farm_10_field_2,2026-05-06,73.4,initial,potato,14,30.0,0.3,loamy_sand,medium,18,pivot,irrigation_canal,35.3,0
farm_10,farm_10_field_2,2026-05-07,64.6,initial,potato,15,30.0,6.1,loamy_sand,medium,19,pivot,irrigation_canal,35.3,0
farm_10,farm_10_field_2,2026-05-08,71.9,initial,potato,16,30.0,0.0,loamy_sand,medium,20,pivot,irrigation_canal,35.3,0
farm_10,farm_10_field_2,2026-05-09,72.5,initial,potato,17,30.0,0.1,loamy_sand,medium,21,pivot,irrigation_canal,35.3,0
farm_10,farm_10_field_2,2026-05-10,72.9,initial,potato,18,30.0,0.0,loamy_sand,medium,22,pivot,irrigation_canal,35.3,0
farm_10,farm_10_field_2,2026-05-11,72.2,initial,potato,19,30.0,0.2,loamy_sand,medium,23,pivot,irrigation_canal,35.3,0
farm_10,farm_10_field_2,2026-05-12,68.6,initial,potato,20,30.0,0.0,loamy_sand,medium,24,pivot,irrigation_canal,35.3,0
farm_10,farm_10_field_2,2026-05-13,64.2,development,potato,21,30.0,2.2,loamy_sand,medium,25,pivot,irrigation_canal,35.3,0
farm_10,farm_10_field_2,2026-05-14,63.0,development,potato,22,30.0,0.0,loamy_sand,medium,26,pivot,irrigation_canal,35.3,0
farm_10,farm_10_field_2,2026-05-15,66.9,development,potato,23,30.0,0.0,loamy_sand,medium,27,pivot,irrigation_canal,35.3,0
farm_10,farm_10_field_2,2026-05-16,61.9,development,potato,24,30.0,0.4,loamy_sand,medium,28,pivot,irrigation_canal,35.3,0
farm_10,farm_10_field_2,2026-05-17,59.1,development,potato,25,30.0,0.0,loamy_sand,medium,29,pivot,irrigation_canal,35.3,0
farm_10,farm_10_field_2,2026-05-18,54.3,development,potato,26,30.0,0.3,loamy_sand,medium,30,pivot,irrigation_canal,35.3,1
farm_10,farm_10_field_2,2026-05-19,54.3,development,potato,1,30.0,0.2,loamy_sand,medium,31,pivot,irrigation_canal,35.3,0
farm_10,farm_10_field_2,2026-05-20,54.3,development,potato,2,30.0,0.0,loamy_sand,medium,32,pivot,irrigation_canal,35.3,0
farm_10,farm_10_field_2,2026-05-21,54.3,development,potato,3,30.0,13.0,loamy_sand,medium,33,pivot,irrigation_canal,35.3,0
farm_10,farm_10_field_2,2026-05-22,54.3,development,potato,4,30.0,4.7,loamy_sand,medium,34,pivot,irrigation_canal,35.3,0
farm_10,farm_10_field_2,2026-05-23,92.0,development,potato,5,30.0,0.7,loamy_sand,medium,35,pivot,irrigation_canal,35.3,0
farm_10,farm_10_field_2,2026-05-24,83.3,development,potato,6,30.0,0.0,loamy_sand,medium,36,pivot,irrigation_canal,35.3,0
farm_10,farm_10_field_2,2026-05-25,84.4,development,potato,7,30.0,0.1,loamy_sand,medium,37,pivot,irrigation_canal,35.3,0
farm_10,farm_10_field_2,2026-05-26,81.4,development,potato,8,30.0,0.5,loamy_sand,medium,38,pivot,irrigation_canal,35.3,0
farm_10,farm_10_field_2,2026-05-27,75.7,development,potato,9,30.0,0.1,loamy_sand,medium,39,pivot,irrigation_canal,35.3,0
farm_10,farm_10_field_2,2026-05-28,75.6,development,potato,10,30.0,0.0,loamy_sand,medium,40,pivot,irrigation_canal,35.3,0
farm_10,farm_10_field_2,2026-05-29,75.4,development,potato,11,30.0,0.0,loamy_sand,medium,41,pivot,irrigation_canal,35.3,0
farm_10,farm_10_field_2,2026-05-30,66.3,development,potato,12,30.0,0.0,loamy_sand,medium,42,pivot,irrigation_canal,35.3,0
farm_10,farm_10_field_2,2026-05-31,61.0,development,potato,13,30.0,0.0,loamy_sand,medium,43,pivot,irrigation_canal,35.3,0
farm_10,farm_10_field_2,2026-06-01,63.5,development,potato,14,30.0,0.0,loamy_sand,medium,44,pivot,irrigation_canal,35.3,0
farm_10,farm_10_field_2,2026-06-02,60.3,development,potato,15,30.0,0.0,loamy_sand,medium,45,pivot,irrigation_canal,35.3,0
farm_10,farm_10_field_2,2026-06-03,52.2,development,potato,16,30.0,0.0,loamy_sand,medium,46,pivot,irrigation_canal,35.3,0
farm_10,farm_10_field_2,2026-06-04,50.6,development,potato,17,30.0,0.0,loamy_sand,medium,47,pivot,irrigation_canal,35.3,1
farm_10,farm_10_field_2,2026-06-05,78.1,development,potato,1,30.0,0.2,loamy_sand,medium,48,pivot,irrigation_canal,35.3,0
farm_10,farm_10_field_2,2026-06-06,75.0,development,potato,2,30.0,3.7,loamy_sand,medium,49,pivot,irrigation_canal,35.3,0
farm_10,farm_10_field_2,2026-06-07,76.6,development,potato,3,30.0,0.1,loamy_sand,medium,50,pivot,irrigation_canal,35.3,0
farm_10,farm_10_field_2,2026-06-08,71.6,development,potato,4,30.0,0.2,loamy_sand,medium,51,pivot,irrigation_canal,35.3,0
farm_10,farm_10_field_2,2026-06-09,67.0,development,potato,5,30.0,0.5,loamy_sand,medium,52,pivot,irrigation_canal,35.3,0
farm_10,farm_10_field_2,2026-06-10,65.4,development,potato,6,30.0,0.1,loamy_sand,medium,53,pivot,irrigation_canal,35.3,0
farm_10,farm_10_field_2,2026-06-11,53.3,development,potato,7,30.0,0.0,loamy_sand,medium,54,pivot,irrigation_canal,35.3,0
farm_10,farm_10_field_2,2026-06-12,51.7,sensitive,potato,8,30.0,0.3,loamy_sand,medium,55,pivot,irrigation_canal,35.3,1
farm_10,farm_10_field_2,2026-06-13,47.4,sensitive,potato,9,30.0,0.0,loamy_sand,medium,56,pivot,irrigation_canal,35.3,2
farm_10,farm_10_field_2,2026-06-14,68.8,sensitive,potato,1,30.0,0.0,loamy_sand,medium,57,pivot,irrigation_canal,35.3,0
farm_10,farm_10_field_2,2026-06-15,65.1,sensitive,potato,2,30.0,0.0,loamy_sand,medium,58,pivot,irrigation_canal,35.3,1
farm_10,farm_10_field_2,2026-06-16,75.6,sensitive,potato,1,22.0,0.0,loamy_sand,medium,59,pivot,irrigation_canal,35.3,0
farm_10,farm_10_field_2,2026-06-17,64.7,sensitive,potato,2,22.0,0.9,loamy_sand,medium,60,pivot,irrigation_canal,35.3,0
farm_10,farm_10_field_2,2026-06-18,60.9,sensitive,potato,3,22.0,0.0,loamy_sand,medium,61,pivot,irrigation_canal,35.3,1
farm_10,farm_10_field_2,2026-06-19,60.9,sensitive,potato,4,22.0,0.0,loamy_sand,medium,62,pivot,irrigation_canal,35.3,1
farm_10,farm_10_field_2,2026-06-20,60.9,sensitive,potato,5,22.0,0.1,loamy_sand,medium,63,pivot,irrigation_canal,35.3,2
farm_10,farm_10_field_2,2026-06-21,60.9,sensitive,potato,1,30.0,0.0,loamy_sand,medium,64,pivot,irrigation_canal,35.3,0
farm_10,farm_10_field_2,2026-06-22,60.9,sensitive,potato,2,30.0,0.1,loamy_sand,medium,65,pivot,irrigation_canal,35.3,1
farm_10,farm_10_field_2,2026-06-23,60.9,sensitive,potato,3,30.0,0.5,loamy_sand,medium,66,pivot,irrigation_canal,35.3,1
farm_10,farm_10_field_2,2026-06-24,60.9,sensitive,potato,1,29.4,0.0,loamy_sand,medium,67,pivot,irrigation_canal,35.3,0
farm_10,farm_10_field_2,2026-06-25,71.0,sensitive,potato,2,29.4,1.4,loamy_sand,medium,68,pivot,irrigation_canal,35.3,0
farm_10,farm_10_field_2,2026-06-26,64.3,sensitive,potato,3,29.4,0.0,loamy_sand,medium,69,pivot,irrigation_canal,35.3,1
farm_10,farm_10_field_2,2026-06-27,58.6,sensitive,potato,4,29.4,0.0,loamy_sand,medium,70,pivot,irrigation_canal,35.3,1
farm_10,farm_10_field_2,2026-06-28,72.8,sensitive,potato,1,27.6,0.3,loamy_sand,medium,71,pivot,irrigation_canal,35.3,0
farm_10,farm_10_field_2,2026-06-29,70.9,sensitive,potato,2,27.6,0.0,loamy_sand,medium,72,pivot,irrigation_canal,35.3,0
farm_10,farm_10_field_2,2026-06-30,57.8,sensitive,potato,3,27.6,0.4,loamy_sand,medium,73,pivot,irrigation_canal,35.3,1
farm_10,farm_10_field_2,2026-07-01,53.4,sensitive,potato,4,27.6,0.0,loamy_sand,medium,74,pivot,irrigation_canal,35.3,1
farm_10,farm_10_field_2,2026-07-02,44.6,sensitive,potato,5,27.6,0.1,loamy_sand,medium,75,pivot,irrigation_canal,35.3,2
farm_10,farm_10_field_2,2026-07-03,59.6,sensitive,potato,1,30.0,0.1,loamy_sand,medium,76,pivot,irrigation_canal,35.3,1
farm_10,farm_10_field_2,2026-07-04,75.1,sensitive,potato,1,21.3,0.0,loamy_sand,medium,77,pivot,irrigation_canal,35.3,0
farm_10,farm_10_field_2,2026-07-05,68.0,sensitive,potato,2,21.3,0.1,loamy_sand,medium,78,pivot,irrigation_canal,35.3,0
farm_10,farm_10_field_2,2026-07-06,59.4,sensitive,potato,3,21.3,0.0,loamy_sand,medium,79,pivot,irrigation_canal,35.3,1
farm_10,farm_10_field_2,2026-07-07,78.1,sensitive,potato,1,24.9,0.1,loamy_sand,medium,80,pivot,irrigation_canal,35.3,0
farm_10,farm_10_field_2,2026-07-08,70.6,sensitive,potato,2,24.9,0.0,loamy_sand,medium,81,pivot,irrigation_canal,35.3,0
farm_10,farm_10_field_2,2026-07-09,58.6,sensitive,potato,3,24.9,0.1,loamy_sand,medium,82,pivot,irrigation_canal,35.3,1
farm_10,farm_10_field_2,2026-07-10,54.0,sensitive,potato,4,24.9,0.1,loamy_sand,medium,83,pivot,irrigation_canal,35.3,1
farm_10,farm_10_field_2,2026-07-11,76.5,sensitive,potato,1,30.0,0.1,loamy_sand,medium,84,pivot,irrigation_canal,35.3,0
farm_10,farm_10_field_2,2026-07-12,67.2,sensitive,potato,2,30.0,0.7,loamy_sand,medium,85,pivot,irrigation_canal,35.3,0
farm_10,farm_10_field_2,2026-07-13,58.9,sensitive,potato,3,30.0,0.0,loamy_sand,medium,86,pivot,irrigation_canal,35.3,1
farm_10,farm_10_field_2,2026-07-14,77.0,sensitive,potato,1,24.5,0.4,loamy_sand,medium,87,pivot,irrigation_canal,35.3,0
farm_10,farm_10_field_2,2026-07-15,71.3,sensitive,potato,2,24.5,0.0,loamy_sand,medium,88,pivot,irrigation_canal,35.3,0
farm_10,farm_10_field_2,2026-07-16,56.7,sensitive,potato,3,24.5,0.4,loamy_sand,medium,89,pivot,irrigation_canal,35.3,1
farm_10,farm_10_field_2,2026-07-17,50.7,sensitive,potato,4,24.5,0.0,loamy_sand,medium,90,pivot,irrigation_canal,35.3,1
farm_10,farm_10_field_2,2026-07-18,47.0,sensitive,potato,5,24.5,0.1,loamy_sand,medium,91,pivot,irrigation_canal,35.3,2
farm_10,farm_10_field_2,2026-07-19,69.8,sensitive,potato,1,30.0,0.0,loamy_sand,medium,92,pivot,irrigation_canal,35.3,0
farm_10,farm_10_field_2,2026-07-20,54.6,sensitive,potato,2,30.0,0.4,loamy_sand,medium,93,pivot,irrigation_canal,35.3,1
farm_10,farm_10_field_2,2026-07-21,47.4,sensitive,potato,3,30.0,0.0,loamy_sand,medium,94,pivot,irrigation_canal,35.3,1
farm_10,farm_10_field_2,2026-07-22,44.1,sensitive,potato,4,30.0,0.4,loamy_sand,medium,95,pivot,irrigation_canal,35.3,2
farm_10,farm_10_field_2,2026-07-23,71.5,sensitive,potato,1,30.0,0.5,loamy_sand,medium,96,pivot,irrigation_canal,35.3,0
farm_10,farm_10_field_2,2026-07-24,62.2,sensitive,potato,2,30.0,0.1,loamy_sand,medium,97,pivot,irrigation_canal,35.3,1
farm_10,farm_10_field_2,2026-07-25,53.8,sensitive,potato,3,30.0,0.0,loamy_sand,medium,98,pivot,irrigation_canal,35.3,1
farm_10,farm_10_field_2,2026-07-26,46.2,sensitive,potato,4,30.0,0.0,loamy_sand,medium,99,pivot,irrigation_canal,35.3,2
farm_10,farm_10_field_2,2026-07-27,71.6,late,potato,1,30.0,1.1,loamy_sand,medium,100,pivot,irrigation_canal,35.3,0
farm_10,farm_10_field_2,2026-07-28,71.4,late,potato,2,30.0,0.5,loamy_sand,medium,101,pivot,irrigation_canal,35.3,0
farm_10,farm_10_field_2,2026-07-29,64.0,late,potato,3,30.0,0.0,loamy_sand,medium,102,pivot,irrigation_canal,35.3,0
farm_10,farm_10_field_2,2026-07-30,56.9,late,potato,4,30.0,0.0,loamy_sand,medium,103,pivot,irrigation_canal,35.3,0
farm_10,farm_10_field_2,2026-07-31,52.9,late,potato,5,30.0,6.5,loamy_sand,medium,104,pivot,irrigation_canal,35.3,0
farm_10,farm_10_field_2,2026-08-01,59.2,late,potato,6,30.0,0.0,loamy_sand,medium,105,pivot,irrigation_canal,35.3,0
farm_10,farm_10_field_2,2026-08-02,56.3,late,potato,7,30.0,0.0,loamy_sand,medium,106,pivot,irrigation_canal,35.3,0
farm_10,farm_10_field_2,2026-08-03,50.7,late,potato,8,30.0,7.6,loamy_sand,medium,107,pivot,irrigation_canal,35.3,0
farm_10,farm_10_field_2,2026-08-04,48.8,late,potato,9,30.0,0.0,loamy_sand,medium,108,pivot,irrigation_canal,35.3,0
farm_10,farm_10_field_2,2026-08-05,44.4,late,potato,10,30.0,0.0,loamy_sand,medium,109,pivot,irrigation_canal,35.3,0
farm_10,farm_10_field_2,2026-08-06,45.1,late,potato,11,30.0,0.0,loamy_sand,medium,110,pivot,irrigation_canal,35.3,1
farm_10,farm_10_field_2,2026-08-07,75.6,late,potato,1,30.0,0.0,loamy_sand,medium,111,pivot,irrigation_canal,35.3,0
farm_10,farm_10_field_2,2026-08-08,67.6,late,potato,2,30.0,0.0,loamy_sand,medium,112,pivot,irrigation_canal,35.3,0
farm_10,farm_10_field_2,2026-08-09,54.7,late,potato,3,30.0,0.1,loamy_sand,medium,113,pivot,irrigation_canal,35.3,0
farm_10,farm_10_field_2,2026-08-10,53.6,late,potato,4,30.0,1.5,loamy_sand,medium,114,pivot,irrigation_canal,35.3,0
farm_10,farm_10_field_2,2026-08-11,47.4,late,potato,5,30.0,0.0,loamy_sand,medium,115,pivot,irrigation_canal,35.3,0
farm_10,farm_10_field_2,2026-08-12,43.5,late,potato,6,30.0,0.0,loamy_sand,medium,116,pivot,irrigation_canal,35.3,0
farm_10,farm_10_field_2,2026-08-13,49.5,late,potato,7,30.0,0.1,loamy_sand,medium,117,pivot,irrigation_canal,35.3,1
farm_10,farm_10_field_2,2026-08-14,38.2,late,potato,8,30.0,0.7,loamy_sand,medium,118,pivot,irrigation_canal,35.3,1
farm_10,farm_10_field_2,2026-08-15,29.4,late,potato,9,30.0,0.2,loamy_sand,medium,119,pivot,irrigation_canal,35.3,1
farm_10,farm_10_field_2,2026-08-16,33.7,late,potato,10,30.0,0.3,loamy_sand,medium,120,pivot,irrigation_canal,35.3,1
farm_10,farm_10_field_2,2026-08-17,29.6,late,potato,11,30.0,0.0,loamy_sand,medium,121,pivot,irrigation_canal,35.3,2
farm_10,farm_10_field_2,2026-08-18,58.6,late,potato,1,30.0,0.0,loamy_sand,medium,122,pivot,irrigation_canal,35.3,0
farm_10,farm_10_field_2,2026-08-19,51.2,late,potato,2,30.0,0.6,loamy_sand,medium,123,pivot,irrigation_canal,35.3,0
farm_10,farm_10_field_2,2026-08-20,,late,potato,3,30.0,1.9,loamy_sand,medium,124,pivot,irrigation_canal,35.3,0
farm_10,farm_10_field_2,2026-08-21,40.3,late,potato,4,30.0,0.1,loamy_sand,medium,125,pivot,irrigation_canal,35.3,0
farm_10,farm_10_field_2,2026-08-22,42.4,late,potato,5,30.0,0.2,loamy_sand,medium,126,pivot,irrigation_canal,35.3,1
farm_10,farm_10_field_2,2026-08-23,42.3,late,potato,6,30.0,1.1,loamy_sand,medium,127,pivot,irrigation_canal,35.3,1
farm_10,farm_10_field_2,2026-08-24,36.1,late,potato,7,30.0,0.7,loamy_sand,medium,128,pivot,irrigation_canal,35.3,1
farm_10,farm_10_field_2,2026-08-25,71.4,late,potato,1,30.0,0.2,loamy_sand,medium,129,pivot,irrigation_canal,35.3,0
farm_10,farm_10_field_2,2026-08-26,62.4,late,potato,2,30.0,0.0,loamy_sand,medium,130,pivot,irrigation_canal,35.3,0
farm_10,farm_10_field_2,2026-08-27,62.2,late,potato,3,30.0,0.0,loamy_sand,medium,131,pivot,irrigation_canal,35.3,0
farm_10,farm_10_field_2,2026-08-28,56.2,late,potato,4,30.0,2.9,loamy_sand,medium,132,pivot,irrigation_canal,35.3,0
farm_10,farm_10_field_2,2026-08-29,,late,potato,5,30.0,0.4,loamy_sand,medium,133,pivot,irrigation_canal,35.3,0
farm_10,farm_10_field_2,2026-08-30,50.5,late,potato,6,30.0,0.1,loamy_sand,medium,134,pivot,irrigation_canal,35.3,0
farm_10,farm_10_field_2,2026-08-31,53.8,late,potato,7,30.0,0.4,loamy_sand,medium,135,pivot,irrigation_canal,35.3,0
farm_10,farm_10_field_2,2026-09-01,53.8,late,potato,8,30.0,0.0,loamy_sand,medium,136,pivot,irrigation_canal,35.3,0
farm_10,farm_10_field_2,2026-09-02,53.8,late,potato,9,30.0,0.3,loamy_sand,medium,137,pivot,irrigation_canal,35.3,1
farm_10,farm_10_field_2,2026-09-03,53.8,late,potato,1,30.0,0.0,loamy_sand,medium,138,pivot,irrigation_canal,35.3,0
farm_10,farm_10_field_2,2026-09-04,53.8,late,potato,2,30.0,0.1,loamy_sand,medium,139,pivot,irrigation_canal,35.3,0
farm_10,farm_10_field_2,2026-09-05,53.8,late,potato,3,30.0,0.0,loamy_sand,medium,140,pivot,irrigation_canal,35.3,0
farm_10,farm_10_field_2,2026-09-06,53.8,late,potato,4,30.0,0.0,loamy_sand,medium,141,pivot,irrigation_canal,35.3,0
farm_10,farm_10_field_2,2026-09-07,61.6,late,potato,5,30.0,0.0,loamy_sand,medium,142,pivot,irrigation_canal,35.3,0
farm_10,farm_10_field_2,2026-09-08,57.8,late,potato,6,30.0,0.0,loamy_sand,medium,143,pivot,irrigation_canal,35.3,0
farm_10,farm_10_field_2,2026-09-09,55.7,late,potato,7,30.0,0.0,loamy_sand,medium,144,pivot,irrigation_canal,35.3,0
farm_10,farm_10_field_2,2026-09-10,49.2,late,potato,8,30.0,1.0,loamy_sand,medium,145,pivot,irrigation_canal,35.3,0
farm_10,farm_10_field_2,2026-09-11,45.1,late,potato,9,30.0,0.4,loamy_sand,medium,146,pivot,irrigation_canal,35.3,0
farm_10,farm_10_field_2,2026-09-12,50.4,late,potato,10,30.0,0.0,loamy_sand,medium,147,pivot,irrigation_canal,35.3,0
farm_10,farm_10_field_2,2026-09-13,42.3,late,potato,11,30.0,0.0,loamy_sand,medium,148,pivot,irrigation_canal,35.3,1
farm_10,farm_10_field_2,2026-09-14,42.0,late,potato,12,30.0,0.0,loamy_sand,medium,149,pivot,irrigation_canal,35.3,1
farm_10,farm_10_field_2,2026-09-15,41.1,late,potato,13,30.0,0.0,loamy_sand,medium,150,pivot,irrigation_canal,35.3,1
farm_10,farm_10_field_2,2026-09-16,30.6,late,potato,14,30.0,0.1,loamy_sand,medium,151,pivot,irrigation_canal,35.3,1
farm_10,farm_10_field_2,2026-09-17,62.8,late,potato,1,30.0,0.8,loamy_sand,medium,152,pivot,irrigation_canal,35.3,0
farm_10,farm_10_field_2,2026-09-18,61.5,late,potato,2,30.0,0.3,loamy_sand,medium,153,pivot,irrigation_canal,35.3,0
farm_10,farm_10_field_2,2026-09-19,59.3,late,potato,3,30.0,0.4,loamy_sand,medium,154,pivot,irrigation_canal,35.3,0
farm_10,farm_10_field_2,2026-09-20,58.3,late,potato,4,30.0,0.0,loamy_sand,medium,155,pivot,irrigation_canal,35.3,0
farm_10,farm_10_field_2,2026-09-21,54.4,late,potato,5,30.0,0.2,loamy_sand,medium,156,pivot,irrigation_canal,35.3,0
farm_10,farm_10_field_2,2026-09-22,51.9,late,potato,6,30.0,0.0,loamy_sand,medium,157,pivot,irrigation_canal,35.3,0
farm_10,farm_10_field_2,2026-09-23,49.6,late,potato,7,30.0,0.7,loamy_sand,medium,158,pivot,irrigation_canal,35.3,0
farm_10,farm_10_field_2,2026-09-24,49.1,late,potato,8,30.0,0.0,loamy_sand,medium,159,pivot,irrigation_canal,35.3,0
farm_10,farm_10_field_2,2026-09-25,,late,potato,9,30.0,0.0,loamy_sand,medium,160,pivot,irrigation_canal,35.3,0
farm_10,farm_10_field_2,2026-09-26,41.8,late,potato,10,30.0,0.0,loamy_sand,medium,161,pivot,irrigation_canal,35.3,1
farm_10,farm_10_field_2,2026-09-27,69.5,late,potato,1,30.0,2.6,loamy_sand,medium,162,pivot,irrigation_canal,35.3,0
farm_10,farm_10_field_2,2026-09-28,68.8,late,potato,2,30.0,0.0,loamy_sand,medium,163,pivot,irrigation_canal,35.3,0
farm_10,farm_10_field_2,2026-09-29,72.6,late,potato,3,30.0,0.4,loamy_sand,medium,164,pivot,irrigation_canal,35.3,0
farm_10,farm_10_field_2,2026-09-30,70.3,late,potato,4,30.0,0.0,loamy_sand,medium,165,pivot,irrigation_canal,35.3,0
farm_10,farm_10_field_3,2025-04-15,72.9,initial,potato,3,0.0,0.4,sand,early,3,pivot,irrigation_canal,31.4,0
farm_10,farm_10_field_3,2025-04-16,71.0,initial,potato,4,0.0,3.6,sand,early,4,pivot,irrigation_canal,31.4,0
farm_10,farm_10_field_3,2025-04-17,79.1,initial,potato,5,0.0,0.0,sand,early,5,pivot,irrigation_canal,31.4,0
farm_10,farm_10_field_3,2025-04-18,75.4,initial,potato,6,0.0,0.8,sand,early,6,pivot,irrigation_canal,31.4,0
farm_10,farm_10_field_3,2025-04-19,72.9,initial,potato,7,0.0,0.0,sand,early,7,pivot,irrigation_canal,31.4,0
farm_10,farm_10_field_3,2025-04-20,69.5,initial,potato,8,0.0,0.5,sand,early,8,pivot,irrigation_canal,31.4,0
farm_10,farm_10_field_3,2025-04-21,71.0,initial,potato,9,0.0,0.0,sand,early,9,pivot,irrigation_canal,31.4,0
farm_10,farm_10_field_3,2025-04-22,66.4,initial,potato,10,0.0,3.5,sand,early,10,pivot,irrigation_canal,31.4,0
farm_10,farm_10_field_3,2025-04-23,72.5,initial,potato,11,0.0,0.4,sand,early,11,pivot,irrigation_canal,31.4,0
farm_10,farm_10_field_3,2025-04-24,71.1,initial,potato,12,0.0,0.2,sand,early,12,pivot,irrigation_canal,31.4,0
farm_10,farm_10_field_3,2025-04-25,64.5,initial,potato,13,0.0,0.8,sand,early,13,pivot,irrigation_canal,31.4,0
farm_10,farm_10_field_3,2025-04-26,63.1,initial,potato,14,0.0,0.0,sand,early,14,pivot,irrigation_canal,31.4,0
farm_10,farm_10_field_3,2025-04-27,61.7,initial,potato,15,0.0,4.2,sand,early,15,pivot,irrigation_canal,31.4,0
farm_10,farm_10_field_3,2025-04-28,66.8,initial,potato,16,0.0,0.2,sand,early,16,pivot,irrigation_canal,31.4,0
farm_10,farm_10_field_3,2025-04-29,63.3,initial,potato,17,0.0,0.0,sand,early,17,pivot,irrigation_canal,31.4,0
farm_10,farm_10_field_3,2025-04-30,64.2,initial,potato,18,0.0,1.3,sand,early,18,pivot,irrigation_canal,31.4,0
farm_10,farm_10_field_3,2025-05-01,66.0,initial,potato,19,0.0,0.0,sand,early,19,pivot,irrigation_canal,31.4,0
farm_10,farm_10_field_3,2025-05-02,61.9,initial,potato,20,0.0,0.1,sand,early,20,pivot,irrigation_canal,31.4,0
farm_10,farm_10_field_3,2025-05-03,59.6,development,potato,21,0.0,2.1,sand,early,21,pivot,irrigation_canal,31.4,0
farm_10,farm_10_field_3,2025-05-04,62.3,development,potato,22,0.0,0.0,sand,early,22,pivot,irrigation_canal,31.4,0
farm_10,farm_10_field_3,2025-05-05,59.5,development,potato,23,0.0,0.2,sand,early,23,pivot,irrigation_canal,31.4,0
farm_10,farm_10_field_3,2025-05-06,52.3,development,potato,24,0.0,1.0,sand,early,24,pivot,irrigation_canal,31.4,1
farm_10,farm_10_field_3,2025-05-07,46.3,development,potato,25,0.0,0.0,sand,early,25,pivot,irrigation_canal,31.4,1
farm_10,farm_10_field_3,2025-05-08,49.4,development,potato,26,0.0,0.0,sand,early,26,pivot,irrigation_canal,31.4,1
farm_10,farm_10_field_3,2025-05-09,43.8,development,potato,27,0.0,0.7,sand,early,27,pivot,irrigation_canal,31.4,1
farm_10,farm_10_field_3,2025-05-10,40.7,development,potato,28,0.0,0.1,sand,early,28,pivot,irrigation_canal,31.4,2
farm_10,farm_10_field_3,2025-05-11,80.1,development,potato,1,28.1,0.2,sand,early,29,pivot,irrigation_canal,31.4,0
farm_10,farm_10_field_3,2025-05-12,75.0,development,potato,2,28.1,0.0,sand,early,30,pivot,irrigation_canal,31.4,0
farm_10,farm_10_field_3,2025-05-13,74.9,development,potato,3,28.1,0.5,sand,early,31,pivot,irrigation_canal,31.4,0
farm_10,farm_10_field_3,2025-05-14,67.1,development,potato,4,28.1,0.0,sand,early,32,pivot,irrigation_canal,31.4,0
farm_10,farm_10_field_3,2025-05-15,67.3,development,potato,5,28.1,0.1,sand,early,33,pivot,irrigation_canal,31.4,0
farm_10,farm_10_field_3,2025-05-16,59.9,development,potato,6,28.1,0.0,sand,early,34,pivot,irrigation_canal,31.4,0
farm_10,farm_10_field_3,2025-05-17,61.1,development,potato,7,28.1,5.9,sand,early,35,pivot,irrigation_canal,31.4,1
farm_10,farm_10_field_3,2025-05-18,66.7,development,potato,8,28.1,0.0,sand,early,36,pivot,irrigation_canal,31.4,0
farm_10,farm_10_field_3,2025-05-19,58.6,development,potato,9,28.1,6.9,sand,early,37,pivot,irrigation_canal,31.4,1
farm_10,farm_10_field_3,2025-05-20,92.3,development,potato,1,18.3,0.0,sand,early,38,pivot,irrigation_canal,31.4,0
farm_10,farm_10_field_3,2025-05-21,86.4,development,potato,2,18.3,4.8,sand,early,39,pivot,irrigation_canal,31.4,0
farm_10,farm_10_field_3,2025-05-22,89.8,development,potato,3,18.3,0.0,sand,early,40,pivot,irrigation_canal,31.4,0
farm_10,farm_10_field_3,2025-05-23,84.2,development,potato,4,18.3,0.2,sand,early,41,pivot,irrigation_canal,31.4,0
farm_10,farm_10_field_3,2025-05-24,74.1,development,potato,5,18.3,0.6,sand,early,42,pivot,irrigation_canal,31.4,0
farm_10,farm_10_field_3,2025-05-25,76.9,development,potato,6,18.3,3.2,sand,early,43,pivot,irrigation_canal,31.4,0
farm_10,farm_10_field_3,2025-05-26,77.8,development,potato,7,18.3,0.0,sand,early,44,pivot,irrigation_canal,31.4,0
farm_10,farm_10_field_3,2025-05-27,73.0,development,potato,8,18.3,0.0,sand,early,45,pivot,irrigation_canal,31.4,0
farm_10,farm_10_field_3,2025-05-28,73.1,development,potato,9,18.3,0.0,sand,early,46,pivot,irrigation_canal,31.4,0
farm_10,farm_10_field_3,2025-05-29,60.0,sensitive,potato,10,18.3,0.0,sand,early,47,pivot,irrigation_canal,31.4,1
farm_10,farm_10_field_3,2025-05-30,53.7,sensitive,potato,11,18.3,0.0,sand,early,48,pivot,irrigation_canal,31.4,1
farm_10,farm_10_field_3,2025-05-31,55.1,sensitive,potato,12,18.3,0.4,sand,early,49,pivot,irrigation_canal,31.4,2
farm_10,farm_10_field_3,2025-06-01,72.0,sensitive,potato,1,24.2,0.0,sand,early,50,pivot,irrigation_canal,31.4,0
farm_10,farm_10_field_3,2025-06-02,70.0,sensitive,potato,2,24.2,0.2,sand,early,51,pivot,irrigation_canal,31.4,0
farm_10,farm_10_field_3,2025-06-03,67.2,sensitive,potato,3,24.2,0.7,sand,early,52,pivot,irrigation_canal,31.4,1
farm_10,farm_10_field_3,2025-06-04,60.8,sensitive,potato,4,24.2,0.3,sand,early,53,pivot,irrigation_canal,31.4,1
farm_10,farm_10_field_3,2025-06-05,55.8,sensitive,potato,5,24.2,0.4,sand,early,54,pivot,irrigation_canal,31.4,2
farm_10,farm_10_field_3,2025-06-06,77.3,sensitive,potato,1,22.7,0.0,sand,early,55,pivot,irrigation_canal,31.4,0
farm_10,farm_10_field_3,2025-06-07,71.0,sensitive,potato,2,22.7,17.0,sand,early,56,pivot,irrigation_canal,31.4,0
farm_10,farm_10_field_3,2025-06-08,85.5,sensitive,potato,3,22.7,17.2,sand,early,57,pivot,irrigation_canal,31.4,0
farm_10,farm_10_field_3,2025-06-09,100.0,sensitive,potato,4,22.7,0.4,sand,early,58,pivot,irrigation_canal,31.4,0
farm_10,farm_10_field_3,2025-06-10,91.4,sensitive,potato,5,22.7,0.0,sand,early,59,pivot,irrigation_canal,31.4,0
farm_10,farm_10_field_3,2025-06-11,89.3,sensitive,potato,6,22.7,0.6,sand,early,60,pivot,irrigation_canal,31.4,0
farm_10,farm_10_field_3,2025-06-12,86.9,sensitive,potato,7,22.7,0.0,sand,early,61,pivot,irrigation_canal,31.4,0
farm_10,farm_10_field_3,2025-06-13,76.9,sensitive,potato,8,22.7,0.0,sand,early,62,pivot,irrigation_canal,31.4,0
farm_10,farm_10_field_3,2025-06-14,63.8,sensitive,potato,9,22.7,0.3,sand,early,63,pivot,irrigation_canal,31.4,0
farm_10,farm_10_field_3,2025-06-15,61.5,sensitive,potato,10,22.7,0.9,sand,early,64,pivot,irrigation_canal,31.4,1
farm_10,farm_10_field_3,2025-06-16,77.6,sensitive,potato,1,15.0,0.1,sand,early,65,pivot,irrigation_canal,31.4,0
farm_10,farm_10_field_3,2025-06-17,71.1,sensitive,potato,2,15.0,1.3,sand,early,66,pivot,irrigation_canal,31.4,0
farm_10,farm_10_field_3,2025-06-18,62.5,sensitive,potato,3,15.0,20.7,sand,early,67,pivot,irrigation_canal,31.4,1
farm_10,farm_10_field_3,2025-06-19,98.5,sensitive,potato,1,12.3,0.0,sand,early,68,pivot,irrigation_canal,31.4,0
farm_10,farm_10_field_3,2025-06-20,92.3,sensitive,potato,2,12.3,0.0,sand,early,69,pivot,irrigation_canal,31.4,0
farm_10,farm_10_field_3,2025-06-21,86.7,sensitive,potato,3,12.3,0.1,sand,early,70,pivot,irrigation_canal,31.4,0
farm_10,farm_10_field_3,2025-06-22,74.2,sensitive,potato,4,12.3,0.0,sand,early,71,pivot,irrigation_canal,31.4,0
farm_10,farm_10_field_3,2025-06-23,70.6,sensitive,potato,5,12.3,0.3,sand,early,72,pivot,irrigation_canal,31.4,0
farm_10,farm_10_field_3,2025-06-24,61.4,sensitive,potato,6,12.3,0.0,sand,early,73,pivot,irrigation_canal,31.4,1
farm_10,farm_10_field_3,2025-06-25,55.5,sensitive,potato,7,12.3,0.0,sand,early,74,pivot,irrigation_canal,31.4,1
farm_10,farm_10_field_3,2025-06-26,45.1,sensitive,potato,8,12.3,0.3,sand,early,75,pivot,irrigation_canal,31.4,2
farm_10,farm_10_field_3,2025-06-27,75.4,sensitive,potato,1,24.2,0.2,sand,early,76,pivot,irrigation_canal,31.4,0
farm_10,farm_10_field_3,2025-06-28,69.5,sensitive,potato,2,24.2,2.9,sand,early,77,pivot,irrigation_canal,31.4,0
farm_10,farm_10_field_3,2025-06-29,63.8,sensitive,potato,3,24.2,0.2,sand,early,78,pivot,irrigation_canal,31.4,1
farm_10,farm_10_field_3,2025-06-30,59.5,sensitive,potato,4,24.2,0.0,sand,early,79,pivot,irrigation_canal,31.4,1
farm_10,farm_10_field_3,2025-07-01,48.5,sensitive,potato,5,24.2,0.4,sand,early,80,pivot,irrigation_canal,31.4,2
farm_10,farm_10_field_3,2025-07-02,78.4,sensitive,potato,1,21.3,0.4,sand,early,81,pivot,irrigation_canal,31.4,0
farm_10,farm_10_field_3,2025-07-03,67.7,sensitive,potato,2,21.3,0.3,sand,early,82,pivot,irrigation_canal,31.4,1
farm_10,farm_10_field_3,2025-07-04,73.1,sensitive,potato,1,12.3,0.5,sand,early,83,pivot,irrigation_canal,31.4,0
farm_10,farm_10_field_3,2025-07-05,62.9,sensitive,potato,2,12.3,0.0,sand,early,84,pivot,irrigation_canal,31.4,1
farm_10,farm_10_field_3,2025-07-06,56.7,late,potato,3,12.3,0.3,sand,early,85,pivot,irrigation_canal,31.4,0
farm_10,farm_10_field_3,2025-07-07,45.9,late,potato,4,12.3,0.0,sand,early,86,pivot,irrigation_canal,31.4,0
farm_10,farm_10_field_3,2025-07-08,45.5,late,potato,5,12.3,0.1,sand,early,87,pivot,irrigation_canal,31.4,1
farm_10,farm_10_field_3,2025-07-09,38.3,late,potato,6,12.3,0.0,sand,early,88,pivot,irrigation_canal,31.4,1
farm_10,farm_10_field_3,2025-07-10,70.2,late,potato,1,30.0,0.6,sand,early,89,pivot,irrigation_canal,31.4,0
farm_10,farm_10_field_3,2025-07-11,67.6,late,potato,2,30.0,0.2,sand,early,90,pivot,irrigation_canal,31.4,0
farm_10,farm_10_field_3,2025-07-12,68.3,late,potato,3,30.0,0.0,sand,early,91,pivot,irrigation_canal,31.4,0
farm_10,farm_10_field_3,2025-07-13,51.1,late,potato,4,30.0,0.1,sand,early,92,pivot,irrigation_canal,31.4,0
farm_10,farm_10_field_3,2025-07-14,55.5,late,potato,5,30.0,0.0,sand,early,93,pivot,irrigation_canal,31.4,0
farm_10,farm_10_field_3,2025-07-15,50.8,late,potato,6,30.0,0.5,sand,early,94,pivot,irrigation_canal,31.4,0
farm_10,farm_10_field_3,2025-07-16,44.5,late,potato,7,30.0,0.4,sand,early,95,pivot,irrigation_canal,31.4,1
farm_10,farm_10_field_3,2025-07-17,35.3,late,potato,8,30.0,0.4,sand,early,96,pivot,irrigation_canal,31.4,1
farm_10,farm_10_field_3,2025-07-18,34.1,late,potato,9,30.0,2.1,sand,early,97,pivot,irrigation_canal,31.4,1
farm_10,farm_10_field_3,2025-07-19,73.3,late,potato,1,30.0,9.2,sand,early,98,pivot,irrigation_canal,31.4,0
farm_10,farm_10_field_3,2025-07-20,83.8,late,potato,2,30.0,0.0,sand,early,99,pivot,irrigation_canal,31.4,0
farm_10,farm_10_field_3,2025-07-21,79.7,late,potato,3,30.0,0.0,sand,early,100,pivot,irrigation_canal,31.4,0
farm_10,farm_10_field_3,2025-07-22,75.1,late,potato,4,30.0,0.0,sand,early,101,pivot,irrigation_canal,31.4,0
farm_10,farm_10_field_3,2025-07-23,72.2,late,potato,5,30.0,0.0,sand,early,102,pivot,irrigation_canal,31.4,0
farm_10,farm_10_field_3,2025-07-24,67.5,late,potato,6,30.0,0.0,sand,early,103,pivot,irrigation_canal,31.4,0
farm_10,farm_10_field_3,2025-07-25,59.4,late,potato,7,30.0,0.3,sand,early,104,pivot,irrigation_canal,31.4,0
farm_10,farm_10_field_3,2025-07-26,52.0,late,potato,8,30.0,0.3,sand,early,105,pivot,irrigation_canal,31.4,0
farm_10,farm_10_field_3,2025-07-27,50.9,late,potato,9,30.0,1.9,sand,early,106,pivot,irrigation_canal,31.4,0
farm_10,farm_10_field_3,2025-07-28,55.4,late,potato,10,30.0,0.0,sand,early,107,pivot,irrigation_canal,31.4,1
farm_10,farm_10_field_3,2025-07-29,42.4,late,potato,11,30.0,6.2,sand,early,108,pivot,irrigation_canal,31.4,1
farm_10,farm_10_field_3,2025-07-30,45.8,late,potato,12,30.0,0.0,sand,early,109,pivot,irrigation_canal,31.4,1
farm_10,farm_10_field_3,2025-07-31,40.9,late,potato,13,30.0,0.2,sand,early,110,pivot,irrigation_canal,31.4,1
farm_10,farm_10_field_3,2025-08-01,39.0,late,potato,14,30.0,0.6,sand,early,111,pivot,irrigation_canal,31.4,1
farm_10,farm_10_field_3,2025-08-02,,late,potato,15,30.0,0.0,sand,early,112,pivot,irrigation_canal,31.4,2
farm_10,farm_10_field_3,2025-08-03,71.9,late,potato,1,30.0,0.0,sand,early,113,pivot,irrigation_canal,31.4,0
farm_10,farm_10_field_3,2025-08-04,70.0,late,potato,2,30.0,1.5,sand,early,114,pivot,irrigation_canal,31.4,0
farm_10,farm_10_field_3,2025-08-05,65.3,late,potato,3,30.0,0.1,sand,early,115,pivot,irrigation_canal,31.4,0
farm_10,farm_10_field_3,2025-08-06,57.2,late,potato,4,30.0,8.2,sand,early,116,pivot,irrigation_canal,31.4,0
farm_10,farm_10_field_3,2025-08-07,69.0,late,potato,5,30.0,0.1,sand,early,117,pivot,irrigation_canal,31.4,0
farm_10,farm_10_field_3,2025-08-08,59.6,late,potato,6,30.0,0.0,sand,early,118,pivot,irrigation_canal,31.4,0
farm_10,farm_10_field_3,2025-08-09,54.0,late,potato,7,30.0,0.0,sand,early,119,pivot,irrigation_canal,31.4,0
farm_10,farm_10_field_3,2025-08-10,53.2,late,potato,8,30.0,0.0,sand,early,120,pivot,irrigation_canal,31.4,0
farm_10,farm_10_field_3,2025-08-11,49.2,late,potato,9,30.0,1.1,sand,early,121,pivot,irrigation_canal,31.4,1
farm_10,farm_10_field_3,2025-08-12,,late,potato,10,30.0,0.0,sand,early,122,pivot,irrigation_canal,31.4,1
farm_10,farm_10_field_3,2025-08-13,36.9,late,potato,11,30.0,0.3,sand,early,123,pivot,irrigation_canal,31.4,1
farm_10,farm_10_field_3,2025-08-14,34.0,late,potato,12,30.0,0.7,sand,early,124,pivot,irrigation_canal,31.4,1
farm_10,farm_10_field_3,2025-08-15,72.7,late,potato,1,30.0,0.0,sand,early,125,pivot,irrigation_canal,31.4,0
farm_10,farm_10_field_3,2025-08-16,71.9,late,potato,2,30.0,0.3,sand,early,126,pivot,irrigation_canal,31.4,0
farm_10,farm_10_field_3,2025-08-17,,late,potato,3,30.0,0.0,sand,early,127,pivot,irrigation_canal,31.4,0
farm_10,farm_10_field_3,2025-08-18,61.8,late,potato,4,30.0,0.0,sand,early,128,pivot,irrigation_canal,31.4,0
farm_10,farm_10_field_3,2025-08-19,52.0,late,potato,5,30.0,0.0,sand,early,129,pivot,irrigation_canal,31.4,0
farm_10,farm_10_field_3,2025-08-20,50.4,late,potato,6,30.0,0.4,sand,early,130,pivot,irrigation_canal,31.4,0
farm_10,farm_10_field_3,2025-08-21,46.8,late,potato,7,30.0,0.0,sand,early,131,pivot,irrigation_canal,31.4,1
farm_10,farm_10_field_3,2025-08-22,35.4,late,potato,8,30.0,0.4,sand,early,132,pivot,irrigation_canal,31.4,1
farm_10,farm_10_field_3,2025-08-23,41.6,late,potato,9,30.0,0.0,sand,early,133,pivot,irrigation_canal,31.4,1
farm_10,farm_10_field_3,2025-08-24,37.0,late,potato,10,30.0,0.0,sand,early,134,pivot,irrigation_canal,31.4,1
farm_10,farm_10_field_3,2025-08-25,32.6,late,potato,11,30.0,0.2,sand,early,135,pivot,irrigation_canal,31.4,2
farm_10,farm_10_field_3,2025-08-26,68.8,late,potato,1,30.0,0.0,sand,early,136,pivot,irrigation_canal,31.4,0
farm_10,farm_10_field_3,2025-08-27,54.6,late,potato,2,30.0,0.0,sand,early,137,pivot,irrigation_canal,31.4,0
farm_10,farm_10_field_3,2025-08-28,63.1,late,potato,3,30.0,14.4,sand,early,138,pivot,irrigation_canal,31.4,0
farm_10,farm_10_field_3,2025-08-29,77.4,late,potato,4,30.0,0.0,sand,early,139,pivot,irrigation_canal,31.4,0
farm_10,farm_10_field_3,2025-08-30,71.0,late,potato,5,30.0,0.7,sand,early,140,pivot,irrigation_canal,31.4,0
farm_10,farm_10_field_3,2025-08-31,65.2,late,potato,6,30.0,0.0,sand,early,141,pivot,irrigation_canal,31.4,0
farm_10,farm_10_field_3,2025-09-01,63.2,late,potato,7,30.0,0.2,sand,early,142,pivot,irrigation_canal,31.4,0
farm_10,farm_10_field_3,2025-09-02,56.0,late,potato,8,30.0,0.0,sand,early,143,pivot,irrigation_canal,31.4,0
farm_10,farm_10_field_3,2025-09-03,55.0,late,potato,9,30.0,0.0,sand,early,144,pivot,irrigation_canal,31.4,0
farm_10,farm_10_field_3,2025-09-04,,late,potato,10,30.0,0.0,sand,early,145,pivot,irrigation_canal,31.4,0
farm_10,farm_10_field_3,2025-09-05,46.0,late,potato,11,30.0,0.0,sand,early,146,pivot,irrigation_canal,31.4,1
farm_10,farm_10_field_3,2025-09-06,42.5,late,potato,12,30.0,0.0,sand,early,147,pivot,irrigation_canal,31.4,1
farm_10,farm_10_field_3,2025-09-07,37.2,late,potato,13,30.0,0.1,sand,early,148,pivot,irrigation_canal,31.4,1
farm_10,farm_10_field_3,2025-09-08,39.0,late,potato,14,30.0,0.0,sand,early,149,pivot,irrigation_canal,31.4,1
farm_10,farm_10_field_3,2025-09-09,78.2,late,potato,1,30.0,0.4,sand,early,150,pivot,irrigation_canal,31.4,0
farm_10,farm_10_field_3,2025-09-10,69.8,late,potato,2,30.0,0.2,sand,early,151,pivot,irrigation_canal,31.4,0
farm_10,farm_10_field_3,2025-09-11,72.2,late,potato,3,30.0,0.0,sand,early,152,pivot,irrigation_canal,31.4,0
farm_10,farm_10_field_3,2025-09-12,69.7,late,potato,4,30.0,0.0,sand,early,153,pivot,irrigation_canal,31.4,0
farm_10,farm_10_field_3,2025-09-13,66.6,late,potato,5,30.0,0.6,sand,early,154,pivot,irrigation_canal,31.4,0
farm_10,farm_10_field_3,2025-09-14,62.3,late,potato,6,30.0,1.2,sand,early,155,pivot,irrigation_canal,31.4,0
farm_10,farm_10_field_3,2025-09-15,61.8,late,potato,7,30.0,0.0,sand,early,156,pivot,irrigation_canal,31.4,0
farm_10,farm_10_field_3,2025-09-16,50.2,late,potato,8,30.0,4.1,sand,early,157,pivot,irrigation_canal,31.4,0
farm_10,farm_10_field_3,2025-09-17,50.7,late,potato,9,30.0,2.4,sand,early,158,pivot,irrigation_canal,31.4,0
farm_10,farm_10_field_3,2025-09-18,54.2,late,potato,10,30.0,0.0,sand,early,159,pivot,irrigation_canal,31.4,0
farm_10,farm_10_field_3,2025-09-19,45.4,late,potato,11,30.0,0.0,sand,early,160,pivot,irrigation_canal,31.4,0
farm_10,farm_10_field_3,2025-09-20,44.9,late,potato,12,30.0,0.2,sand,early,161,pivot,irrigation_canal,31.4,1
farm_10,farm_10_field_3,2025-09-21,80.3,late,potato,1,25.9,0.0,sand,early,162,pivot,irrigation_canal,31.4,0
farm_10,farm_10_field_3,2025-09-22,81.7,late,potato,2,25.9,0.0,sand,early,163,pivot,irrigation_canal,31.4,0
farm_10,farm_10_field_3,2025-09-23,75.5,late,potato,3,25.9,0.3,sand,early,164,pivot,irrigation_canal,31.4,0
farm_10,farm_10_field_3,2025-09-24,71.4,late,potato,4,25.9,0.2,sand,early,165,pivot,irrigation_canal,31.4,0
farm_10,farm_10_field_3,2025-09-25,,late,potato,5,25.9,0.0,sand,early,166,pivot,irrigation_canal,31.4,0
farm_10,farm_10_field_3,2025-09-26,63.8,late,potato,6,25.9,0.4,sand,early,167,pivot,irrigation_canal,31.4,0
farm_10,farm_10_field_3,2025-09-27,61.5,late,potato,7,25.9,0.1,sand,early,168,pivot,irrigation_canal,31.4,0
farm_10,farm_10_field_3,2025-09-28,61.3,late,potato,8,25.9,0.0,sand,early,169,pivot,irrigation_canal,31.4,0
farm_10,farm_10_field_3,2025-09-29,60.8,late,potato,9,25.9,0.3,sand,early,170,pivot,irrigation_canal,31.4,0
farm_10,farm_10_field_3,2025-09-30,55.7,late,potato,10,25.9,0.0,sand,early,171,pivot,irrigation_canal,31.4,0
farm_10,farm_10_field_3,2026-04-15,64.8,initial,potato,3,0.0,0.3,sand,early,3,pivot,irrigation_canal,31.4,0
farm_10,farm_10_field_3,2026-04-16,64.1,initial,potato,4,0.0,0.5,sand,early,4,pivot,irrigation_canal,31.4,0
farm_10,farm_10_field_3,2026-04-17,62.9,initial,potato,5,0.0,0.8,sand,early,5,pivot,irrigation_canal,31.4,0
farm_10,farm_10_field_3,2026-04-18,66.6,initial,potato,6,0.0,0.0,sand,early,6,pivot,irrigation_canal,31.4,0
farm_10,farm_10_field_3,2026-04-19,66.1,initial,potato,7,0.0,0.0,sand,early,7,pivot,irrigation_canal,31.4,0
farm_10,farm_10_field_3,2026-04-20,53.2,initial,potato,8,0.0,0.2,sand,early,8,pivot,irrigation_canal,31.4,0
farm_10,farm_10_field_3,2026-04-21,60.8,initial,potato,9,0.0,0.0,sand,early,9,pivot,irrigation_canal,31.4,0
farm_10,farm_10_field_3,2026-04-22,58.7,initial,potato,10,0.0,0.4,sand,early,10,pivot,irrigation_canal,31.4,0
farm_10,farm_10_field_3,2026-04-23,58.0,initial,potato,11,0.0,0.0,sand,early,11,pivot,irrigation_canal,31.4,0
farm_10,farm_10_field_3,2026-04-24,51.8,initial,potato,12,0.0,0.0,sand,early,12,pivot,irrigation_canal,31.4,1
farm_10,farm_10_field_3,2026-04-25,,initial,potato,13,0.0,0.0,sand,early,13,pivot,irrigation_canal,31.4,1
farm_10,farm_10_field_3,2026-04-26,44.6,initial,potato,14,0.0,0.3,sand,early,14,pivot,irrigation_canal,31.4,1
farm_10,farm_10_field_3,2026-04-27,47.8,initial,potato,15,0.0,0.4,sand,early,15,pivot,irrigation_canal,31.4,1
farm_10,farm_10_field_3,2026-04-28,,initial,potato,1,25.8,0.3,sand,early,16,pivot,irrigation_canal,31.4,0
farm_10,farm_10_field_3,2026-04-29,77.6,initial,potato,2,25.8,0.1,sand,early,17,pivot,irrigation_canal,31.4,0
farm_10,farm_10_field_3,2026-04-30,78.2,initial,potato,3,25.8,0.1,sand,early,18,pivot,irrigation_canal,31.4,0
farm_10,farm_10_field_3,2026-05-01,75.6,initial,potato,4,25.8,0.2,sand,early,19,pivot,irrigation_canal,31.4,0
farm_10,farm_10_field_3,2026-05-02,73.7,initial,potato,5,25.8,0.0,sand,early,20,pivot,irrigation_canal,31.4,0
farm_10,farm_10_field_3,2026-05-03,,development,potato,6,25.8,8.1,sand,early,21,pivot,irrigation_canal,31.4,0
farm_10,farm_10_field_3,2026-05-04,82.1,development,potato,7,25.8,0.0,sand,early,22,pivot,irrigation_canal,31.4,0
farm_10,farm_10_field_3,2026-05-05,73.1,development,potato,8,25.8,3.9,sand,early,23,pivot,irrigation_canal,31.4,0
farm_10,farm_10_field_3,2026-05-06,80.5,development,potato,9,25.8,0.3,sand,early,24,pivot,irrigation_canal,31.4,0
farm_10,farm_10_field_3,2026-05-07,80.5,development,potato,10,25.8,6.1,sand,early,25,pivot,irrigation_canal,31.4,0
farm_10,farm_10_field_3,2026-05-08,80.5,development,potato,11,25.8,0.0,sand,early,26,pivot,irrigation_canal,31.4,0
farm_10,farm_10_field_3,2026-05-09,80.5,development,potato,12,25.8,0.1,sand,early,27,pivot,irrigation_canal,31.4,0
farm_10,farm_10_field_3,2026-05-10,80.5,development,potato,13,25.8,0.0,sand,early,28,pivot,irrigation_canal,31.4,0
farm_10,farm_10_field_3,2026-05-11,80.5,development,potato,14,25.8,0.2,sand,early,29,pivot,irrigation_canal,31.4,0
farm_10,farm_10_field_3,2026-05-12,80.5,development,potato,15,25.8,0.0,sand,early,30,pivot,irrigation_canal,31.4,0
farm_10,farm_10_field_3,2026-05-13,80.5,development,potato,16,25.8,2.2,sand,early,31,pivot,irrigation_canal,31.4,0
farm_10,farm_10_field_3,2026-05-14,80.5,development,potato,17,25.8,0.0,sand,early,32,pivot,irrigation_canal,31.4,0
farm_10,farm_10_field_3,2026-05-15,,development,potato,18,25.8,0.0,sand,early,33,pivot,irrigation_canal,31.4,1
farm_10,farm_10_field_3,2026-05-16,55.3,development,potato,19,25.8,0.4,sand,early,34,pivot,irrigation_canal,31.4,1
farm_10,farm_10_field_3,2026-05-17,48.5,development,potato,20,25.8,0.0,sand,early,35,pivot,irrigation_canal,31.4,1
farm_10,farm_10_field_3,2026-05-18,42.1,development,potato,21,25.8,0.3,sand,early,36,pivot,irrigation_canal,31.4,1
farm_10,farm_10_field_3,2026-05-19,34.5,development,potato,22,25.8,0.2,sand,early,37,pivot,irrigation_canal,31.4,2
farm_10,farm_10_field_3,2026-05-20,79.8,development,potato,1,30.0,0.0,sand,early,38,pivot,irrigation_canal,31.4,0
farm_10,farm_10_field_3,2026-05-21,81.1,development,potato,2,30.0,13.0,sand,early,39,pivot,irrigation_canal,31.4,0
farm_10,farm_10_field_3,2026-05-22,99.1,development,potato,3,30.0,4.7,sand,early,40,pivot,irrigation_canal,31.4,0
farm_10,farm_10_field_3,2026-05-23,92.3,development,potato,4,30.0,0.7,sand,early,41,pivot,irrigation_canal,31.4,0
farm_10,farm_10_field_3,2026-05-24,92.0,development,potato,5,30.0,0.0,sand,early,42,pivot,irrigation_canal,31.4,0
farm_10,farm_10_field_3,2026-05-25,90.9,development,potato,6,30.0,0.1,sand,early,43,pivot,irrigation_canal,31.4,0
farm_10,farm_10_field_3,2026-05-26,81.7,development,potato,7,30.0,0.5,sand,early,44,pivot,irrigation_canal,31.4,0
farm_10,farm_10_field_3,2026-05-27,78.1,development,potato,8,30.0,0.1,sand,early,45,pivot,irrigation_canal,31.4,0
farm_10,farm_10_field_3,2026-05-28,71.1,development,potato,9,30.0,0.0,sand,early,46,pivot,irrigation_canal,31.4,0
farm_10,farm_10_field_3,2026-05-29,73.7,sensitive,potato,10,30.0,0.0,sand,early,47,pivot,irrigation_canal,31.4,0
farm_10,farm_10_field_3,2026-05-30,59.7,sensitive,potato,11,30.0,0.0,sand,early,48,pivot,irrigation_canal,31.4,1
farm_10,farm_10_field_3,2026-05-31,74.0,sensitive,potato,1,14.7,0.0,sand,early,49,pivot,irrigation_canal,31.4,0
farm_10,farm_10_field_3,2026-06-01,74.0,sensitive,potato,2,14.7,0.0,sand,early,50,pivot,irrigation_canal,31.4,0
farm_10,farm_10_field_3,2026-06-02,74.0,sensitive,potato,3,14.7,0.0,sand,early,51,pivot,irrigation_canal,31.4,1
farm_10,farm_10_field_3,2026-06-03,74.0,sensitive,potato,4,14.7,0.0,sand,early,52,pivot,irrigation_canal,31.4,1
farm_10,farm_10_field_3,2026-06-04,74.0,sensitive,potato,5,14.7,0.0,sand,early,53,pivot,irrigation_canal,31.4,1
farm_10,farm_10_field_3,2026-06-05,74.0,sensitive,potato,6,14.7,0.2,sand,early,54,pivot,irrigation_canal,31.4,2
farm_10,farm_10_field_3,2026-06-06,74.0,sensitive,potato,1,25.3,3.7,sand,early,55,pivot,irrigation_canal,31.4,0
farm_10,farm_10_field_3,2026-06-07,74.0,sensitive,potato,2,25.3,0.1,sand,early,56,pivot,irrigation_canal,31.4,0
farm_10,farm_10_field_3,2026-06-08,73.4,sensitive,potato,3,25.3,0.2,sand,early,57,pivot,irrigation_canal,31.4,0
farm_10,farm_10_field_3,2026-06-09,61.9,sensitive,potato,4,25.3,0.5,sand,early,58,pivot,irrigation_canal,31.4,1
farm_10,farm_10_field_3,2026-06-10,48.9,sensitive,potato,5,25.3,0.1,sand,early,59,pivot,irrigation_canal,31.4,2
farm_10,farm_10_field_3,2026-06-11,71.1,sensitive,potato,1,23.5,0.0,sand,early,60,pivot,irrigation_canal,31.4,0
farm_10,farm_10_field_3,2026-06-12,59.6,sensitive,potato,2,23.5,0.3,sand,early,61,pivot,irrigation_canal,31.4,1
farm_10,farm_10_field_3,2026-06-13,55.3,sensitive,potato,3,23.5,0.0,sand,early,62,pivot,irrigation_canal,31.4,1
farm_10,farm_10_field_3,2026-06-14,48.5,sensitive,potato,4,23.5,0.0,sand,early,63,pivot,irrigation_canal,31.4,2
farm_10,farm_10_field_3,2026-06-15,72.9,sensitive,potato,1,27.6,0.0,sand,early,64,pivot,irrigation_canal,31.4,0
farm_10,farm_10_field_3,2026-06-16,63.5,sensitive,potato,2,27.6,0.0,sand,early,65,pivot,irrigation_canal,31.4,1
farm_10,farm_10_field_3,2026-06-17,46.1,sensitive,potato,3,27.6,0.9,sand,early,66,pivot,irrigation_canal,31.4,2
farm_10,farm_10_field_3,2026-06-18,73.8,sensitive,potato,1,23.5,0.0,sand,early,67,pivot,irrigation_canal,31.4,0
farm_10,farm_10_field_3,2026-06-19,59.3,sensitive,potato,2,23.5,0.0,sand,early,68,pivot,irrigation_canal,31.4,1
farm_10,farm_10_field_3,2026-06-20,52.9,sensitive,potato,3,23.5,0.1,sand,early,69,pivot,irrigation_canal,31.4,2
farm_10,farm_10_field_3,2026-06-21,80.2,sensitive,potato,1,21.6,0.0,sand,early,70,pivot,irrigation_canal,31.4,0
farm_10,farm_10_field_3,2026-06-22,61.0,sensitive,potato,2,21.6,0.1,sand,early,71,pivot,irrigation_canal,31.4,1
farm_10,farm_10_field_3,2026-06-23,54.6,sensitive,potato,3,21.6,0.5,sand,early,72,pivot,irrigation_canal,31.4,1
farm_10,farm_10_field_3,2026-06-24,47.8,sensitive,potato,4,21.6,0.0,sand,early,73,pivot,irrigation_canal,31.4,2
farm_10,farm_10_field_3,2026-06-25,73.2,sensitive,potato,1,26.6,1.4,sand,early,74,pivot,irrigation_canal,31.4,0
farm_10,farm_10_field_3,2026-06-26,64.0,sensitive,potato,2,26.6,0.0,sand,early,75,pivot,irrigation_canal,31.4,1
farm_10,farm_10_field_3,2026-06-27,73.5,sensitive,potato,1,13.5,0.0,sand,early,76,pivot,irrigation_canal,31.4,0
farm_10,farm_10_field_3,2026-06-28,59.2,sensitive,potato,2,13.5,0.3,sand,early,77,pivot,irrigation_canal,31.4,1
farm_10,farm_10_field_3,2026-06-29,48.6,sensitive,potato,3,13.5,0.0,sand,early,78,pivot,irrigation_canal,31.4,2
farm_10,farm_10_field_3,2026-06-30,71.2,sensitive,potato,1,23.6,0.4,sand,early,79,pivot,irrigation_canal,31.4,0
farm_10,farm_10_field_3,2026-07-01,53.9,sensitive,potato,2,23.6,0.0,sand,early,80,pivot,irrigation_canal,31.4,1
farm_10,farm_10_field_3,2026-07-02,49.1,sensitive,potato,3,23.6,0.1,sand,early,81,pivot,irrigation_canal,31.4,2
farm_10,farm_10_field_3,2026-07-03,73.9,sensitive,potato,1,26.1,0.1,sand,early,82,pivot,irrigation_canal,31.4,0
farm_10,farm_10_field_3,2026-07-04,58.4,sensitive,potato,2,26.1,0.0,sand,early,83,pivot,irrigation_canal,31.4,1
farm_10,farm_10_field_3,2026-07-05,70.6,sensitive,potato,1,16.1,0.1,sand,early,84,pivot,irrigation_canal,31.4,0
farm_10,farm_10_field_3,2026-07-06,59.6,late,potato,2,16.1,0.0,sand,early,85,pivot,irrigation_canal,31.4,0
farm_10,farm_10_field_3,2026-07-07,51.3,late,potato,3,16.1,0.1,sand,early,86,pivot,irrigation_canal,31.4,0
farm_10,farm_10_field_3,2026-07-08,42.5,late,potato,4,16.1,0.0,sand,early,87,pivot,irrigation_canal,31.4,1
farm_10,farm_10_field_3,2026-07-09,74.6,late,potato,1,27.1,0.1,sand,early,88,pivot,irrigation_canal,31.4,0
farm_10,farm_10_field_3,2026-07-10,71.8,late,potato,2,27.1,0.1,sand,early,89,pivot,irrigation_canal,31.4,0
farm_10,farm_10_field_3,2026-07-11,60.6,late,potato,3,27.1,0.1,sand,early,90,pivot,irrigation_canal,31.4,0
farm_10,farm_10_field_3,2026-07-12,57.3,late,potato,4,27.1,0.7,sand,early,91,pivot,irrigation_canal,31.4,0
farm_10,farm_10_field_3,2026-07-13,50.2,late,potato,5,27.1,0.0,sand,early,92,pivot,irrigation_canal,31.4,0
farm_10,farm_10_field_3,2026-07-14,39.7,late,potato,6,27.1,0.4,sand,early,93,pivot,irrigation_canal,31.4,1
farm_10,farm_10_field_3,2026-07-15,78.2,late,potato,1,29.4,0.0,sand,early,94,pivot,irrigation_canal,31.4,0
farm_10,farm_10_field_3,2026-07-16,69.3,late,potato,2,29.4,0.4,sand,early,95,pivot,irrigation_canal,31.4,0
farm_10,farm_10_field_3,2026-07-17,66.7,late,potato,3,29.4,0.0,sand,early,96,pivot,irrigation_canal,31.4,0
farm_10,farm_10_field_3,2026-07-18,53.9,late,potato,4,29.4,0.1,sand,early,97,pivot,irrigation_canal,31.4,0
farm_10,farm_10_field_3,2026-07-19,42.3,late,potato,5,29.4,0.0,sand,early,98,pivot,irrigation_canal,31.4,0
farm_10,farm_10_field_3,2026-07-20,40.5,late,potato,6,29.4,0.4,sand,early,99,pivot,irrigation_canal,31.4,1
farm_10,farm_10_field_3,2026-07-21,36.2,late,potato,7,29.4,0.0,sand,early,100,pivot,irrigation_canal,31.4,1
farm_10,farm_10_field_3,2026-07-22,71.3,late,potato,1,30.0,0.4,sand,early,101,pivot,irrigation_canal,31.4,0
farm_10,farm_10_field_3,2026-07-23,65.5,late,potato,2,30.0,0.5,sand,early,102,pivot,irrigation_canal,31.4,0
farm_10,farm_10_field_3,2026-07-24,56.4,late,potato,3,30.0,0.1,sand,early,103,pivot,irrigation_canal,31.4,0
farm_10,farm_10_field_3,2026-07-25,53.8,late,potato,4,30.0,0.0,sand,early,104,pivot,irrigation_canal,31.4,0
farm_10,farm_10_field_3,2026-07-26,40.6,late,potato,5,30.0,0.0,sand,early,105,pivot,irrigation_canal,31.4,1
farm_10,farm_10_field_3,2026-07-27,41.6,late,potato,6,30.0,1.1,sand,early,106,pivot,irrigation_canal,31.4,1
farm_10,farm_10_field_3,2026-07-28,31.9,late,potato,7,30.0,0.5,sand,early,107,pivot,irrigation_canal,31.4,1
farm_10,farm_10_field_3,2026-07-29,,late,potato,8,30.0,0.0,sand,early,108,pivot,irrigation_canal,31.4,2
farm_10,farm_10_field_3,2026-07-30,61.7,late,potato,1,30.0,0.0,sand,early,109,pivot,irrigation_canal,31.4,0
farm_10,farm_10_field_3,2026-07-31,60.3,late,potato,2,30.0,6.5,sand,early,110,pivot,irrigation_canal,31.4,0
farm_10,farm_10_field_3,2026-08-01,58.3,late,potato,3,30.0,0.0,sand,early,111,pivot,irrigation_canal,31.4,0
farm_10,farm_10_field_3,2026-08-02,56.5,late,potato,4,30.0,0.0,sand,early,112,pivot,irrigation_canal,31.4,0
farm_10,farm_10_field_3,2026-08-03,50.3,late,potato,5,30.0,7.6,sand,early,113,pivot,irrigation_canal,31.4,0
farm_10,farm_10_field_3,2026-08-04,52.8,late,potato,6,30.0,0.0,sand,early,114,pivot,irrigation_canal,31.4,0
farm_10,farm_10_field_3,2026-08-05,47.1,late,potato,7,30.0,0.0,sand,early,115,pivot,irrigation_canal,31.4,1
farm_10,farm_10_field_3,2026-08-06,74.4,late,potato,1,24.7,0.0,sand,early,116,pivot,irrigation_canal,31.4,0
farm_10,farm_10_field_3,2026-08-07,70.0,late,potato,2,24.7,0.0,sand,early,117,pivot,irrigation_canal,31.4,0
farm_10,farm_10_field_3,2026-08-08,71.3,late,potato,3,24.7,0.0,sand,early,118,pivot,irrigation_canal,31.4,0
farm_10,farm_10_field_3,2026-08-09,60.9,late,potato,4,24.7,0.1,sand,early,119,pivot,irrigation_canal,31.4,0
farm_10,farm_10_field_3,2026-08-10,56.6,late,potato,5,24.7,1.5,sand,early,120,pivot,irrigation_canal,31.4,0
farm_10,farm_10_field_3,2026-08-11,55.1,late,potato,6,24.7,0.0,sand,early,121,pivot,irrigation_canal,31.4,0
farm_10,farm_10_field_3,2026-08-12,53.6,late,potato,7,24.7,0.0,sand,early,122,pivot,irrigation_canal,31.4,1
farm_10,farm_10_field_3,2026-08-13,43.8,late,potato,8,24.7,0.1,sand,early,123,pivot,irrigation_canal,31.4,1
farm_10,farm_10_field_3,2026-08-14,36.5,late,potato,9,24.7,0.7,sand,early,124,pivot,irrigation_canal,31.4,2
farm_10,farm_10_field_3,2026-08-15,68.2,late,potato,1,30.0,0.2,sand,early,125,pivot,irrigation_canal,31.4,0
farm_10,farm_10_field_3,2026-08-16,62.4,late,potato,2,30.0,0.3,sand,early,126,pivot,irrigation_canal,31.4,0
farm_10,farm_10_field_3,2026-08-17,61.6,late,potato,3,30.0,0.0,sand,early,127,pivot,irrigation_canal,31.4,0
farm_10,farm_10_field_3,2026-08-18,49.2,late,potato,4,30.0,0.0,sand,early,128,pivot,irrigation_canal,31.4,0
farm_10,farm_10_field_3,2026-08-19,46.0,late,potato,5,30.0,0.6,sand,early,129,pivot,irrigation_canal,31.4,1
farm_10,farm_10_field_3,2026-08-20,76.1,late,potato,1,25.1,1.9,sand,early,130,pivot,irrigation_canal,31.4,0
farm_10,farm_10_field_3,2026-08-21,76.8,late,potato,2,25.1,0.1,sand,early,131,pivot,irrigation_canal,31.4,0
farm_10,farm_10_field_3,2026-08-22,70.7,late,potato,3,25.1,0.2,sand,early,132,pivot,irrigation_canal,31.4,0
farm_10,farm_10_field_3,2026-08-23,72.8,late,potato,4,25.1,1.1,sand,early,133,pivot,irrigation_canal,31.4,0
farm_10,farm_10_field_3,2026-08-24,61.6,late,potato,5,25.1,0.7,sand,early,134,pivot,irrigation_canal,31.4,0
farm_10,farm_10_field_3,2026-08-25,65.9,late,potato,6,25.1,0.2,sand,early,135,pivot,irrigation_canal,31.4,0
farm_10,farm_10_field_3,2026-08-26,61.2,late,potato,7,25.1,0.0,sand,early,136,pivot,irrigation_canal,31.4,0
farm_10,farm_10_field_3,2026-08-27,58.2,late,potato,8,25.1,0.0,sand,early,137,pivot,irrigation_canal,31.4,0
farm_10,farm_10_field_3,2026-08-28,50.7,late,potato,9,25.1,2.9,sand,early,138,pivot,irrigation_canal,31.4,0
farm_10,farm_10_field_3,2026-08-29,47.5,late,potato,10,25.1,0.4,sand,early,139,pivot,irrigation_canal,31.4,0
farm_10,farm_10_field_3,2026-08-30,48.1,late,potato,11,25.1,0.1,sand,early,140,pivot,irrigation_canal,31.4,1
farm_10,farm_10_field_3,2026-08-31,46.4,late,potato,12,25.1,0.4,sand,early,141,pivot,irrigation_canal,31.4,1
farm_10,farm_10_field_3,2026-09-01,38.7,late,potato,13,25.1,0.0,sand,early,142,pivot,irrigation_canal,31.4,1
farm_10,farm_10_field_3,2026-09-02,83.3,late,potato,1,30.0,0.3,sand,early,143,pivot,irrigation_canal,31.4,0
farm_10,farm_10_field_3,2026-09-03,71.6,late,potato,2,30.0,0.0,sand,early,144,pivot,irrigation_canal,31.4,0
farm_10,farm_10_field_3,2026-09-04,68.3,late,potato,3,30.0,0.1,sand,early,145,pivot,irrigation_canal,31.4,0
farm_10,farm_10_field_3,2026-09-05,71.8,late,potato,4,30.0,0.0,sand,early,146,pivot,irrigation_canal,31.4,0
farm_10,farm_10_field_3,2026-09-06,53.8,late,potato,5,30.0,0.0,sand,early,147,pivot,irrigation_canal,31.4,0
farm_10,farm_10_field_3,2026-09-07,60.2,late,potato,6,30.0,0.0,sand,early,148,pivot,irrigation_canal,31.4,0
farm_10,farm_10_field_3,2026-09-08,50.3,late,potato,7,30.0,0.0,sand,early,149,pivot,irrigation_canal,31.4,0
farm_10,farm_10_field_3,2026-09-09,44.8,late,potato,8,30.0,0.0,sand,early,150,pivot,irrigation_canal,31.4,1
farm_10,farm_10_field_3,2026-09-10,40.8,late,potato,9,30.0,1.0,sand,early,151,pivot,irrigation_canal,31.4,1
farm_10,farm_10_field_3,2026-09-11,44.8,late,potato,10,30.0,0.4,sand,early,152,pivot,irrigation_canal,31.4,1
farm_10,farm_10_field_3,2026-09-12,79.5,late,potato,1,29.9,0.0,sand,early,153,pivot,irrigation_canal,31.4,0
farm_10,farm_10_field_3,2026-09-13,79.5,late,potato,2,29.9,0.0,sand,early,154,pivot,irrigation_canal,31.4,0
farm_10,farm_10_field_3,2026-09-14,74.3,late,potato,3,29.9,0.0,sand,early,155,pivot,irrigation_canal,31.4,0
farm_10,farm_10_field_3,2026-09-15,71.5,late,potato,4,29.9,0.0,sand,early,156,pivot,irrigation_canal,31.4,0
farm_10,farm_10_field_3,2026-09-16,62.3,late,potato,5,29.9,0.1,sand,early,157,pivot,irrigation_canal,31.4,0
farm_10,farm_10_field_3,2026-09-17,60.7,late,potato,6,29.9,0.8,sand,early,158,pivot,irrigation_canal,31.4,0
farm_10,farm_10_field_3,2026-09-18,,late,potato,7,29.9,0.3,sand,early,159,pivot,irrigation_canal,31.4,0
farm_10,farm_10_field_3,2026-09-19,50.4,late,potato,8,29.9,0.4,sand,early,160,pivot,irrigation_canal,31.4,0
farm_10,farm_10_field_3,2026-09-20,52.4,late,potato,9,29.9,0.0,sand,early,161,pivot,irrigation_canal,31.4,0
farm_10,farm_10_field_3,2026-09-21,50.1,late,potato,10,29.9,0.2,sand,early,162,pivot,irrigation_canal,31.4,0
farm_10,farm_10_field_3,2026-09-22,46.4,late,potato,11,29.9,0.0,sand,early,163,pivot,irrigation_canal,31.4,1
farm_10,farm_10_field_3,2026-09-23,44.2,late,potato,12,29.9,0.7,sand,early,164,pivot,irrigation_canal,31.4,1
farm_10,farm_10_field_3,2026-09-24,41.1,late,potato,13,29.9,0.0,sand,early,165,pivot,irrigation_canal,31.4,1
farm_10,farm_10_field_3,2026-09-25,77.3,late,potato,1,30.0,0.0,sand,early,166,pivot,irrigation_canal,31.4,0
farm_10,farm_10_field_3,2026-09-26,75.2,late,potato,2,30.0,0.0,sand,early,167,pivot,irrigation_canal,31.4,0
farm_10,farm_10_field_3,2026-09-27,71.4,late,potato,3,30.0,2.6,sand,early,168,pivot,irrigation_canal,31.4,0
farm_10,farm_10_field_3,2026-09-28,79.2,late,potato,4,30.0,0.0,sand,early,169,pivot,irrigation_canal,31.4,0
farm_10,farm_10_field_3,2026-09-29,70.8,late,potato,5,30.0,0.4,sand,early,170,pivot,irrigation_canal,31.4,0
farm_10,farm_10_field_3,2026-09-30,67.7,late,potato,6,30.0,0.0,sand,early,171,pivot,irrigation_canal,31.4,0
farm_10,farm_10_field_4,2025-04-21,70.3,initial,potato,0,0.0,0.0,loamy_sand,medium,0,pivot,irrigation_canal,13.6,0
farm_10,farm_10_field_4,2025-04-22,,initial,potato,1,0.0,3.5,loamy_sand,medium,1,pivot,irrigation_canal,13.6,0
farm_10,farm_10_field_4,2025-04-23,79.7,initial,potato,2,0.0,0.4,loamy_sand,medium,2,pivot,irrigation_canal,13.6,0
farm_10,farm_10_field_4,2025-04-24,74.2,initial,potato,3,0.0,0.2,loamy_sand,medium,3,pivot,irrigation_canal,13.6,0
farm_10,farm_10_field_4,2025-04-25,72.6,initial,potato,4,0.0,0.8,loamy_sand,medium,4,pivot,irrigation_canal,13.6,0
farm_10,farm_10_field_4,2025-04-26,73.6,initial,potato,5,0.0,0.0,loamy_sand,medium,5,pivot,irrigation_canal,13.6,0
farm_10,farm_10_field_4,2025-04-27,68.3,initial,potato,6,0.0,4.2,loamy_sand,medium,6,pivot,irrigation_canal,13.6,0
farm_10,farm_10_field_4,2025-04-28,74.1,initial,potato,7,0.0,0.2,loamy_sand,medium,7,pivot,irrigation_canal,13.6,0
farm_10,farm_10_field_4,2025-04-29,68.4,initial,potato,8,0.0,0.0,loamy_sand,medium,8,pivot,irrigation_canal,13.6,0
farm_10,farm_10_field_4,2025-04-30,66.2,initial,potato,9,0.0,1.3,loamy_sand,medium,9,pivot,irrigation_canal,13.6,0
farm_10,farm_10_field_4,2025-05-01,71.0,initial,potato,10,0.0,0.0,loamy_sand,medium,10,pivot,irrigation_canal,13.6,0
farm_10,farm_10_field_4,2025-05-02,64.9,initial,potato,11,0.0,0.1,loamy_sand,medium,11,pivot,irrigation_canal,13.6,0
farm_10,farm_10_field_4,2025-05-03,65.0,initial,potato,12,0.0,2.1,loamy_sand,medium,12,pivot,irrigation_canal,13.6,0
farm_10,farm_10_field_4,2025-05-04,70.6,initial,potato,13,0.0,0.0,loamy_sand,medium,13,pivot,irrigation_canal,13.6,0
farm_10,farm_10_field_4,2025-05-05,68.9,initial,potato,14,0.0,0.2,loamy_sand,medium,14,pivot,irrigation_canal,13.6,0
farm_10,farm_10_field_4,2025-05-06,66.6,initial,potato,15,0.0,1.0,loamy_sand,medium,15,pivot,irrigation_canal,13.6,0
farm_10,farm_10_field_4,2025-05-07,66.5,initial,potato,16,0.0,0.0,loamy_sand,medium,16,pivot,irrigation_canal,13.6,0
farm_10,farm_10_field_4,2025-05-08,68.2,initial,potato,17,0.0,0.0,loamy_sand,medium,17,pivot,irrigation_canal,13.6,0
farm_10,farm_10_field_4,2025-05-09,64.8,initial,potato,18,0.0,0.7,loamy_sand,medium,18,pivot,irrigation_canal,13.6,0
farm_10,farm_10_field_4,2025-05-10,58.6,initial,potato,19,0.0,0.1,loamy_sand,medium,19,pivot,irrigation_canal,13.6,0
farm_10,farm_10_field_4,2025-05-11,61.3,initial,potato,20,0.0,0.2,loamy_sand,medium,20,pivot,irrigation_canal,13.6,0
farm_10,farm_10_field_4,2025-05-12,58.4,initial,potato,21,0.0,0.0,loamy_sand,medium,21,pivot,irrigation_canal,13.6,0
farm_10,farm_10_field_4,2025-05-13,57.1,initial,potato,22,0.0,0.5,loamy_sand,medium,22,pivot,irrigation_canal,13.6,0
farm_10,farm_10_field_4,2025-05-14,53.0,initial,potato,23,0.0,0.0,loamy_sand,medium,23,pivot,irrigation_canal,13.6,0
farm_10,farm_10_field_4,2025-05-15,49.0,initial,potato,24,0.0,0.1,loamy_sand,medium,24,pivot,irrigation_canal,13.6,0
farm_10,farm_10_field_4,2025-05-16,50.8,development,potato,25,0.0,0.0,loamy_sand,medium,25,pivot,irrigation_canal,13.6,1
farm_10,farm_10_field_4,2025-05-17,47.9,development,potato,26,0.0,5.9,loamy_sand,medium,26,pivot,irrigation_canal,13.6,1
farm_10,farm_10_field_4,2025-05-18,53.9,development,potato,27,0.0,0.0,loamy_sand,medium,27,pivot,irrigation_canal,13.6,1
farm_10,farm_10_field_4,2025-05-19,50.1,development,potato,28,0.0,6.9,loamy_sand,medium,28,pivot,irrigation_canal,13.6,1
farm_10,farm_10_field_4,2025-05-20,47.8,development,potato,29,0.0,0.0,loamy_sand,medium,29,pivot,irrigation_canal,13.6,1
farm_10,farm_10_field_4,2025-05-21,46.3,development,potato,30,0.0,4.8,loamy_sand,medium,30,pivot,irrigation_canal,13.6,1
farm_10,farm_10_field_4,2025-05-22,72.8,development,potato,1,30.0,0.0,loamy_sand,medium,31,pivot,irrigation_canal,13.6,0
farm_10,farm_10_field_4,2025-05-23,76.3,development,potato,2,30.0,0.2,loamy_sand,medium,32,pivot,irrigation_canal,13.6,0
farm_10,farm_10_field_4,2025-05-24,67.9,development,potato,3,30.0,0.6,loamy_sand,medium,33,pivot,irrigation_canal,13.6,0
farm_10,farm_10_field_4,2025-05-25,70.7,development,potato,4,30.0,3.2,loamy_sand,medium,34,pivot,irrigation_canal,13.6,0
farm_10,farm_10_field_4,2025-05-26,65.8,development,potato,5,30.0,0.0,loamy_sand,medium,35,pivot,irrigation_canal,13.6,0
farm_10,farm_10_field_4,2025-05-27,64.1,development,potato,6,30.0,0.0,loamy_sand,medium,36,pivot,irrigation_canal,13.6,0
farm_10,farm_10_field_4,2025-05-28,58.5,development,potato,7,30.0,0.0,loamy_sand,medium,37,pivot,irrigation_canal,13.6,0
farm_10,farm_10_field_4,2025-05-29,64.1,development,potato,8,30.0,0.0,loamy_sand,medium,38,pivot,irrigation_canal,13.6,0
farm_10,farm_10_field_4,2025-05-30,50.9,development,potato,9,30.0,0.0,loamy_sand,medium,39,pivot,irrigation_canal,13.6,0
farm_10,farm_10_field_4,2025-05-31,52.5,development,potato,10,30.0,0.4,loamy_sand,medium,40,pivot,irrigation_canal,13.6,1
farm_10,farm_10_field_4,2025-06-01,76.0,development,potato,1,30.0,0.0,loamy_sand,medium,41,pivot,irrigation_canal,13.6,0
farm_10,farm_10_field_4,2025-06-02,68.9,development,potato,2,30.0,0.2,loamy_sand,medium,42,pivot,irrigation_canal,13.6,0
farm_10,farm_10_field_4,2025-06-03,63.3,development,potato,3,30.0,0.7,loamy_sand,medium,43,pivot,irrigation_canal,13.6,0
farm_10,farm_10_field_4,2025-06-04,64.8,development,potato,4,30.0,0.3,loamy_sand,medium,44,pivot,irrigation_canal,13.6,0
farm_10,farm_10_field_4,2025-06-05,61.9,development,potato,5,30.0,0.4,loamy_sand,medium,45,pivot,irrigation_canal,13.6,0
farm_10,farm_10_field_4,2025-06-06,56.4,development,potato,6,30.0,0.0,loamy_sand,medium,46,pivot,irrigation_canal,13.6,0
farm_10,farm_10_field_4,2025-06-07,58.8,development,potato,7,30.0,17.0,loamy_sand,medium,47,pivot,irrigation_canal,13.6,0
farm_10,farm_10_field_4,2025-06-08,67.4,development,potato,8,30.0,17.2,loamy_sand,medium,48,pivot,irrigation_canal,13.6,0
farm_10,farm_10_field_4,2025-06-09,84.0,development,potato,9,30.0,0.4,loamy_sand,medium,49,pivot,irrigation_canal,13.6,0
farm_10,farm_10_field_4,2025-06-10,84.3,development,potato,10,30.0,0.0,loamy_sand,medium,50,pivot,irrigation_canal,13.6,0
farm_10,farm_10_field_4,2025-06-11,76.3,development,potato,11,30.0,0.6,loamy_sand,medium,51,pivot,irrigation_canal,13.6,0
farm_10,farm_10_field_4,2025-06-12,75.9,development,potato,12,30.0,0.0,loamy_sand,medium,52,pivot,irrigation_canal,13.6,0
farm_10,farm_10_field_4,2025-06-13,72.9,development,potato,13,30.0,0.0,loamy_sand,medium,53,pivot,irrigation_canal,13.6,0
farm_10,farm_10_field_4,2025-06-14,60.4,development,potato,14,30.0,0.3,loamy_sand,medium,54,pivot,irrigation_canal,13.6,0
farm_10,farm_10_field_4,2025-06-15,65.5,sensitive,potato,15,30.0,0.9,loamy_sand,medium,55,pivot,irrigation_canal,13.6,1
farm_10,farm_10_field_4,2025-06-16,53.1,sensitive,potato,16,30.0,0.1,loamy_sand,medium,56,pivot,irrigation_canal,13.6,1
farm_10,farm_10_field_4,2025-06-17,78.8,sensitive,potato,1,26.3,1.3,loamy_sand,medium,57,pivot,irrigation_canal,13.6,0
farm_10,farm_10_field_4,2025-06-18,73.8,sensitive,potato,2,26.3,20.7,loamy_sand,medium,58,pivot,irrigation_canal,13.6,0
farm_10,farm_10_field_4,2025-06-19,87.1,sensitive,potato,3,26.3,0.0,loamy_sand,medium,59,pivot,irrigation_canal,13.6,0
farm_10,farm_10_field_4,2025-06-20,87.0,sensitive,potato,4,26.3,0.0,loamy_sand,medium,60,pivot,irrigation_canal,13.6,0
farm_10,farm_10_field_4,2025-06-21,78.7,sensitive,potato,5,26.3,0.1,loamy_sand,medium,61,pivot,irrigation_canal,13.6,0
farm_10,farm_10_field_4,2025-06-22,73.6,sensitive,potato,6,26.3,0.0,loamy_sand,medium,62,pivot,irrigation_canal,13.6,0
farm_10,farm_10_field_4,2025-06-23,71.4,sensitive,potato,7,26.3,0.3,loamy_sand,medium,63,pivot,irrigation_canal,13.6,0
farm_10,farm_10_field_4,2025-06-24,63.3,sensitive,potato,8,26.3,0.0,loamy_sand,medium,64,pivot,irrigation_canal,13.6,1
farm_10,farm_10_field_4,2025-06-25,54.9,sensitive,potato,9,26.3,0.0,loamy_sand,medium,65,pivot,irrigation_canal,13.6,1
farm_10,farm_10_field_4,2025-06-26,48.3,sensitive,potato,10,26.3,0.3,loamy_sand,medium,66,pivot,irrigation_canal,13.6,1
farm_10,farm_10_field_4,2025-06-27,45.4,sensitive,potato,11,26.3,0.2,loamy_sand,medium,67,pivot,irrigation_canal,13.6,2
farm_10,farm_10_field_4,2025-06-28,72.1,sensitive,potato,1,30.0,2.9,loamy_sand,medium,68,pivot,irrigation_canal,13.6,0
farm_10,farm_10_field_4,2025-06-29,69.2,sensitive,potato,2,30.0,0.2,loamy_sand,medium,69,pivot,irrigation_canal,13.6,0
farm_10,farm_10_field_4,2025-06-30,63.6,sensitive,potato,3,30.0,0.0,loamy_sand,medium,70,pivot,irrigation_canal,13.6,1
farm_10,farm_10_field_4,2025-07-01,58.5,sensitive,potato,4,30.0,0.4,loamy_sand,medium,71,pivot,irrigation_canal,13.6,1
farm_10,farm_10_field_4,2025-07-02,51.5,sensitive,potato,5,30.0,0.4,loamy_sand,medium,72,pivot,irrigation_canal,13.6,1
farm_10,farm_10_field_4,2025-07-03,45.5,sensitive,potato,6,30.0,0.3,loamy_sand,medium,73,pivot,irrigation_canal,13.6,2
farm_10,farm_10_field_4,2025-07-04,69.5,sensitive,potato,1,30.0,0.5,loamy_sand,medium,74,pivot,irrigation_canal,13.6,0
farm_10,farm_10_field_4,2025-07-05,62.6,sensitive,potato,2,30.0,0.0,loamy_sand,medium,75,pivot,irrigation_canal,13.6,1
farm_10,farm_10_field_4,2025-07-06,76.8,sensitive,potato,1,23.5,0.3,loamy_sand,medium,76,pivot,irrigation_canal,13.6,0
farm_10,farm_10_field_4,2025-07-07,65.3,sensitive,potato,2,23.5,0.0,loamy_sand,medium,77,pivot,irrigation_canal,13.6,0
farm_10,farm_10_field_4,2025-07-08,58.1,sensitive,potato,3,23.5,0.1,loamy_sand,medium,78,pivot,irrigation_canal,13.6,1
farm_10,farm_10_field_4,2025-07-09,53.6,sensitive,potato,4,23.5,0.0,loamy_sand,medium,79,pivot,irrigation_canal,13.6,1
farm_10,farm_10_field_4,2025-07-10,50.7,sensitive,potato,5,23.5,0.6,loamy_sand,medium,80,pivot,irrigation_canal,13.6,2
farm_10,farm_10_field_4,2025-07-11,68.9,sensitive,potato,1,30.0,0.2,loamy_sand,medium,81,pivot,irrigation_canal,13.6,0
farm_10,farm_10_field_4,2025-07-12,67.1,sensitive,potato,2,30.0,0.0,loamy_sand,medium,82,pivot,irrigation_canal,13.6,0
farm_10,farm_10_field_4,2025-07-13,57.0,sensitive,potato,3,30.0,0.1,loamy_sand,medium,83,pivot,irrigation_canal,13.6,1
farm_10,farm_10_field_4,2025-07-14,48.7,sensitive,potato,4,30.0,0.0,loamy_sand,medium,84,pivot,irrigation_canal,13.6,1
farm_10,farm_10_field_4,2025-07-15,46.1,sensitive,potato,5,30.0,0.5,loamy_sand,medium,85,pivot,irrigation_canal,13.6,2
farm_10,farm_10_field_4,2025-07-16,69.4,sensitive,potato,1,30.0,0.4,loamy_sand,medium,86,pivot,irrigation_canal,13.6,0
farm_10,farm_10_field_4,2025-07-17,62.4,sensitive,potato,2,30.0,0.4,loamy_sand,medium,87,pivot,irrigation_canal,13.6,0
farm_10,farm_10_field_4,2025-07-18,58.7,sensitive,potato,3,30.0,2.1,loamy_sand,medium,88,pivot,irrigation_canal,13.6,1
farm_10,farm_10_field_4,2025-07-19,80.7,sensitive,potato,1,24.0,9.2,loamy_sand,medium,89,pivot,irrigation_canal,13.6,0
farm_10,farm_10_field_4,2025-07-20,87.5,sensitive,potato,2,24.0,0.0,loamy_sand,medium,90,pivot,irrigation_canal,13.6,0
farm_10,farm_10_field_4,2025-07-21,71.9,sensitive,potato,3,24.0,0.0,loamy_sand,medium,91,pivot,irrigation_canal,13.6,0
farm_10,farm_10_field_4,2025-07-22,74.1,sensitive,potato,4,24.0,0.0,loamy_sand,medium,92,pivot,irrigation_canal,13.6,0
farm_10,farm_10_field_4,2025-07-23,66.4,sensitive,potato,5,24.0,0.0,loamy_sand,medium,93,pivot,irrigation_canal,13.6,0
farm_10,farm_10_field_4,2025-07-24,62.2,sensitive,potato,6,24.0,0.0,loamy_sand,medium,94,pivot,irrigation_canal,13.6,1
farm_10,farm_10_field_4,2025-07-25,,sensitive,potato,7,24.0,0.3,loamy_sand,medium,95,pivot,irrigation_canal,13.6,1
farm_10,farm_10_field_4,2025-07-26,50.0,sensitive,potato,8,24.0,0.3,loamy_sand,medium,96,pivot,irrigation_canal,13.6,2
farm_10,farm_10_field_4,2025-07-27,74.3,sensitive,potato,1,30.0,1.9,loamy_sand,medium,97,pivot,irrigation_canal,13.6,0
farm_10,farm_10_field_4,2025-07-28,67.0,sensitive,potato,2,30.0,0.0,loamy_sand,medium,98,pivot,irrigation_canal,13.6,0
farm_10,farm_10_field_4,2025-07-29,59.4,sensitive,potato,3,30.0,6.2,loamy_sand,medium,99,pivot,irrigation_canal,13.6,1
farm_10,farm_10_field_4,2025-07-30,83.1,late,potato,1,21.5,0.0,loamy_sand,medium,100,pivot,irrigation_canal,13.6,0
farm_10,farm_10_field_4,2025-07-31,77.5,late,potato,2,21.5,0.2,loamy_sand,medium,101,pivot,irrigation_canal,13.6,0
farm_10,farm_10_field_4,2025-08-01,79.2,late,potato,3,21.5,0.6,loamy_sand,medium,102,pivot,irrigation_canal,13.6,0
farm_10,farm_10_field_4,2025-08-02,68.6,late,potato,4,21.5,0.0,loamy_sand,medium,103,pivot,irrigation_canal,13.6,0
farm_10,farm_10_field_4,2025-08-03,65.3,late,potato,5,21.5,0.0,loamy_sand,medium,104,pivot,irrigation_canal,13.6,0
farm_10,farm_10_field_4,2025-08-04,65.9,late,potato,6,21.5,1.5,loamy_sand,medium,105,pivot,irrigation_canal,13.6,0
farm_10,farm_10_field_4,2025-08-05,69.1,late,potato,7,21.5,0.1,loamy_sand,medium,106,pivot,irrigation_canal,13.6,0
farm_10,farm_10_field_4,2025-08-06,57.5,late,potato,8,21.5,8.2,loamy_sand,medium,107,pivot,irrigation_canal,13.6,0
farm_10,farm_10_field_4,2025-08-07,64.1,late,potato,9,21.5,0.1,loamy_sand,medium,108,pivot,irrigation_canal,13.6,0
farm_10,farm_10_field_4,2025-08-08,58.3,late,potato,10,21.5,0.0,loamy_sand,medium,109,pivot,irrigation_canal,13.6,0
farm_10,farm_10_field_4,2025-08-09,61.8,late,potato,11,21.5,0.0,loamy_sand,medium,110,pivot,irrigation_canal,13.6,0
farm_10,farm_10_field_4,2025-08-10,60.0,late,potato,12,21.5,0.0,loamy_sand,medium,111,pivot,irrigation_canal,13.6,0
farm_10,farm_10_field_4,2025-08-11,42.3,late,potato,13,21.5,1.1,loamy_sand,medium,112,pivot,irrigation_canal,13.6,0
farm_10,farm_10_field_4,2025-08-12,46.1,late,potato,14,21.5,0.0,loamy_sand,medium,113,pivot,irrigation_canal,13.6,0
farm_10,farm_10_field_4,2025-08-13,40.9,late,potato,15,21.5,0.3,loamy_sand,medium,114,pivot,irrigation_canal,13.6,1
farm_10,farm_10_field_4,2025-08-14,38.5,late,potato,16,21.5,0.7,loamy_sand,medium,115,pivot,irrigation_canal,13.6,1
farm_10,farm_10_field_4,2025-08-15,38.3,late,potato,17,21.5,0.0,loamy_sand,medium,116,pivot,irrigation_canal,13.6,1
farm_10,farm_10_field_4,2025-08-16,62.8,late,potato,1,30.0,0.3,loamy_sand,medium,117,pivot,irrigation_canal,13.6,0
farm_10,farm_10_field_4,2025-08-17,57.1,late,potato,2,30.0,0.0,loamy_sand,medium,118,pivot,irrigation_canal,13.6,0
farm_10,farm_10_field_4,2025-08-18,55.6,late,potato,3,30.0,0.0,loamy_sand,medium,119,pivot,irrigation_canal,13.6,0
farm_10,farm_10_field_4,2025-08-19,47.1,late,potato,4,30.0,0.0,loamy_sand,medium,120,pivot,irrigation_canal,13.6,0
farm_10,farm_10_field_4,2025-08-20,51.2,late,potato,5,30.0,0.4,loamy_sand,medium,121,pivot,irrigation_canal,13.6,0
farm_10,farm_10_field_4,2025-08-21,43.2,late,potato,6,30.0,0.0,loamy_sand,medium,122,pivot,irrigation_canal,13.6,0
farm_10,farm_10_field_4,2025-08-22,48.6,late,potato,7,30.0,0.4,loamy_sand,medium,123,pivot,irrigation_canal,13.6,1
farm_10,farm_10_field_4,2025-08-23,34.2,late,potato,8,30.0,0.0,loamy_sand,medium,124,pivot,irrigation_canal,13.6,1
farm_10,farm_10_field_4,2025-08-24,40.4,late,potato,9,30.0,0.0,loamy_sand,medium,125,pivot,irrigation_canal,13.6,1
farm_10,farm_10_field_4,2025-08-25,38.7,late,potato,10,30.0,0.2,loamy_sand,medium,126,pivot,irrigation_canal,13.6,1
farm_10,farm_10_field_4,2025-08-26,25.0,late,potato,11,30.0,0.0,loamy_sand,medium,127,pivot,irrigation_canal,13.6,1
farm_10,farm_10_field_4,2025-08-27,49.5,late,potato,1,30.0,0.0,loamy_sand,medium,128,pivot,irrigation_canal,13.6,0
farm_10,farm_10_field_4,2025-08-28,50.0,late,potato,2,30.0,14.4,loamy_sand,medium,129,pivot,irrigation_canal,13.6,0
farm_10,farm_10_field_4,2025-08-29,60.6,late,potato,3,30.0,0.0,loamy_sand,medium,130,pivot,irrigation_canal,13.6,0
farm_10,farm_10_field_4,2025-08-30,59.6,late,potato,4,30.0,0.7,loamy_sand,medium,131,pivot,irrigation_canal,13.6,0
farm_10,farm_10_field_4,2025-08-31,54.3,late,potato,5,30.0,0.0,loamy_sand,medium,132,pivot,irrigation_canal,13.6,0
farm_10,farm_10_field_4,2025-09-01,49.7,late,potato,6,30.0,0.2,loamy_sand,medium,133,pivot,irrigation_canal,13.6,0
farm_10,farm_10_field_4,2025-09-02,49.4,late,potato,7,30.0,0.0,loamy_sand,medium,134,pivot,irrigation_canal,13.6,0
farm_10,farm_10_field_4,2025-09-03,47.7,late,potato,8,30.0,0.0,loamy_sand,medium,135,pivot,irrigation_canal,13.6,0
farm_10,farm_10_field_4,2025-09-04,39.1,late,potato,9,30.0,0.0,loamy_sand,medium,136,pivot,irrigation_canal,13.6,0
farm_10,farm_10_field_4,2025-09-05,40.1,late,potato,10,30.0,0.0,loamy_sand,medium,137,pivot,irrigation_canal,13.6,1
farm_10,farm_10_field_4,2025-09-06,71.0,late,potato,1,30.0,0.0,loamy_sand,medium,138,pivot,irrigation_canal,13.6,0
farm_10,farm_10_field_4,2025-09-07,66.7,late,potato,2,30.0,0.1,loamy_sand,medium,139,pivot,irrigation_canal,13.6,0
farm_10,farm_10_field_4,2025-09-08,62.6,late,potato,3,30.0,0.0,loamy_sand,medium,140,pivot,irrigation_canal,13.6,0
farm_10,farm_10_field_4,2025-09-09,60.7,late,potato,4,30.0,0.4,loamy_sand,medium,141,pivot,irrigation_canal,13.6,0
farm_10,farm_10_field_4,2025-09-10,58.6,late,potato,5,30.0,0.2,loamy_sand,medium,142,pivot,irrigation_canal,13.6,0
farm_10,farm_10_field_4,2025-09-11,55.9,late,potato,6,30.0,0.0,loamy_sand,medium,143,pivot,irrigation_canal,13.6,0
farm_10,farm_10_field_4,2025-09-12,51.2,late,potato,7,30.0,0.0,loamy_sand,medium,144,pivot,irrigation_canal,13.6,0
farm_10,farm_10_field_4,2025-09-13,52.5,late,potato,8,30.0,0.6,loamy_sand,medium,145,pivot,irrigation_canal,13.6,0
farm_10,farm_10_field_4,2025-09-14,47.7,late,potato,9,30.0,1.2,loamy_sand,medium,146,pivot,irrigation_canal,13.6,0
farm_10,farm_10_field_4,2025-09-15,46.5,late,potato,10,30.0,0.0,loamy_sand,medium,147,pivot,irrigation_canal,13.6,0
farm_10,farm_10_field_4,2025-09-16,41.1,late,potato,11,30.0,4.1,loamy_sand,medium,148,pivot,irrigation_canal,13.6,1
farm_10,farm_10_field_4,2025-09-17,41.1,late,potato,12,30.0,2.4,loamy_sand,medium,149,pivot,irrigation_canal,13.6,1
farm_10,farm_10_field_4,2025-09-18,41.1,late,potato,13,30.0,0.0,loamy_sand,medium,150,pivot,irrigation_canal,13.6,1
farm_10,farm_10_field_4,2025-09-19,41.1,late,potato,14,30.0,0.0,loamy_sand,medium,151,pivot,irrigation_canal,13.6,1
farm_10,farm_10_field_4,2025-09-20,41.1,late,potato,1,30.0,0.2,loamy_sand,medium,152,pivot,irrigation_canal,13.6,0
farm_10,farm_10_field_4,2025-09-21,41.1,late,potato,2,30.0,0.0,loamy_sand,medium,153,pivot,irrigation_canal,13.6,0
farm_10,farm_10_field_4,2025-09-22,41.1,late,potato,3,30.0,0.0,loamy_sand,medium,154,pivot,irrigation_canal,13.6,0
farm_10,farm_10_field_4,2025-09-23,41.1,late,potato,4,30.0,0.3,loamy_sand,medium,155,pivot,irrigation_canal,13.6,0
farm_10,farm_10_field_4,2025-09-24,61.5,late,potato,5,30.0,0.2,loamy_sand,medium,156,pivot,irrigation_canal,13.6,0
farm_10,farm_10_field_4,2025-09-25,54.8,late,potato,6,30.0,0.0,loamy_sand,medium,157,pivot,irrigation_canal,13.6,0
farm_10,farm_10_field_4,2025-09-26,51.2,late,potato,7,30.0,0.4,loamy_sand,medium,158,pivot,irrigation_canal,13.6,0
farm_10,farm_10_field_4,2025-09-27,51.5,late,potato,8,30.0,0.1,loamy_sand,medium,159,pivot,irrigation_canal,13.6,0
farm_10,farm_10_field_4,2025-09-28,,late,potato,9,30.0,0.0,loamy_sand,medium,160,pivot,irrigation_canal,13.6,0
farm_10,farm_10_field_4,2025-09-29,47.9,late,potato,10,30.0,0.3,loamy_sand,medium,161,pivot,irrigation_canal,13.6,0
farm_10,farm_10_field_4,2025-09-30,43.0,late,potato,11,30.0,0.0,loamy_sand,medium,162,pivot,irrigation_canal,13.6,0
farm_10,farm_10_field_4,2026-04-21,74.1,initial,potato,0,0.0,0.0,loamy_sand,medium,0,pivot,irrigation_canal,13.6,0
farm_10,farm_10_field_4,2026-04-22,65.7,initial,potato,1,0.0,0.4,loamy_sand,medium,1,pivot,irrigation_canal,13.6,0
farm_10,farm_10_field_4,2026-04-23,69.7,initial,potato,2,0.0,0.0,loamy_sand,medium,2,pivot,irrigation_canal,13.6,0
farm_10,farm_10_field_4,2026-04-24,64.5,initial,potato,3,0.0,0.0,loamy_sand,medium,3,pivot,irrigation_canal,13.6,0
farm_10,farm_10_field_4,2026-04-25,62.6,initial,potato,4,0.0,0.0,loamy_sand,medium,4,pivot,irrigation_canal,13.6,0
farm_10,farm_10_field_4,2026-04-26,67.9,initial,potato,5,0.0,0.3,loamy_sand,medium,5,pivot,irrigation_canal,13.6,0
farm_10,farm_10_field_4,2026-04-27,58.9,initial,potato,6,0.0,0.4,loamy_sand,medium,6,pivot,irrigation_canal,13.6,0
farm_10,farm_10_field_4,2026-04-28,62.0,initial,potato,7,0.0,0.3,loamy_sand,medium,7,pivot,irrigation_canal,13.6,0
farm_10,farm_10_field_4,2026-04-29,63.8,initial,potato,8,0.0,0.1,loamy_sand,medium,8,pivot,irrigation_canal,13.6,0
farm_10,farm_10_field_4,2026-04-30,56.5,initial,potato,9,0.0,0.1,loamy_sand,medium,9,pivot,irrigation_canal,13.6,0
farm_10,farm_10_field_4,2026-05-01,56.9,initial,potato,10,0.0,0.2,loamy_sand,medium,10,pivot,irrigation_canal,13.6,0
farm_10,farm_10_field_4,2026-05-02,58.5,initial,potato,11,0.0,0.0,loamy_sand,medium,11,pivot,irrigation_canal,13.6,0
farm_10,farm_10_field_4,2026-05-03,52.0,initial,potato,12,0.0,8.1,loamy_sand,medium,12,pivot,irrigation_canal,13.6,0
farm_10,farm_10_field_4,2026-05-04,57.5,initial,potato,13,0.0,0.0,loamy_sand,medium,13,pivot,irrigation_canal,13.6,0
farm_10,farm_10_field_4,2026-05-05,58.5,initial,potato,14,0.0,3.9,loamy_sand,medium,14,pivot,irrigation_canal,13.6,0
farm_10,farm_10_field_4,2026-05-06,62.9,initial,potato,15,0.0,0.3,loamy_sand,medium,15,pivot,irrigation_canal,13.6,0
farm_10,farm_10_field_4,2026-05-07,56.8,initial,potato,16,0.0,6.1,loamy_sand,medium,16,pivot,irrigation_canal,13.6,0
farm_10,farm_10_field_4,2026-05-08,60.2,initial,potato,17,0.0,0.0,loamy_sand,medium,17,pivot,irrigation_canal,13.6,0
farm_10,farm_10_field_4,2026-05-09,61.1,initial,potato,18,0.0,0.1,loamy_sand,medium,18,pivot,irrigation_canal,13.6,0
farm_10,farm_10_field_4,2026-05-10,60.4,initial,potato,19,0.0,0.0,loamy_sand,medium,19,pivot,irrigation_canal,13.6,0
farm_10,farm_10_field_4,2026-05-11,53.1,initial,potato,20,0.0,0.2,loamy_sand,medium,20,pivot,irrigation_canal,13.6,0
farm_10,farm_10_field_4,2026-05-12,56.6,initial,potato,21,0.0,0.0,loamy_sand,medium,21,pivot,irrigation_canal,13.6,0
farm_10,farm_10_field_4,2026-05-13,55.7,initial,potato,22,0.0,2.2,loamy_sand,medium,22,pivot,irrigation_canal,13.6,0
farm_10,farm_10_field_4,2026-05-14,53.9,initial,potato,23,0.0,0.0,loamy_sand,medium,23,pivot,irrigation_canal,13.6,0
farm_10,farm_10_field_4,2026-05-15,46.8,initial,potato,24,0.0,0.0,loamy_sand,medium,24,pivot,irrigation_canal,13.6,0
farm_10,farm_10_field_4,2026-05-16,43.1,development,potato,25,0.0,0.4,loamy_sand,medium,25,pivot,irrigation_canal,13.6,1
farm_10,farm_10_field_4,2026-05-17,71.9,development,potato,1,30.0,0.0,loamy_sand,medium,26,pivot,irrigation_canal,13.6,0
farm_10,farm_10_field_4,2026-05-18,75.8,development,potato,2,30.0,0.3,loamy_sand,medium,27,pivot,irrigation_canal,13.6,0
farm_10,farm_10_field_4,2026-05-19,79.5,development,potato,3,30.0,0.2,loamy_sand,medium,28,pivot,irrigation_canal,13.6,0
farm_10,farm_10_field_4,2026-05-20,71.1,development,potato,4,30.0,0.0,loamy_sand,medium,29,pivot,irrigation_canal,13.6,0
farm_10,farm_10_field_4,2026-05-21,70.7,development,potato,5,30.0,13.0,loamy_sand,medium,30,pivot,irrigation_canal,13.6,0
farm_10,farm_10_field_4,2026-05-22,75.5,development,potato,6,30.0,4.7,loamy_sand,medium,31,pivot,irrigation_canal,13.6,0
farm_10,farm_10_field_4,2026-05-23,83.9,development,potato,7,30.0,0.7,loamy_sand,medium,32,pivot,irrigation_canal,13.6,0
farm_10,farm_10_field_4,2026-05-24,73.5,development,potato,8,30.0,0.0,loamy_sand,medium,33,pivot,irrigation_canal,13.6,0
farm_10,farm_10_field_4,2026-05-25,71.7,development,potato,9,30.0,0.1,loamy_sand,medium,34,pivot,irrigation_canal,13.6,0
farm_10,farm_10_field_4,2026-05-26,66.1,development,potato,10,30.0,0.5,loamy_sand,medium,35,pivot,irrigation_canal,13.6,0
farm_10,farm_10_field_4,2026-05-27,63.2,development,potato,11,30.0,0.1,loamy_sand,medium,36,pivot,irrigation_canal,13.6,0
farm_10,farm_10_field_4,2026-05-28,62.0,development,potato,12,30.0,0.0,loamy_sand,medium,37,pivot,irrigation_canal,13.6,0
farm_10,farm_10_field_4,2026-05-29,61.7,development,potato,13,30.0,0.0,loamy_sand,medium,38,pivot,irrigation_canal,13.6,0
farm_10,farm_10_field_4,2026-05-30,57.8,development,potato,14,30.0,0.0,loamy_sand,medium,39,pivot,irrigation_canal,13.6,0
farm_10,farm_10_field_4,2026-05-31,52.4,development,potato,15,30.0,0.0,loamy_sand,medium,40,pivot,irrigation_canal,13.6,1
farm_10,farm_10_field_4,2026-06-01,43.1,development,potato,16,30.0,0.0,loamy_sand,medium,41,pivot,irrigation_canal,13.6,1
farm_10,farm_10_field_4,2026-06-02,72.7,development,potato,1,30.0,0.0,loamy_sand,medium,42,pivot,irrigation_canal,13.6,0
farm_10,farm_10_field_4,2026-06-03,70.0,development,potato,2,30.0,0.0,loamy_sand,medium,43,pivot,irrigation_canal,13.6,0
farm_10,farm_10_field_4,2026-06-04,66.0,development,potato,3,30.0,0.0,loamy_sand,medium,44,pivot,irrigation_canal,13.6,0
farm_10,farm_10_field_4,2026-06-05,62.3,development,potato,4,30.0,0.2,loamy_sand,medium,45,pivot,irrigation_canal,13.6,0
farm_10,farm_10_field_4,2026-06-06,58.7,development,potato,5,30.0,3.7,loamy_sand,medium,46,pivot,irrigation_canal,13.6,0
farm_10,farm_10_field_4,2026-06-07,62.7,development,potato,6,30.0,0.1,loamy_sand,medium,47,pivot,irrigation_canal,13.6,0
farm_10,farm_10_field_4,2026-06-08,59.8,development,potato,7,30.0,0.2,loamy_sand,medium,48,pivot,irrigation_canal,13.6,0
farm_10,farm_10_field_4,2026-06-09,54.7,development,potato,8,30.0,0.5,loamy_sand,medium,49,pivot,irrigation_canal,13.6,1
farm_10,farm_10_field_4,2026-06-10,43.7,development,potato,9,30.0,0.1,loamy_sand,medium,50,pivot,irrigation_canal,13.6,1
farm_10,farm_10_field_4,2026-06-11,39.7,development,potato,10,30.0,0.0,loamy_sand,medium,51,pivot,irrigation_canal,13.6,1
farm_10,farm_10_field_4,2026-06-12,,development,potato,11,30.0,0.3,loamy_sand,medium,52,pivot,irrigation_canal,13.6,2
farm_10,farm_10_field_4,2026-06-13,59.5,development,potato,1,30.0,0.0,loamy_sand,medium,53,pivot,irrigation_canal,13.6,0
farm_10,farm_10_field_4,2026-06-14,57.9,development,potato,2,30.0,0.0,loamy_sand,medium,54,pivot,irrigation_canal,13.6,0
farm_10,farm_10_field_4,2026-06-15,51.7,sensitive,potato,3,30.0,0.0,loamy_sand,medium,55,pivot,irrigation_canal,13.6,1
farm_10,farm_10_field_4,2026-06-16,41.8,sensitive,potato,4,30.0,0.0,loamy_sand,medium,56,pivot,irrigation_canal,13.6,2
farm_10,farm_10_field_4,2026-06-17,61.9,sensitive,potato,1,30.0,0.9,loamy_sand,medium,57,pivot,irrigation_canal,13.6,1
farm_10,farm_10_field_4,2026-06-18,52.3,sensitive,potato,2,30.0,0.0,loamy_sand,medium,58,pivot,irrigation_canal,13.6,1
farm_10,farm_10_field_4,2026-06-19,45.4,sensitive,potato,3,30.0,0.0,loamy_sand,medium,59,pivot,irrigation_canal,13.6,2
farm_10,farm_10_field_4,2026-06-20,68.8,sensitive,potato,1,30.0,0.1,loamy_sand,medium,60,pivot,irrigation_canal,13.6,0
farm_10,farm_10_field_4,2026-06-21,58.4,sensitive,potato,2,30.0,0.0,loamy_sand,medium,61,pivot,irrigation_canal,13.6,1
farm_10,farm_10_field_4,2026-06-22,53.3,sensitive,potato,3,30.0,0.1,loamy_sand,medium,62,pivot,irrigation_canal,13.6,1
farm_10,farm_10_field_4,2026-06-23,72.0,sensitive,potato,1,30.0,0.5,loamy_sand,medium,63,pivot,irrigation_canal,13.6,0
farm_10,farm_10_field_4,2026-06-24,69.8,sensitive,potato,2,30.0,0.0,loamy_sand,medium,64,pivot,irrigation_canal,13.6,0
farm_10,farm_10_field_4,2026-06-25,57.3,sensitive,potato,3,30.0,1.4,loamy_sand,medium,65,pivot,irrigation_canal,13.6,1
farm_10,farm_10_field_4,2026-06-26,48.1,sensitive,potato,4,30.0,0.0,loamy_sand,medium,66,pivot,irrigation_canal,13.6,1
farm_10,farm_10_field_4,2026-06-27,43.2,sensitive,potato,5,30.0,0.0,loamy_sand,medium,67,pivot,irrigation_canal,13.6,2
farm_10,farm_10_field_4,2026-06-28,63.8,sensitive,potato,1,30.0,0.3,loamy_sand,medium,68,pivot,irrigation_canal,13.6,0
farm_10,farm_10_field_4,2026-06-29,53.1,sensitive,potato,2,30.0,0.0,loamy_sand,medium,69,pivot,irrigation_canal,13.6,1
farm_10,farm_10_field_4,2026-06-30,53.1,sensitive,potato,3,30.0,0.4,loamy_sand,medium,70,pivot,irrigation_canal,13.6,2
farm_10,farm_10_field_4,2026-07-01,53.1,sensitive,potato,1,30.0,0.0,loamy_sand,medium,71,pivot,irrigation_canal,13.6,0
farm_10,farm_10_field_4,2026-07-02,53.1,sensitive,potato,2,30.0,0.1,loamy_sand,medium,72,pivot,irrigation_canal,13.6,1
farm_10,farm_10_field_4,2026-07-03,53.1,sensitive,potato,3,30.0,0.1,loamy_sand,medium,73,pivot,irrigation_canal,13.6,1
farm_10,farm_10_field_4,2026-07-04,53.1,sensitive,potato,4,30.0,0.0,loamy_sand,medium,74,pivot,irrigation_canal,13.6,2
farm_10,farm_10_field_4,2026-07-05,53.1,sensitive,potato,1,30.0,0.1,loamy_sand,medium,75,pivot,irrigation_canal,13.6,1
farm_10,farm_10_field_4,2026-07-06,53.1,sensitive,potato,1,22.6,0.0,loamy_sand,medium,76,pivot,irrigation_canal,13.6,0
farm_10,farm_10_field_4,2026-07-07,53.1,sensitive,potato,2,22.6,0.1,loamy_sand,medium,77,pivot,irrigation_canal,13.6,0
farm_10,farm_10_field_4,2026-07-08,56.7,sensitive,potato,3,22.6,0.0,loamy_sand,medium,78,pivot,irrigation_canal,13.6,1
farm_10,farm_10_field_4,2026-07-09,74.9,sensitive,potato,1,26.8,0.1,loamy_sand,medium,79,pivot,irrigation_canal,13.6,0
farm_10,farm_10_field_4,2026-07-10,56.9,sensitive,potato,2,26.8,0.1,loamy_sand,medium,80,pivot,irrigation_canal,13.6,0
farm_10,farm_10_field_4,2026-07-11,52.8,sensitive,potato,3,26.8,0.1,loamy_sand,medium,81,pivot,irrigation_canal,13.6,1
farm_10,farm_10_field_4,2026-07-12,45.3,sensitive,potato,4,26.8,0.7,loamy_sand,medium,82,pivot,irrigation_canal,13.6,1
farm_10,farm_10_field_4,2026-07-13,37.2,sensitive,potato,5,26.8,0.0,loamy_sand,medium,83,pivot,irrigation_canal,13.6,2
farm_10,farm_10_field_4,2026-07-14,59.9,sensitive,potato,1,30.0,0.4,loamy_sand,medium,84,pivot,irrigation_canal,13.6,1
farm_10,farm_10_field_4,2026-07-15,79.9,sensitive,potato,1,20.3,0.0,loamy_sand,medium,85,pivot,irrigation_canal,13.6,0
farm_10,farm_10_field_4,2026-07-16,66.0,sensitive,potato,2,20.3,0.4,loamy_sand,medium,86,pivot,irrigation_canal,13.6,0
farm_10,farm_10_field_4,2026-07-17,58.3,sensitive,potato,3,20.3,0.0,loamy_sand,medium,87,pivot,irrigation_canal,13.6,1
farm_10,farm_10_field_4,2026-07-18,50.5,sensitive,potato,4,20.3,0.1,loamy_sand,medium,88,pivot,irrigation_canal,13.6,1
farm_10,farm_10_field_4,2026-07-19,66.5,sensitive,potato,1,30.0,0.0,loamy_sand,medium,89,pivot,irrigation_canal,13.6,0
farm_10,farm_10_field_4,2026-07-20,63.7,sensitive,potato,2,30.0,0.4,loamy_sand,medium,90,pivot,irrigation_canal,13.6,0
farm_10,farm_10_field_4,2026-07-21,58.1,sensitive,potato,3,30.0,0.0,loamy_sand,medium,91,pivot,irrigation_canal,13.6,1
farm_10,farm_10_field_4,2026-07-22,46.4,sensitive,potato,4,30.0,0.4,loamy_sand,medium,92,pivot,irrigation_canal,13.6,2
farm_10,farm_10_field_4,2026-07-23,71.1,sensitive,potato,1,30.0,0.5,loamy_sand,medium,93,pivot,irrigation_canal,13.6,0
farm_10,farm_10_field_4,2026-07-24,61.1,sensitive,potato,2,30.0,0.1,loamy_sand,medium,94,pivot,irrigation_canal,13.6,1
farm_10,farm_10_field_4,2026-07-25,72.7,sensitive,potato,1,21.9,0.0,loamy_sand,medium,95,pivot,irrigation_canal,13.6,0
farm_10,farm_10_field_4,2026-07-26,63.7,sensitive,potato,2,21.9,0.0,loamy_sand,medium,96,pivot,irrigation_canal,13.6,0
farm_10,farm_10_field_4,2026-07-27,58.3,sensitive,potato,3,21.9,1.1,loamy_sand,medium,97,pivot,irrigation_canal,13.6,1
farm_10,farm_10_field_4,2026-07-28,57.1,sensitive,potato,4,21.9,0.5,loamy_sand,medium,98,pivot,irrigation_canal,13.6,1
farm_10,farm_10_field_4,2026-07-29,44.2,sensitive,potato,5,21.9,0.0,loamy_sand,medium,99,pivot,irrigation_canal,13.6,2
farm_10,farm_10_field_4,2026-07-30,67.3,late,potato,1,30.0,0.0,loamy_sand,medium,100,pivot,irrigation_canal,13.6,0
farm_10,farm_10_field_4,2026-07-31,65.7,late,potato,2,30.0,6.5,loamy_sand,medium,101,pivot,irrigation_canal,13.6,0
farm_10,farm_10_field_4,2026-08-01,68.6,late,potato,3,30.0,0.0,loamy_sand,medium,102,pivot,irrigation_canal,13.6,0
farm_10,farm_10_field_4,2026-08-02,65.3,late,potato,4,30.0,0.0,loamy_sand,medium,103,pivot,irrigation_canal,13.6,0
farm_10,farm_10_field_4,2026-08-03,57.2,late,potato,5,30.0,7.6,loamy_sand,medium,104,pivot,irrigation_canal,13.6,0
farm_10,farm_10_field_4,2026-08-04,58.8,late,potato,6,30.0,0.0,loamy_sand,medium,105,pivot,irrigation_canal,13.6,0
farm_10,farm_10_field_4,2026-08-05,50.1,late,potato,7,30.0,0.0,loamy_sand,medium,106,pivot,irrigation_canal,13.6,0
farm_10,farm_10_field_4,2026-08-06,48.6,late,potato,8,30.0,0.0,loamy_sand,medium,107,pivot,irrigation_canal,13.6,0
farm_10,farm_10_field_4,2026-08-07,44.9,late,potato,9,30.0,0.0,loamy_sand,medium,108,pivot,irrigation_canal,13.6,0
farm_10,farm_10_field_4,2026-08-08,46.0,late,potato,10,30.0,0.0,loamy_sand,medium,109,pivot,irrigation_canal,13.6,1
farm_10,farm_10_field_4,2026-08-09,35.9,late,potato,11,30.0,0.1,loamy_sand,medium,110,pivot,irrigation_canal,13.6,1
farm_10,farm_10_field_4,2026-08-10,36.5,late,potato,12,30.0,1.5,loamy_sand,medium,111,pivot,irrigation_canal,13.6,1
farm_10,farm_10_field_4,2026-08-11,21.1,late,potato,13,30.0,0.0,loamy_sand,medium,112,pivot,irrigation_canal,13.6,1
farm_10,farm_10_field_4,2026-08-12,25.2,late,potato,14,30.0,0.0,loamy_sand,medium,113,pivot,irrigation_canal,13.6,2
farm_10,farm_10_field_4,2026-08-13,52.0,late,potato,1,30.0,0.1,loamy_sand,medium,114,pivot,irrigation_canal,13.6,0
farm_10,farm_10_field_4,2026-08-14,48.1,late,potato,2,30.0,0.7,loamy_sand,medium,115,pivot,irrigation_canal,13.6,0
farm_10,farm_10_field_4,2026-08-15,42.8,late,potato,3,30.0,0.2,loamy_sand,medium,116,pivot,irrigation_canal,13.6,1
farm_10,farm_10_field_4,2026-08-16,37.0,late,potato,4,30.0,0.3,loamy_sand,medium,117,pivot,irrigation_canal,13.6,1
farm_10,farm_10_field_4,2026-08-17,29.9,late,potato,5,30.0,0.0,loamy_sand,medium,118,pivot,irrigation_canal,13.6,1
farm_10,farm_10_field_4,2026-08-18,62.2,late,potato,1,30.0,0.0,loamy_sand,medium,119,pivot,irrigation_canal,13.6,0
farm_10,farm_10_field_4,2026-08-19,56.1,late,potato,2,30.0,0.6,loamy_sand,medium,120,pivot,irrigation_canal,13.6,0
farm_10,farm_10_field_4,2026-08-20,47.7,late,potato,3,30.0,1.9,loamy_sand,medium,121,pivot,irrigation_canal,13.6,0
farm_10,farm_10_field_4,2026-08-21,50.1,late,potato,4,30.0,0.1,loamy_sand,medium,122,pivot,irrigation_canal,13.6,0
farm_10,farm_10_field_4,2026-08-22,44.8,late,potato,5,30.0,0.2,loamy_sand,medium,123,pivot,irrigation_canal,13.6,0
farm_10,farm_10_field_4,2026-08-23,44.1,late,potato,6,30.0,1.1,loamy_sand,medium,124,pivot,irrigation_canal,13.6,1
farm_10,farm_10_field_4,2026-08-24,39.0,late,potato,7,30.0,0.7,loamy_sand,medium,125,pivot,irrigation_canal,13.6,1
farm_10,farm_10_field_4,2026-08-25,37.4,late,potato,8,30.0,0.2,loamy_sand,medium,126,pivot,irrigation_canal,13.6,1
farm_10,farm_10_field_4,2026-08-26,34.0,late,potato,9,30.0,0.0,loamy_sand,medium,127,pivot,irrigation_canal,13.6,1
farm_10,farm_10_field_4,2026-08-27,31.2,late,potato,10,30.0,0.0,loamy_sand,medium,128,pivot,irrigation_canal,13.6,1
farm_10,farm_10_field_4,2026-08-28,26.9,late,potato,11,30.0,2.9,loamy_sand,medium,129,pivot,irrigation_canal,13.6,2
farm_10,farm_10_field_4,2026-08-29,60.0,late,potato,1,30.0,0.4,loamy_sand,medium,130,pivot,irrigation_canal,13.6,0
farm_10,farm_10_field_4,2026-08-30,50.9,late,potato,2,30.0,0.1,loamy_sand,medium,131,pivot,irrigation_canal,13.6,0
farm_10,farm_10_field_4,2026-08-31,56.3,late,potato,3,30.0,0.4,loamy_sand,medium,132,pivot,irrigation_canal,13.6,0
farm_10,farm_10_field_4,2026-09-01,47.1,late,potato,4,30.0,0.0,loamy_sand,medium,133,pivot,irrigation_canal,13.6,0
farm_10,farm_10_field_4,2026-09-02,41.2,late,potato,5,30.0,0.3,loamy_sand,medium,134,pivot,irrigation_canal,13.6,0
farm_10,farm_10_field_4,2026-09-03,41.6,late,potato,6,30.0,0.0,loamy_sand,medium,135,pivot,irrigation_canal,13.6,1
farm_10,farm_10_field_4,2026-09-04,37.3,late,potato,7,30.0,0.1,loamy_sand,medium,136,pivot,irrigation_canal,13.6,1
farm_10,farm_10_field_4,2026-09-05,65.4,late,potato,1,30.0,0.0,loamy_sand,medium,137,pivot,irrigation_canal,13.6,0
farm_10,farm_10_field_4,2026-09-06,61.6,late,potato,2,30.0,0.0,loamy_sand,medium,138,pivot,irrigation_canal,13.6,0
farm_10,farm_10_field_4,2026-09-07,58.8,late,potato,3,30.0,0.0,loamy_sand,medium,139,pivot,irrigation_canal,13.6,0
farm_10,farm_10_field_4,2026-09-08,,late,potato,4,30.0,0.0,loamy_sand,medium,140,pivot,irrigation_canal,13.6,0
farm_10,farm_10_field_4,2026-09-09,53.8,late,potato,5,30.0,0.0,loamy_sand,medium,141,pivot,irrigation_canal,13.6,0
farm_10,farm_10_field_4,2026-09-10,46.8,late,potato,6,30.0,1.0,loamy_sand,medium,142,pivot,irrigation_canal,13.6,0
farm_10,farm_10_field_4,2026-09-11,44.6,late,potato,7,30.0,0.4,loamy_sand,medium,143,pivot,irrigation_canal,13.6,0
farm_10,farm_10_field_4,2026-09-12,36.1,late,potato,8,30.0,0.0,loamy_sand,medium,144,pivot,irrigation_canal,13.6,0
farm_10,farm_10_field_4,2026-09-13,37.8,late,potato,9,30.0,0.0,loamy_sand,medium,145,pivot,irrigation_canal,13.6,1
farm_10,farm_10_field_4,2026-09-14,34.8,late,potato,10,30.0,0.0,loamy_sand,medium,146,pivot,irrigation_canal,13.6,1
farm_10,farm_10_field_4,2026-09-15,34.7,late,potato,11,30.0,0.0,loamy_sand,medium,147,pivot,irrigation_canal,13.6,1
farm_10,farm_10_field_4,2026-09-16,27.8,late,potato,12,30.0,0.1,loamy_sand,medium,148,pivot,irrigation_canal,13.6,1
farm_10,farm_10_field_4,2026-09-17,27.0,late,potato,13,30.0,0.8,loamy_sand,medium,149,pivot,irrigation_canal,13.6,1
farm_10,farm_10_field_4,2026-09-18,23.6,late,potato,14,30.0,0.3,loamy_sand,medium,150,pivot,irrigation_canal,13.6,2
farm_10,farm_10_field_4,2026-09-19,51.2,late,potato,1,30.0,0.4,loamy_sand,medium,151,pivot,irrigation_canal,13.6,0
farm_10,farm_10_field_4,2026-09-20,56.7,late,potato,2,30.0,0.0,loamy_sand,medium,152,pivot,irrigation_canal,13.6,0
farm_10,farm_10_field_4,2026-09-21,50.0,late,potato,3,30.0,0.2,loamy_sand,medium,153,pivot,irrigation_canal,13.6,0
farm_10,farm_10_field_4,2026-09-22,47.0,late,potato,4,30.0,0.0,loamy_sand,medium,154,pivot,irrigation_canal,13.6,0
farm_10,farm_10_field_4,2026-09-23,45.7,late,potato,5,30.0,0.7,loamy_sand,medium,155,pivot,irrigation_canal,13.6,0
farm_10,farm_10_field_4,2026-09-24,38.2,late,potato,6,30.0,0.0,loamy_sand,medium,156,pivot,irrigation_canal,13.6,1
farm_10,farm_10_field_4,2026-09-25,40.4,late,potato,7,30.0,0.0,loamy_sand,medium,157,pivot,irrigation_canal,13.6,1
farm_10,farm_10_field_4,2026-09-26,39.7,late,potato,8,30.0,0.0,loamy_sand,medium,158,pivot,irrigation_canal,13.6,1
farm_10,farm_10_field_4,2026-09-27,33.4,late,potato,9,30.0,2.6,loamy_sand,medium,159,pivot,irrigation_canal,13.6,1
farm_10,farm_10_field_4,2026-09-28,29.8,late,potato,10,30.0,0.0,loamy_sand,medium,160,pivot,irrigation_canal,13.6,1
farm_10,farm_10_field_4,2026-09-29,34.3,late,potato,11,30.0,0.4,loamy_sand,medium,161,pivot,irrigation_canal,13.6,1
farm_10,farm_10_field_4,2026-09-30,28.8,late,potato,12,30.0,0.0,loamy_sand,medium,162,pivot,irrigation_canal,13.6,1
