farm_id,field_id,date,soil_moisture_pct_nfk,growth_stage,crop_type,days_since_last_irrigation,previous_irrigation_mm,onfarm_rain_gauge_mm,soil_type,crop_variety_maturity,days_after_planting,irrigation_type,water_source,field_area_ha,irrigation_need
farm_8,farm_8_field_1,2025-04-28,76.8,initial,maize,0,0.0,0.0,loam,early,0,hose_reel,farm_reservoir,22.8,0
farm_8,farm_8_field_1,2025-04-29,76.9,initial,maize,1,0.0,0.0,loam,early,1,hose_reel,farm_reservoir,22.8,0
farm_8,farm_8_field_1,2025-04-30,70.9,initial,maize,2,0.0,0.8,loam,early,2,hose_reel,farm_reservoir,22.8,0
farm_8,farm_8_field_1,2025-05-01,75.6,initial,maize,3,0.0,0.0,loam,early,3,hose_reel,farm_reservoir,22.8,0
farm_8,farm_8_field_1,2025-05-02,72.2,initial,maize,4,0.0,0.0,loam,early,4,hose_reel,farm_reservoir,22.8,0
farm_8,farm_8_field_1,2025-05-03,77.1,initial,maize,5,0.0,3.4,loam,early,5,hose_reel,farm_reservoir,22.8,0
farm_8,farm_8_field_1,2025-05-04,76.2,initial,maize,6,0.0,0.0,loam,early,6,hose_reel,farm_reservoir,22.8,0
farm_8,farm_8_field_1,2025-05-05,78.0,initial,maize,7,0.0,0.0,loam,early,7,hose_reel,farm_reservoir,22.8,0
farm_8,farm_8_field_1,2025-05-06,75.1,initial,maize,8,0.0,0.0,loam,early,8,hose_reel,farm_reservoir,22.8,0
farm_8,farm_8_field_1,2025-05-07,72.8,initial,maize,9,0.0,0.0,loam,early,9,hose_reel,farm_reservoir,22.8,0
farm_8,farm_8_field_1,2025-05-08,77.7,initial,maize,10,0.0,0.3,loam,early,10,hose_reel,farm_reservoir,22.8,0
farm_8,farm_8_field_1,2025-05-09,73.3,initial,maize,11,0.0,0.7,loam,early,11,hose_reel,farm_reservoir,22.8,0
farm_8,farm_8_field_1,2025-05-10,70.1,initial,maize,12,0.0,0.0,loam,early,12,hose_reel,farm_reservoir,22.8,0
farm_8,farm_8_field_1,2025-05-11,70.3,initial,maize,13,0.0,0.0,loam,early,13,hose_reel,farm_reservoir,22.8,0
farm_8,farm_8_field_1,2025-05-12,69.0,initial,maize,14,0.0,0.4,loam,early,14,hose_reel,farm_reservoir,22.8,0
farm_8,farm_8_field_1,2025-05-13,69.8,initial,maize,15,0.0,0.0,loam,early,15,hose_reel,farm_reservoir,22.8,0
farm_8,farm_8_field_1,2025-05-14,66.6,initial,maize,16,0.0,0.3,loam,early,16,hose_reel,farm_reservoir,22.8,0
farm_8,farm_8_field_1,2025-05-15,73.7,initial,maize,17,0.0,0.0,loam,early,17,hose_reel,farm_reservoir,22.8,0
farm_8,farm_8_field_1,2025-05-16,70.2,initial,maize,18,0.0,0.7,loam,early,18,hose_reel,farm_reservoir,22.8,0
farm_8,farm_8_field_1,2025-05-17,61.9,initial,maize,19,0.0,8.6,loam,early,19,hose_reel,farm_reservoir,22.8,0
farm_8,farm_8_field_1,2025-05-18,74.6,initial,maize,20,0.0,0.1,loam,early,20,hose_reel,farm_reservoir,22.8,0
farm_8,farm_8_field_1,2025-05-19,71.9,initial,maize,21,0.0,11.3,loam,early,21,hose_reel,farm_reservoir,22.8,0
farm_8,farm_8_field_1,2025-05-20,83.5,initial,maize,22,0.0,0.0,loam,early,22,hose_reel,farm_reservoir,22.8,0
farm_8,farm_8_field_1,2025-05-21,78.5,initial,maize,23,0.0,6.9,loam,early,23,hose_reel,farm_reservoir,22.8,0
farm_8,farm_8_field_1,2025-05-22,81.5,initial,maize,24,0.0,0.0,loam,early,24,hose_reel,farm_reservoir,22.8,0
farm_8,farm_8_field_1,2025-05-23,85.7,initial,maize,25,0.0,0.0,loam,early,25,hose_reel,farm_reservoir,22.8,0
farm_8,farm_8_field_1,2025-05-24,84.1,development,maize,26,0.0,0.2,loam,early,26,hose_reel,farm_reservoir,22.8,0
farm_8,farm_8_field_1,2025-05-25,79.1,development,maize,27,0.0,4.4,loam,early,27,hose_reel,farm_reservoir,22.8,0
farm_8,farm_8_field_1,2025-05-26,81.7,development,maize,28,0.0,0.0,loam,early,28,hose_reel,farm_reservoir,22.8,0
farm_8,farm_8_field_1,2025-05-27,77.5,development,maize,29,0.0,0.4,loam,early,29,hose_reel,farm_reservoir,22.8,0
farm_8,farm_8_field_1,2025-05-28,80.3,development,maize,30,0.0,0.0,loam,early,30,hose_reel,farm_reservoir,22.8,0
farm_8,farm_8_field_1,2025-05-29,80.5,development,maize,31,0.0,0.4,loam,early,31,hose_reel,farm_reservoir,22.8,0
farm_8,farm_8_field_1,2025-05-30,74.9,development,maize,32,0.0,0.3,loam,early,32,hose_reel,farm_reservoir,22.8,0
farm_8,farm_8_field_1,2025-05-31,73.8,development,maize,33,0.0,0.0,loam,early,33,hose_reel,farm_reservoir,22.8,0
farm_8,farm_8_field_1,2025-06-01,64.2,development,maize,34,0.0,0.0,loam,early,34,hose_reel,farm_reservoir,22.8,0
farm_8,farm_8_field_1,2025-06-02,67.1,development,maize,35,0.0,0.5,loam,early,35,hose_reel,farm_reservoir,22.8,0
farm_8,farm_8_field_1,2025-06-03,68.0,development,maize,36,0.0,0.0,loam,early,36,hose_reel,farm_reservoir,22.8,0
farm_8,farm_8_field_1,2025-06-04,64.6,development,maize,37,0.0,0.2,loam,early,37,hose_reel,farm_reservoir,22.8,0
farm_8,farm_8_field_1,2025-06-05,65.5,development,maize,38,0.0,0.0,loam,early,38,hose_reel,farm_reservoir,22.8,0
farm_8,farm_8_field_1,2025-06-06,62.2,development,maize,39,0.0,0.0,loam,early,39,hose_reel,farm_reservoir,22.8,0
farm_8,farm_8_field_1,2025-06-07,55.9,development,maize,40,0.0,24.4,loam,early,40,hose_reel,farm_reservoir,22.8,0
farm_8,farm_8_field_1,2025-06-08,69.5,development,maize,41,0.0,22.3,loam,early,41,hose_reel,farm_reservoir,22.8,0
farm_8,farm_8_field_1,2025-06-09,84.4,development,maize,42,0.0,0.0,loam,early,42,hose_reel,farm_reservoir,22.8,0
farm_8,farm_8_field_1,2025-06-10,90.5,development,maize,43,0.0,0.0,loam,early,43,hose_reel,farm_reservoir,22.8,0
farm_8,farm_8_field_1,2025-06-11,80.3,development,maize,44,0.0,0.0,loam,early,44,hose_reel,farm_reservoir,22.8,0
farm_8,farm_8_field_1,2025-06-12,69.3,development,maize,45,0.0,0.1,loam,early,45,hose_reel,farm_reservoir,22.8,0
farm_8,farm_8_field_1,2025-06-13,80.0,development,maize,46,0.0,0.0,loam,early,46,hose_reel,farm_reservoir,22.8,0
farm_8,farm_8_field_1,2025-06-14,78.8,development,maize,47,0.0,0.0,loam,early,47,hose_reel,farm_reservoir,22.8,0
farm_8,farm_8_field_1,2025-06-15,73.4,development,maize,48,0.0,0.6,loam,early,48,hose_reel,farm_reservoir,22.8,0
farm_8,farm_8_field_1,2025-06-16,70.5,development,maize,49,0.0,0.0,loam,early,49,hose_reel,farm_reservoir,22.8,0
farm_8,farm_8_field_1,2025-06-17,72.5,development,maize,50,0.0,1.8,loam,early,50,hose_reel,farm_reservoir,22.8,0
farm_8,farm_8_field_1,2025-06-18,65.7,development,maize,51,0.0,27.6,loam,early,51,hose_reel,farm_reservoir,22.8,0
farm_8,farm_8_field_1,2025-06-19,84.6,development,maize,52,0.0,0.4,loam,early,52,hose_reel,farm_reservoir,22.8,0
farm_8,farm_8_field_1,2025-06-20,81.8,development,maize,53,0.0,0.0,loam,early,53,hose_reel,farm_reservoir,22.8,0
farm_8,farm_8_field_1,2025-06-21,84.2,development,maize,54,0.0,0.0,loam,early,54,hose_reel,farm_reservoir,22.8,0
farm_8,farm_8_field_1,2025-06-22,77.7,development,maize,55,0.0,0.0,loam,early,55,hose_reel,farm_reservoir,22.8,0
farm_8,farm_8_field_1,2025-06-23,77.7,development,maize,56,0.0,0.0,loam,early,56,hose_reel,farm_reservoir,22.8,0
farm_8,farm_8_field_1,2025-06-24,77.7,development,maize,57,0.0,0.0,loam,early,57,hose_reel,farm_reservoir,22.8,0
farm_8,farm_8_field_1,2025-06-25,77.7,development,maize,58,0.0,0.0,loam,early,58,hose_reel,farm_reservoir,22.8,0
farm_8,farm_8_field_1,2025-06-26,,development,maize,59,0.0,0.0,loam,early,59,hose_reel,farm_reservoir,22.8,0
farm_8,farm_8_field_1,2025-06-27,77.7,sensitive,maize,60,0.0,0.0,loam,early,60,hose_reel,farm_reservoir,22.8,0
farm_8,farm_8_field_1,2025-06-28,77.7,sensitive,maize,61,0.0,3.4,loam,early,61,hose_reel,farm_reservoir,22.8,0
farm_8,farm_8_field_1,2025-06-29,77.7,sensitive,maize,62,0.0,0.1,loam,early,62,hose_reel,farm_reservoir,22.8,0
farm_8,farm_8_field_1,2025-06-30,77.7,sensitive,maize,63,0.0,0.5,loam,early,63,hose_reel,farm_reservoir,22.8,1
farm_8,farm_8_field_1,2025-07-01,77.7,sensitive,maize,64,0.0,0.0,loam,early,64,hose_reel,farm_reservoir,22.8,1
farm_8,farm_8_field_1,2025-07-02,47.5,sensitive,maize,65,0.0,0.4,loam,early,65,hose_reel,farm_reservoir,22.8,1
farm_8,farm_8_field_1,2025-07-03,47.4,sensitive,maize,66,0.0,0.1,loam,early,66,hose_reel,farm_reservoir,22.8,2
farm_8,farm_8_field_1,2025-07-04,68.0,sensitive,maize,1,40.0,0.0,loam,early,67,hose_reel,farm_reservoir,22.8,0
farm_8,farm_8_field_1,2025-07-05,67.6,sensitive,maize,2,40.0,0.4,loam,early,68,hose_reel,farm_reservoir,22.8,0
farm_8,farm_8_field_1,2025-07-06,56.4,sensitive,maize,3,40.0,0.4,loam,early,69,hose_reel,farm_reservoir,22.8,1
farm_8,farm_8_field_1,2025-07-07,55.4,sensitive,maize,4,40.0,0.1,loam,early,70,hose_reel,farm_reservoir,22.8,1
farm_8,farm_8_field_1,2025-07-08,42.9,sensitive,maize,5,40.0,0.0,loam,early,71,hose_reel,farm_reservoir,22.8,1
farm_8,farm_8_field_1,2025-07-09,41.5,sensitive,maize,6,40.0,0.0,loam,early,72,hose_reel,farm_reservoir,22.8,2
farm_8,farm_8_field_1,2025-07-10,69.8,sensitive,maize,1,40.0,0.5,loam,early,73,hose_reel,farm_reservoir,22.8,0
farm_8,farm_8_field_1,2025-07-11,62.9,sensitive,maize,2,40.0,0.6,loam,early,74,hose_reel,farm_reservoir,22.8,0
farm_8,farm_8_field_1,2025-07-12,59.3,sensitive,maize,3,40.0,0.0,loam,early,75,hose_reel,farm_reservoir,22.8,1
farm_8,farm_8_field_1,2025-07-13,57.8,sensitive,maize,4,40.0,0.0,loam,early,76,hose_reel,farm_reservoir,22.8,1
farm_8,farm_8_field_1,2025-07-14,48.2,sensitive,maize,5,40.0,0.0,loam,early,77,hose_reel,farm_reservoir,22.8,1
farm_8,farm_8_field_1,2025-07-15,41.2,sensitive,maize,6,40.0,0.0,loam,early,78,hose_reel,farm_reservoir,22.8,1
farm_8,farm_8_field_1,2025-07-16,44.9,sensitive,maize,7,40.0,0.0,loam,early,79,hose_reel,farm_reservoir,22.8,2
farm_8,farm_8_field_1,2025-07-17,64.8,sensitive,maize,1,40.0,0.7,loam,early,80,hose_reel,farm_reservoir,22.8,0
farm_8,farm_8_field_1,2025-07-18,65.6,sensitive,maize,2,40.0,3.4,loam,early,81,hose_reel,farm_reservoir,22.8,0
farm_8,farm_8_field_1,2025-07-19,57.8,sensitive,maize,3,40.0,12.4,loam,early,82,hose_reel,farm_reservoir,22.8,0
farm_8,farm_8_field_1,2025-07-20,63.7,sensitive,maize,4,40.0,0.0,loam,early,83,hose_reel,farm_reservoir,22.8,0
farm_8,farm_8_field_1,2025-07-21,62.9,sensitive,maize,5,40.0,0.4,loam,early,84,hose_reel,farm_reservoir,22.8,0
farm_8,farm_8_field_1,2025-07-22,50.6,sensitive,maize,6,40.0,0.1,loam,early,85,hose_reel,farm_reservoir,22.8,1
farm_8,farm_8_field_1,2025-07-23,55.1,sensitive,maize,7,40.0,0.3,loam,early,86,hose_reel,farm_reservoir,22.8,1
farm_8,farm_8_field_1,2025-07-24,58.5,sensitive,maize,8,40.0,0.2,loam,early,87,hose_reel,farm_reservoir,22.8,1
farm_8,farm_8_field_1,2025-07-25,58.5,sensitive,maize,9,40.0,0.1,loam,early,88,hose_reel,farm_reservoir,22.8,1
farm_8,farm_8_field_1,2025-07-26,58.5,sensitive,maize,10,40.0,0.1,loam,early,89,hose_reel,farm_reservoir,22.8,2
farm_8,farm_8_field_1,2025-07-27,58.5,sensitive,maize,1,40.0,2.5,loam,early,90,hose_reel,farm_reservoir,22.8,0
farm_8,farm_8_field_1,2025-07-28,58.5,sensitive,maize,2,40.0,0.0,loam,early,91,hose_reel,farm_reservoir,22.8,0
farm_8,farm_8_field_1,2025-07-29,58.5,sensitive,maize,3,40.0,8.2,loam,early,92,hose_reel,farm_reservoir,22.8,1
farm_8,farm_8_field_1,2025-07-30,58.5,sensitive,maize,4,40.0,0.7,loam,early,93,hose_reel,farm_reservoir,22.8,0
farm_8,farm_8_field_1,2025-07-31,58.5,sensitive,maize,5,40.0,0.4,loam,early,94,hose_reel,farm_reservoir,22.8,1
farm_8,farm_8_field_1,2025-08-01,58.5,sensitive,maize,6,40.0,0.0,loam,early,95,hose_reel,farm_reservoir,22.8,1
farm_8,farm_8_field_1,2025-08-02,58.5,sensitive,maize,7,40.0,0.0,loam,early,96,hose_reel,farm_reservoir,22.8,1
farm_8,farm_8_field_1,2025-08-03,43.1,sensitive,maize,8,40.0,0.3,loam,early,97,hose_reel,farm_reservoir,22.8,1
farm_8,farm_8_field_1,2025-08-04,41.0,sensitive,maize,9,40.0,0.8,loam,early,98,hose_reel,farm_reservoir,22.8,2
farm_8,farm_8_field_1,2025-08-05,70.5,sensitive,maize,1,40.0,1.1,loam,early,99,hose_reel,farm_reservoir,22.8,0
farm_8,farm_8_field_1,2025-08-06,67.8,sensitive,maize,2,40.0,11.3,loam,early,100,hose_reel,farm_reservoir,22.8,0
farm_8,farm_8_field_1,2025-08-07,65.2,sensitive,maize,3,40.0,0.0,loam,early,101,hose_reel,farm_reservoir,22.8,0
farm_8,farm_8_field_1,2025-08-08,64.6,late,maize,4,40.0,0.7,loam,early,102,hose_reel,farm_reservoir,22.8,0
farm_8,farm_8_field_1,2025-08-09,61.8,late,maize,5,40.0,0.7,loam,early,103,hose_reel,farm_reservoir,22.8,0
farm_8,farm_8_field_1,2025-08-10,62.1,late,maize,6,40.0,0.5,loam,early,104,hose_reel,farm_reservoir,22.8,0
farm_8,farm_8_field_1,2025-08-11,63.3,late,maize,7,40.0,1.9,loam,early,105,hose_reel,farm_reservoir,22.8,0
farm_8,farm_8_field_1,2025-08-12,57.6,late,maize,8,40.0,0.3,loam,early,106,hose_reel,farm_reservoir,22.8,0
farm_8,farm_8_field_1,2025-08-13,58.4,late,maize,9,40.0,0.3,loam,early,107,hose_reel,farm_reservoir,22.8,0
farm_8,farm_8_field_1,2025-08-14,57.4,late,maize,10,40.0,0.6,loam,early,108,hose_reel,farm_reservoir,22.8,0
farm_8,farm_8_field_1,2025-08-15,54.1,late,maize,11,40.0,0.0,loam,early,109,hose_reel,farm_reservoir,22.8,0
farm_8,farm_8_field_1,2025-08-16,51.0,late,maize,12,40.0,0.0,loam,early,110,hose_reel,farm_reservoir,22.8,0
farm_8,farm_8_field_1,2025-08-17,51.4,late,maize,13,40.0,0.0,loam,early,111,hose_reel,farm_reservoir,22.8,0
farm_8,farm_8_field_1,2025-08-18,45.9,late,maize,14,40.0,0.5,loam,early,112,hose_reel,farm_reservoir,22.8,0
farm_8,farm_8_field_1,2025-08-19,48.3,late,maize,15,40.0,0.2,loam,early,113,hose_reel,farm_reservoir,22.8,0
farm_8,farm_8_field_1,2025-08-20,49.3,late,maize,16,40.0,0.0,loam,early,114,hose_reel,farm_reservoir,22.8,0
farm_8,farm_8_field_1,2025-08-21,41.8,late,maize,17,40.0,0.5,loam,early,115,hose_reel,farm_reservoir,22.8,0
farm_8,farm_8_field_1,2025-08-22,46.9,late,maize,18,40.0,0.0,loam,early,116,hose_reel,farm_reservoir,22.8,0
farm_8,farm_8_field_1,2025-08-23,39.5,late,maize,19,40.0,0.0,loam,early,117,hose_reel,farm_reservoir,22.8,0
farm_8,farm_8_field_1,2025-08-24,38.5,late,maize,20,40.0,0.5,loam,early,118,hose_reel,farm_reservoir,22.8,1
farm_8,farm_8_field_1,2025-08-25,33.9,late,maize,21,40.0,0.3,loam,early,119,hose_reel,farm_reservoir,22.8,1
farm_8,farm_8_field_1,2025-08-26,34.7,late,maize,22,40.0,0.0,loam,early,120,hose_reel,farm_reservoir,22.8,1
farm_8,farm_8_field_1,2025-08-27,40.0,late,maize,23,40.0,0.8,loam,early,121,hose_reel,farm_reservoir,22.8,1
farm_8,farm_8_field_1,2025-08-28,34.0,late,maize,24,40.0,20.6,loam,early,122,hose_reel,farm_reservoir,22.8,1
farm_8,farm_8_field_1,2025-08-29,45.4,late,maize,25,40.0,0.2,loam,early,123,hose_reel,farm_reservoir,22.8,0
farm_8,farm_8_field_1,2025-08-30,44.3,late,maize,26,40.0,0.0,loam,early,124,hose_reel,farm_reservoir,22.8,0
farm_8,farm_8_field_1,2025-08-31,37.4,late,maize,27,40.0,0.3,loam,early,125,hose_reel,farm_reservoir,22.8,0
farm_8,farm_8_field_1,2025-09-01,41.8,late,maize,28,40.0,0.0,loam,early,126,hose_reel,farm_reservoir,22.8,0
farm_8,farm_8_field_1,2025-09-02,44.3,late,maize,29,40.0,0.0,loam,early,127,hose_reel,farm_reservoir,22.8,1
farm_8,farm_8_field_1,2025-09-03,44.3,late,maize,30,40.0,0.0,loam,early,128,hose_reel,farm_reservoir,22.8,1
farm_8,farm_8_field_1,2025-09-04,44.3,late,maize,31,40.0,0.3,loam,early,129,hose_reel,farm_reservoir,22.8,1
farm_8,farm_8_field_1,2025-09-05,44.3,late,maize,32,40.0,0.1,loam,early,130,hose_reel,farm_reservoir,22.8,1
farm_8,farm_8_field_1,2025-09-06,44.3,late,maize,1,40.0,0.0,loam,early,131,hose_reel,farm_reservoir,22.8,0
farm_8,farm_8_field_1,2025-09-07,44.3,late,maize,2,40.0,0.0,loam,early,132,hose_reel,farm_reservoir,22.8,0
farm_8,farm_8_field_1,2025-09-08,44.3,late,maize,3,40.0,0.0,loam,early,133,hose_reel,farm_reservoir,22.8,0
farm_8,farm_8_field_1,2025-09-09,44.3,late,maize,4,40.0,0.1,loam,early,134,hose_reel,farm_reservoir,22.8,0
farm_8,farm_8_field_1,2025-09-10,44.3,late,maize,5,40.0,0.1,loam,early,135,hose_reel,farm_reservoir,22.8,0
farm_8,farm_8_field_1,2025-09-11,54.4,late,maize,6,40.0,0.0,loam,early,136,hose_reel,farm_reservoir,22.8,0
farm_8,farm_8_field_1,2025-09-12,54.4,late,maize,7,40.0,0.5,loam,early,137,hose_reel,farm_reservoir,22.8,0
farm_8,farm_8_field_1,2025-09-13,54.4,late,maize,8,40.0,0.6,loam,early,138,hose_reel,farm_reservoir,22.8,0
farm_8,farm_8_field_1,2025-09-14,54.4,late,maize,9,40.0,1.9,loam,early,139,hose_reel,farm_reservoir,22.8,0
farm_8,farm_8_field_1,2025-09-15,54.4,late,maize,10,40.0,0.0,loam,early,140,hose_reel,farm_reservoir,22.8,0
farm_8,farm_8_field_1,2025-09-16,54.4,late,maize,11,40.0,5.3,loam,early,141,hose_reel,farm_reservoir,22.8,0
farm_8,farm_8_field_1,2025-09-17,45.3,late,maize,12,40.0,2.1,loam,early,142,hose_reel,farm_reservoir,22.8,0
farm_8,farm_8_field_1,2025-09-18,54.3,late,maize,13,40.0,0.0,loam,early,143,hose_reel,farm_reservoir,22.8,0
farm_8,farm_8_field_1,2025-09-19,46.4,late,maize,14,40.0,0.1,loam,early,144,hose_reel,farm_reservoir,22.8,0
farm_8,farm_8_field_1,2025-09-20,42.6,late,maize,15,40.0,0.0,loam,early,145,hose_reel,farm_reservoir,22.8,0
farm_8,farm_8_field_1,2025-09-21,48.2,late,maize,16,40.0,0.0,loam,early,146,hose_reel,farm_reservoir,22.8,0
farm_8,farm_8_field_1,2025-09-22,41.2,late,maize,17,40.0,0.0,loam,early,147,hose_reel,farm_reservoir,22.8,0
farm_8,farm_8_field_1,2025-09-23,41.1,late,maize,18,40.0,0.0,loam,early,148,hose_reel,farm_reservoir,22.8,0
farm_8,farm_8_field_1,2025-09-24,47.8,late,maize,19,40.0,0.3,loam,early,149,hose_reel,farm_reservoir,22.8,0
farm_8,farm_8_field_1,2025-09-25,38.5,late,maize,20,40.0,0.8,loam,early,150,hose_reel,farm_reservoir,22.8,0
farm_8,farm_8_field_1,2025-09-26,42.9,late,maize,21,40.0,0.1,loam,early,151,hose_reel,farm_reservoir,22.8,0
farm_8,farm_8_field_1,2025-09-27,31.7,late,maize,22,40.0,0.0,loam,early,152,hose_reel,farm_reservoir,22.8,1
farm_8,farm_8_field_1,2025-09-28,31.7,late,maize,23,40.0,0.0,loam,early,153,hose_reel,farm_reservoir,22.8,1
farm_8,farm_8_field_1,2025-09-29,61.5,late,maize,1,40.0,0.0,loam,early,154,hose_reel,farm_reservoir,22.8,0
farm_8,farm_8_field_1,2025-09-30,68.3,late,maize,2,40.0,0.3,loam,early,155,hose_reel,farm_reservoir,22.8,0
farm_8,farm_8_field_1,2026-04-28,55.6,initial,maize,0,0.0,0.0,loam,early,0,hose_reel,farm_reservoir,22.8,0
farm_8,farm_8_field_1,2026-04-29,58.8,initial,maize,1,0.0,0.0,loam,early,1,hose_reel,farm_reservoir,22.8,0
farm_8,farm_8_field_1,2026-04-30,49.8,initial,maize,2,0.0,0.7,loam,early,2,hose_reel,farm_reservoir,22.8,0
farm_8,farm_8_field_1,2026-05-01,55.8,initial,maize,3,0.0,0.0,loam,early,3,hose_reel,farm_reservoir,22.8,0
farm_8,farm_8_field_1,2026-05-02,54.2,initial,maize,4,0.0,0.0,loam,early,4,hose_reel,farm_reservoir,22.8,0
farm_8,farm_8_field_1,2026-05-03,56.5,initial,maize,5,0.0,10.9,loam,early,5,hose_reel,farm_reservoir,22.8,0
farm_8,farm_8_field_1,2026-05-04,61.3,initial,maize,6,0.0,0.0,loam,early,6,hose_reel,farm_reservoir,22.8,0
farm_8,farm_8_field_1,2026-05-05,55.9,initial,maize,7,0.0,6.2,loam,early,7,hose_reel,farm_reservoir,22.8,0
farm_8,farm_8_field_1,2026-05-06,66.4,initial,maize,8,0.0,1.1,loam,early,8,hose_reel,farm_reservoir,22.8,0
farm_8,farm_8_field_1,2026-05-07,59.4,initial,maize,9,0.0,9.2,loam,early,9,hose_reel,farm_reservoir,22.8,0
farm_8,farm_8_field_1,2026-05-08,71.1,initial,maize,10,0.0,0.0,loam,early,10,hose_reel,farm_reservoir,22.8,0
farm_8,farm_8_field_1,2026-05-09,74.8,initial,maize,11,0.0,0.3,loam,early,11,hose_reel,farm_reservoir,22.8,0
farm_8,farm_8_field_1,2026-05-10,66.0,initial,maize,12,0.0,0.0,loam,early,12,hose_reel,farm_reservoir,22.8,0
farm_8,farm_8_field_1,2026-05-11,66.9,initial,maize,13,0.0,0.0,loam,early,13,hose_reel,farm_reservoir,22.8,0
farm_8,farm_8_field_1,2026-05-12,66.5,initial,maize,14,0.0,0.0,loam,early,14,hose_reel,farm_reservoir,22.8,0
farm_8,farm_8_field_1,2026-05-13,64.0,initial,maize,15,0.0,3.6,loam,early,15,hose_reel,farm_reservoir,22.8,0
farm_8,farm_8_field_1,2026-05-14,71.5,initial,maize,16,0.0,0.3,loam,early,16,hose_reel,farm_reservoir,22.8,0
farm_8,farm_8_field_1,2026-05-15,67.5,initial,maize,17,0.0,0.1,loam,early,17,hose_reel,farm_reservoir,22.8,0
farm_8,farm_8_field_1,2026-05-16,66.8,initial,maize,18,0.0,0.0,loam,early,18,hose_reel,farm_reservoir,22.8,0
farm_8,farm_8_field_1,2026-05-17,65.3,initial,maize,19,0.0,0.1,loam,early,19,hose_reel,farm_reservoir,22.8,0
farm_8,farm_8_field_1,2026-05-18,67.0,initial,maize,20,0.0,0.1,loam,early,20,hose_reel,farm_reservoir,22.8,0
farm_8,farm_8_field_1,2026-05-19,61.8,initial,maize,21,0.0,0.1,loam,early,21,hose_reel,farm_reservoir,22.8,0
farm_8,farm_8_field_1,2026-05-20,67.9,initial,maize,22,0.0,0.1,loam,early,22,hose_reel,farm_reservoir,22.8,0
farm_8,farm_8_field_1,2026-05-21,62.2,initial,maize,23,0.0,17.5,loam,early,23,hose_reel,farm_reservoir,22.8,0
farm_8,farm_8_field_1,2026-05-22,79.8,initial,maize,24,0.0,6.4,loam,early,24,hose_reel,farm_reservoir,22.8,0
farm_8,farm_8_field_1,2026-05-23,79.7,initial,maize,25,0.0,0.5,loam,early,25,hose_reel,farm_reservoir,22.8,0
farm_8,farm_8_field_1,2026-05-24,77.0,development,maize,26,0.0,0.8,loam,early,26,hose_reel,farm_reservoir,22.8,0
farm_8,farm_8_field_1,2026-05-25,74.1,development,maize,27,0.0,0.7,loam,early,27,hose_reel,farm_reservoir,22.8,0
farm_8,farm_8_field_1,2026-05-26,76.0,development,maize,28,0.0,0.6,loam,early,28,hose_reel,farm_reservoir,22.8,0
farm_8,farm_8_field_1,2026-05-27,72.4,development,maize,29,0.0,0.0,loam,early,29,hose_reel,farm_reservoir,22.8,0
farm_8,farm_8_field_1,2026-05-28,68.3,development,maize,30,0.0,0.0,loam,early,30,hose_reel,farm_reservoir,22.8,0
farm_8,farm_8_field_1,2026-05-29,69.8,development,maize,31,0.0,0.0,loam,early,31,hose_reel,farm_reservoir,22.8,0
farm_8,farm_8_field_1,2026-05-30,71.9,development,maize,32,0.0,0.0,loam,early,32,hose_reel,farm_reservoir,22.8,0
farm_8,farm_8_field_1,2026-05-31,69.5,development,maize,33,0.0,0.0,loam,early,33,hose_reel,farm_reservoir,22.8,0
farm_8,farm_8_field_1,2026-06-01,63.0,development,maize,34,0.0,0.1,loam,early,34,hose_reel,farm_reservoir,22.8,0
farm_8,farm_8_field_1,2026-06-02,57.2,development,maize,35,0.0,0.0,loam,early,35,hose_reel,farm_reservoir,22.8,0
farm_8,farm_8_field_1,2026-06-03,63.2,development,maize,36,0.0,0.0,loam,early,36,hose_reel,farm_reservoir,22.8,0
farm_8,farm_8_field_1,2026-06-04,59.3,development,maize,37,0.0,0.0,loam,early,37,hose_reel,farm_reservoir,22.8,0
farm_8,farm_8_field_1,2026-06-05,60.5,development,maize,38,0.0,0.2,loam,early,38,hose_reel,farm_reservoir,22.8,0
farm_8,farm_8_field_1,2026-06-06,53.3,development,maize,39,0.0,5.7,loam,early,39,hose_reel,farm_reservoir,22.8,0
farm_8,farm_8_field_1,2026-06-07,58.6,development,maize,40,0.0,0.0,loam,early,40,hose_reel,farm_reservoir,22.8,0
farm_8,farm_8_field_1,2026-06-08,55.8,development,maize,41,0.0,0.0,loam,early,41,hose_reel,farm_reservoir,22.8,0
farm_8,farm_8_field_1,2026-06-09,50.3,development,maize,42,0.0,0.0,loam,early,42,hose_reel,farm_reservoir,22.8,0
farm_8,farm_8_field_1,2026-06-10,48.9,development,maize,43,0.0,0.5,loam,early,43,hose_reel,farm_reservoir,22.8,1
farm_8,farm_8_field_1,2026-06-11,43.3,development,maize,44,0.0,0.0,loam,early,44,hose_reel,farm_reservoir,22.8,1
farm_8,farm_8_field_1,2026-06-12,38.1,development,maize,45,0.0,0.0,loam,early,45,hose_reel,farm_reservoir,22.8,1
farm_8,farm_8_field_1,2026-06-13,35.9,development,maize,46,0.0,0.5,loam,early,46,hose_reel,farm_reservoir,22.8,1
farm_8,farm_8_field_1,2026-06-14,35.7,development,maize,47,0.0,0.0,loam,early,47,hose_reel,farm_reservoir,22.8,1
farm_8,farm_8_field_1,2026-06-15,61.1,development,maize,1,40.0,0.3,loam,early,48,hose_reel,farm_reservoir,22.8,0
farm_8,farm_8_field_1,2026-06-16,55.6,development,maize,2,40.0,0.0,loam,early,49,hose_reel,farm_reservoir,22.8,0
farm_8,farm_8_field_1,2026-06-17,48.3,development,maize,3,40.0,0.0,loam,early,50,hose_reel,farm_reservoir,22.8,0
farm_8,farm_8_field_1,2026-06-18,50.4,development,maize,4,40.0,0.0,loam,early,51,hose_reel,farm_reservoir,22.8,1
farm_8,farm_8_field_1,2026-06-19,,development,maize,5,40.0,0.8,loam,early,52,hose_reel,farm_reservoir,22.8,1
farm_8,farm_8_field_1,2026-06-20,40.3,development,maize,6,40.0,0.4,loam,early,53,hose_reel,farm_reservoir,22.8,1
farm_8,farm_8_field_1,2026-06-21,33.6,development,maize,7,40.0,0.2,loam,early,54,hose_reel,farm_reservoir,22.8,1
farm_8,farm_8_field_1,2026-06-22,37.5,development,maize,8,40.0,0.2,loam,early,55,hose_reel,farm_reservoir,22.8,1
farm_8,farm_8_field_1,2026-06-23,34.3,development,maize,9,40.0,0.0,loam,early,56,hose_reel,farm_reservoir,22.8,2
farm_8,farm_8_field_1,2026-06-24,66.1,development,maize,1,40.0,0.0,loam,early,57,hose_reel,farm_reservoir,22.8,0
farm_8,farm_8_field_1,2026-06-25,52.9,development,maize,2,40.0,2.1,loam,early,58,hose_reel,farm_reservoir,22.8,0
farm_8,farm_8_field_1,2026-06-26,55.0,development,maize,3,40.0,0.5,loam,early,59,hose_reel,farm_reservoir,22.8,0
farm_8,farm_8_field_1,2026-06-27,55.0,sensitive,maize,4,40.0,0.0,loam,early,60,hose_reel,farm_reservoir,22.8,1
farm_8,farm_8_field_1,2026-06-28,42.4,sensitive,maize,5,40.0,0.0,loam,early,61,hose_reel,farm_reservoir,22.8,2
farm_8,farm_8_field_1,2026-06-29,69.7,sensitive,maize,1,40.0,0.3,loam,early,62,hose_reel,farm_reservoir,22.8,0
farm_8,farm_8_field_1,2026-06-30,60.6,sensitive,maize,2,40.0,0.4,loam,early,63,hose_reel,farm_reservoir,22.8,1
farm_8,farm_8_field_1,2026-07-01,75.3,sensitive,maize,1,35.4,0.5,loam,early,64,hose_reel,farm_reservoir,22.8,0
farm_8,farm_8_field_1,2026-07-02,78.5,sensitive,maize,2,35.4,0.0,loam,early,65,hose_reel,farm_reservoir,22.8,0
farm_8,farm_8_field_1,2026-07-03,69.4,sensitive,maize,3,35.4,0.0,loam,early,66,hose_reel,farm_reservoir,22.8,0
farm_8,farm_8_field_1,2026-07-04,69.4,sensitive,maize,4,35.4,0.0,loam,early,67,hose_reel,farm_reservoir,22.8,1
farm_8,farm_8_field_1,2026-07-05,69.4,sensitive,maize,1,35.1,0.3,loam,early,68,hose_reel,farm_reservoir,22.8,0
farm_8,farm_8_field_1,2026-07-06,69.4,sensitive,maize,2,35.1,0.6,loam,early,69,hose_reel,farm_reservoir,22.8,0
farm_8,farm_8_field_1,2026-07-07,69.4,sensitive,maize,3,35.1,0.0,loam,early,70,hose_reel,farm_reservoir,22.8,0
farm_8,farm_8_field_1,2026-07-08,58.7,sensitive,maize,4,35.1,0.4,loam,early,71,hose_reel,farm_reservoir,22.8,0
farm_8,farm_8_field_1,2026-07-09,52.2,sensitive,maize,5,35.1,0.0,loam,early,72,hose_reel,farm_reservoir,22.8,1
farm_8,farm_8_field_1,2026-07-10,48.4,sensitive,maize,6,35.1,0.0,loam,early,73,hose_reel,farm_reservoir,22.8,1
farm_8,farm_8_field_1,2026-07-11,40.7,sensitive,maize,7,35.1,0.0,loam,early,74,hose_reel,farm_reservoir,22.8,2
farm_8,farm_8_field_1,2026-07-12,62.2,sensitive,maize,1,40.0,0.1,loam,early,75,hose_reel,farm_reservoir,22.8,0
farm_8,farm_8_field_1,2026-07-13,61.4,sensitive,maize,2,40.0,0.0,loam,early,76,hose_reel,farm_reservoir,22.8,0
farm_8,farm_8_field_1,2026-07-14,52.7,sensitive,maize,3,40.0,0.1,loam,early,77,hose_reel,farm_reservoir,22.8,1
farm_8,farm_8_field_1,2026-07-15,46.3,sensitive,maize,4,40.0,0.0,loam,early,78,hose_reel,farm_reservoir,22.8,1
farm_8,farm_8_field_1,2026-07-16,39.5,sensitive,maize,5,40.0,0.0,loam,early,79,hose_reel,farm_reservoir,22.8,2
farm_8,farm_8_field_1,2026-07-17,39.5,sensitive,maize,1,40.0,0.5,loam,early,80,hose_reel,farm_reservoir,22.8,0
farm_8,farm_8_field_1,2026-07-18,39.5,sensitive,maize,2,40.0,0.0,loam,early,81,hose_reel,farm_reservoir,22.8,1
farm_8,farm_8_field_1,2026-07-19,39.5,sensitive,maize,3,40.0,0.0,loam,early,82,hose_reel,farm_reservoir,22.8,1
farm_8,farm_8_field_1,2026-07-20,39.5,sensitive,maize,4,40.0,0.3,loam,early,83,hose_reel,farm_reservoir,22.8,1
farm_8,farm_8_field_1,2026-07-21,39.5,sensitive,maize,5,40.0,0.0,loam,early,84,hose_reel,farm_reservoir,22.8,2
farm_8,farm_8_field_1,2026-07-22,39.5,sensitive,maize,1,40.0,0.0,loam,early,85,hose_reel,farm_reservoir,22.8,0
farm_8,farm_8_field_1,2026-07-23,58.9,sensitive,maize,2,40.0,0.5,loam,early,86,hose_reel,farm_reservoir,22.8,0
farm_8,farm_8_field_1,2026-07-24,51.7,sensitive,maize,3,40.0,0.1,loam,early,87,hose_reel,farm_reservoir,22.8,1
farm_8,farm_8_field_1,2026-07-25,54.4,sensitive,maize,4,40.0,0.0,loam,early,88,hose_reel,farm_reservoir,22.8,1
farm_8,farm_8_field_1,2026-07-26,40.8,sensitive,maize,5,40.0,0.0,loam,early,89,hose_reel,farm_reservoir,22.8,2
farm_8,farm_8_field_1,2026-07-27,62.8,sensitive,maize,1,40.0,0.0,loam,early,90,hose_reel,farm_reservoir,22.8,0
farm_8,farm_8_field_1,2026-07-28,62.3,sensitive,maize,2,40.0,0.0,loam,early,91,hose_reel,farm_reservoir,22.8,0
farm_8,farm_8_field_1,2026-07-29,50.3,sensitive,maize,3,40.0,0.2,loam,early,92,hose_reel,farm_reservoir,22.8,1
farm_8,farm_8_field_1,2026-07-30,42.4,sensitive,maize,4,40.0,0.0,loam,early,93,hose_reel,farm_reservoir,22.8,1
farm_8,farm_8_field_1,2026-07-31,44.8,sensitive,maize,5,40.0,9.8,loam,early,94,hose_reel,farm_reservoir,22.8,1
farm_8,farm_8_field_1,2026-08-01,45.1,sensitive,maize,6,40.0,0.2,loam,early,95,hose_reel,farm_reservoir,22.8,1
farm_8,farm_8_field_1,2026-08-02,48.5,sensitive,maize,7,40.0,0.0,loam,early,96,hose_reel,farm_reservoir,22.8,2
farm_8,farm_8_field_1,2026-08-03,66.6,sensitive,maize,1,40.0,10.0,loam,early,97,hose_reel,farm_reservoir,22.8,0
farm_8,farm_8_field_1,2026-08-04,67.2,sensitive,maize,2,40.0,0.0,loam,early,98,hose_reel,farm_reservoir,22.8,0
farm_8,farm_8_field_1,2026-08-05,67.0,sensitive,maize,3,40.0,0.0,loam,early,99,hose_reel,farm_reservoir,22.8,0
farm_8,farm_8_field_1,2026-08-06,55.7,sensitive,maize,4,40.0,0.6,loam,early,100,hose_reel,farm_reservoir,22.8,1
farm_8,farm_8_field_1,2026-08-07,85.0,sensitive,maize,1,36.7,0.0,loam,early,101,hose_reel,farm_reservoir,22.8,0
farm_8,farm_8_field_1,2026-08-08,77.4,late,maize,2,36.7,0.2,loam,early,102,hose_reel,farm_reservoir,22.8,0
farm_8,farm_8_field_1,2026-08-09,76.4,late,maize,3,36.7,0.0,loam,early,103,hose_reel,farm_reservoir,22.8,0
farm_8,farm_8_field_1,2026-08-10,70.0,late,maize,4,36.7,0.9,loam,early,104,hose_reel,farm_reservoir,22.8,0
farm_8,farm_8_field_1,2026-08-11,70.8,late,maize,5,36.7,0.0,loam,early,105,hose_reel,farm_reservoir,22.8,0
farm_8,farm_8_field_1,2026-08-12,69.1,late,maize,6,36.7,0.0,loam,early,106,hose_reel,farm_reservoir,22.8,0
farm_8,farm_8_field_1,2026-08-13,65.8,late,maize,7,36.7,0.1,loam,early,107,hose_reel,farm_reservoir,22.8,0
farm_8,farm_8_field_1,2026-08-14,61.4,late,maize,8,36.7,0.0,loam,early,108,hose_reel,farm_reservoir,22.8,0
farm_8,farm_8_field_1,2026-08-15,56.6,late,maize,9,36.7,0.4,loam,early,109,hose_reel,farm_reservoir,22.8,0
farm_8,farm_8_field_1,2026-08-16,58.4,late,maize,10,36.7,0.2,loam,early,110,hose_reel,farm_reservoir,22.8,0
farm_8,farm_8_field_1,2026-08-17,53.4,late,maize,11,36.7,0.0,loam,early,111,hose_reel,farm_reservoir,22.8,0
farm_8,farm_8_field_1,2026-08-18,51.8,late,maize,12,36.7,0.2,loam,early,112,hose_reel,farm_reservoir,22.8,0
farm_8,farm_8_field_1,2026-08-19,47.0,late,maize,13,36.7,0.5,loam,early,113,hose_reel,farm_reservoir,22.8,0
farm_8,farm_8_field_1,2026-08-20,47.0,late,maize,14,36.7,2.9,loam,early,114,hose_reel,farm_reservoir,22.8,0
farm_8,farm_8_field_1,2026-08-21,48.3,late,maize,15,36.7,0.4,loam,early,115,hose_reel,farm_reservoir,22.8,0
farm_8,farm_8_field_1,2026-08-22,47.4,late,maize,16,36.7,0.1,loam,early,116,hose_reel,farm_reservoir,22.8,0
farm_8,farm_8_field_1,2026-08-23,44.9,late,maize,17,36.7,0.0,loam,early,117,hose_reel,farm_reservoir,22.8,0
farm_8,farm_8_field_1,2026-08-24,44.5,late,maize,18,36.7,0.0,loam,early,118,hose_reel,farm_reservoir,22.8,0
farm_8,farm_8_field_1,2026-08-25,42.9,late,maize,19,36.7,0.2,loam,early,119,hose_reel,farm_reservoir,22.8,0
farm_8,farm_8_field_1,2026-08-26,34.0,late,maize,20,36.7,0.5,loam,early,120,hose_reel,farm_reservoir,22.8,0
farm_8,farm_8_field_1,2026-08-27,45.4,late,maize,21,36.7,0.2,loam,early,121,hose_reel,farm_reservoir,22.8,1
farm_8,farm_8_field_1,2026-08-28,37.7,late,maize,22,36.7,4.6,loam,early,122,hose_reel,farm_reservoir,22.8,1
farm_8,farm_8_field_1,2026-08-29,42.2,late,maize,23,36.7,0.0,loam,early,123,hose_reel,farm_reservoir,22.8,1
farm_8,farm_8_field_1,2026-08-30,62.6,late,maize,1,40.0,0.0,loam,early,124,hose_reel,farm_reservoir,22.8,0
farm_8,farm_8_field_1,2026-08-31,64.2,late,maize,2,40.0,0.0,loam,early,125,hose_reel,farm_reservoir,22.8,0
farm_8,farm_8_field_1,2026-09-01,62.6,late,maize,3,40.0,0.0,loam,early,126,hose_reel,farm_reservoir,22.8,0
farm_8,farm_8_field_1,2026-09-02,56.9,late,maize,4,40.0,0.0,loam,early,127,hose_reel,farm_reservoir,22.8,0
farm_8,farm_8_field_1,2026-09-03,60.1,late,maize,5,40.0,0.1,loam,early,128,hose_reel,farm_reservoir,22.8,0
farm_8,farm_8_field_1,2026-09-04,61.7,late,maize,6,40.0,0.0,loam,early,129,hose_reel,farm_reservoir,22.8,0
farm_8,farm_8_field_1,2026-09-05,57.0,late,maize,7,40.0,0.0,loam,early,130,hose_reel,farm_reservoir,22.8,0
farm_8,farm_8_field_1,2026-09-06,52.9,late,maize,8,40.0,0.0,loam,early,131,hose_reel,farm_reservoir,22.8,0
farm_8,farm_8_field_1,2026-09-07,52.4,late,maize,9,40.0,0.6,loam,early,132,hose_reel,farm_reservoir,22.8,0
farm_8,farm_8_field_1,2026-09-08,49.4,late,maize,10,40.0,0.0,loam,early,133,hose_reel,farm_reservoir,22.8,0
farm_8,farm_8_field_1,2026-09-09,46.3,late,maize,11,40.0,0.6,loam,early,134,hose_reel,farm_reservoir,22.8,0
farm_8,farm_8_field_1,2026-09-10,44.6,late,maize,12,40.0,0.3,loam,early,135,hose_reel,farm_reservoir,22.8,0
farm_8,farm_8_field_1,2026-09-11,47.7,late,maize,13,40.0,0.0,loam,early,136,hose_reel,farm_reservoir,22.8,0
farm_8,farm_8_field_1,2026-09-12,44.3,late,maize,14,40.0,0.5,loam,early,137,hose_reel,farm_reservoir,22.8,0
farm_8,farm_8_field_1,2026-09-13,42.6,late,maize,15,40.0,0.0,loam,early,138,hose_reel,farm_reservoir,22.8,0
farm_8,farm_8_field_1,2026-09-14,38.4,late,maize,16,40.0,0.0,loam,early,139,hose_reel,farm_reservoir,22.8,0
farm_8,farm_8_field_1,2026-09-15,41.9,late,maize,17,40.0,0.0,loam,early,140,hose_reel,farm_reservoir,22.8,0
farm_8,farm_8_field_1,2026-09-16,38.7,late,maize,18,40.0,0.2,loam,early,141,hose_reel,farm_reservoir,22.8,1
farm_8,farm_8_field_1,2026-09-17,35.9,late,maize,19,40.0,0.0,loam,early,142,hose_reel,farm_reservoir,22.8,1
farm_8,farm_8_field_1,2026-09-18,60.0,late,maize,1,40.0,0.5,loam,early,143,hose_reel,farm_reservoir,22.8,0
farm_8,farm_8_field_1,2026-09-19,60.1,late,maize,2,40.0,0.9,loam,early,144,hose_reel,farm_reservoir,22.8,0
farm_8,farm_8_field_1,2026-09-20,66.1,late,maize,3,40.0,0.0,loam,early,145,hose_reel,farm_reservoir,22.8,0
farm_8,farm_8_field_1,2026-09-21,67.0,late,maize,4,40.0,0.0,loam,early,146,hose_reel,farm_reservoir,22.8,0
farm_8,farm_8_field_1,2026-09-22,58.0,late,maize,5,40.0,0.0,loam,early,147,hose_reel,farm_reservoir,22.8,0
farm_8,farm_8_field_1,2026-09-23,61.1,late,maize,6,40.0,0.0,loam,early,148,hose_reel,farm_reservoir,22.8,0
farm_8,farm_8_field_1,2026-09-24,60.4,late,maize,7,40.0,0.0,loam,early,149,hose_reel,farm_reservoir,22.8,0
farm_8,farm_8_field_1,2026-09-25,59.5,late,maize,8,40.0,0.5,loam,early,150,hose_reel,farm_reservoir,22.8,0
farm_8,farm_8_field_1,2026-09-26,52.1,late,maize,9,40.0,0.0,loam,early,151,hose_reel,farm_reservoir,22.8,0
farm_8,farm_8_field_1,2026-09-27,55.0,late,maize,10,40.0,3.6,loam,early,152,hose_reel,farm_reservoir,22.8,0
farm_8,farm_8_field_1,2026-09-28,54.5,late,maize,11,40.0,0.6,loam,early,153,hose_reel,farm_reservoir,22.8,0
farm_8,farm_8_field_1,2026-09-29,53.3,late,maize,12,40.0,0.6,loam,early,154,hose_reel,farm_reservoir,22.8,0
farm_8,farm_8_field_1,2026-09-30,50.0,late,maize,13,40.0,0.0,loam,early,155,hose_reel,farm_reservoir,22.8,0
farm_8,farm_8_field_2,2025-04-15,70.8,initial,sugar_beet,12,0.0,0.5,loam,medium,12,pivot,farm_reservoir,40.2,0
farm_8,farm_8_field_2,2025-04-16,,initial,sugar_beet,13,0.0,5.0,loam,medium,13,pivot,farm_reservoir,40.2,0
farm_8,farm_8_field_2,2025-04-17,76.7,initial,sugar_beet,14,0.0,0.0,loam,medium,14,pivot,farm_reservoir,40.2,0
farm_8,farm_8_field_2,2025-04-18,81.0,initial,sugar_beet,15,0.0,0.0,loam,medium,15,pivot,farm_reservoir,40.2,0
farm_8,farm_8_field_2,2025-04-19,81.8,initial,sugar_beet,16,0.0,0.0,loam,medium,16,pivot,farm_reservoir,40.2,0
farm_8,farm_8_field_2,2025-04-20,78.3,initial,sugar_beet,17,0.0,0.0,loam,medium,17,pivot,farm_reservoir,40.2,0
farm_8,farm_8_field_2,2025-04-21,74.5,initial,sugar_beet,18,0.0,0.0,loam,medium,18,pivot,farm_reservoir,40.2,0
farm_8,farm_8_field_2,2025-04-22,79.3,initial,sugar_beet,19,0.0,5.1,loam,medium,19,pivot,farm_reservoir,40.2,0
farm_8,farm_8_field_2,2025-04-23,,initial,sugar_beet,20,0.0,0.1,loam,medium,20,pivot,farm_reservoir,40.2,0
farm_8,farm_8_field_2,2025-04-24,75.0,initial,sugar_beet,21,0.0,0.3,loam,medium,21,pivot,farm_reservoir,40.2,0
farm_8,farm_8_field_2,2025-04-25,77.7,initial,sugar_beet,22,0.0,0.0,loam,medium,22,pivot,farm_reservoir,40.2,0
farm_8,farm_8_field_2,2025-04-26,78.2,initial,sugar_beet,23,0.0,0.0,loam,medium,23,pivot,farm_reservoir,40.2,0
farm_8,farm_8_field_2,2025-04-27,78.0,initial,sugar_beet,24,0.0,6.1,loam,medium,24,pivot,farm_reservoir,40.2,0
farm_8,farm_8_field_2,2025-04-28,84.1,development,sugar_beet,25,0.0,0.0,loam,medium,25,pivot,farm_reservoir,40.2,0
farm_8,farm_8_field_2,2025-04-29,74.8,development,sugar_beet,26,0.0,0.0,loam,medium,26,pivot,farm_reservoir,40.2,0
farm_8,farm_8_field_2,2025-04-30,79.5,development,sugar_beet,27,0.0,0.8,loam,medium,27,pivot,farm_reservoir,40.2,0
farm_8,farm_8_field_2,2025-05-01,78.6,development,sugar_beet,28,0.0,0.0,loam,medium,28,pivot,farm_reservoir,40.2,0
farm_8,farm_8_field_2,2025-05-02,74.6,development,sugar_beet,29,0.0,0.0,loam,medium,29,pivot,farm_reservoir,40.2,0
farm_8,farm_8_field_2,2025-05-03,73.0,development,sugar_beet,30,0.0,3.4,loam,medium,30,pivot,farm_reservoir,40.2,0
farm_8,farm_8_field_2,2025-05-04,76.1,development,sugar_beet,31,0.0,0.0,loam,medium,31,pivot,farm_reservoir,40.2,0
farm_8,farm_8_field_2,2025-05-05,74.3,development,sugar_beet,32,0.0,0.0,loam,medium,32,pivot,farm_reservoir,40.2,0
farm_8,farm_8_field_2,2025-05-06,64.5,development,sugar_beet,33,0.0,0.0,loam,medium,33,pivot,farm_reservoir,40.2,0
farm_8,farm_8_field_2,2025-05-07,65.8,development,sugar_beet,34,0.0,0.0,loam,medium,34,pivot,farm_reservoir,40.2,0
farm_8,farm_8_field_2,2025-05-08,65.2,development,sugar_beet,35,0.0,0.3,loam,medium,35,pivot,farm_reservoir,40.2,0
farm_8,farm_8_field_2,2025-05-09,65.2,development,sugar_beet,36,0.0,0.7,loam,medium,36,pivot,farm_reservoir,40.2,0
farm_8,farm_8_field_2,2025-05-10,65.2,development,sugar_beet,37,0.0,0.0,loam,medium,37,pivot,farm_reservoir,40.2,0
farm_8,farm_8_field_2,2025-05-11,65.2,development,sugar_beet,38,0.0,0.0,loam,medium,38,pivot,farm_reservoir,40.2,0
farm_8,farm_8_field_2,2025-05-12,65.2,development,sugar_beet,39,0.0,0.4,loam,medium,39,pivot,farm_reservoir,40.2,0
farm_8,farm_8_field_2,2025-05-13,65.2,development,sugar_beet,40,0.0,0.0,loam,medium,40,pivot,farm_reservoir,40.2,0
farm_8,farm_8_field_2,2025-05-14,62.0,development,sugar_beet,41,0.0,0.3,loam,medium,41,pivot,farm_reservoir,40.2,0
farm_8,farm_8_field_2,2025-05-15,56.8,development,sugar_beet,42,0.0,0.0,loam,medium,42,pivot,farm_reservoir,40.2,0
farm_8,farm_8_field_2,2025-05-16,54.6,development,sugar_beet,43,0.0,0.7,loam,medium,43,pivot,farm_reservoir,40.2,0
farm_8,farm_8_field_2,2025-05-17,59.3,development,sugar_beet,44,0.0,8.6,loam,medium,44,pivot,farm_reservoir,40.2,0
farm_8,farm_8_field_2,2025-05-18,49.1,development,sugar_beet,45,0.0,0.1,loam,medium,45,pivot,farm_reservoir,40.2,0
farm_8,farm_8_field_2,2025-05-19,55.2,development,sugar_beet,46,0.0,11.3,loam,medium,46,pivot,farm_reservoir,40.2,0
farm_8,farm_8_field_2,2025-05-20,56.8,development,sugar_beet,47,0.0,0.0,loam,medium,47,pivot,farm_reservoir,40.2,0
farm_8,farm_8_field_2,2025-05-21,60.5,development,sugar_beet,48,0.0,6.9,loam,medium,48,pivot,farm_reservoir,40.2,0
farm_8,farm_8_field_2,2025-05-22,60.5,development,sugar_beet,49,0.0,0.0,loam,medium,49,pivot,farm_reservoir,40.2,0
farm_8,farm_8_field_2,2025-05-23,60.5,development,sugar_beet,50,0.0,0.0,loam,medium,50,pivot,farm_reservoir,40.2,0
farm_8,farm_8_field_2,2025-05-24,60.5,development,sugar_beet,51,0.0,0.2,loam,medium,51,pivot,farm_reservoir,40.2,0
farm_8,farm_8_field_2,2025-05-25,60.5,development,sugar_beet,52,0.0,4.4,loam,medium,52,pivot,farm_reservoir,40.2,0
farm_8,farm_8_field_2,2025-05-26,60.5,development,sugar_beet,53,0.0,0.0,loam,medium,53,pivot,farm_reservoir,40.2,0
farm_8,farm_8_field_2,2025-05-27,60.5,development,sugar_beet,54,0.0,0.4,loam,medium,54,pivot,farm_reservoir,40.2,0
farm_8,farm_8_field_2,2025-05-28,49.7,development,sugar_beet,55,0.0,0.0,loam,medium,55,pivot,farm_reservoir,40.2,0
farm_8,farm_8_field_2,2025-05-29,54.1,development,sugar_beet,56,0.0,0.4,loam,medium,56,pivot,farm_reservoir,40.2,0
farm_8,farm_8_field_2,2025-05-30,55.9,development,sugar_beet,57,0.0,0.3,loam,medium,57,pivot,farm_reservoir,40.2,1
farm_8,farm_8_field_2,2025-05-31,69.3,development,sugar_beet,1,30.0,0.0,loam,medium,58,pivot,farm_reservoir,40.2,0
farm_8,farm_8_field_2,2025-06-01,65.7,development,sugar_beet,2,30.0,0.0,loam,medium,59,pivot,farm_reservoir,40.2,0
farm_8,farm_8_field_2,2025-06-02,62.5,sensitive,sugar_beet,3,30.0,0.5,loam,medium,60,pivot,farm_reservoir,40.2,0
farm_8,farm_8_field_2,2025-06-03,65.9,sensitive,sugar_beet,4,30.0,0.0,loam,medium,61,pivot,farm_reservoir,40.2,0
farm_8,farm_8_field_2,2025-06-04,51.5,sensitive,sugar_beet,5,30.0,0.2,loam,medium,62,pivot,farm_reservoir,40.2,0
farm_8,farm_8_field_2,2025-06-05,53.5,sensitive,sugar_beet,6,30.0,0.0,loam,medium,63,pivot,farm_reservoir,40.2,1
farm_8,farm_8_field_2,2025-06-06,46.1,sensitive,sugar_beet,7,30.0,0.0,loam,medium,64,pivot,farm_reservoir,40.2,1
farm_8,farm_8_field_2,2025-06-07,41.6,sensitive,sugar_beet,8,30.0,24.4,loam,medium,65,pivot,farm_reservoir,40.2,1
farm_8,farm_8_field_2,2025-06-08,60.8,sensitive,sugar_beet,9,30.0,22.3,loam,medium,66,pivot,farm_reservoir,40.2,0
farm_8,farm_8_field_2,2025-06-09,,sensitive,sugar_beet,10,30.0,0.0,loam,medium,67,pivot,farm_reservoir,40.2,0
farm_8,farm_8_field_2,2025-06-10,66.9,sensitive,sugar_beet,11,30.0,0.0,loam,medium,68,pivot,farm_reservoir,40.2,0
farm_8,farm_8_field_2,2025-06-11,66.9,sensitive,sugar_beet,12,30.0,0.0,loam,medium,69,pivot,farm_reservoir,40.2,0
farm_8,farm_8_field_2,2025-06-12,66.9,sensitive,sugar_beet,13,30.0,0.1,loam,medium,70,pivot,farm_reservoir,40.2,0
farm_8,farm_8_field_2,2025-06-13,66.9,sensitive,sugar_beet,14,30.0,0.0,loam,medium,71,pivot,farm_reservoir,40.2,0
farm_8,farm_8_field_2,2025-06-14,66.9,sensitive,sugar_beet,15,30.0,0.0,loam,medium,72,pivot,farm_reservoir,40.2,1
farm_8,farm_8_field_2,2025-06-15,66.9,sensitive,sugar_beet,16,30.0,0.6,loam,medium,73,pivot,farm_reservoir,40.2,1
farm_8,farm_8_field_2,2025-06-16,66.9,sensitive,sugar_beet,1,30.0,0.0,loam,medium,74,pivot,farm_reservoir,40.2,0
farm_8,farm_8_field_2,2025-06-17,66.9,sensitive,sugar_beet,2,30.0,1.8,loam,medium,75,pivot,farm_reservoir,40.2,0
farm_8,farm_8_field_2,2025-06-18,66.9,sensitive,sugar_beet,3,30.0,27.6,loam,medium,76,pivot,farm_reservoir,40.2,0
farm_8,farm_8_field_2,2025-06-19,66.9,sensitive,sugar_beet,4,30.0,0.4,loam,medium,77,pivot,farm_reservoir,40.2,0
farm_8,farm_8_field_2,2025-06-20,72.8,sensitive,sugar_beet,5,30.0,0.0,loam,medium,78,pivot,farm_reservoir,40.2,0
farm_8,farm_8_field_2,2025-06-21,69.7,sensitive,sugar_beet,6,30.0,0.0,loam,medium,79,pivot,farm_reservoir,40.2,0
farm_8,farm_8_field_2,2025-06-22,66.9,sensitive,sugar_beet,7,30.0,0.0,loam,medium,80,pivot,farm_reservoir,40.2,0
farm_8,farm_8_field_2,2025-06-23,60.0,sensitive,sugar_beet,8,30.0,0.0,loam,medium,81,pivot,farm_reservoir,40.2,0
farm_8,farm_8_field_2,2025-06-24,55.6,sensitive,sugar_beet,9,30.0,0.0,loam,medium,82,pivot,farm_reservoir,40.2,0
farm_8,farm_8_field_2,2025-06-25,49.8,sensitive,sugar_beet,10,30.0,0.0,loam,medium,83,pivot,farm_reservoir,40.2,1
farm_8,farm_8_field_2,2025-06-26,67.6,sensitive,sugar_beet,1,30.0,0.0,loam,medium,84,pivot,farm_reservoir,40.2,0
farm_8,farm_8_field_2,2025-06-27,63.0,sensitive,sugar_beet,2,30.0,0.0,loam,medium,85,pivot,farm_reservoir,40.2,0
farm_8,farm_8_field_2,2025-06-28,63.5,sensitive,sugar_beet,3,30.0,3.4,loam,medium,86,pivot,farm_reservoir,40.2,0
farm_8,farm_8_field_2,2025-06-29,62.6,sensitive,sugar_beet,4,30.0,0.1,loam,medium,87,pivot,farm_reservoir,40.2,0
farm_8,farm_8_field_2,2025-06-30,61.7,sensitive,sugar_beet,5,30.0,0.5,loam,medium,88,pivot,farm_reservoir,40.2,0
farm_8,farm_8_field_2,2025-07-01,51.2,sensitive,sugar_beet,6,30.0,0.0,loam,medium,89,pivot,farm_reservoir,40.2,0
farm_8,farm_8_field_2,2025-07-02,47.6,sensitive,sugar_beet,7,30.0,0.4,loam,medium,90,pivot,farm_reservoir,40.2,1
farm_8,farm_8_field_2,2025-07-03,45.3,sensitive,sugar_beet,8,30.0,0.1,loam,medium,91,pivot,farm_reservoir,40.2,1
farm_8,farm_8_field_2,2025-07-04,63.0,sensitive,sugar_beet,1,30.0,0.0,loam,medium,92,pivot,farm_reservoir,40.2,0
farm_8,farm_8_field_2,2025-07-05,59.2,sensitive,sugar_beet,2,30.0,0.4,loam,medium,93,pivot,farm_reservoir,40.2,0
farm_8,farm_8_field_2,2025-07-06,53.8,sensitive,sugar_beet,3,30.0,0.4,loam,medium,94,pivot,farm_reservoir,40.2,1
farm_8,farm_8_field_2,2025-07-07,53.4,sensitive,sugar_beet,4,30.0,0.1,loam,medium,95,pivot,farm_reservoir,40.2,1
farm_8,farm_8_field_2,2025-07-08,38.9,sensitive,sugar_beet,5,30.0,0.0,loam,medium,96,pivot,farm_reservoir,40.2,1
farm_8,farm_8_field_2,2025-07-09,33.6,sensitive,sugar_beet,6,30.0,0.0,loam,medium,97,pivot,farm_reservoir,40.2,2
farm_8,farm_8_field_2,2025-07-10,54.1,sensitive,sugar_beet,1,30.0,0.5,loam,medium,98,pivot,farm_reservoir,40.2,1
farm_8,farm_8_field_2,2025-07-11,46.0,sensitive,sugar_beet,2,30.0,0.6,loam,medium,99,pivot,farm_reservoir,40.2,1
farm_8,farm_8_field_2,2025-07-12,64.2,sensitive,sugar_beet,1,30.0,0.0,loam,medium,100,pivot,farm_reservoir,40.2,0
farm_8,farm_8_field_2,2025-07-13,65.0,sensitive,sugar_beet,2,30.0,0.0,loam,medium,101,pivot,farm_reservoir,40.2,0
farm_8,farm_8_field_2,2025-07-14,63.5,sensitive,sugar_beet,3,30.0,0.0,loam,medium,102,pivot,farm_reservoir,40.2,0
farm_8,farm_8_field_2,2025-07-15,52.1,sensitive,sugar_beet,4,30.0,0.0,loam,medium,103,pivot,farm_reservoir,40.2,1
farm_8,farm_8_field_2,2025-07-16,52.8,sensitive,sugar_beet,5,30.0,0.0,loam,medium,104,pivot,farm_reservoir,40.2,1
farm_8,farm_8_field_2,2025-07-17,46.1,sensitive,sugar_beet,6,30.0,0.7,loam,medium,105,pivot,farm_reservoir,40.2,1
farm_8,farm_8_field_2,2025-07-18,36.4,sensitive,sugar_beet,7,30.0,3.4,loam,medium,106,pivot,farm_reservoir,40.2,1
farm_8,farm_8_field_2,2025-07-19,59.9,sensitive,sugar_beet,1,30.0,12.4,loam,medium,107,pivot,farm_reservoir,40.2,0
farm_8,farm_8_field_2,2025-07-20,59.9,sensitive,sugar_beet,2,30.0,0.0,loam,medium,108,pivot,farm_reservoir,40.2,0
farm_8,farm_8_field_2,2025-07-21,59.9,sensitive,sugar_beet,3,30.0,0.4,loam,medium,109,pivot,farm_reservoir,40.2,0
farm_8,farm_8_field_2,2025-07-22,59.9,late,sugar_beet,4,30.0,0.1,loam,medium,110,pivot,farm_reservoir,40.2,0
farm_8,farm_8_field_2,2025-07-23,59.9,late,sugar_beet,5,30.0,0.3,loam,medium,111,pivot,farm_reservoir,40.2,0
farm_8,farm_8_field_2,2025-07-24,59.9,late,sugar_beet,6,30.0,0.2,loam,medium,112,pivot,farm_reservoir,40.2,0
farm_8,farm_8_field_2,2025-07-25,59.9,late,sugar_beet,7,30.0,0.1,loam,medium,113,pivot,farm_reservoir,40.2,0
farm_8,farm_8_field_2,2025-07-26,44.9,late,sugar_beet,8,30.0,0.1,loam,medium,114,pivot,farm_reservoir,40.2,0
farm_8,farm_8_field_2,2025-07-27,43.9,late,sugar_beet,9,30.0,2.5,loam,medium,115,pivot,farm_reservoir,40.2,0
farm_8,farm_8_field_2,2025-07-28,43.3,late,sugar_beet,10,30.0,0.0,loam,medium,116,pivot,farm_reservoir,40.2,0
farm_8,farm_8_field_2,2025-07-29,39.4,late,sugar_beet,11,30.0,8.2,loam,medium,117,pivot,farm_reservoir,40.2,0
farm_8,farm_8_field_2,2025-07-30,53.8,late,sugar_beet,12,30.0,0.7,loam,medium,118,pivot,farm_reservoir,40.2,0
farm_8,farm_8_field_2,2025-07-31,37.9,late,sugar_beet,13,30.0,0.4,loam,medium,119,pivot,farm_reservoir,40.2,0
farm_8,farm_8_field_2,2025-08-01,46.2,late,sugar_beet,14,30.0,0.0,loam,medium,120,pivot,farm_reservoir,40.2,0
farm_8,farm_8_field_2,2025-08-02,39.6,late,sugar_beet,15,30.0,0.0,loam,medium,121,pivot,farm_reservoir,40.2,0
farm_8,farm_8_field_2,2025-08-03,39.1,late,sugar_beet,16,30.0,0.3,loam,medium,122,pivot,farm_reservoir,40.2,0
farm_8,farm_8_field_2,2025-08-04,38.2,late,sugar_beet,17,30.0,0.8,loam,medium,123,pivot,farm_reservoir,40.2,1
farm_8,farm_8_field_2,2025-08-05,29.1,late,sugar_beet,18,30.0,1.1,loam,medium,124,pivot,farm_reservoir,40.2,1
farm_8,farm_8_field_2,2025-08-06,34.1,late,sugar_beet,19,30.0,11.3,loam,medium,125,pivot,farm_reservoir,40.2,1
farm_8,farm_8_field_2,2025-08-07,40.0,late,sugar_beet,20,30.0,0.0,loam,medium,126,pivot,farm_reservoir,40.2,0
farm_8,farm_8_field_2,2025-08-08,34.0,late,sugar_beet,21,30.0,0.7,loam,medium,127,pivot,farm_reservoir,40.2,1
farm_8,farm_8_field_2,2025-08-09,34.8,late,sugar_beet,22,30.0,0.7,loam,medium,128,pivot,farm_reservoir,40.2,1
farm_8,farm_8_field_2,2025-08-10,56.0,late,sugar_beet,1,30.0,0.5,loam,medium,129,pivot,farm_reservoir,40.2,0
farm_8,farm_8_field_2,2025-08-11,56.0,late,sugar_beet,2,30.0,1.9,loam,medium,130,pivot,farm_reservoir,40.2,0
farm_8,farm_8_field_2,2025-08-12,56.0,late,sugar_beet,3,30.0,0.3,loam,medium,131,pivot,farm_reservoir,40.2,0
farm_8,farm_8_field_2,2025-08-13,,late,sugar_beet,4,30.0,0.3,loam,medium,132,pivot,farm_reservoir,40.2,0
farm_8,farm_8_field_2,2025-08-14,56.0,late,sugar_beet,5,30.0,0.6,loam,medium,133,pivot,farm_reservoir,40.2,0
farm_8,farm_8_field_2,2025-08-15,56.0,late,sugar_beet,6,30.0,0.0,loam,medium,134,pivot,farm_reservoir,40.2,0
farm_8,farm_8_field_2,2025-08-16,56.0,late,sugar_beet,7,30.0,0.0,loam,medium,135,pivot,farm_reservoir,40.2,0
farm_8,farm_8_field_2,2025-08-17,38.7,late,sugar_beet,8,30.0,0.0,loam,medium,136,pivot,farm_reservoir,40.2,0
farm_8,farm_8_field_2,2025-08-18,40.9,late,sugar_beet,9,30.0,0.5,loam,medium,137,pivot,farm_reservoir,40.2,0
farm_8,farm_8_field_2,2025-08-19,38.2,late,sugar_beet,10,30.0,0.2,loam,medium,138,pivot,farm_reservoir,40.2,1
farm_8,farm_8_field_2,2025-08-20,,late,sugar_beet,11,30.0,0.0,loam,medium,139,pivot,farm_reservoir,40.2,1
farm_8,farm_8_field_2,2025-08-21,29.4,late,sugar_beet,12,30.0,0.5,loam,medium,140,pivot,farm_reservoir,40.2,1
farm_8,farm_8_field_2,2025-08-22,31.9,late,sugar_beet,13,30.0,0.0,loam,medium,141,pivot,farm_reservoir,40.2,1
farm_8,farm_8_field_2,2025-08-23,29.2,late,sugar_beet,14,30.0,0.0,loam,medium,142,pivot,farm_reservoir,40.2,1
farm_8,farm_8_field_2,2025-08-24,23.4,late,sugar_beet,15,30.0,0.5,loam,medium,143,pivot,farm_reservoir,40.2,1
farm_8,farm_8_field_2,2025-08-25,19.8,late,sugar_beet,16,30.0,0.3,loam,medium,144,pivot,farm_reservoir,40.2,1
farm_8,farm_8_field_2,2025-08-26,44.0,late,sugar_beet,1,30.0,0.0,loam,medium,145,pivot,farm_reservoir,40.2,0
farm_8,farm_8_field_2,2025-08-27,46.6,late,sugar_beet,2,30.0,0.8,loam,medium,146,pivot,farm_reservoir,40.2,0
farm_8,farm_8_field_2,2025-08-28,37.8,late,sugar_beet,3,30.0,20.6,loam,medium,147,pivot,farm_reservoir,40.2,0
farm_8,farm_8_field_2,2025-08-29,56.0,late,sugar_beet,4,30.0,0.2,loam,medium,148,pivot,farm_reservoir,40.2,0
farm_8,farm_8_field_2,2025-08-30,52.5,late,sugar_beet,5,30.0,0.0,loam,medium,149,pivot,farm_reservoir,40.2,0
farm_8,farm_8_field_2,2025-08-31,45.7,late,sugar_beet,6,30.0,0.3,loam,medium,150,pivot,farm_reservoir,40.2,0
farm_8,farm_8_field_2,2025-09-01,48.7,late,sugar_beet,7,30.0,0.0,loam,medium,151,pivot,farm_reservoir,40.2,0
farm_8,farm_8_field_2,2025-09-02,40.6,late,sugar_beet,8,30.0,0.0,loam,medium,152,pivot,farm_reservoir,40.2,0
farm_8,farm_8_field_2,2025-09-03,44.3,late,sugar_beet,9,30.0,0.0,loam,medium,153,pivot,farm_reservoir,40.2,0
farm_8,farm_8_field_2,2025-09-04,41.1,late,sugar_beet,10,30.0,0.3,loam,medium,154,pivot,farm_reservoir,40.2,0
farm_8,farm_8_field_2,2025-09-05,37.1,late,sugar_beet,11,30.0,0.1,loam,medium,155,pivot,farm_reservoir,40.2,0
farm_8,farm_8_field_2,2025-09-06,38.9,late,sugar_beet,12,30.0,0.0,loam,medium,156,pivot,farm_reservoir,40.2,1
farm_8,farm_8_field_2,2025-09-07,35.2,late,sugar_beet,13,30.0,0.0,loam,medium,157,pivot,farm_reservoir,40.2,1
farm_8,farm_8_field_2,2025-09-08,36.8,late,sugar_beet,14,30.0,0.0,loam,medium,158,pivot,farm_reservoir,40.2,1
farm_8,farm_8_field_2,2025-09-09,52.0,late,sugar_beet,1,30.0,0.1,loam,medium,159,pivot,farm_reservoir,40.2,0
farm_8,farm_8_field_2,2025-09-10,50.7,late,sugar_beet,2,30.0,0.1,loam,medium,160,pivot,farm_reservoir,40.2,0
farm_8,farm_8_field_2,2025-09-11,52.9,late,sugar_beet,3,30.0,0.0,loam,medium,161,pivot,farm_reservoir,40.2,0
farm_8,farm_8_field_2,2025-09-12,44.0,late,sugar_beet,4,30.0,0.5,loam,medium,162,pivot,farm_reservoir,40.2,0
farm_8,farm_8_field_2,2025-09-13,48.6,late,sugar_beet,5,30.0,0.6,loam,medium,163,pivot,farm_reservoir,40.2,0
farm_8,farm_8_field_2,2025-09-14,44.4,late,sugar_beet,6,30.0,1.9,loam,medium,164,pivot,farm_reservoir,40.2,0
farm_8,farm_8_field_2,2025-09-15,46.9,late,sugar_beet,7,30.0,0.0,loam,medium,165,pivot,farm_reservoir,40.2,0
farm_8,farm_8_field_2,2025-09-16,,late,sugar_beet,8,30.0,5.3,loam,medium,166,pivot,farm_reservoir,40.2,0
farm_8,farm_8_field_2,2025-09-17,46.0,late,sugar_beet,9,30.0,2.1,loam,medium,167,pivot,farm_reservoir,40.2,0
farm_8,farm_8_field_2,2025-09-18,42.0,late,sugar_beet,10,30.0,0.0,loam,medium,168,pivot,farm_reservoir,40.2,0
farm_8,farm_8_field_2,2025-09-19,41.6,late,sugar_beet,11,30.0,0.1,loam,medium,169,pivot,farm_reservoir,40.2,0
farm_8,farm_8_field_2,2025-09-20,45.5,late,sugar_beet,12,30.0,0.0,loam,medium,170,pivot,farm_reservoir,40.2,0
farm_8,farm_8_field_2,2025-09-21,37.2,late,sugar_beet,13,30.0,0.0,loam,medium,171,pivot,farm_reservoir,40.2,0
farm_8,farm_8_field_2,2025-09-22,33.8,late,sugar_beet,14,30.0,0.0,loam,medium,172,pivot,farm_reservoir,40.2,0
farm_8,farm_8_field_2,2025-09-23,32.4,late,sugar_beet,15,30.0,0.0,loam,medium,173,pivot,farm_reservoir,40.2,1
farm_8,farm_8_field_2,2025-09-24,37.0,late,sugar_beet,16,30.0,0.3,loam,medium,174,pivot,farm_reservoir,40.2,1
farm_8,farm_8_field_2,2025-09-25,,late,sugar_beet,1,30.0,0.8,loam,medium,175,pivot,farm_reservoir,40.2,0
farm_8,farm_8_field_2,2025-09-26,53.8,late,sugar_beet,2,30.0,0.1,loam,medium,176,pivot,farm_reservoir,40.2,0
farm_8,farm_8_field_2,2025-09-27,60.2,late,sugar_beet,3,30.0,0.0,loam,medium,177,pivot,farm_reservoir,40.2,0
farm_8,farm_8_field_2,2025-09-28,57.9,late,sugar_beet,4,30.0,0.0,loam,medium,178,pivot,farm_reservoir,40.2,0
farm_8,farm_8_field_2,2025-09-29,53.0,late,sugar_beet,5,30.0,0.0,loam,medium,179,pivot,farm_reservoir,40.2,0
farm_8,farm_8_field_2,2025-09-30,51.8,late,sugar_beet,6,30.0,0.3,loam,medium,180,pivot,farm_reservoir,40.2,0
farm_8,farm_8_field_2,2026-04-15,76.4,initial,sugar_beet,12,0.0,0.0,loam,medium,12,pivot,farm_reservoir,40.2,0
farm_8,farm_8_field_2,2026-04-16,67.0,initial,sugar_beet,13,0.0,0.1,loam,medium,13,pivot,farm_reservoir,40.2,0
farm_8,farm_8_field_2,2026-04-17,70.3,initial,sugar_beet,14,0.0,1.6,loam,medium,14,pivot,farm_reservoir,40.2,0
farm_8,farm_8_field_2,2026-04-18,70.9,initial,sugar_beet,15,0.0,0.0,loam,medium,15,pivot,farm_reservoir,40.2,0
farm_8,farm_8_field_2,2026-04-19,70.3,initial,sugar_beet,16,0.0,0.4,loam,medium,16,pivot,farm_reservoir,40.2,0
farm_8,farm_8_field_2,2026-04-20,69.2,initial,sugar_beet,17,0.0,0.2,loam,medium,17,pivot,farm_reservoir,40.2,0
farm_8,farm_8_field_2,2026-04-21,73.4,initial,sugar_beet,18,0.0,0.0,loam,medium,18,pivot,farm_reservoir,40.2,0
farm_8,farm_8_field_2,2026-04-22,67.0,initial,sugar_beet,19,0.0,0.0,loam,medium,19,pivot,farm_reservoir,40.2,0
farm_8,farm_8_field_2,2026-04-23,65.6,initial,sugar_beet,20,0.0,0.2,loam,medium,20,pivot,farm_reservoir,40.2,0
farm_8,farm_8_field_2,2026-04-24,65.6,initial,sugar_beet,21,0.0,0.0,loam,medium,21,pivot,farm_reservoir,40.2,0
farm_8,farm_8_field_2,2026-04-25,65.6,initial,sugar_beet,22,0.0,0.3,loam,medium,22,pivot,farm_reservoir,40.2,0
farm_8,farm_8_field_2,2026-04-26,65.6,initial,sugar_beet,23,0.0,0.0,loam,medium,23,pivot,farm_reservoir,40.2,0
farm_8,farm_8_field_2,2026-04-27,65.6,initial,sugar_beet,24,0.0,0.3,loam,medium,24,pivot,farm_reservoir,40.2,0
farm_8,farm_8_field_2,2026-04-28,65.6,development,sugar_beet,25,0.0,0.0,loam,medium,25,pivot,farm_reservoir,40.2,0
farm_8,farm_8_field_2,2026-04-29,65.6,development,sugar_beet,26,0.0,0.0,loam,medium,26,pivot,farm_reservoir,40.2,0
farm_8,farm_8_field_2,2026-04-30,65.6,development,sugar_beet,27,0.0,0.7,loam,medium,27,pivot,farm_reservoir,40.2,0
farm_8,farm_8_field_2,2026-05-01,65.6,development,sugar_beet,28,0.0,0.0,loam,medium,28,pivot,farm_reservoir,40.2,0
farm_8,farm_8_field_2,2026-05-02,65.6,development,sugar_beet,29,0.0,0.0,loam,medium,29,pivot,farm_reservoir,40.2,0
farm_8,farm_8_field_2,2026-05-03,58.6,development,sugar_beet,30,0.0,10.9,loam,medium,30,pivot,farm_reservoir,40.2,0
farm_8,farm_8_field_2,2026-05-04,61.5,development,sugar_beet,31,0.0,0.0,loam,medium,31,pivot,farm_reservoir,40.2,0
farm_8,farm_8_field_2,2026-05-05,59.8,development,sugar_beet,32,0.0,6.2,loam,medium,32,pivot,farm_reservoir,40.2,0
farm_8,farm_8_field_2,2026-05-06,60.9,development,sugar_beet,33,0.0,1.1,loam,medium,33,pivot,farm_reservoir,40.2,0
farm_8,farm_8_field_2,2026-05-07,59.8,development,sugar_beet,34,0.0,9.2,loam,medium,34,pivot,farm_reservoir,40.2,0
farm_8,farm_8_field_2,2026-05-08,70.9,development,sugar_beet,35,0.0,0.0,loam,medium,35,pivot,farm_reservoir,40.2,0
farm_8,farm_8_field_2,2026-05-09,71.6,development,sugar_beet,36,0.0,0.3,loam,medium,36,pivot,farm_reservoir,40.2,0
farm_8,farm_8_field_2,2026-05-10,65.9,development,sugar_beet,37,0.0,0.0,loam,medium,37,pivot,farm_reservoir,40.2,0
farm_8,farm_8_field_2,2026-05-11,64.5,development,sugar_beet,38,0.0,0.0,loam,medium,38,pivot,farm_reservoir,40.2,0
farm_8,farm_8_field_2,2026-05-12,52.3,development,sugar_beet,39,0.0,0.0,loam,medium,39,pivot,farm_reservoir,40.2,0
farm_8,farm_8_field_2,2026-05-13,63.0,development,sugar_beet,40,0.0,3.6,loam,medium,40,pivot,farm_reservoir,40.2,0
farm_8,farm_8_field_2,2026-05-14,61.9,development,sugar_beet,41,0.0,0.3,loam,medium,41,pivot,farm_reservoir,40.2,0
farm_8,farm_8_field_2,2026-05-15,61.9,development,sugar_beet,42,0.0,0.1,loam,medium,42,pivot,farm_reservoir,40.2,0
farm_8,farm_8_field_2,2026-05-16,61.9,development,sugar_beet,43,0.0,0.0,loam,medium,43,pivot,farm_reservoir,40.2,0
farm_8,farm_8_field_2,2026-05-17,61.9,development,sugar_beet,44,0.0,0.1,loam,medium,44,pivot,farm_reservoir,40.2,0
farm_8,farm_8_field_2,2026-05-18,61.9,development,sugar_beet,45,0.0,0.1,loam,medium,45,pivot,farm_reservoir,40.2,0
farm_8,farm_8_field_2,2026-05-19,61.9,development,sugar_beet,46,0.0,0.1,loam,medium,46,pivot,farm_reservoir,40.2,0
farm_8,farm_8_field_2,2026-05-20,61.9,development,sugar_beet,47,0.0,0.1,loam,medium,47,pivot,farm_reservoir,40.2,1
farm_8,farm_8_field_2,2026-05-21,48.1,development,sugar_beet,48,0.0,17.5,loam,medium,48,pivot,farm_reservoir,40.2,1
farm_8,farm_8_field_2,2026-05-22,78.2,development,sugar_beet,1,30.0,6.4,loam,medium,49,pivot,farm_reservoir,40.2,0
farm_8,farm_8_field_2,2026-05-23,85.3,development,sugar_beet,2,30.0,0.5,loam,medium,50,pivot,farm_reservoir,40.2,0
farm_8,farm_8_field_2,2026-05-24,76.5,development,sugar_beet,3,30.0,0.8,loam,medium,51,pivot,farm_reservoir,40.2,0
farm_8,farm_8_field_2,2026-05-25,72.9,development,sugar_beet,4,30.0,0.7,loam,medium,52,pivot,farm_reservoir,40.2,0
farm_8,farm_8_field_2,2026-05-26,74.2,development,sugar_beet,5,30.0,0.6,loam,medium,53,pivot,farm_reservoir,40.2,0
farm_8,farm_8_field_2,2026-05-27,75.4,development,sugar_beet,6,30.0,0.0,loam,medium,54,pivot,farm_reservoir,40.2,0
farm_8,farm_8_field_2,2026-05-28,68.9,development,sugar_beet,7,30.0,0.0,loam,medium,55,pivot,farm_reservoir,40.2,0
farm_8,farm_8_field_2,2026-05-29,65.6,development,sugar_beet,8,30.0,0.0,loam,medium,56,pivot,farm_reservoir,40.2,0
farm_8,farm_8_field_2,2026-05-30,68.0,development,sugar_beet,9,30.0,0.0,loam,medium,57,pivot,farm_reservoir,40.2,0
farm_8,farm_8_field_2,2026-05-31,68.7,development,sugar_beet,10,30.0,0.0,loam,medium,58,pivot,farm_reservoir,40.2,0
farm_8,farm_8_field_2,2026-06-01,63.8,development,sugar_beet,11,30.0,0.1,loam,medium,59,pivot,farm_reservoir,40.2,0
farm_8,farm_8_field_2,2026-06-02,61.3,sensitive,sugar_beet,12,30.0,0.0,loam,medium,60,pivot,farm_reservoir,40.2,0
farm_8,farm_8_field_2,2026-06-03,58.3,sensitive,sugar_beet,13,30.0,0.0,loam,medium,61,pivot,farm_reservoir,40.2,0
farm_8,farm_8_field_2,2026-06-04,48.8,sensitive,sugar_beet,14,30.0,0.0,loam,medium,62,pivot,farm_reservoir,40.2,0
farm_8,farm_8_field_2,2026-06-05,48.0,sensitive,sugar_beet,15,30.0,0.2,loam,medium,63,pivot,farm_reservoir,40.2,1
farm_8,farm_8_field_2,2026-06-06,49.8,sensitive,sugar_beet,16,30.0,5.7,loam,medium,64,pivot,farm_reservoir,40.2,1
farm_8,farm_8_field_2,2026-06-07,48.1,sensitive,sugar_beet,17,30.0,0.0,loam,medium,65,pivot,farm_reservoir,40.2,1
farm_8,farm_8_field_2,2026-06-08,,sensitive,sugar_beet,18,30.0,0.0,loam,medium,66,pivot,farm_reservoir,40.2,1
farm_8,farm_8_field_2,2026-06-09,35.6,sensitive,sugar_beet,19,30.0,0.0,loam,medium,67,pivot,farm_reservoir,40.2,1
farm_8,farm_8_field_2,2026-06-10,34.3,sensitive,sugar_beet,20,30.0,0.5,loam,medium,68,pivot,farm_reservoir,40.2,2
farm_8,farm_8_field_2,2026-06-11,46.3,sensitive,sugar_beet,1,30.0,0.0,loam,medium,69,pivot,farm_reservoir,40.2,1
farm_8,farm_8_field_2,2026-06-12,61.4,sensitive,sugar_beet,1,30.0,0.0,loam,medium,70,pivot,farm_reservoir,40.2,0
farm_8,farm_8_field_2,2026-06-13,61.4,sensitive,sugar_beet,2,30.0,0.5,loam,medium,71,pivot,farm_reservoir,40.2,0
farm_8,farm_8_field_2,2026-06-14,61.4,sensitive,sugar_beet,3,30.0,0.0,loam,medium,72,pivot,farm_reservoir,40.2,0
farm_8,farm_8_field_2,2026-06-15,61.4,sensitive,sugar_beet,4,30.0,0.3,loam,medium,73,pivot,farm_reservoir,40.2,1
farm_8,farm_8_field_2,2026-06-16,61.4,sensitive,sugar_beet,5,30.0,0.0,loam,medium,74,pivot,farm_reservoir,40.2,1
farm_8,farm_8_field_2,2026-06-17,61.4,sensitive,sugar_beet,6,30.0,0.0,loam,medium,75,pivot,farm_reservoir,40.2,2
farm_8,farm_8_field_2,2026-06-18,61.4,sensitive,sugar_beet,1,30.0,0.0,loam,medium,76,pivot,farm_reservoir,40.2,0
farm_8,farm_8_field_2,2026-06-19,44.4,sensitive,sugar_beet,2,30.0,0.8,loam,medium,77,pivot,farm_reservoir,40.2,1
farm_8,farm_8_field_2,2026-06-20,35.4,sensitive,sugar_beet,3,30.0,0.4,loam,medium,78,pivot,farm_reservoir,40.2,1
farm_8,farm_8_field_2,2026-06-21,30.2,sensitive,sugar_beet,4,30.0,0.2,loam,medium,79,pivot,farm_reservoir,40.2,2
farm_8,farm_8_field_2,2026-06-22,54.5,sensitive,sugar_beet,1,30.0,0.2,loam,medium,80,pivot,farm_reservoir,40.2,0
farm_8,farm_8_field_2,2026-06-23,47.6,sensitive,sugar_beet,2,30.0,0.0,loam,medium,81,pivot,farm_reservoir,40.2,1
farm_8,farm_8_field_2,2026-06-24,72.4,sensitive,sugar_beet,1,30.0,0.0,loam,medium,82,pivot,farm_reservoir,40.2,0
farm_8,farm_8_field_2,2026-06-25,60.9,sensitive,sugar_beet,2,30.0,2.1,loam,medium,83,pivot,farm_reservoir,40.2,0
farm_8,farm_8_field_2,2026-06-26,56.9,sensitive,sugar_beet,3,30.0,0.5,loam,medium,84,pivot,farm_reservoir,40.2,0
farm_8,farm_8_field_2,2026-06-27,,sensitive,sugar_beet,4,30.0,0.0,loam,medium,85,pivot,farm_reservoir,40.2,1
farm_8,farm_8_field_2,2026-06-28,46.7,sensitive,sugar_beet,5,30.0,0.0,loam,medium,86,pivot,farm_reservoir,40.2,1
farm_8,farm_8_field_2,2026-06-29,45.5,sensitive,sugar_beet,6,30.0,0.3,loam,medium,87,pivot,farm_reservoir,40.2,2
farm_8,farm_8_field_2,2026-06-30,55.8,sensitive,sugar_beet,1,30.0,0.4,loam,medium,88,pivot,farm_reservoir,40.2,1
farm_8,farm_8_field_2,2026-07-01,43.1,sensitive,sugar_beet,2,30.0,0.5,loam,medium,89,pivot,farm_reservoir,40.2,1
farm_8,farm_8_field_2,2026-07-02,45.3,sensitive,sugar_beet,3,30.0,0.0,loam,medium,90,pivot,farm_reservoir,40.2,1
farm_8,farm_8_field_2,2026-07-03,36.0,sensitive,sugar_beet,4,30.0,0.0,loam,medium,91,pivot,farm_reservoir,40.2,2
farm_8,farm_8_field_2,2026-07-04,51.3,sensitive,sugar_beet,1,30.0,0.0,loam,medium,92,pivot,farm_reservoir,40.2,1
farm_8,farm_8_field_2,2026-07-05,38.3,sensitive,sugar_beet,2,30.0,0.3,loam,medium,93,pivot,farm_reservoir,40.2,1
farm_8,farm_8_field_2,2026-07-06,36.2,sensitive,sugar_beet,3,30.0,0.6,loam,medium,94,pivot,farm_reservoir,40.2,2
farm_8,farm_8_field_2,2026-07-07,45.6,sensitive,sugar_beet,1,30.0,0.0,loam,medium,95,pivot,farm_reservoir,40.2,1
farm_8,farm_8_field_2,2026-07-08,45.4,sensitive,sugar_beet,2,30.0,0.4,loam,medium,96,pivot,farm_reservoir,40.2,1
farm_8,farm_8_field_2,2026-07-09,39.1,sensitive,sugar_beet,3,30.0,0.0,loam,medium,97,pivot,farm_reservoir,40.2,1
farm_8,farm_8_field_2,2026-07-10,37.2,sensitive,sugar_beet,4,30.0,0.0,loam,medium,98,pivot,farm_reservoir,40.2,2
farm_8,farm_8_field_2,2026-07-11,42.7,sensitive,sugar_beet,1,30.0,0.0,loam,medium,99,pivot,farm_reservoir,40.2,1
farm_8,farm_8_field_2,2026-07-12,42.1,sensitive,sugar_beet,2,30.0,0.1,loam,medium,100,pivot,farm_reservoir,40.2,1
farm_8,farm_8_field_2,2026-07-13,35.6,sensitive,sugar_beet,3,30.0,0.0,loam,medium,101,pivot,farm_reservoir,40.2,2
farm_8,farm_8_field_2,2026-07-14,57.0,sensitive,sugar_beet,1,30.0,0.1,loam,medium,102,pivot,farm_reservoir,40.2,1
farm_8,farm_8_field_2,2026-07-15,47.5,sensitive,sugar_beet,2,30.0,0.0,loam,medium,103,pivot,farm_reservoir,40.2,1
farm_8,farm_8_field_2,2026-07-16,63.9,sensitive,sugar_beet,1,30.0,0.0,loam,medium,104,pivot,farm_reservoir,40.2,0
farm_8,farm_8_field_2,2026-07-17,60.8,sensitive,sugar_beet,2,30.0,0.5,loam,medium,105,pivot,farm_reservoir,40.2,0
farm_8,farm_8_field_2,2026-07-18,53.4,sensitive,sugar_beet,3,30.0,0.0,loam,medium,106,pivot,farm_reservoir,40.2,1
farm_8,farm_8_field_2,2026-07-19,66.4,sensitive,sugar_beet,1,30.0,0.0,loam,medium,107,pivot,farm_reservoir,40.2,0
farm_8,farm_8_field_2,2026-07-20,59.8,sensitive,sugar_beet,2,30.0,0.3,loam,medium,108,pivot,farm_reservoir,40.2,0
farm_8,farm_8_field_2,2026-07-21,60.2,sensitive,sugar_beet,3,30.0,0.0,loam,medium,109,pivot,farm_reservoir,40.2,0
farm_8,farm_8_field_2,2026-07-22,48.1,late,sugar_beet,4,30.0,0.0,loam,medium,110,pivot,farm_reservoir,40.2,0
farm_8,farm_8_field_2,2026-07-23,40.1,late,sugar_beet,5,30.0,0.5,loam,medium,111,pivot,farm_reservoir,40.2,0
farm_8,farm_8_field_2,2026-07-24,40.8,late,sugar_beet,6,30.0,0.1,loam,medium,112,pivot,farm_reservoir,40.2,0
farm_8,farm_8_field_2,2026-07-25,40.3,late,sugar_beet,7,30.0,0.0,loam,medium,113,pivot,farm_reservoir,40.2,0
farm_8,farm_8_field_2,2026-07-26,33.1,late,sugar_beet,8,30.0,0.0,loam,medium,114,pivot,farm_reservoir,40.2,1
farm_8,farm_8_field_2,2026-07-27,37.8,late,sugar_beet,9,30.0,0.0,loam,medium,115,pivot,farm_reservoir,40.2,1
farm_8,farm_8_field_2,2026-07-28,32.7,late,sugar_beet,10,30.0,0.0,loam,medium,116,pivot,farm_reservoir,40.2,1
farm_8,farm_8_field_2,2026-07-29,47.1,late,sugar_beet,1,30.0,0.2,loam,medium,117,pivot,farm_reservoir,40.2,0
farm_8,farm_8_field_2,2026-07-30,50.6,late,sugar_beet,2,30.0,0.0,loam,medium,118,pivot,farm_reservoir,40.2,0
farm_8,farm_8_field_2,2026-07-31,46.1,late,sugar_beet,3,30.0,9.8,loam,medium,119,pivot,farm_reservoir,40.2,0
farm_8,farm_8_field_2,2026-08-01,,late,sugar_beet,4,30.0,0.2,loam,medium,120,pivot,farm_reservoir,40.2,0
farm_8,farm_8_field_2,2026-08-02,46.9,late,sugar_beet,5,30.0,0.0,loam,medium,121,pivot,farm_reservoir,40.2,0
farm_8,farm_8_field_2,2026-08-03,42.1,late,sugar_beet,6,30.0,10.0,loam,medium,122,pivot,farm_reservoir,40.2,0
farm_8,farm_8_field_2,2026-08-04,44.7,late,sugar_beet,7,30.0,0.0,loam,medium,123,pivot,farm_reservoir,40.2,0
farm_8,farm_8_field_2,2026-08-05,38.9,late,sugar_beet,8,30.0,0.0,loam,medium,124,pivot,farm_reservoir,40.2,0
farm_8,farm_8_field_2,2026-08-06,38.7,late,sugar_beet,9,30.0,0.6,loam,medium,125,pivot,farm_reservoir,40.2,0
farm_8,farm_8_field_2,2026-08-07,35.9,late,sugar_beet,10,30.0,0.0,loam,medium,126,pivot,farm_reservoir,40.2,1
farm_8,farm_8_field_2,2026-08-08,39.3,late,sugar_beet,11,30.0,0.2,loam,medium,127,pivot,farm_reservoir,40.2,1
farm_8,farm_8_field_2,2026-08-09,31.6,late,sugar_beet,12,30.0,0.0,loam,medium,128,pivot,farm_reservoir,40.2,1
farm_8,farm_8_field_2,2026-08-10,27.2,late,sugar_beet,13,30.0,0.9,loam,medium,129,pivot,farm_reservoir,40.2,1
farm_8,farm_8_field_2,2026-08-11,25.7,late,sugar_beet,14,30.0,0.0,loam,medium,130,pivot,farm_reservoir,40.2,1
farm_8,farm_8_field_2,2026-08-12,26.1,late,sugar_beet,15,30.0,0.0,loam,medium,131,pivot,farm_reservoir,40.2,1
farm_8,farm_8_field_2,2026-08-13,16.6,late,sugar_beet,16,30.0,0.1,loam,medium,132,pivot,farm_reservoir,40.2,2
farm_8,farm_8_field_2,2026-08-14,41.9,late,sugar_beet,1,30.0,0.0,loam,medium,133,pivot,farm_reservoir,40.2,0
farm_8,farm_8_field_2,2026-08-15,,late,sugar_beet,2,30.0,0.4,loam,medium,134,pivot,farm_reservoir,40.2,1
farm_8,farm_8_field_2,2026-08-16,35.2,late,sugar_beet,3,30.0,0.2,loam,medium,135,pivot,farm_reservoir,40.2,1
farm_8,farm_8_field_2,2026-08-17,52.8,late,sugar_beet,1,30.0,0.0,loam,medium,136,pivot,farm_reservoir,40.2,0
farm_8,farm_8_field_2,2026-08-18,52.6,late,sugar_beet,2,30.0,0.2,loam,medium,137,pivot,farm_reservoir,40.2,0
farm_8,farm_8_field_2,2026-08-19,47.7,late,sugar_beet,3,30.0,0.5,loam,medium,138,pivot,farm_reservoir,40.2,0
farm_8,farm_8_field_2,2026-08-20,42.5,late,sugar_beet,4,30.0,2.9,loam,medium,139,pivot,farm_reservoir,40.2,0
farm_8,farm_8_field_2,2026-08-21,44.2,late,sugar_beet,5,30.0,0.4,loam,medium,140,pivot,farm_reservoir,40.2,0
farm_8,farm_8_field_2,2026-08-22,41.9,late,sugar_beet,6,30.0,0.1,loam,medium,141,pivot,farm_reservoir,40.2,0
farm_8,farm_8_field_2,2026-08-23,38.5,late,sugar_beet,7,30.0,0.0,loam,medium,142,pivot,farm_reservoir,40.2,0
farm_8,farm_8_field_2,2026-08-24,39.3,late,sugar_beet,8,30.0,0.0,loam,medium,143,pivot,farm_reservoir,40.2,0
farm_8,farm_8_field_2,2026-08-25,36.7,late,sugar_beet,9,30.0,0.2,loam,medium,144,pivot,farm_reservoir,40.2,1
farm_8,farm_8_field_2,2026-08-26,55.4,late,sugar_beet,1,30.0,0.5,loam,medium,145,pivot,farm_reservoir,40.2,0
farm_8,farm_8_field_2,2026-08-27,54.3,late,sugar_beet,2,30.0,0.2,loam,medium,146,pivot,farm_reservoir,40.2,0
farm_8,farm_8_field_2,2026-08-28,54.0,late,sugar_beet,3,30.0,4.6,loam,medium,147,pivot,farm_reservoir,40.2,0
farm_8,farm_8_field_2,2026-08-29,55.6,late,sugar_beet,4,30.0,0.0,loam,medium,148,pivot,farm_reservoir,40.2,0
farm_8,farm_8_field_2,2026-08-30,49.7,late,sugar_beet,5,30.0,0.0,loam,medium,149,pivot,farm_reservoir,40.2,0
farm_8,farm_8_field_2,2026-08-31,50.0,late,sugar_beet,6,30.0,0.0,loam,medium,150,pivot,farm_reservoir,40.2,0
farm_8,farm_8_field_2,2026-09-01,50.1,late,sugar_beet,7,30.0,0.0,loam,medium,151,pivot,farm_reservoir,40.2,0
farm_8,farm_8_field_2,2026-09-02,41.9,late,sugar_beet,8,30.0,0.0,loam,medium,152,pivot,farm_reservoir,40.2,0
farm_8,farm_8_field_2,2026-09-03,43.0,late,sugar_beet,9,30.0,0.1,loam,medium,153,pivot,farm_reservoir,40.2,0
farm_8,farm_8_field_2,2026-09-04,41.3,late,sugar_beet,10,30.0,0.0,loam,medium,154,pivot,farm_reservoir,40.2,0
farm_8,farm_8_field_2,2026-09-05,32.1,late,sugar_beet,11,30.0,0.0,loam,medium,155,pivot,farm_reservoir,40.2,0
farm_8,farm_8_field_2,2026-09-06,39.0,late,sugar_beet,12,30.0,0.0,loam,medium,156,pivot,farm_reservoir,40.2,1
farm_8,farm_8_field_2,2026-09-07,37.3,late,sugar_beet,13,30.0,0.6,loam,medium,157,pivot,farm_reservoir,40.2,1
farm_8,farm_8_field_2,2026-09-08,35.8,late,sugar_beet,14,30.0,0.0,loam,medium,158,pivot,farm_reservoir,40.2,1
farm_8,farm_8_field_2,2026-09-09,35.7,late,sugar_beet,15,30.0,0.6,loam,medium,159,pivot,farm_reservoir,40.2,1
farm_8,farm_8_field_2,2026-09-10,31.8,late,sugar_beet,16,30.0,0.3,loam,medium,160,pivot,farm_reservoir,40.2,1
farm_8,farm_8_field_2,2026-09-11,27.5,late,sugar_beet,17,30.0,0.0,loam,medium,161,pivot,farm_reservoir,40.2,1
farm_8,farm_8_field_2,2026-09-12,31.3,late,sugar_beet,18,30.0,0.5,loam,medium,162,pivot,farm_reservoir,40.2,1
farm_8,farm_8_field_2,2026-09-13,23.0,late,sugar_beet,19,30.0,0.0,loam,medium,163,pivot,farm_reservoir,40.2,1
farm_8,farm_8_field_2,2026-09-14,25.5,late,sugar_beet,20,30.0,0.0,loam,medium,164,pivot,farm_reservoir,40.2,1
farm_8,farm_8_field_2,2026-09-15,21.8,late,sugar_beet,21,30.0,0.0,loam,medium,165,pivot,farm_reservoir,40.2,2
farm_8,farm_8_field_2,2026-09-16,40.9,late,sugar_beet,1,30.0,0.2,loam,medium,166,pivot,farm_reservoir,40.2,0
farm_8,farm_8_field_2,2026-09-17,48.2,late,sugar_beet,2,30.0,0.0,loam,medium,167,pivot,farm_reservoir,40.2,0
farm_8,farm_8_field_2,2026-09-18,42.6,late,sugar_beet,3,30.0,0.5,loam,medium,168,pivot,farm_reservoir,40.2,0
farm_8,farm_8_field_2,2026-09-19,44.4,late,sugar_beet,4,30.0,0.9,loam,medium,169,pivot,farm_reservoir,40.2,1
farm_8,farm_8_field_2,2026-09-20,39.1,late,sugar_beet,5,30.0,0.0,loam,medium,170,pivot,farm_reservoir,40.2,1
farm_8,farm_8_field_2,2026-09-21,32.3,late,sugar_beet,6,30.0,0.0,loam,medium,171,pivot,farm_reservoir,40.2,1
farm_8,farm_8_field_2,2026-09-22,27.1,late,sugar_beet,7,30.0,0.0,loam,medium,172,pivot,farm_reservoir,40.2,1
farm_8,farm_8_field_2,2026-09-23,32.6,late,sugar_beet,8,30.0,0.0,loam,medium,173,pivot,farm_reservoir,40.2,1
farm_8,farm_8_field_2,2026-09-24,32.8,late,sugar_beet,9,30.0,0.0,loam,medium,174,pivot,farm_reservoir,40.2,1
farm_8,farm_8_field_2,2026-09-25,21.9,late,sugar_beet,10,30.0,0.5,loam,medium,175,pivot,farm_reservoir,40.2,1
farm_8,farm_8_field_2,2026-09-26,25.7,late,sugar_beet,11,30.0,0.0,loam,medium,176,pivot,farm_reservoir,40.2,1
farm_8,farm_8_field_2,2026-09-27,23.8,late,sugar_beet,12,30.0,3.6,loam,medium,177,pivot,farm_reservoir,40.2,1
farm_8,farm_8_field_2,2026-09-28,28.9,late,sugar_beet,13,30.0,0.6,loam,medium,178,pivot,farm_reservoir,40.2,1
farm_8,farm_8_field_2,2026-09-29,40.8,late,sugar_beet,1,30.0,0.6,loam,medium,179,pivot,farm_reservoir,40.2,0
farm_8,farm_8_field_2,2026-09-30,40.8,late,sugar_beet,2,30.0,0.0,loam,medium,180,pivot,farm_reservoir,40.2,0
farm_8,farm_8_field_3,2025-05-01,75.4,initial,maize,0,0.0,0.0,loam,early,0,hose_reel,farm_reservoir,10.8,0
farm_8,farm_8_field_3,2025-05-02,79.2,initial,maize,1,0.0,0.0,loam,early,1,hose_reel,farm_reservoir,10.8,0
farm_8,farm_8_field_3,2025-05-03,72.9,initial,maize,2,0.0,3.4,loam,early,2,hose_reel,farm_reservoir,10.8,0
farm_8,farm_8_field_3,2025-05-04,73.5,initial,maize,3,0.0,0.0,loam,early,3,hose_reel,farm_reservoir,10.8,0
farm_8,farm_8_field_3,2025-05-05,78.2,initial,maize,4,0.0,0.0,loam,early,4,hose_reel,farm_reservoir,10.8,0
farm_8,farm_8_field_3,2025-05-06,76.0,initial,maize,5,0.0,0.0,loam,early,5,hose_reel,farm_reservoir,10.8,0
farm_8,farm_8_field_3,2025-05-07,79.1,initial,maize,6,0.0,0.0,loam,early,6,hose_reel,farm_reservoir,10.8,0
farm_8,farm_8_field_3,2025-05-08,73.7,initial,maize,7,0.0,0.3,loam,early,7,hose_reel,farm_reservoir,10.8,0
farm_8,farm_8_field_3,2025-05-09,79.2,initial,maize,8,0.0,0.7,loam,early,8,hose_reel,farm_reservoir,10.8,0
farm_8,farm_8_field_3,2025-05-10,72.5,initial,maize,9,0.0,0.0,loam,early,9,hose_reel,farm_reservoir,10.8,0
farm_8,farm_8_field_3,2025-05-11,74.9,initial,maize,10,0.0,0.0,loam,early,10,hose_reel,farm_reservoir,10.8,0
farm_8,farm_8_field_3,2025-05-12,69.5,initial,maize,11,0.0,0.4,loam,early,11,hose_reel,farm_reservoir,10.8,0
farm_8,farm_8_field_3,2025-05-13,71.8,initial,maize,12,0.0,0.0,loam,early,12,hose_reel,farm_reservoir,10.8,0
farm_8,farm_8_field_3,2025-05-14,69.0,initial,maize,13,0.0,0.3,loam,early,13,hose_reel,farm_reservoir,10.8,0
farm_8,farm_8_field_3,2025-05-15,72.6,initial,maize,14,0.0,0.0,loam,early,14,hose_reel,farm_reservoir,10.8,0
farm_8,farm_8_field_3,2025-05-16,70.3,initial,maize,15,0.0,0.7,loam,early,15,hose_reel,farm_reservoir,10.8,0
farm_8,farm_8_field_3,2025-05-17,72.2,initial,maize,16,0.0,8.6,loam,early,16,hose_reel,farm_reservoir,10.8,0
farm_8,farm_8_field_3,2025-05-18,76.4,initial,maize,17,0.0,0.1,loam,early,17,hose_reel,farm_reservoir,10.8,0
farm_8,farm_8_field_3,2025-05-19,,initial,maize,18,0.0,11.3,loam,early,18,hose_reel,farm_reservoir,10.8,0
farm_8,farm_8_field_3,2025-05-20,74.8,initial,maize,19,0.0,0.0,loam,early,19,hose_reel,farm_reservoir,10.8,0
farm_8,farm_8_field_3,2025-05-21,78.4,initial,maize,20,0.0,6.9,loam,early,20,hose_reel,farm_reservoir,10.8,0
farm_8,farm_8_field_3,2025-05-22,84.4,initial,maize,21,0.0,0.0,loam,early,21,hose_reel,farm_reservoir,10.8,0
farm_8,farm_8_field_3,2025-05-23,84.4,initial,maize,22,0.0,0.0,loam,early,22,hose_reel,farm_reservoir,10.8,0
farm_8,farm_8_field_3,2025-05-24,84.4,initial,maize,23,0.0,0.2,loam,early,23,hose_reel,farm_reservoir,10.8,0
farm_8,farm_8_field_3,2025-05-25,84.4,initial,maize,24,0.0,4.4,loam,early,24,hose_reel,farm_reservoir,10.8,0
farm_8,farm_8_field_3,2025-05-26,84.4,initial,maize,25,0.0,0.0,loam,early,25,hose_reel,farm_reservoir,10.8,0
farm_8,farm_8_field_3,2025-05-27,84.4,development,maize,26,0.0,0.4,loam,early,26,hose_reel,farm_reservoir,10.8,0
farm_8,farm_8_field_3,2025-05-28,82.1,development,maize,27,0.0,0.0,loam,early,27,hose_reel,farm_reservoir,10.8,0
farm_8,farm_8_field_3,2025-05-29,86.3,development,maize,28,0.0,0.4,loam,early,28,hose_reel,farm_reservoir,10.8,0
farm_8,farm_8_field_3,2025-05-30,82.9,development,maize,29,0.0,0.3,loam,early,29,hose_reel,farm_reservoir,10.8,0
farm_8,farm_8_field_3,2025-05-31,83.1,development,maize,30,0.0,0.0,loam,early,30,hose_reel,farm_reservoir,10.8,0
farm_8,farm_8_field_3,2025-06-01,78.3,development,maize,31,0.0,0.0,loam,early,31,hose_reel,farm_reservoir,10.8,0
farm_8,farm_8_field_3,2025-06-02,72.6,development,maize,32,0.0,0.5,loam,early,32,hose_reel,farm_reservoir,10.8,0
farm_8,farm_8_field_3,2025-06-03,68.5,development,maize,33,0.0,0.0,loam,early,33,hose_reel,farm_reservoir,10.8,0
farm_8,farm_8_field_3,2025-06-04,67.0,development,maize,34,0.0,0.2,loam,early,34,hose_reel,farm_reservoir,10.8,0
farm_8,farm_8_field_3,2025-06-05,67.5,development,maize,35,0.0,0.0,loam,early,35,hose_reel,farm_reservoir,10.8,0
farm_8,farm_8_field_3,2025-06-06,65.5,development,maize,36,0.0,0.0,loam,early,36,hose_reel,farm_reservoir,10.8,0
farm_8,farm_8_field_3,2025-06-07,59.7,development,maize,37,0.0,24.4,loam,early,37,hose_reel,farm_reservoir,10.8,0
farm_8,farm_8_field_3,2025-06-08,72.4,development,maize,38,0.0,22.3,loam,early,38,hose_reel,farm_reservoir,10.8,0
farm_8,farm_8_field_3,2025-06-09,90.1,development,maize,39,0.0,0.0,loam,early,39,hose_reel,farm_reservoir,10.8,0
farm_8,farm_8_field_3,2025-06-10,86.1,development,maize,40,0.0,0.0,loam,early,40,hose_reel,farm_reservoir,10.8,0
farm_8,farm_8_field_3,2025-06-11,,development,maize,41,0.0,0.0,loam,early,41,hose_reel,farm_reservoir,10.8,0
farm_8,farm_8_field_3,2025-06-12,89.2,development,maize,42,0.0,0.1,loam,early,42,hose_reel,farm_reservoir,10.8,0
farm_8,farm_8_field_3,2025-06-13,89.2,development,maize,43,0.0,0.0,loam,early,43,hose_reel,farm_reservoir,10.8,0
farm_8,farm_8_field_3,2025-06-14,89.2,development,maize,44,0.0,0.0,loam,early,44,hose_reel,farm_reservoir,10.8,0
farm_8,farm_8_field_3,2025-06-15,89.2,development,maize,45,0.0,0.6,loam,early,45,hose_reel,farm_reservoir,10.8,0
farm_8,farm_8_field_3,2025-06-16,89.2,development,maize,46,0.0,0.0,loam,early,46,hose_reel,farm_reservoir,10.8,0
farm_8,farm_8_field_3,2025-06-17,89.2,development,maize,47,0.0,1.8,loam,early,47,hose_reel,farm_reservoir,10.8,0
farm_8,farm_8_field_3,2025-06-18,89.2,development,maize,48,0.0,27.6,loam,early,48,hose_reel,farm_reservoir,10.8,0
farm_8,farm_8_field_3,2025-06-19,89.2,development,maize,49,0.0,0.4,loam,early,49,hose_reel,farm_reservoir,10.8,0
farm_8,farm_8_field_3,2025-06-20,93.3,development,maize,50,0.0,0.0,loam,early,50,hose_reel,farm_reservoir,10.8,0
farm_8,farm_8_field_3,2025-06-21,86.2,development,maize,51,0.0,0.0,loam,early,51,hose_reel,farm_reservoir,10.8,0
farm_8,farm_8_field_3,2025-06-22,85.9,development,maize,52,0.0,0.0,loam,early,52,hose_reel,farm_reservoir,10.8,0
farm_8,farm_8_field_3,2025-06-23,87.4,development,maize,53,0.0,0.0,loam,early,53,hose_reel,farm_reservoir,10.8,0
farm_8,farm_8_field_3,2025-06-24,82.4,development,maize,54,0.0,0.0,loam,early,54,hose_reel,farm_reservoir,10.8,0
farm_8,farm_8_field_3,2025-06-25,81.2,development,maize,55,0.0,0.0,loam,early,55,hose_reel,farm_reservoir,10.8,0
farm_8,farm_8_field_3,2025-06-26,84.6,development,maize,56,0.0,0.0,loam,early,56,hose_reel,farm_reservoir,10.8,0
farm_8,farm_8_field_3,2025-06-27,77.0,development,maize,57,0.0,0.0,loam,early,57,hose_reel,farm_reservoir,10.8,0
farm_8,farm_8_field_3,2025-06-28,77.5,development,maize,58,0.0,3.4,loam,early,58,hose_reel,farm_reservoir,10.8,0
farm_8,farm_8_field_3,2025-06-29,77.5,development,maize,59,0.0,0.1,loam,early,59,hose_reel,farm_reservoir,10.8,0
farm_8,farm_8_field_3,2025-06-30,77.5,sensitive,maize,60,0.0,0.5,loam,early,60,hose_reel,farm_reservoir,10.8,0
farm_8,farm_8_field_3,2025-07-01,77.5,sensitive,maize,61,0.0,0.0,loam,early,61,hose_reel,farm_reservoir,10.8,0
farm_8,farm_8_field_3,2025-07-02,77.5,sensitive,maize,62,0.0,0.4,loam,early,62,hose_reel,farm_reservoir,10.8,0
farm_8,farm_8_field_3,2025-07-03,77.5,sensitive,maize,63,0.0,0.1,loam,early,63,hose_reel,farm_reservoir,10.8,0
farm_8,farm_8_field_3,2025-07-04,77.5,sensitive,maize,64,0.0,0.0,loam,early,64,hose_reel,farm_reservoir,10.8,1
farm_8,farm_8_field_3,2025-07-05,,sensitive,maize,65,0.0,0.4,loam,early,65,hose_reel,farm_reservoir,10.8,1
farm_8,farm_8_field_3,2025-07-06,36.1,sensitive,maize,66,0.0,0.4,loam,early,66,hose_reel,farm_reservoir,10.8,1
farm_8,farm_8_field_3,2025-07-07,,sensitive,maize,1,40.0,0.1,loam,early,67,hose_reel,farm_reservoir,10.8,0
farm_8,farm_8_field_3,2025-07-08,62.5,sensitive,maize,2,40.0,0.0,loam,early,68,hose_reel,farm_reservoir,10.8,0
farm_8,farm_8_field_3,2025-07-09,61.1,sensitive,maize,3,40.0,0.0,loam,early,69,hose_reel,farm_reservoir,10.8,0
farm_8,farm_8_field_3,2025-07-10,54.0,sensitive,maize,4,40.0,0.5,loam,early,70,hose_reel,farm_reservoir,10.8,1
farm_8,farm_8_field_3,2025-07-11,56.1,sensitive,maize,5,40.0,0.6,loam,early,71,hose_reel,farm_reservoir,10.8,1
farm_8,farm_8_field_3,2025-07-12,45.5,sensitive,maize,6,40.0,0.0,loam,early,72,hose_reel,farm_reservoir,10.8,1
farm_8,farm_8_field_3,2025-07-13,48.1,sensitive,maize,7,40.0,0.0,loam,early,73,hose_reel,farm_reservoir,10.8,2
farm_8,farm_8_field_3,2025-07-14,69.6,sensitive,maize,1,40.0,0.0,loam,early,74,hose_reel,farm_reservoir,10.8,0
farm_8,farm_8_field_3,2025-07-15,68.3,sensitive,maize,2,40.0,0.0,loam,early,75,hose_reel,farm_reservoir,10.8,0
farm_8,farm_8_field_3,2025-07-16,58.9,sensitive,maize,3,40.0,0.0,loam,early,76,hose_reel,farm_reservoir,10.8,0
farm_8,farm_8_field_3,2025-07-17,57.4,sensitive,maize,4,40.0,0.7,loam,early,77,hose_reel,farm_reservoir,10.8,1
farm_8,farm_8_field_3,2025-07-18,57.8,sensitive,maize,5,40.0,3.4,loam,early,78,hose_reel,farm_reservoir,10.8,1
farm_8,farm_8_field_3,2025-07-19,55.1,sensitive,maize,6,40.0,12.4,loam,early,79,hose_reel,farm_reservoir,10.8,1
farm_8,farm_8_field_3,2025-07-20,58.6,sensitive,maize,7,40.0,0.0,loam,early,80,hose_reel,farm_reservoir,10.8,1
farm_8,farm_8_field_3,2025-07-21,57.6,sensitive,maize,8,40.0,0.4,loam,early,81,hose_reel,farm_reservoir,10.8,1
farm_8,farm_8_field_3,2025-07-22,50.7,sensitive,maize,9,40.0,0.1,loam,early,82,hose_reel,farm_reservoir,10.8,1
farm_8,farm_8_field_3,2025-07-23,52.3,sensitive,maize,10,40.0,0.3,loam,early,83,hose_reel,farm_reservoir,10.8,1
farm_8,farm_8_field_3,2025-07-24,46.0,sensitive,maize,11,40.0,0.2,loam,early,84,hose_reel,farm_reservoir,10.8,1
farm_8,farm_8_field_3,2025-07-25,37.6,sensitive,maize,12,40.0,0.1,loam,early,85,hose_reel,farm_reservoir,10.8,2
farm_8,farm_8_field_3,2025-07-26,65.8,sensitive,maize,1,40.0,0.1,loam,early,86,hose_reel,farm_reservoir,10.8,0
farm_8,farm_8_field_3,2025-07-27,59.8,sensitive,maize,2,40.0,2.5,loam,early,87,hose_reel,farm_reservoir,10.8,0
farm_8,farm_8_field_3,2025-07-28,60.2,sensitive,maize,3,40.0,0.0,loam,early,88,hose_reel,farm_reservoir,10.8,0
farm_8,farm_8_field_3,2025-07-29,55.2,sensitive,maize,4,40.0,8.2,loam,early,89,hose_reel,farm_reservoir,10.8,1
farm_8,farm_8_field_3,2025-07-30,59.7,sensitive,maize,5,40.0,0.7,loam,early,90,hose_reel,farm_reservoir,10.8,1
farm_8,farm_8_field_3,2025-07-31,58.6,sensitive,maize,6,40.0,0.4,loam,early,91,hose_reel,farm_reservoir,10.8,1
farm_8,farm_8_field_3,2025-08-01,,sensitive,maize,7,40.0,0.0,loam,early,92,hose_reel,farm_reservoir,10.8,1
farm_8,farm_8_field_3,2025-08-02,49.2,sensitive,maize,8,40.0,0.0,loam,early,93,hose_reel,farm_reservoir,10.8,1
farm_8,farm_8_field_3,2025-08-03,72.0,sensitive,maize,1,40.0,0.3,loam,early,94,hose_reel,farm_reservoir,10.8,0
farm_8,farm_8_field_3,2025-08-04,71.2,sensitive,maize,2,40.0,0.8,loam,early,95,hose_reel,farm_reservoir,10.8,0
farm_8,farm_8_field_3,2025-08-05,70.3,sensitive,maize,3,40.0,1.1,loam,early,96,hose_reel,farm_reservoir,10.8,0
farm_8,farm_8_field_3,2025-08-06,65.6,sensitive,maize,4,40.0,11.3,loam,early,97,hose_reel,farm_reservoir,10.8,0
farm_8,farm_8_field_3,2025-08-07,72.7,sensitive,maize,5,40.0,0.0,loam,early,98,hose_reel,farm_reservoir,10.8,0
farm_8,farm_8_field_3,2025-08-08,65.9,sensitive,maize,6,40.0,0.7,loam,early,99,hose_reel,farm_reservoir,10.8,0
farm_8,farm_8_field_3,2025-08-09,61.0,sensitive,maize,7,40.0,0.7,loam,early,100,hose_reel,farm_reservoir,10.8,0
farm_8,farm_8_field_3,2025-08-10,55.1,sensitive,maize,8,40.0,0.5,loam,early,101,hose_reel,farm_reservoir,10.8,1
farm_8,farm_8_field_3,2025-08-11,65.2,late,maize,9,40.0,1.9,loam,early,102,hose_reel,farm_reservoir,10.8,0
farm_8,farm_8_field_3,2025-08-12,,late,maize,10,40.0,0.3,loam,early,103,hose_reel,farm_reservoir,10.8,0
farm_8,farm_8_field_3,2025-08-13,49.7,late,maize,11,40.0,0.3,loam,early,104,hose_reel,farm_reservoir,10.8,0
farm_8,farm_8_field_3,2025-08-14,51.3,late,maize,12,40.0,0.6,loam,early,105,hose_reel,farm_reservoir,10.8,0
farm_8,farm_8_field_3,2025-08-15,,late,maize,13,40.0,0.0,loam,early,106,hose_reel,farm_reservoir,10.8,0
farm_8,farm_8_field_3,2025-08-16,52.5,late,maize,14,40.0,0.0,loam,early,107,hose_reel,farm_reservoir,10.8,0
farm_8,farm_8_field_3,2025-08-17,46.7,late,maize,15,40.0,0.0,loam,early,108,hose_reel,farm_reservoir,10.8,0
farm_8,farm_8_field_3,2025-08-18,50.0,late,maize,16,40.0,0.5,loam,early,109,hose_reel,farm_reservoir,10.8,0
farm_8,farm_8_field_3,2025-08-19,47.1,late,maize,17,40.0,0.2,loam,early,110,hose_reel,farm_reservoir,10.8,0
farm_8,farm_8_field_3,2025-08-20,43.2,late,maize,18,40.0,0.0,loam,early,111,hose_reel,farm_reservoir,10.8,0
farm_8,farm_8_field_3,2025-08-21,41.0,late,maize,19,40.0,0.5,loam,early,112,hose_reel,farm_reservoir,10.8,0
farm_8,farm_8_field_3,2025-08-22,38.5,late,maize,20,40.0,0.0,loam,early,113,hose_reel,farm_reservoir,10.8,1
farm_8,farm_8_field_3,2025-08-23,39.1,late,maize,21,40.0,0.0,loam,early,114,hose_reel,farm_reservoir,10.8,1
farm_8,farm_8_field_3,2025-08-24,,late,maize,22,40.0,0.5,loam,early,115,hose_reel,farm_reservoir,10.8,1
farm_8,farm_8_field_3,2025-08-25,29.6,late,maize,23,40.0,0.3,loam,early,116,hose_reel,farm_reservoir,10.8,1
farm_8,farm_8_field_3,2025-08-26,32.5,late,maize,24,40.0,0.0,loam,early,117,hose_reel,farm_reservoir,10.8,1
farm_8,farm_8_field_3,2025-08-27,27.6,late,maize,25,40.0,0.8,loam,early,118,hose_reel,farm_reservoir,10.8,1
farm_8,farm_8_field_3,2025-08-28,28.5,late,maize,26,40.0,20.6,loam,early,119,hose_reel,farm_reservoir,10.8,1
farm_8,farm_8_field_3,2025-08-29,48.8,late,maize,27,40.0,0.2,loam,early,120,hose_reel,farm_reservoir,10.8,0
farm_8,farm_8_field_3,2025-08-30,40.7,late,maize,28,40.0,0.0,loam,early,121,hose_reel,farm_reservoir,10.8,0
farm_8,farm_8_field_3,2025-08-31,42.3,late,maize,29,40.0,0.3,loam,early,122,hose_reel,farm_reservoir,10.8,0
farm_8,farm_8_field_3,2025-09-01,38.3,late,maize,30,40.0,0.0,loam,early,123,hose_reel,farm_reservoir,10.8,1
farm_8,farm_8_field_3,2025-09-02,43.9,late,maize,31,40.0,0.0,loam,early,124,hose_reel,farm_reservoir,10.8,1
farm_8,farm_8_field_3,2025-09-03,37.9,late,maize,32,40.0,0.0,loam,early,125,hose_reel,farm_reservoir,10.8,1
farm_8,farm_8_field_3,2025-09-04,33.8,late,maize,33,40.0,0.3,loam,early,126,hose_reel,farm_reservoir,10.8,1
farm_8,farm_8_field_3,2025-09-05,35.1,late,maize,34,40.0,0.1,loam,early,127,hose_reel,farm_reservoir,10.8,1
farm_8,farm_8_field_3,2025-09-06,39.0,late,maize,35,40.0,0.0,loam,early,128,hose_reel,farm_reservoir,10.8,1
farm_8,farm_8_field_3,2025-09-07,24.5,late,maize,36,40.0,0.0,loam,early,129,hose_reel,farm_reservoir,10.8,1
farm_8,farm_8_field_3,2025-09-08,60.1,late,maize,1,40.0,0.0,loam,early,130,hose_reel,farm_reservoir,10.8,0
farm_8,farm_8_field_3,2025-09-09,58.5,late,maize,2,40.0,0.1,loam,early,131,hose_reel,farm_reservoir,10.8,0
farm_8,farm_8_field_3,2025-09-10,58.7,late,maize,3,40.0,0.1,loam,early,132,hose_reel,farm_reservoir,10.8,0
farm_8,farm_8_field_3,2025-09-11,52.6,late,maize,4,40.0,0.0,loam,early,133,hose_reel,farm_reservoir,10.8,0
farm_8,farm_8_field_3,2025-09-12,49.9,late,maize,5,40.0,0.5,loam,early,134,hose_reel,farm_reservoir,10.8,0
farm_8,farm_8_field_3,2025-09-13,49.5,late,maize,6,40.0,0.6,loam,early,135,hose_reel,farm_reservoir,10.8,0
farm_8,farm_8_field_3,2025-09-14,47.4,late,maize,7,40.0,1.9,loam,early,136,hose_reel,farm_reservoir,10.8,0
farm_8,farm_8_field_3,2025-09-15,48.6,late,maize,8,40.0,0.0,loam,early,137,hose_reel,farm_reservoir,10.8,0
farm_8,farm_8_field_3,2025-09-16,50.7,late,maize,9,40.0,5.3,loam,early,138,hose_reel,farm_reservoir,10.8,0
farm_8,farm_8_field_3,2025-09-17,51.4,late,maize,10,40.0,2.1,loam,early,139,hose_reel,farm_reservoir,10.8,0
farm_8,farm_8_field_3,2025-09-18,49.3,late,maize,11,40.0,0.0,loam,early,140,hose_reel,farm_reservoir,10.8,0
farm_8,farm_8_field_3,2025-09-19,48.2,late,maize,12,40.0,0.1,loam,early,141,hose_reel,farm_reservoir,10.8,0
farm_8,farm_8_field_3,2025-09-20,51.7,late,maize,13,40.0,0.0,loam,early,142,hose_reel,farm_reservoir,10.8,0
farm_8,farm_8_field_3,2025-09-21,49.7,late,maize,14,40.0,0.0,loam,early,143,hose_reel,farm_reservoir,10.8,0
farm_8,farm_8_field_3,2025-09-22,51.5,late,maize,15,40.0,0.0,loam,early,144,hose_reel,farm_reservoir,10.8,0
farm_8,farm_8_field_3,2025-09-23,48.1,late,maize,16,40.0,0.0,loam,early,145,hose_reel,farm_reservoir,10.8,0
farm_8,farm_8_field_3,2025-09-24,44.7,late,maize,17,40.0,0.3,loam,early,146,hose_reel,farm_reservoir,10.8,0
farm_8,farm_8_field_3,2025-09-25,45.2,late,maize,18,40.0,0.8,loam,early,147,hose_reel,farm_reservoir,10.8,0
farm_8,farm_8_field_3,2025-09-26,37.9,late,maize,19,40.0,0.1,loam,early,148,hose_reel,farm_reservoir,10.8,0
farm_8,farm_8_field_3,2025-09-27,40.0,late,maize,20,40.0,0.0,loam,early,149,hose_reel,farm_reservoir,10.8,0
farm_8,farm_8_field_3,2025-09-28,41.7,late,maize,21,40.0,0.0,loam,early,150,hose_reel,farm_reservoir,10.8,0
farm_8,farm_8_field_3,2025-09-29,44.2,late,maize,22,40.0,0.0,loam,early,151,hose_reel,farm_reservoir,10.8,1
farm_8,farm_8_field_3,2025-09-30,33.4,late,maize,23,40.0,0.3,loam,early,152,hose_reel,farm_reservoir,10.8,1
farm_8,farm_8_field_3,2026-05-01,64.7,initial,maize,0,0.0,0.0,loam,early,0,hose_reel,farm_reservoir,10.8,0
farm_8,farm_8_field_3,2026-05-02,61.9,initial,maize,1,0.0,0.0,loam,early,1,hose_reel,farm_reservoir,10.8,0
farm_8,farm_8_field_3,2026-05-03,60.2,initial,maize,2,0.0,10.9,loam,early,2,hose_reel,farm_reservoir,10.8,0
farm_8,farm_8_field_3,2026-05-04,68.1,initial,maize,3,0.0,0.0,loam,early,3,hose_reel,farm_reservoir,10.8,0
farm_8,farm_8_field_3,2026-05-05,70.4,initial,maize,4,0.0,6.2,loam,early,4,hose_reel,farm_reservoir,10.8,0
farm_8,farm_8_field_3,2026-05-06,68.9,initial,maize,5,0.0,1.1,loam,early,5,hose_reel,farm_reservoir,10.8,0
farm_8,farm_8_field_3,2026-05-07,,initial,maize,6,0.0,9.2,loam,early,6,hose_reel,farm_reservoir,10.8,0
farm_8,farm_8_field_3,2026-05-08,79.1,initial,maize,7,0.0,0.0,loam,early,7,hose_reel,farm_reservoir,10.8,0
farm_8,farm_8_field_3,2026-05-09,72.8,initial,maize,8,0.0,0.3,loam,early,8,hose_reel,farm_reservoir,10.8,0
farm_8,farm_8_field_3,2026-05-10,76.3,initial,maize,9,0.0,0.0,loam,early,9,hose_reel,farm_reservoir,10.8,0
farm_8,farm_8_field_3,2026-05-11,76.8,initial,maize,10,0.0,0.0,loam,early,10,hose_reel,farm_reservoir,10.8,0
farm_8,farm_8_field_3,2026-05-12,77.8,initial,maize,11,0.0,0.0,loam,early,11,hose_reel,farm_reservoir,10.8,0
farm_8,farm_8_field_3,2026-05-13,70.5,initial,maize,12,0.0,3.6,loam,early,12,hose_reel,farm_reservoir,10.8,0
farm_8,farm_8_field_3,2026-05-14,77.5,initial,maize,13,0.0,0.3,loam,early,13,hose_reel,farm_reservoir,10.8,0
farm_8,farm_8_field_3,2026-05-15,72.3,initial,maize,14,0.0,0.1,loam,early,14,hose_reel,farm_reservoir,10.8,0
farm_8,farm_8_field_3,2026-05-16,75.5,initial,maize,15,0.0,0.0,loam,early,15,hose_reel,farm_reservoir,10.8,0
farm_8,farm_8_field_3,2026-05-17,71.7,initial,maize,16,0.0,0.1,loam,early,16,hose_reel,farm_reservoir,10.8,0
farm_8,farm_8_field_3,2026-05-18,74.2,initial,maize,17,0.0,0.1,loam,early,17,hose_reel,farm_reservoir,10.8,0
farm_8,farm_8_field_3,2026-05-19,70.8,initial,maize,18,0.0,0.1,loam,early,18,hose_reel,farm_reservoir,10.8,0
farm_8,farm_8_field_3,2026-05-20,70.7,initial,maize,19,0.0,0.1,loam,early,19,hose_reel,farm_reservoir,10.8,0
farm_8,farm_8_field_3,2026-05-21,64.9,initial,maize,20,0.0,17.5,loam,early,20,hose_reel,farm_reservoir,10.8,0
farm_8,farm_8_field_3,2026-05-22,85.2,initial,maize,21,0.0,6.4,loam,early,21,hose_reel,farm_reservoir,10.8,0
farm_8,farm_8_field_3,2026-05-23,82.7,initial,maize,22,0.0,0.5,loam,early,22,hose_reel,farm_reservoir,10.8,0
farm_8,farm_8_field_3,2026-05-24,89.5,initial,maize,23,0.0,0.8,loam,early,23,hose_reel,farm_reservoir,10.8,0
farm_8,farm_8_field_3,2026-05-25,83.2,initial,maize,24,0.0,0.7,loam,early,24,hose_reel,farm_reservoir,10.8,0
farm_8,farm_8_field_3,2026-05-26,84.6,initial,maize,25,0.0,0.6,loam,early,25,hose_reel,farm_reservoir,10.8,0
farm_8,farm_8_field_3,2026-05-27,87.0,development,maize,26,0.0,0.0,loam,early,26,hose_reel,farm_reservoir,10.8,0
farm_8,farm_8_field_3,2026-05-28,87.6,development,maize,27,0.0,0.0,loam,early,27,hose_reel,farm_reservoir,10.8,0
farm_8,farm_8_field_3,2026-05-29,82.7,development,maize,28,0.0,0.0,loam,early,28,hose_reel,farm_reservoir,10.8,0
farm_8,farm_8_field_3,2026-05-30,79.5,development,maize,29,0.0,0.0,loam,early,29,hose_reel,farm_reservoir,10.8,0
farm_8,farm_8_field_3,2026-05-31,81.4,development,maize,30,0.0,0.0,loam,early,30,hose_reel,farm_reservoir,10.8,0
farm_8,farm_8_field_3,2026-06-01,80.4,development,maize,31,0.0,0.1,loam,early,31,hose_reel,farm_reservoir,10.8,0
farm_8,farm_8_field_3,2026-06-02,76.5,development,maize,32,0.0,0.0,loam,early,32,hose_reel,farm_reservoir,10.8,0
farm_8,farm_8_field_3,2026-06-03,77.3,development,maize,33,0.0,0.0,loam,early,33,hose_reel,farm_reservoir,10.8,0
farm_8,farm_8_field_3,2026-06-04,70.5,development,maize,34,0.0,0.0,loam,early,34,hose_reel,farm_reservoir,10.8,0
farm_8,farm_8_field_3,2026-06-05,71.8,development,maize,35,0.0,0.2,loam,early,35,hose_reel,farm_reservoir,10.8,0
farm_8,farm_8_field_3,2026-06-06,69.9,development,maize,36,0.0,5.7,loam,early,36,hose_reel,farm_reservoir,10.8,0
farm_8,farm_8_field_3,2026-06-07,71.4,development,maize,37,0.0,0.0,loam,early,37,hose_reel,farm_reservoir,10.8,0
farm_8,farm_8_field_3,2026-06-08,,development,maize,38,0.0,0.0,loam,early,38,hose_reel,farm_reservoir,10.8,0
farm_8,farm_8_field_3,2026-06-09,66.3,development,maize,39,0.0,0.0,loam,early,39,hose_reel,farm_reservoir,10.8,0
farm_8,farm_8_field_3,2026-06-10,60.9,development,maize,40,0.0,0.5,loam,early,40,hose_reel,farm_reservoir,10.8,0
farm_8,farm_8_field_3,2026-06-11,57.8,development,maize,41,0.0,0.0,loam,early,41,hose_reel,farm_reservoir,10.8,0
farm_8,farm_8_field_3,2026-06-12,54.2,development,maize,42,0.0,0.0,loam,early,42,hose_reel,farm_reservoir,10.8,0
farm_8,farm_8_field_3,2026-06-13,49.8,development,maize,43,0.0,0.5,loam,early,43,hose_reel,farm_reservoir,10.8,0
farm_8,farm_8_field_3,2026-06-14,49.2,development,maize,44,0.0,0.0,loam,early,44,hose_reel,farm_reservoir,10.8,0
farm_8,farm_8_field_3,2026-06-15,49.0,development,maize,45,0.0,0.3,loam,early,45,hose_reel,farm_reservoir,10.8,1
farm_8,farm_8_field_3,2026-06-16,44.0,development,maize,46,0.0,0.0,loam,early,46,hose_reel,farm_reservoir,10.8,1
farm_8,farm_8_field_3,2026-06-17,40.9,development,maize,47,0.0,0.0,loam,early,47,hose_reel,farm_reservoir,10.8,1
farm_8,farm_8_field_3,2026-06-18,32.2,development,maize,48,0.0,0.0,loam,early,48,hose_reel,farm_reservoir,10.8,1
farm_8,farm_8_field_3,2026-06-19,30.5,development,maize,49,0.0,0.8,loam,early,49,hose_reel,farm_reservoir,10.8,2
farm_8,farm_8_field_3,2026-06-20,60.0,development,maize,1,40.0,0.4,loam,early,50,hose_reel,farm_reservoir,10.8,0
farm_8,farm_8_field_3,2026-06-21,56.6,development,maize,2,40.0,0.2,loam,early,51,hose_reel,farm_reservoir,10.8,0
farm_8,farm_8_field_3,2026-06-22,51.1,development,maize,3,40.0,0.2,loam,early,52,hose_reel,farm_reservoir,10.8,0
farm_8,farm_8_field_3,2026-06-23,50.9,development,maize,4,40.0,0.0,loam,early,53,hose_reel,farm_reservoir,10.8,0
farm_8,farm_8_field_3,2026-06-24,53.1,development,maize,5,40.0,0.0,loam,early,54,hose_reel,farm_reservoir,10.8,1
farm_8,farm_8_field_3,2026-06-25,44.0,development,maize,6,40.0,2.1,loam,early,55,hose_reel,farm_reservoir,10.8,1
farm_8,farm_8_field_3,2026-06-26,43.5,development,maize,7,40.0,0.5,loam,early,56,hose_reel,farm_reservoir,10.8,1
farm_8,farm_8_field_3,2026-06-27,33.0,development,maize,8,40.0,0.0,loam,early,57,hose_reel,farm_reservoir,10.8,1
farm_8,farm_8_field_3,2026-06-28,33.0,development,maize,9,40.0,0.0,loam,early,58,hose_reel,farm_reservoir,10.8,1
farm_8,farm_8_field_3,2026-06-29,33.0,development,maize,10,40.0,0.3,loam,early,59,hose_reel,farm_reservoir,10.8,2
farm_8,farm_8_field_3,2026-06-30,,sensitive,maize,1,40.0,0.4,loam,early,60,hose_reel,farm_reservoir,10.8,1
farm_8,farm_8_field_3,2026-07-01,33.0,sensitive,maize,2,40.0,0.5,loam,early,61,hose_reel,farm_reservoir,10.8,1
farm_8,farm_8_field_3,2026-07-02,41.6,sensitive,maize,3,40.0,0.0,loam,early,62,hose_reel,farm_reservoir,10.8,1
farm_8,farm_8_field_3,2026-07-03,44.8,sensitive,maize,4,40.0,0.0,loam,early,63,hose_reel,farm_reservoir,10.8,2
farm_8,farm_8_field_3,2026-07-04,67.0,sensitive,maize,1,40.0,0.0,loam,early,64,hose_reel,farm_reservoir,10.8,0
farm_8,farm_8_field_3,2026-07-05,,sensitive,maize,2,40.0,0.3,loam,early,65,hose_reel,farm_reservoir,10.8,1
farm_8,farm_8_field_3,2026-07-06,52.5,sensitive,maize,3,40.0,0.6,loam,early,66,hose_reel,farm_reservoir,10.8,1
farm_8,farm_8_field_3,2026-07-07,47.2,sensitive,maize,4,40.0,0.0,loam,early,67,hose_reel,farm_reservoir,10.8,1
farm_8,farm_8_field_3,2026-07-08,71.5,sensitive,maize,1,40.0,0.4,loam,early,68,hose_reel,farm_reservoir,10.8,0
farm_8,farm_8_field_3,2026-07-09,61.6,sensitive,maize,2,40.0,0.0,loam,early,69,hose_reel,farm_reservoir,10.8,0
farm_8,farm_8_field_3,2026-07-10,58.7,sensitive,maize,3,40.0,0.0,loam,early,70,hose_reel,farm_reservoir,10.8,1
farm_8,farm_8_field_3,2026-07-11,49.7,sensitive,maize,4,40.0,0.0,loam,early,71,hose_reel,farm_reservoir,10.8,1
farm_8,farm_8_field_3,2026-07-12,48.0,sensitive,maize,5,40.0,0.1,loam,early,72,hose_reel,farm_reservoir,10.8,1
farm_8,farm_8_field_3,2026-07-13,44.1,sensitive,maize,6,40.0,0.0,loam,early,73,hose_reel,farm_reservoir,10.8,2
farm_8,farm_8_field_3,2026-07-14,69.6,sensitive,maize,1,40.0,0.1,loam,early,74,hose_reel,farm_reservoir,10.8,0
farm_8,farm_8_field_3,2026-07-15,69.6,sensitive,maize,2,40.0,0.0,loam,early,75,hose_reel,farm_reservoir,10.8,0
farm_8,farm_8_field_3,2026-07-16,69.6,sensitive,maize,3,40.0,0.0,loam,early,76,hose_reel,farm_reservoir,10.8,1
farm_8,farm_8_field_3,2026-07-17,69.6,sensitive,maize,4,40.0,0.5,loam,early,77,hose_reel,farm_reservoir,10.8,1
farm_8,farm_8_field_3,2026-07-18,69.6,sensitive,maize,5,40.0,0.0,loam,early,78,hose_reel,farm_reservoir,10.8,1
farm_8,farm_8_field_3,2026-07-19,69.6,sensitive,maize,6,40.0,0.0,loam,early,79,hose_reel,farm_reservoir,10.8,2
farm_8,farm_8_field_3,2026-07-20,62.2,sensitive,maize,1,40.0,0.3,loam,early,80,hose_reel,farm_reservoir,10.8,0
farm_8,farm_8_field_3,2026-07-21,58.0,sensitive,maize,2,40.0,0.0,loam,early,81,hose_reel,farm_reservoir,10.8,1
farm_8,farm_8_field_3,2026-07-22,50.4,sensitive,maize,3,40.0,0.0,loam,early,82,hose_reel,farm_reservoir,10.8,1
farm_8,farm_8_field_3,2026-07-23,50.7,sensitive,maize,4,40.0,0.5,loam,early,83,hose_reel,farm_reservoir,10.8,1
farm_8,farm_8_field_3,2026-07-24,45.8,sensitive,maize,5,40.0,0.1,loam,early,84,hose_reel,farm_reservoir,10.8,2
farm_8,farm_8_field_3,2026-07-25,70.9,sensitive,maize,1,40.0,0.0,loam,early,85,hose_reel,farm_reservoir,10.8,0
farm_8,farm_8_field_3,2026-07-26,63.8,sensitive,maize,2,40.0,0.0,loam,early,86,hose_reel,farm_reservoir,10.8,0
farm_8,farm_8_field_3,2026-07-27,58.2,sensitive,maize,3,40.0,0.0,loam,early,87,hose_reel,farm_reservoir,10.8,1
farm_8,farm_8_field_3,2026-07-28,54.2,sensitive,maize,4,40.0,0.0,loam,early,88,hose_reel,farm_reservoir,10.8,1
farm_8,farm_8_field_3,2026-07-29,46.4,sensitive,maize,5,40.0,0.2,loam,early,89,hose_reel,farm_reservoir,10.8,1
farm_8,farm_8_field_3,2026-07-30,72.3,sensitive,maize,1,40.0,0.0,loam,early,90,hose_reel,farm_reservoir,10.8,0
farm_8,farm_8_field_3,2026-07-31,68.8,sensitive,maize,2,40.0,9.8,loam,early,91,hose_reel,farm_reservoir,10.8,0
farm_8,farm_8_field_3,2026-08-01,73.0,sensitive,maize,3,40.0,0.2,loam,early,92,hose_reel,farm_reservoir,10.8,0
farm_8,farm_8_field_3,2026-08-02,63.7,sensitive,maize,4,40.0,0.0,loam,early,93,hose_reel,farm_reservoir,10.8,0
farm_8,farm_8_field_3,2026-08-03,63.3,sensitive,maize,5,40.0,10.0,loam,early,94,hose_reel,farm_reservoir,10.8,0
farm_8,farm_8_field_3,2026-08-04,61.2,sensitive,maize,6,40.0,0.0,loam,early,95,hose_reel,farm_reservoir,10.8,0
farm_8,farm_8_field_3,2026-08-05,58.6,sensitive,maize,7,40.0,0.0,loam,early,96,hose_reel,farm_reservoir,10.8,1
farm_8,farm_8_field_3,2026-08-06,80.5,sensitive,maize,1,36.9,0.6,loam,early,97,hose_reel,farm_reservoir,10.8,0
farm_8,farm_8_field_3,2026-08-07,77.1,sensitive,maize,2,36.9,0.0,loam,early,98,hose_reel,farm_reservoir,10.8,0
farm_8,farm_8_field_3,2026-08-08,72.2,sensitive,maize,3,36.9,0.2,loam,early,99,hose_reel,farm_reservoir,10.8,0
farm_8,farm_8_field_3,2026-08-09,69.6,sensitive,maize,4,36.9,0.0,loam,early,100,hose_reel,farm_reservoir,10.8,0
farm_8,farm_8_field_3,2026-08-10,65.4,sensitive,maize,5,36.9,0.9,loam,early,101,hose_reel,farm_reservoir,10.8,0
farm_8,farm_8_field_3,2026-08-11,58.7,late,maize,6,36.9,0.0,loam,early,102,hose_reel,farm_reservoir,10.8,0
farm_8,farm_8_field_3,2026-08-12,55.7,late,maize,7,36.9,0.0,loam,early,103,hose_reel,farm_reservoir,10.8,0
farm_8,farm_8_field_3,2026-08-13,56.4,late,maize,8,36.9,0.1,loam,early,104,hose_reel,farm_reservoir,10.8,0
farm_8,farm_8_field_3,2026-08-14,56.3,late,maize,9,36.9,0.0,loam,early,105,hose_reel,farm_reservoir,10.8,0
farm_8,farm_8_field_3,2026-08-15,51.4,late,maize,10,36.9,0.4,loam,early,106,hose_reel,farm_reservoir,10.8,0
farm_8,farm_8_field_3,2026-08-16,52.9,late,maize,11,36.9,0.2,loam,early,107,hose_reel,farm_reservoir,10.8,0
farm_8,farm_8_field_3,2026-08-17,49.9,late,maize,12,36.9,0.0,loam,early,108,hose_reel,farm_reservoir,10.8,0
farm_8,farm_8_field_3,2026-08-18,44.6,late,maize,13,36.9,0.2,loam,early,109,hose_reel,farm_reservoir,10.8,0
farm_8,farm_8_field_3,2026-08-19,40.3,late,maize,14,36.9,0.5,loam,early,110,hose_reel,farm_reservoir,10.8,0
farm_8,farm_8_field_3,2026-08-20,38.8,late,maize,15,36.9,2.9,loam,early,111,hose_reel,farm_reservoir,10.8,0
farm_8,farm_8_field_3,2026-08-21,44.7,late,maize,16,36.9,0.4,loam,early,112,hose_reel,farm_reservoir,10.8,0
farm_8,farm_8_field_3,2026-08-22,42.4,late,maize,17,36.9,0.1,loam,early,113,hose_reel,farm_reservoir,10.8,0
farm_8,farm_8_field_3,2026-08-23,34.5,late,maize,18,36.9,0.0,loam,early,114,hose_reel,farm_reservoir,10.8,1
farm_8,farm_8_field_3,2026-08-24,40.7,late,maize,19,36.9,0.0,loam,early,115,hose_reel,farm_reservoir,10.8,1
farm_8,farm_8_field_3,2026-08-25,34.2,late,maize,20,36.9,0.2,loam,early,116,hose_reel,farm_reservoir,10.8,1
farm_8,farm_8_field_3,2026-08-26,34.3,late,maize,21,36.9,0.5,loam,early,117,hose_reel,farm_reservoir,10.8,1
farm_8,farm_8_field_3,2026-08-27,62.8,late,maize,1,40.0,0.2,loam,early,118,hose_reel,farm_reservoir,10.8,0
farm_8,farm_8_field_3,2026-08-28,60.0,late,maize,2,40.0,4.6,loam,early,119,hose_reel,farm_reservoir,10.8,0
farm_8,farm_8_field_3,2026-08-29,59.6,late,maize,3,40.0,0.0,loam,early,120,hose_reel,farm_reservoir,10.8,0
farm_8,farm_8_field_3,2026-08-30,62.2,late,maize,4,40.0,0.0,loam,early,121,hose_reel,farm_reservoir,10.8,0
farm_8,farm_8_field_3,2026-08-31,55.0,late,maize,5,40.0,0.0,loam,early,122,hose_reel,farm_reservoir,10.8,0
farm_8,farm_8_field_3,2026-09-01,58.0,late,maize,6,40.0,0.0,loam,early,123,hose_reel,farm_reservoir,10.8,0
farm_8,farm_8_field_3,2026-09-02,57.3,late,maize,7,40.0,0.0,loam,early,124,hose_reel,farm_reservoir,10.8,0
farm_8,farm_8_field_3,2026-09-03,54.0,late,maize,8,40.0,0.1,loam,early,125,hose_reel,farm_reservoir,10.8,0
farm_8,farm_8_field_3,2026-09-04,51.9,late,maize,9,40.0,0.0,loam,early,126,hose_reel,farm_reservoir,10.8,0
farm_8,farm_8_field_3,2026-09-05,52.5,late,maize,10,40.0,0.0,loam,early,127,hose_reel,farm_reservoir,10.8,0
farm_8,farm_8_field_3,2026-09-06,48.5,late,maize,11,40.0,0.0,loam,early,128,hose_reel,farm_reservoir,10.8,0
farm_8,farm_8_field_3,2026-09-07,51.8,late,maize,12,40.0,0.6,loam,early,129,hose_reel,farm_reservoir,10.8,0
farm_8,farm_8_field_3,2026-09-08,47.4,late,maize,13,40.0,0.0,loam,early,130,hose_reel,farm_reservoir,10.8,0
farm_8,farm_8_field_3,2026-09-09,43.6,late,maize,14,40.0,0.6,loam,early,131,hose_reel,farm_reservoir,10.8,0
farm_8,farm_8_field_3,2026-09-10,44.0,late,maize,15,40.0,0.3,loam,early,132,hose_reel,farm_reservoir,10.8,0
farm_8,farm_8_field_3,2026-09-11,44.0,late,maize,16,40.0,0.0,loam,early,133,hose_reel,farm_reservoir,10.8,0
farm_8,farm_8_field_3,2026-09-12,43.0,late,maize,17,40.0,0.5,loam,early,134,hose_reel,farm_reservoir,10.8,0
farm_8,farm_8_field_3,2026-09-13,38.4,late,maize,18,40.0,0.0,loam,early,135,hose_reel,farm_reservoir,10.8,1
farm_8,farm_8_field_3,2026-09-14,39.2,late,maize,19,40.0,0.0,loam,early,136,hose_reel,farm_reservoir,10.8,1
farm_8,farm_8_field_3,2026-09-15,65.1,late,maize,1,40.0,0.0,loam,early,137,hose_reel,farm_reservoir,10.8,0
farm_8,farm_8_field_3,2026-09-16,67.8,late,maize,2,40.0,0.2,loam,early,138,hose_reel,farm_reservoir,10.8,0
farm_8,farm_8_field_3,2026-09-17,67.0,late,maize,3,40.0,0.0,loam,early,139,hose_reel,farm_reservoir,10.8,0
farm_8,farm_8_field_3,2026-09-18,62.9,late,maize,4,40.0,0.5,loam,early,140,hose_reel,farm_reservoir,10.8,0
farm_8,farm_8_field_3,2026-09-19,61.3,late,maize,5,40.0,0.9,loam,early,141,hose_reel,farm_reservoir,10.8,0
farm_8,farm_8_field_3,2026-09-20,63.2,late,maize,6,40.0,0.0,loam,early,142,hose_reel,farm_reservoir,10.8,0
farm_8,farm_8_field_3,2026-09-21,58.7,late,maize,7,40.0,0.0,loam,early,143,hose_reel,farm_reservoir,10.8,0
farm_8,farm_8_field_3,2026-09-22,54.1,late,maize,8,40.0,0.0,loam,early,144,hose_reel,farm_reservoir,10.8,0
farm_8,farm_8_field_3,2026-09-23,,late,maize,9,40.0,0.0,loam,early,145,hose_reel,farm_reservoir,10.8,0
farm_8,farm_8_field_3,2026-09-24,56.8,late,maize,10,40.0,0.0,loam,early,146,hose_reel,farm_reservoir,10.8,0
farm_8,farm_8_field_3,2026-09-25,51.5,late,maize,11,40.0,0.5,loam,early,147,hose_reel,farm_reservoir,10.8,0
farm_8,farm_8_field_3,2026-09-26,53.3,late,maize,12,40.0,0.0,loam,early,148,hose_reel,farm_reservoir,10.8,0
farm_8,farm_8_field_3,2026-09-27,52.3,late,maize,13,40.0,3.6,loam,early,149,hose_reel,farm_reservoir,10.8,0
farm_8,farm_8_field_3,2026-09-28,54.7,late,maize,14,40.0,0.6,loam,early,150,hose_reel,farm_reservoir,10.8,0
farm_8,farm_8_field_3,2026-09-29,54.3,late,maize,15,40.0,0.6,loam,early,151,hose_reel,farm_reservoir,10.8,0
farm_8,farm_8_field_3,2026-09-30,50.1,late,maize,16,40.0,0.0,loam,early,152,hose_reel,farm_reservoir,10.8,0
