farm_id,field_id,date,soil_moisture_pct_nfk,growth_stage,crop_type,days_since_last_irrigation,previous_irrigation_mm,onfarm_rain_gauge_mm,soil_type,crop_variety_maturity,days_after_planting,irrigation_type,water_source,field_area_ha,irrigation_need
farm_2,farm_2_field_1,2025-04-15,68.6,initial,potato,3,0.0,0.2,sand,late,3,hose_reel,irrigation_canal,7.1,0
farm_2,farm_2_field_1,2025-04-16,67.9,initial,potato,4,0.0,3.6,sand,late,4,hose_reel,irrigation_canal,7.1,0
farm_2,farm_2_field_1,2025-04-17,75.1,initial,potato,5,0.0,0.0,sand,late,5,hose_reel,irrigation_canal,7.1,0
farm_2,farm_2_field_1,2025-04-18,65.0,initial,potato,6,0.0,0.0,sand,late,6,hose_reel,irrigation_canal,7.1,0
farm_2,farm_2_field_1,2025-04-19,67.7,initial,potato,7,0.0,0.0,sand,late,7,hose_reel,irrigation_canal,7.1,0
farm_2,farm_2_field_1,2025-04-20,65.7,initial,potato,8,0.0,0.1,sand,late,8,hose_reel,irrigation_canal,7.1,0
farm_2,farm_2_field_1,2025-04-21,62.9,initial,potato,9,0.0,0.0,sand,late,9,hose_reel,irrigation_canal,7.1,0
farm_2,farm_2_field_1,2025-04-22,64.7,initial,potato,10,0.0,3.1,sand,late,10,hose_reel,irrigation_canal,7.1,0
farm_2,farm_2_field_1,2025-04-23,67.2,initial,potato,11,0.0,0.1,sand,late,11,hose_reel,irrigation_canal,7.1,0
farm_2,farm_2_field_1,2025-04-24,61.9,initial,potato,12,0.0,0.0,sand,late,12,hose_reel,irrigation_canal,7.1,0
farm_2,farm_2_field_1,2025-04-25,61.3,initial,potato,13,0.0,0.7,sand,late,13,hose_reel,irrigation_canal,7.1,0
farm_2,farm_2_field_1,2025-04-26,69.2,initial,potato,14,0.0,0.1,sand,late,14,hose_reel,irrigation_canal,7.1,0
farm_2,farm_2_field_1,2025-04-27,58.0,initial,potato,15,0.0,3.2,sand,late,15,hose_reel,irrigation_canal,7.1,0
farm_2,farm_2_field_1,2025-04-28,65.9,initial,potato,16,0.0,0.3,sand,late,16,hose_reel,irrigation_canal,7.1,0
farm_2,farm_2_field_1,2025-04-29,62.1,initial,potato,17,0.0,0.5,sand,late,17,hose_reel,irrigation_canal,7.1,0
farm_2,farm_2_field_1,2025-04-30,59.7,initial,potato,18,0.0,0.5,sand,late,18,hose_reel,irrigation_canal,7.1,0
farm_2,farm_2_field_1,2025-05-01,58.1,initial,potato,19,0.0,0.0,sand,late,19,hose_reel,irrigation_canal,7.1,0
farm_2,farm_2_field_1,2025-05-02,60.6,initial,potato,20,0.0,0.0,sand,late,20,hose_reel,irrigation_canal,7.1,0
farm_2,farm_2_field_1,2025-05-03,62.0,initial,potato,21,0.0,3.5,sand,late,21,hose_reel,irrigation_canal,7.1,0
farm_2,farm_2_field_1,2025-05-04,57.2,initial,potato,22,0.0,0.0,sand,late,22,hose_reel,irrigation_canal,7.1,0
farm_2,farm_2_field_1,2025-05-05,50.1,initial,potato,23,0.0,0.2,sand,late,23,hose_reel,irrigation_canal,7.1,0
farm_2,farm_2_field_1,2025-05-06,54.5,initial,potato,24,0.0,0.0,sand,late,24,hose_reel,irrigation_canal,7.1,0
farm_2,farm_2_field_1,2025-05-07,56.3,initial,potato,25,0.0,0.2,sand,late,25,hose_reel,irrigation_canal,7.1,0
farm_2,farm_2_field_1,2025-05-08,49.6,initial,potato,26,0.0,0.0,sand,late,26,hose_reel,irrigation_canal,7.1,0
farm_2,farm_2_field_1,2025-05-09,52.1,initial,potato,27,0.0,0.3,sand,late,27,hose_reel,irrigation_canal,7.1,0
farm_2,farm_2_field_1,2025-05-10,49.3,initial,potato,28,0.0,0.0,sand,late,28,hose_reel,irrigation_canal,7.1,1
farm_2,farm_2_field_1,2025-05-11,42.8,development,potato,29,0.0,0.0,sand,late,29,hose_reel,irrigation_canal,7.1,1
farm_2,farm_2_field_1,2025-05-12,44.5,development,potato,30,0.0,0.0,sand,late,30,hose_reel,irrigation_canal,7.1,1
farm_2,farm_2_field_1,2025-05-13,37.5,development,potato,31,0.0,0.5,sand,late,31,hose_reel,irrigation_canal,7.1,1
farm_2,farm_2_field_1,2025-05-14,87.9,development,potato,1,34.8,0.0,sand,late,32,hose_reel,irrigation_canal,7.1,0
farm_2,farm_2_field_1,2025-05-15,85.0,development,potato,2,34.8,0.0,sand,late,33,hose_reel,irrigation_canal,7.1,0
farm_2,farm_2_field_1,2025-05-16,76.5,development,potato,3,34.8,0.4,sand,late,34,hose_reel,irrigation_canal,7.1,0
farm_2,farm_2_field_1,2025-05-17,75.7,development,potato,4,34.8,5.3,sand,late,35,hose_reel,irrigation_canal,7.1,0
farm_2,farm_2_field_1,2025-05-18,78.6,development,potato,5,34.8,0.1,sand,late,36,hose_reel,irrigation_canal,7.1,0
farm_2,farm_2_field_1,2025-05-19,74.7,development,potato,6,34.8,7.1,sand,late,37,hose_reel,irrigation_canal,7.1,0
farm_2,farm_2_field_1,2025-05-20,78.6,development,potato,7,34.8,0.0,sand,late,38,hose_reel,irrigation_canal,7.1,0
farm_2,farm_2_field_1,2025-05-21,71.8,development,potato,8,34.8,4.1,sand,late,39,hose_reel,irrigation_canal,7.1,0
farm_2,farm_2_field_1,2025-05-22,74.5,development,potato,9,34.8,0.0,sand,late,40,hose_reel,irrigation_canal,7.1,0
farm_2,farm_2_field_1,2025-05-23,78.4,development,potato,10,34.8,0.9,sand,late,41,hose_reel,irrigation_canal,7.1,0
farm_2,farm_2_field_1,2025-05-24,69.1,development,potato,11,34.8,0.7,sand,late,42,hose_reel,irrigation_canal,7.1,0
farm_2,farm_2_field_1,2025-05-25,66.4,development,potato,12,34.8,2.7,sand,late,43,hose_reel,irrigation_canal,7.1,0
farm_2,farm_2_field_1,2025-05-26,65.5,development,potato,13,34.8,0.9,sand,late,44,hose_reel,irrigation_canal,7.1,0
farm_2,farm_2_field_1,2025-05-27,60.6,development,potato,14,34.8,0.6,sand,late,45,hose_reel,irrigation_canal,7.1,0
farm_2,farm_2_field_1,2025-05-28,62.9,development,potato,15,34.8,0.8,sand,late,46,hose_reel,irrigation_canal,7.1,0
farm_2,farm_2_field_1,2025-05-29,57.7,development,potato,16,34.8,0.0,sand,late,47,hose_reel,irrigation_canal,7.1,0
farm_2,farm_2_field_1,2025-05-30,49.8,development,potato,17,34.8,0.1,sand,late,48,hose_reel,irrigation_canal,7.1,1
farm_2,farm_2_field_1,2025-05-31,47.5,development,potato,18,34.8,0.1,sand,late,49,hose_reel,irrigation_canal,7.1,1
farm_2,farm_2_field_1,2025-06-01,46.2,development,potato,19,34.8,0.0,sand,late,50,hose_reel,irrigation_canal,7.1,1
farm_2,farm_2_field_1,2025-06-02,37.1,development,potato,20,34.8,0.5,sand,late,51,hose_reel,irrigation_canal,7.1,1
farm_2,farm_2_field_1,2025-06-03,32.8,development,potato,21,34.8,0.0,sand,late,52,hose_reel,irrigation_canal,7.1,2
farm_2,farm_2_field_1,2025-06-04,87.1,development,potato,1,38.0,0.0,sand,late,53,hose_reel,irrigation_canal,7.1,0
farm_2,farm_2_field_1,2025-06-05,87.1,development,potato,2,38.0,0.0,sand,late,54,hose_reel,irrigation_canal,7.1,0
farm_2,farm_2_field_1,2025-06-06,87.1,development,potato,3,38.0,0.7,sand,late,55,hose_reel,irrigation_canal,7.1,0
farm_2,farm_2_field_1,2025-06-07,87.1,development,potato,4,38.0,14.4,sand,late,56,hose_reel,irrigation_canal,7.1,0
farm_2,farm_2_field_1,2025-06-08,87.1,development,potato,5,38.0,14.7,sand,late,57,hose_reel,irrigation_canal,7.1,0
farm_2,farm_2_field_1,2025-06-09,100.0,development,potato,6,38.0,0.4,sand,late,58,hose_reel,irrigation_canal,7.1,0
farm_2,farm_2_field_1,2025-06-10,99.1,development,potato,7,38.0,0.8,sand,late,59,hose_reel,irrigation_canal,7.1,0
farm_2,farm_2_field_1,2025-06-11,94.0,development,potato,8,38.0,0.1,sand,late,60,hose_reel,irrigation_canal,7.1,0
farm_2,farm_2_field_1,2025-06-12,91.1,development,potato,9,38.0,0.0,sand,late,61,hose_reel,irrigation_canal,7.1,0
farm_2,farm_2_field_1,2025-06-13,85.9,development,potato,10,38.0,0.5,sand,late,62,hose_reel,irrigation_canal,7.1,0
farm_2,farm_2_field_1,2025-06-14,77.9,sensitive,potato,11,38.0,0.9,sand,late,63,hose_reel,irrigation_canal,7.1,0
farm_2,farm_2_field_1,2025-06-15,77.7,sensitive,potato,12,38.0,0.0,sand,late,64,hose_reel,irrigation_canal,7.1,0
farm_2,farm_2_field_1,2025-06-16,68.2,sensitive,potato,13,38.0,0.0,sand,late,65,hose_reel,irrigation_canal,7.1,0
farm_2,farm_2_field_1,2025-06-17,66.2,sensitive,potato,14,38.0,0.6,sand,late,66,hose_reel,irrigation_canal,7.1,1
farm_2,farm_2_field_1,2025-06-18,56.1,sensitive,potato,15,38.0,17.7,sand,late,67,hose_reel,irrigation_canal,7.1,1
farm_2,farm_2_field_1,2025-06-19,72.7,sensitive,potato,16,38.0,0.0,sand,late,68,hose_reel,irrigation_canal,7.1,0
farm_2,farm_2_field_1,2025-06-20,69.6,sensitive,potato,17,38.0,0.0,sand,late,69,hose_reel,irrigation_canal,7.1,0
farm_2,farm_2_field_1,2025-06-21,61.7,sensitive,potato,18,38.0,0.1,sand,late,70,hose_reel,irrigation_canal,7.1,1
farm_2,farm_2_field_1,2025-06-22,,sensitive,potato,19,38.0,0.9,sand,late,71,hose_reel,irrigation_canal,7.1,1
farm_2,farm_2_field_1,2025-06-23,50.9,sensitive,potato,20,38.0,0.0,sand,late,72,hose_reel,irrigation_canal,7.1,2
farm_2,farm_2_field_1,2025-06-24,81.9,sensitive,potato,1,28.5,0.0,sand,late,73,hose_reel,irrigation_canal,7.1,0
farm_2,farm_2_field_1,2025-06-25,76.2,sensitive,potato,2,28.5,0.0,sand,late,74,hose_reel,irrigation_canal,7.1,0
farm_2,farm_2_field_1,2025-06-26,66.2,sensitive,potato,3,28.5,0.7,sand,late,75,hose_reel,irrigation_canal,7.1,0
farm_2,farm_2_field_1,2025-06-27,67.6,sensitive,potato,4,28.5,0.0,sand,late,76,hose_reel,irrigation_canal,7.1,1
farm_2,farm_2_field_1,2025-06-28,82.7,sensitive,potato,1,18.1,2.6,sand,late,77,hose_reel,irrigation_canal,7.1,0
farm_2,farm_2_field_1,2025-06-29,76.1,sensitive,potato,2,18.1,0.3,sand,late,78,hose_reel,irrigation_canal,7.1,0
farm_2,farm_2_field_1,2025-06-30,70.1,sensitive,potato,3,18.1,0.0,sand,late,79,hose_reel,irrigation_canal,7.1,0
farm_2,farm_2_field_1,2025-07-01,61.9,sensitive,potato,4,18.1,0.0,sand,late,80,hose_reel,irrigation_canal,7.1,0
farm_2,farm_2_field_1,2025-07-02,53.8,sensitive,potato,5,18.1,0.0,sand,late,81,hose_reel,irrigation_canal,7.1,1
farm_2,farm_2_field_1,2025-07-03,45.0,sensitive,potato,6,18.1,0.7,sand,late,82,hose_reel,irrigation_canal,7.1,2
farm_2,farm_2_field_1,2025-07-04,80.1,sensitive,potato,1,29.2,0.3,sand,late,83,hose_reel,irrigation_canal,7.1,0
farm_2,farm_2_field_1,2025-07-05,69.9,sensitive,potato,2,29.2,1.1,sand,late,84,hose_reel,irrigation_canal,7.1,0
farm_2,farm_2_field_1,2025-07-06,60.4,sensitive,potato,3,29.2,0.8,sand,late,85,hose_reel,irrigation_canal,7.1,1
farm_2,farm_2_field_1,2025-07-07,49.7,sensitive,potato,4,29.2,0.0,sand,late,86,hose_reel,irrigation_canal,7.1,1
farm_2,farm_2_field_1,2025-07-08,47.6,sensitive,potato,5,29.2,0.6,sand,late,87,hose_reel,irrigation_canal,7.1,2
farm_2,farm_2_field_1,2025-07-09,85.6,sensitive,potato,1,30.3,0.1,sand,late,88,hose_reel,irrigation_canal,7.1,0
farm_2,farm_2_field_1,2025-07-10,69.8,sensitive,potato,2,30.3,0.5,sand,late,89,hose_reel,irrigation_canal,7.1,0
farm_2,farm_2_field_1,2025-07-11,62.1,sensitive,potato,3,30.3,0.4,sand,late,90,hose_reel,irrigation_canal,7.1,0
farm_2,farm_2_field_1,2025-07-12,60.2,sensitive,potato,4,30.3,0.8,sand,late,91,hose_reel,irrigation_canal,7.1,1
farm_2,farm_2_field_1,2025-07-13,49.1,sensitive,potato,5,30.3,0.3,sand,late,92,hose_reel,irrigation_canal,7.1,2
farm_2,farm_2_field_1,2025-07-14,87.4,sensitive,potato,1,28.4,0.5,sand,late,93,hose_reel,irrigation_canal,7.1,0
farm_2,farm_2_field_1,2025-07-15,76.7,sensitive,potato,2,28.4,0.0,sand,late,94,hose_reel,irrigation_canal,7.1,0
farm_2,farm_2_field_1,2025-07-16,65.4,sensitive,potato,3,28.4,0.0,sand,late,95,hose_reel,irrigation_canal,7.1,0
farm_2,farm_2_field_1,2025-07-17,56.6,sensitive,potato,4,28.4,0.0,sand,late,96,hose_reel,irrigation_canal,7.1,1
farm_2,farm_2_field_1,2025-07-18,56.4,sensitive,potato,5,28.4,1.8,sand,late,97,hose_reel,irrigation_canal,7.1,1
farm_2,farm_2_field_1,2025-07-19,50.8,sensitive,potato,6,28.4,7.8,sand,late,98,hose_reel,irrigation_canal,7.1,1
farm_2,farm_2_field_1,2025-07-20,52.0,sensitive,potato,7,28.4,0.7,sand,late,99,hose_reel,irrigation_canal,7.1,1
farm_2,farm_2_field_1,2025-07-21,,sensitive,potato,8,28.4,0.9,sand,late,100,hose_reel,irrigation_canal,7.1,2
farm_2,farm_2_field_1,2025-07-22,85.5,sensitive,potato,1,28.9,0.0,sand,late,101,hose_reel,irrigation_canal,7.1,0
farm_2,farm_2_field_1,2025-07-23,71.2,sensitive,potato,2,28.9,0.0,sand,late,102,hose_reel,irrigation_canal,7.1,0
farm_2,farm_2_field_1,2025-07-24,62.5,sensitive,potato,3,28.9,0.4,sand,late,103,hose_reel,irrigation_canal,7.1,0
farm_2,farm_2_field_1,2025-07-25,61.7,sensitive,potato,4,28.9,0.0,sand,late,104,hose_reel,irrigation_canal,7.1,1
farm_2,farm_2_field_1,2025-07-26,56.5,sensitive,potato,5,28.9,0.1,sand,late,105,hose_reel,irrigation_canal,7.1,1
farm_2,farm_2_field_1,2025-07-27,38.8,sensitive,potato,6,28.9,1.2,sand,late,106,hose_reel,irrigation_canal,7.1,2
farm_2,farm_2_field_1,2025-07-28,87.7,sensitive,potato,1,31.2,0.2,sand,late,107,hose_reel,irrigation_canal,7.1,0
farm_2,farm_2_field_1,2025-07-29,87.7,sensitive,potato,2,31.2,5.4,sand,late,108,hose_reel,irrigation_canal,7.1,0
farm_2,farm_2_field_1,2025-07-30,87.7,sensitive,potato,3,31.2,0.0,sand,late,109,hose_reel,irrigation_canal,7.1,0
farm_2,farm_2_field_1,2025-07-31,87.7,sensitive,potato,4,31.2,0.0,sand,late,110,hose_reel,irrigation_canal,7.1,0
farm_2,farm_2_field_1,2025-08-01,87.7,sensitive,potato,5,31.2,0.0,sand,late,111,hose_reel,irrigation_canal,7.1,1
farm_2,farm_2_field_1,2025-08-02,87.7,sensitive,potato,6,31.2,0.4,sand,late,112,hose_reel,irrigation_canal,7.1,1
farm_2,farm_2_field_1,2025-08-03,47.8,sensitive,potato,7,31.2,0.0,sand,late,113,hose_reel,irrigation_canal,7.1,2
farm_2,farm_2_field_1,2025-08-04,80.7,sensitive,potato,1,28.0,1.2,sand,late,114,hose_reel,irrigation_canal,7.1,0
farm_2,farm_2_field_1,2025-08-05,72.7,late,potato,2,28.0,0.0,sand,late,115,hose_reel,irrigation_canal,7.1,0
farm_2,farm_2_field_1,2025-08-06,65.9,late,potato,3,28.0,6.9,sand,late,116,hose_reel,irrigation_canal,7.1,0
farm_2,farm_2_field_1,2025-08-07,73.9,late,potato,4,28.0,0.4,sand,late,117,hose_reel,irrigation_canal,7.1,0
farm_2,farm_2_field_1,2025-08-08,,late,potato,5,28.0,0.0,sand,late,118,hose_reel,irrigation_canal,7.1,0
farm_2,farm_2_field_1,2025-08-09,67.4,late,potato,6,28.0,0.0,sand,late,119,hose_reel,irrigation_canal,7.1,0
farm_2,farm_2_field_1,2025-08-10,,late,potato,7,28.0,0.0,sand,late,120,hose_reel,irrigation_canal,7.1,0
farm_2,farm_2_field_1,2025-08-11,55.9,late,potato,8,28.0,1.4,sand,late,121,hose_reel,irrigation_canal,7.1,0
farm_2,farm_2_field_1,2025-08-12,55.6,late,potato,9,28.0,0.0,sand,late,122,hose_reel,irrigation_canal,7.1,0
farm_2,farm_2_field_1,2025-08-13,49.4,late,potato,10,28.0,0.3,sand,late,123,hose_reel,irrigation_canal,7.1,0
farm_2,farm_2_field_1,2025-08-14,40.4,late,potato,11,28.0,0.1,sand,late,124,hose_reel,irrigation_canal,7.1,0
farm_2,farm_2_field_1,2025-08-15,43.1,late,potato,12,28.0,0.0,sand,late,125,hose_reel,irrigation_canal,7.1,1
farm_2,farm_2_field_1,2025-08-16,34.0,late,potato,13,28.0,0.0,sand,late,126,hose_reel,irrigation_canal,7.1,1
farm_2,farm_2_field_1,2025-08-17,32.4,late,potato,14,28.0,0.0,sand,late,127,hose_reel,irrigation_canal,7.1,1
farm_2,farm_2_field_1,2025-08-18,31.1,late,potato,15,28.0,0.1,sand,late,128,hose_reel,irrigation_canal,7.1,2
farm_2,farm_2_field_1,2025-08-19,80.5,late,potato,1,40.0,0.0,sand,late,129,hose_reel,irrigation_canal,7.1,0
farm_2,farm_2_field_1,2025-08-20,74.9,late,potato,2,40.0,0.2,sand,late,130,hose_reel,irrigation_canal,7.1,0
farm_2,farm_2_field_1,2025-08-21,71.8,late,potato,3,40.0,0.0,sand,late,131,hose_reel,irrigation_canal,7.1,0
farm_2,farm_2_field_1,2025-08-22,67.4,late,potato,4,40.0,0.4,sand,late,132,hose_reel,irrigation_canal,7.1,0
farm_2,farm_2_field_1,2025-08-23,65.4,late,potato,5,40.0,0.8,sand,late,133,hose_reel,irrigation_canal,7.1,0
farm_2,farm_2_field_1,2025-08-24,70.8,late,potato,6,40.0,0.0,sand,late,134,hose_reel,irrigation_canal,7.1,0
farm_2,farm_2_field_1,2025-08-25,55.4,late,potato,7,40.0,0.0,sand,late,135,hose_reel,irrigation_canal,7.1,0
farm_2,farm_2_field_1,2025-08-26,48.8,late,potato,8,40.0,0.0,sand,late,136,hose_reel,irrigation_canal,7.1,0
farm_2,farm_2_field_1,2025-08-27,49.2,late,potato,9,40.0,0.1,sand,late,137,hose_reel,irrigation_canal,7.1,0
farm_2,farm_2_field_1,2025-08-28,43.1,late,potato,10,40.0,12.5,sand,late,138,hose_reel,irrigation_canal,7.1,1
farm_2,farm_2_field_1,2025-08-29,53.5,late,potato,11,40.0,0.0,sand,late,139,hose_reel,irrigation_canal,7.1,0
farm_2,farm_2_field_1,2025-08-30,50.2,late,potato,12,40.0,0.1,sand,late,140,hose_reel,irrigation_canal,7.1,0
farm_2,farm_2_field_1,2025-08-31,45.6,late,potato,13,40.0,0.5,sand,late,141,hose_reel,irrigation_canal,7.1,0
farm_2,farm_2_field_1,2025-09-01,44.8,late,potato,14,40.0,0.3,sand,late,142,hose_reel,irrigation_canal,7.1,0
farm_2,farm_2_field_1,2025-09-02,45.7,late,potato,15,40.0,0.1,sand,late,143,hose_reel,irrigation_canal,7.1,1
farm_2,farm_2_field_1,2025-09-03,38.4,late,potato,16,40.0,0.1,sand,late,144,hose_reel,irrigation_canal,7.1,1
farm_2,farm_2_field_1,2025-09-04,35.4,late,potato,17,40.0,0.2,sand,late,145,hose_reel,irrigation_canal,7.1,1
farm_2,farm_2_field_1,2025-09-05,30.0,late,potato,18,40.0,0.2,sand,late,146,hose_reel,irrigation_canal,7.1,1
farm_2,farm_2_field_1,2025-09-06,25.5,late,potato,19,40.0,0.2,sand,late,147,hose_reel,irrigation_canal,7.1,2
farm_2,farm_2_field_1,2025-09-07,75.1,late,potato,1,40.0,0.7,sand,late,148,hose_reel,irrigation_canal,7.1,0
farm_2,farm_2_field_1,2025-09-08,74.7,late,potato,2,40.0,0.0,sand,late,149,hose_reel,irrigation_canal,7.1,0
farm_2,farm_2_field_1,2025-09-09,71.6,late,potato,3,40.0,0.0,sand,late,150,hose_reel,irrigation_canal,7.1,0
farm_2,farm_2_field_1,2025-09-10,71.8,late,potato,4,40.0,0.3,sand,late,151,hose_reel,irrigation_canal,7.1,0
farm_2,farm_2_field_1,2025-09-11,60.1,late,potato,5,40.0,0.0,sand,late,152,hose_reel,irrigation_canal,7.1,0
farm_2,farm_2_field_1,2025-09-12,64.9,late,potato,6,40.0,0.0,sand,late,153,hose_reel,irrigation_canal,7.1,0
farm_2,farm_2_field_1,2025-09-13,66.7,late,potato,7,40.0,0.0,sand,late,154,hose_reel,irrigation_canal,7.1,0
farm_2,farm_2_field_1,2025-09-14,55.6,late,potato,8,40.0,1.4,sand,late,155,hose_reel,irrigation_canal,7.1,0
farm_2,farm_2_field_1,2025-09-15,49.1,late,potato,9,40.0,0.7,sand,late,156,hose_reel,irrigation_canal,7.1,0
farm_2,farm_2_field_1,2025-09-16,45.5,late,potato,10,40.0,3.8,sand,late,157,hose_reel,irrigation_canal,7.1,0
farm_2,farm_2_field_1,2025-09-17,51.0,late,potato,11,40.0,1.5,sand,late,158,hose_reel,irrigation_canal,7.1,0
farm_2,farm_2_field_1,2025-09-18,55.3,late,potato,12,40.0,0.1,sand,late,159,hose_reel,irrigation_canal,7.1,0
farm_2,farm_2_field_1,2025-09-19,50.6,late,potato,13,40.0,0.0,sand,late,160,hose_reel,irrigation_canal,7.1,0
farm_2,farm_2_field_1,2025-09-20,45.8,late,potato,14,40.0,0.3,sand,late,161,hose_reel,irrigation_canal,7.1,0
farm_2,farm_2_field_1,2025-09-21,45.7,late,potato,15,40.0,0.4,sand,late,162,hose_reel,irrigation_canal,7.1,1
farm_2,farm_2_field_1,2025-09-22,41.9,late,potato,16,40.0,0.0,sand,late,163,hose_reel,irrigation_canal,7.1,1
farm_2,farm_2_field_1,2025-09-23,41.4,late,potato,17,40.0,0.7,sand,late,164,hose_reel,irrigation_canal,7.1,1
farm_2,farm_2_field_1,2025-09-24,28.9,late,potato,18,40.0,0.0,sand,late,165,hose_reel,irrigation_canal,7.1,1
farm_2,farm_2_field_1,2025-09-25,26.4,late,potato,19,40.0,0.6,sand,late,166,hose_reel,irrigation_canal,7.1,1
farm_2,farm_2_field_1,2025-09-26,34.0,late,potato,20,40.0,0.5,sand,late,167,hose_reel,irrigation_canal,7.1,1
farm_2,farm_2_field_1,2025-09-27,28.8,late,potato,21,40.0,0.0,sand,late,168,hose_reel,irrigation_canal,7.1,2
farm_2,farm_2_field_1,2025-09-28,81.7,late,potato,1,40.0,0.0,sand,late,169,hose_reel,irrigation_canal,7.1,0
farm_2,farm_2_field_1,2025-09-29,77.4,late,potato,2,40.0,0.0,sand,late,170,hose_reel,irrigation_canal,7.1,0
farm_2,farm_2_field_1,2025-09-30,78.4,late,potato,3,40.0,0.5,sand,late,171,hose_reel,irrigation_canal,7.1,0
farm_2,farm_2_field_1,2026-04-15,54.0,initial,potato,3,0.0,0.3,sand,late,3,hose_reel,irrigation_canal,7.1,0
farm_2,farm_2_field_1,2026-04-16,60.5,initial,potato,4,0.0,0.1,sand,late,4,hose_reel,irrigation_canal,7.1,0
farm_2,farm_2_field_1,2026-04-17,55.4,initial,potato,5,0.0,0.5,sand,late,5,hose_reel,irrigation_canal,7.1,0
farm_2,farm_2_field_1,2026-04-18,57.1,initial,potato,6,0.0,0.0,sand,late,6,hose_reel,irrigation_canal,7.1,0
farm_2,farm_2_field_1,2026-04-19,53.6,initial,potato,7,0.0,0.0,sand,late,7,hose_reel,irrigation_canal,7.1,0
farm_2,farm_2_field_1,2026-04-20,52.0,initial,potato,8,0.0,0.1,sand,late,8,hose_reel,irrigation_canal,7.1,0
farm_2,farm_2_field_1,2026-04-21,48.0,initial,potato,9,0.0,0.0,sand,late,9,hose_reel,irrigation_canal,7.1,0
farm_2,farm_2_field_1,2026-04-22,41.4,initial,potato,10,0.0,0.0,sand,late,10,hose_reel,irrigation_canal,7.1,1
farm_2,farm_2_field_1,2026-04-23,44.5,initial,potato,11,0.0,0.0,sand,late,11,hose_reel,irrigation_canal,7.1,1
farm_2,farm_2_field_1,2026-04-24,36.8,initial,potato,12,0.0,0.0,sand,late,12,hose_reel,irrigation_canal,7.1,1
farm_2,farm_2_field_1,2026-04-25,83.5,initial,potato,1,31.6,0.3,sand,late,13,hose_reel,irrigation_canal,7.1,0
farm_2,farm_2_field_1,2026-04-26,85.7,initial,potato,2,31.6,0.0,sand,late,14,hose_reel,irrigation_canal,7.1,0
farm_2,farm_2_field_1,2026-04-27,81.8,initial,potato,3,31.6,0.0,sand,late,15,hose_reel,irrigation_canal,7.1,0
farm_2,farm_2_field_1,2026-04-28,79.4,initial,potato,4,31.6,0.0,sand,late,16,hose_reel,irrigation_canal,7.1,0
farm_2,farm_2_field_1,2026-04-29,76.8,initial,potato,5,31.6,0.0,sand,late,17,hose_reel,irrigation_canal,7.1,0
farm_2,farm_2_field_1,2026-04-30,75.0,initial,potato,6,31.6,0.0,sand,late,18,hose_reel,irrigation_canal,7.1,0
farm_2,farm_2_field_1,2026-05-01,,initial,potato,7,31.6,0.4,sand,late,19,hose_reel,irrigation_canal,7.1,0
farm_2,farm_2_field_1,2026-05-02,75.8,initial,potato,8,31.6,0.0,sand,late,20,hose_reel,irrigation_canal,7.1,0
farm_2,farm_2_field_1,2026-05-03,67.8,initial,potato,9,31.6,6.9,sand,late,21,hose_reel,irrigation_canal,7.1,0
farm_2,farm_2_field_1,2026-05-04,82.2,initial,potato,10,31.6,0.9,sand,late,22,hose_reel,irrigation_canal,7.1,0
farm_2,farm_2_field_1,2026-05-05,79.6,initial,potato,11,31.6,3.9,sand,late,23,hose_reel,irrigation_canal,7.1,0
farm_2,farm_2_field_1,2026-05-06,81.3,initial,potato,12,31.6,0.4,sand,late,24,hose_reel,irrigation_canal,7.1,0
farm_2,farm_2_field_1,2026-05-07,73.0,initial,potato,13,31.6,6.2,sand,late,25,hose_reel,irrigation_canal,7.1,0
farm_2,farm_2_field_1,2026-05-08,88.3,initial,potato,14,31.6,0.0,sand,late,26,hose_reel,irrigation_canal,7.1,0
farm_2,farm_2_field_1,2026-05-09,82.6,initial,potato,15,31.6,0.4,sand,late,27,hose_reel,irrigation_canal,7.1,0
farm_2,farm_2_field_1,2026-05-10,81.9,initial,potato,16,31.6,0.0,sand,late,28,hose_reel,irrigation_canal,7.1,0
farm_2,farm_2_field_1,2026-05-11,77.1,development,potato,17,31.6,0.0,sand,late,29,hose_reel,irrigation_canal,7.1,0
farm_2,farm_2_field_1,2026-05-12,79.5,development,potato,18,31.6,0.6,sand,late,30,hose_reel,irrigation_canal,7.1,0
farm_2,farm_2_field_1,2026-05-13,76.5,development,potato,19,31.6,1.9,sand,late,31,hose_reel,irrigation_canal,7.1,0
farm_2,farm_2_field_1,2026-05-14,75.7,development,potato,20,31.6,0.0,sand,late,32,hose_reel,irrigation_canal,7.1,0
farm_2,farm_2_field_1,2026-05-15,67.8,development,potato,21,31.6,0.0,sand,late,33,hose_reel,irrigation_canal,7.1,0
farm_2,farm_2_field_1,2026-05-16,65.0,development,potato,22,31.6,0.0,sand,late,34,hose_reel,irrigation_canal,7.1,0
farm_2,farm_2_field_1,2026-05-17,54.1,development,potato,23,31.6,0.0,sand,late,35,hose_reel,irrigation_canal,7.1,0
farm_2,farm_2_field_1,2026-05-18,56.1,development,potato,24,31.6,0.2,sand,late,36,hose_reel,irrigation_canal,7.1,0
farm_2,farm_2_field_1,2026-05-19,51.2,development,potato,25,31.6,0.0,sand,late,37,hose_reel,irrigation_canal,7.1,1
farm_2,farm_2_field_1,2026-05-20,55.5,development,potato,26,31.6,0.0,sand,late,38,hose_reel,irrigation_canal,7.1,1
farm_2,farm_2_field_1,2026-05-21,46.5,development,potato,27,31.6,10.9,sand,late,39,hose_reel,irrigation_canal,7.1,1
farm_2,farm_2_field_1,2026-05-22,57.6,development,potato,28,31.6,3.9,sand,late,40,hose_reel,irrigation_canal,7.1,0
farm_2,farm_2_field_1,2026-05-23,52.4,development,potato,29,31.6,0.1,sand,late,41,hose_reel,irrigation_canal,7.1,0
farm_2,farm_2_field_1,2026-05-24,57.7,development,potato,30,31.6,0.0,sand,late,42,hose_reel,irrigation_canal,7.1,0
farm_2,farm_2_field_1,2026-05-25,47.4,development,potato,31,31.6,0.0,sand,late,43,hose_reel,irrigation_canal,7.1,1
farm_2,farm_2_field_1,2026-05-26,42.6,development,potato,32,31.6,0.7,sand,late,44,hose_reel,irrigation_canal,7.1,1
farm_2,farm_2_field_1,2026-05-27,42.3,development,potato,33,31.6,0.1,sand,late,45,hose_reel,irrigation_canal,7.1,1
farm_2,farm_2_field_1,2026-05-28,33.2,development,potato,34,31.6,0.4,sand,late,46,hose_reel,irrigation_canal,7.1,2
farm_2,farm_2_field_1,2026-05-29,82.2,development,potato,1,35.9,0.2,sand,late,47,hose_reel,irrigation_canal,7.1,0
farm_2,farm_2_field_1,2026-05-30,78.9,development,potato,2,35.9,0.6,sand,late,48,hose_reel,irrigation_canal,7.1,0
farm_2,farm_2_field_1,2026-05-31,75.6,development,potato,3,35.9,0.3,sand,late,49,hose_reel,irrigation_canal,7.1,0
farm_2,farm_2_field_1,2026-06-01,,development,potato,4,35.9,0.0,sand,late,50,hose_reel,irrigation_canal,7.1,0
farm_2,farm_2_field_1,2026-06-02,69.3,development,potato,5,35.9,0.0,sand,late,51,hose_reel,irrigation_canal,7.1,0
farm_2,farm_2_field_1,2026-06-03,65.1,development,potato,6,35.9,0.0,sand,late,52,hose_reel,irrigation_canal,7.1,0
farm_2,farm_2_field_1,2026-06-04,61.3,development,potato,7,35.9,0.0,sand,late,53,hose_reel,irrigation_canal,7.1,0
farm_2,farm_2_field_1,2026-06-05,53.5,development,potato,8,35.9,0.0,sand,late,54,hose_reel,irrigation_canal,7.1,0
farm_2,farm_2_field_1,2026-06-06,44.6,development,potato,9,35.9,3.8,sand,late,55,hose_reel,irrigation_canal,7.1,1
farm_2,farm_2_field_1,2026-06-07,57.9,development,potato,10,35.9,0.0,sand,late,56,hose_reel,irrigation_canal,7.1,1
farm_2,farm_2_field_1,2026-06-08,47.1,development,potato,11,35.9,0.4,sand,late,57,hose_reel,irrigation_canal,7.1,1
farm_2,farm_2_field_1,2026-06-09,45.7,development,potato,12,35.9,0.0,sand,late,58,hose_reel,irrigation_canal,7.1,1
farm_2,farm_2_field_1,2026-06-10,31.7,development,potato,13,35.9,0.0,sand,late,59,hose_reel,irrigation_canal,7.1,2
farm_2,farm_2_field_1,2026-06-11,82.1,development,potato,1,37.2,0.2,sand,late,60,hose_reel,irrigation_canal,7.1,0
farm_2,farm_2_field_1,2026-06-12,75.8,development,potato,2,37.2,0.0,sand,late,61,hose_reel,irrigation_canal,7.1,0
farm_2,farm_2_field_1,2026-06-13,69.1,development,potato,3,37.2,0.0,sand,late,62,hose_reel,irrigation_canal,7.1,0
farm_2,farm_2_field_1,2026-06-14,59.5,sensitive,potato,4,37.2,0.0,sand,late,63,hose_reel,irrigation_canal,7.1,1
farm_2,farm_2_field_1,2026-06-15,58.5,sensitive,potato,5,37.2,0.0,sand,late,64,hose_reel,irrigation_canal,7.1,1
farm_2,farm_2_field_1,2026-06-16,73.0,sensitive,potato,1,26.2,0.0,sand,late,65,hose_reel,irrigation_canal,7.1,0
farm_2,farm_2_field_1,2026-06-17,66.3,sensitive,potato,2,26.2,0.3,sand,late,66,hose_reel,irrigation_canal,7.1,0
farm_2,farm_2_field_1,2026-06-18,54.7,sensitive,potato,3,26.2,0.0,sand,late,67,hose_reel,irrigation_canal,7.1,1
farm_2,farm_2_field_1,2026-06-19,39.2,sensitive,potato,4,26.2,0.8,sand,late,68,hose_reel,irrigation_canal,7.1,2
farm_2,farm_2_field_1,2026-06-20,80.7,sensitive,potato,1,29.9,0.0,sand,late,69,hose_reel,irrigation_canal,7.1,0
farm_2,farm_2_field_1,2026-06-21,64.9,sensitive,potato,2,29.9,0.2,sand,late,70,hose_reel,irrigation_canal,7.1,0
farm_2,farm_2_field_1,2026-06-22,64.9,sensitive,potato,3,29.9,0.0,sand,late,71,hose_reel,irrigation_canal,7.1,1
farm_2,farm_2_field_1,2026-06-23,64.9,sensitive,potato,4,29.9,0.2,sand,late,72,hose_reel,irrigation_canal,7.1,1
farm_2,farm_2_field_1,2026-06-24,64.9,sensitive,potato,5,29.9,0.4,sand,late,73,hose_reel,irrigation_canal,7.1,2
farm_2,farm_2_field_1,2026-06-25,64.9,sensitive,potato,1,32.9,1.3,sand,late,74,hose_reel,irrigation_canal,7.1,0
farm_2,farm_2_field_1,2026-06-26,64.9,sensitive,potato,2,32.9,0.4,sand,late,75,hose_reel,irrigation_canal,7.1,0
farm_2,farm_2_field_1,2026-06-27,64.9,sensitive,potato,3,32.9,0.4,sand,late,76,hose_reel,irrigation_canal,7.1,1
farm_2,farm_2_field_1,2026-06-28,64.9,sensitive,potato,4,32.9,0.3,sand,late,77,hose_reel,irrigation_canal,7.1,1
farm_2,farm_2_field_1,2026-06-29,64.9,sensitive,potato,5,32.9,0.0,sand,late,78,hose_reel,irrigation_canal,7.1,2
farm_2,farm_2_field_1,2026-06-30,64.9,sensitive,potato,1,34.9,0.1,sand,late,79,hose_reel,irrigation_canal,7.1,0
farm_2,farm_2_field_1,2026-07-01,63.5,sensitive,potato,2,34.9,0.0,sand,late,80,hose_reel,irrigation_canal,7.1,0
farm_2,farm_2_field_1,2026-07-02,49.6,sensitive,potato,3,34.9,0.1,sand,late,81,hose_reel,irrigation_canal,7.1,1
farm_2,farm_2_field_1,2026-07-03,77.8,sensitive,potato,1,25.7,0.3,sand,late,82,hose_reel,irrigation_canal,7.1,0
farm_2,farm_2_field_1,2026-07-04,70.7,sensitive,potato,2,25.7,0.0,sand,late,83,hose_reel,irrigation_canal,7.1,0
farm_2,farm_2_field_1,2026-07-05,53.2,sensitive,potato,3,25.7,0.0,sand,late,84,hose_reel,irrigation_canal,7.1,1
farm_2,farm_2_field_1,2026-07-06,43.6,sensitive,potato,4,25.7,0.0,sand,late,85,hose_reel,irrigation_canal,7.1,2
farm_2,farm_2_field_1,2026-07-07,78.4,sensitive,potato,1,31.5,1.0,sand,late,86,hose_reel,irrigation_canal,7.1,0
farm_2,farm_2_field_1,2026-07-08,68.3,sensitive,potato,2,31.5,0.0,sand,late,87,hose_reel,irrigation_canal,7.1,0
farm_2,farm_2_field_1,2026-07-09,54.6,sensitive,potato,3,31.5,0.0,sand,late,88,hose_reel,irrigation_canal,7.1,1
farm_2,farm_2_field_1,2026-07-10,48.1,sensitive,potato,4,31.5,0.9,sand,late,89,hose_reel,irrigation_canal,7.1,2
farm_2,farm_2_field_1,2026-07-11,76.7,sensitive,potato,1,30.7,0.1,sand,late,90,hose_reel,irrigation_canal,7.1,0
farm_2,farm_2_field_1,2026-07-12,70.2,sensitive,potato,2,30.7,0.0,sand,late,91,hose_reel,irrigation_canal,7.1,0
farm_2,farm_2_field_1,2026-07-13,60.7,sensitive,potato,3,30.7,0.3,sand,late,92,hose_reel,irrigation_canal,7.1,1
farm_2,farm_2_field_1,2026-07-14,48.7,sensitive,potato,4,30.7,0.4,sand,late,93,hose_reel,irrigation_canal,7.1,2
farm_2,farm_2_field_1,2026-07-15,81.6,sensitive,potato,1,28.2,0.0,sand,late,94,hose_reel,irrigation_canal,7.1,0
farm_2,farm_2_field_1,2026-07-16,68.1,sensitive,potato,2,28.2,0.3,sand,late,95,hose_reel,irrigation_canal,7.1,0
farm_2,farm_2_field_1,2026-07-17,60.7,sensitive,potato,3,28.2,0.0,sand,late,96,hose_reel,irrigation_canal,7.1,1
farm_2,farm_2_field_1,2026-07-18,46.3,sensitive,potato,4,28.2,0.0,sand,late,97,hose_reel,irrigation_canal,7.1,2
farm_2,farm_2_field_1,2026-07-19,78.1,sensitive,potato,1,29.2,0.0,sand,late,98,hose_reel,irrigation_canal,7.1,0
farm_2,farm_2_field_1,2026-07-20,66.2,sensitive,potato,2,29.2,0.0,sand,late,99,hose_reel,irrigation_canal,7.1,0
farm_2,farm_2_field_1,2026-07-21,53.4,sensitive,potato,3,29.2,0.0,sand,late,100,hose_reel,irrigation_canal,7.1,1
farm_2,farm_2_field_1,2026-07-22,53.3,sensitive,potato,4,29.2,0.1,sand,late,101,hose_reel,irrigation_canal,7.1,2
farm_2,farm_2_field_1,2026-07-23,79.3,sensitive,potato,1,29.5,0.0,sand,late,102,hose_reel,irrigation_canal,7.1,0
farm_2,farm_2_field_1,2026-07-24,67.3,sensitive,potato,2,29.5,0.0,sand,late,103,hose_reel,irrigation_canal,7.1,0
farm_2,farm_2_field_1,2026-07-25,54.7,sensitive,potato,3,29.5,0.0,sand,late,104,hose_reel,irrigation_canal,7.1,1
farm_2,farm_2_field_1,2026-07-26,48.1,sensitive,potato,4,29.5,0.0,sand,late,105,hose_reel,irrigation_canal,7.1,2
farm_2,farm_2_field_1,2026-07-27,82.6,sensitive,potato,1,28.5,0.0,sand,late,106,hose_reel,irrigation_canal,7.1,0
farm_2,farm_2_field_1,2026-07-28,65.9,sensitive,potato,2,28.5,0.1,sand,late,107,hose_reel,irrigation_canal,7.1,0
farm_2,farm_2_field_1,2026-07-29,53.5,sensitive,potato,3,28.5,0.0,sand,late,108,hose_reel,irrigation_canal,7.1,1
farm_2,farm_2_field_1,2026-07-30,51.4,sensitive,potato,4,28.5,0.0,sand,late,109,hose_reel,irrigation_canal,7.1,1
farm_2,farm_2_field_1,2026-07-31,42.6,sensitive,potato,5,28.5,5.3,sand,late,110,hose_reel,irrigation_canal,7.1,2
farm_2,farm_2_field_1,2026-08-01,90.7,sensitive,potato,1,32.0,0.0,sand,late,111,hose_reel,irrigation_canal,7.1,0
farm_2,farm_2_field_1,2026-08-02,72.5,sensitive,potato,2,32.0,0.0,sand,late,112,hose_reel,irrigation_canal,7.1,0
farm_2,farm_2_field_1,2026-08-03,70.2,sensitive,potato,3,32.0,6.6,sand,late,113,hose_reel,irrigation_canal,7.1,0
farm_2,farm_2_field_1,2026-08-04,66.2,sensitive,potato,4,32.0,0.0,sand,late,114,hose_reel,irrigation_canal,7.1,0
farm_2,farm_2_field_1,2026-08-05,57.2,late,potato,5,32.0,0.0,sand,late,115,hose_reel,irrigation_canal,7.1,0
farm_2,farm_2_field_1,2026-08-06,49.7,late,potato,6,32.0,0.0,sand,late,116,hose_reel,irrigation_canal,7.1,0
farm_2,farm_2_field_1,2026-08-07,46.1,late,potato,7,32.0,0.0,sand,late,117,hose_reel,irrigation_canal,7.1,0
farm_2,farm_2_field_1,2026-08-08,43.5,late,potato,8,32.0,0.0,sand,late,118,hose_reel,irrigation_canal,7.1,1
farm_2,farm_2_field_1,2026-08-09,35.1,late,potato,9,32.0,0.0,sand,late,119,hose_reel,irrigation_canal,7.1,1
farm_2,farm_2_field_1,2026-08-10,26.2,late,potato,10,32.0,1.0,sand,late,120,hose_reel,irrigation_canal,7.1,1
farm_2,farm_2_field_1,2026-08-11,23.2,late,potato,11,32.0,0.0,sand,late,121,hose_reel,irrigation_canal,7.1,2
farm_2,farm_2_field_1,2026-08-12,82.6,late,potato,1,40.0,0.5,sand,late,122,hose_reel,irrigation_canal,7.1,0
farm_2,farm_2_field_1,2026-08-13,70.9,late,potato,2,40.0,0.4,sand,late,123,hose_reel,irrigation_canal,7.1,0
farm_2,farm_2_field_1,2026-08-14,62.5,late,potato,3,40.0,0.0,sand,late,124,hose_reel,irrigation_canal,7.1,0
farm_2,farm_2_field_1,2026-08-15,57.6,late,potato,4,40.0,0.3,sand,late,125,hose_reel,irrigation_canal,7.1,0
farm_2,farm_2_field_1,2026-08-16,59.4,late,potato,5,40.0,0.5,sand,late,126,hose_reel,irrigation_canal,7.1,0
farm_2,farm_2_field_1,2026-08-17,43.7,late,potato,6,40.0,0.2,sand,late,127,hose_reel,irrigation_canal,7.1,0
farm_2,farm_2_field_1,2026-08-18,,late,potato,7,40.0,0.3,sand,late,128,hose_reel,irrigation_canal,7.1,0
farm_2,farm_2_field_1,2026-08-19,45.6,late,potato,8,40.0,0.0,sand,late,129,hose_reel,irrigation_canal,7.1,1
farm_2,farm_2_field_1,2026-08-20,86.6,late,potato,1,34.3,1.7,sand,late,130,hose_reel,irrigation_canal,7.1,0
farm_2,farm_2_field_1,2026-08-21,82.2,late,potato,2,34.3,0.0,sand,late,131,hose_reel,irrigation_canal,7.1,0
farm_2,farm_2_field_1,2026-08-22,80.7,late,potato,3,34.3,0.0,sand,late,132,hose_reel,irrigation_canal,7.1,0
farm_2,farm_2_field_1,2026-08-23,78.0,late,potato,4,34.3,0.2,sand,late,133,hose_reel,irrigation_canal,7.1,0
farm_2,farm_2_field_1,2026-08-24,69.2,late,potato,5,34.3,0.0,sand,late,134,hose_reel,irrigation_canal,7.1,0
farm_2,farm_2_field_1,2026-08-25,64.7,late,potato,6,34.3,0.5,sand,late,135,hose_reel,irrigation_canal,7.1,0
farm_2,farm_2_field_1,2026-08-26,55.2,late,potato,7,34.3,0.4,sand,late,136,hose_reel,irrigation_canal,7.1,0
farm_2,farm_2_field_1,2026-08-27,57.0,late,potato,8,34.3,0.3,sand,late,137,hose_reel,irrigation_canal,7.1,0
farm_2,farm_2_field_1,2026-08-28,54.0,late,potato,9,34.3,3.3,sand,late,138,hose_reel,irrigation_canal,7.1,0
farm_2,farm_2_field_1,2026-08-29,52.2,late,potato,10,34.3,0.1,sand,late,139,hose_reel,irrigation_canal,7.1,0
farm_2,farm_2_field_1,2026-08-30,51.0,late,potato,11,34.3,0.0,sand,late,140,hose_reel,irrigation_canal,7.1,0
farm_2,farm_2_field_1,2026-08-31,46.2,late,potato,12,34.3,0.0,sand,late,141,hose_reel,irrigation_canal,7.1,0
farm_2,farm_2_field_1,2026-09-01,44.3,late,potato,13,34.3,0.5,sand,late,142,hose_reel,irrigation_canal,7.1,1
farm_2,farm_2_field_1,2026-09-02,40.5,late,potato,14,34.3,0.2,sand,late,143,hose_reel,irrigation_canal,7.1,1
farm_2,farm_2_field_1,2026-09-03,81.8,late,potato,1,35.3,0.0,sand,late,144,hose_reel,irrigation_canal,7.1,0
farm_2,farm_2_field_1,2026-09-04,81.4,late,potato,2,35.3,0.2,sand,late,145,hose_reel,irrigation_canal,7.1,0
farm_2,farm_2_field_1,2026-09-05,76.2,late,potato,3,35.3,0.0,sand,late,146,hose_reel,irrigation_canal,7.1,0
farm_2,farm_2_field_1,2026-09-06,69.0,late,potato,4,35.3,0.0,sand,late,147,hose_reel,irrigation_canal,7.1,0
farm_2,farm_2_field_1,2026-09-07,70.1,late,potato,5,35.3,0.4,sand,late,148,hose_reel,irrigation_canal,7.1,0
farm_2,farm_2_field_1,2026-09-08,73.6,late,potato,6,35.3,0.3,sand,late,149,hose_reel,irrigation_canal,7.1,0
farm_2,farm_2_field_1,2026-09-09,59.5,late,potato,7,35.3,0.2,sand,late,150,hose_reel,irrigation_canal,7.1,0
farm_2,farm_2_field_1,2026-09-10,55.5,late,potato,8,35.3,0.4,sand,late,151,hose_reel,irrigation_canal,7.1,0
farm_2,farm_2_field_1,2026-09-11,58.0,late,potato,9,35.3,0.2,sand,late,152,hose_reel,irrigation_canal,7.1,0
farm_2,farm_2_field_1,2026-09-12,53.5,late,potato,10,35.3,0.0,sand,late,153,hose_reel,irrigation_canal,7.1,0
farm_2,farm_2_field_1,2026-09-13,48.3,late,potato,11,35.3,0.0,sand,late,154,hose_reel,irrigation_canal,7.1,0
farm_2,farm_2_field_1,2026-09-14,44.1,late,potato,12,35.3,0.7,sand,late,155,hose_reel,irrigation_canal,7.1,0
farm_2,farm_2_field_1,2026-09-15,38.3,late,potato,13,35.3,0.0,sand,late,156,hose_reel,irrigation_canal,7.1,1
farm_2,farm_2_field_1,2026-09-16,34.4,late,potato,14,35.3,0.3,sand,late,157,hose_reel,irrigation_canal,7.1,1
farm_2,farm_2_field_1,2026-09-17,38.3,late,potato,15,35.3,0.0,sand,late,158,hose_reel,irrigation_canal,7.1,1
farm_2,farm_2_field_1,2026-09-18,29.3,late,potato,16,35.3,0.2,sand,late,159,hose_reel,irrigation_canal,7.1,1
farm_2,farm_2_field_1,2026-09-19,,late,potato,17,35.3,0.0,sand,late,160,hose_reel,irrigation_canal,7.1,2
farm_2,farm_2_field_1,2026-09-20,73.7,late,potato,1,40.0,0.3,sand,late,161,hose_reel,irrigation_canal,7.1,0
farm_2,farm_2_field_1,2026-09-21,71.0,late,potato,2,40.0,0.0,sand,late,162,hose_reel,irrigation_canal,7.1,0
farm_2,farm_2_field_1,2026-09-22,80.1,late,potato,3,40.0,0.3,sand,late,163,hose_reel,irrigation_canal,7.1,0
farm_2,farm_2_field_1,2026-09-23,64.8,late,potato,4,40.0,0.1,sand,late,164,hose_reel,irrigation_canal,7.1,0
farm_2,farm_2_field_1,2026-09-24,58.2,late,potato,5,40.0,0.0,sand,late,165,hose_reel,irrigation_canal,7.1,0
farm_2,farm_2_field_1,2026-09-25,63.3,late,potato,6,40.0,0.3,sand,late,166,hose_reel,irrigation_canal,7.1,0
farm_2,farm_2_field_1,2026-09-26,58.9,late,potato,7,40.0,0.0,sand,late,167,hose_reel,irrigation_canal,7.1,0
farm_2,farm_2_field_1,2026-09-27,56.7,late,potato,8,40.0,1.4,sand,late,168,hose_reel,irrigation_canal,7.1,0
farm_2,farm_2_field_1,2026-09-28,56.9,late,potato,9,40.0,0.0,sand,late,169,hose_reel,irrigation_canal,7.1,0
farm_2,farm_2_field_1,2026-09-29,55.9,late,potato,10,40.0,0.7,sand,late,170,hose_reel,irrigation_canal,7.1,0
farm_2,farm_2_field_1,2026-09-30,54.1,late,potato,11,40.0,0.0,sand,late,171,hose_reel,irrigation_canal,7.1,0
farm_2,farm_2_field_2,2025-04-21,75.8,initial,potato,0,0.0,0.0,sand,medium,0,hose_reel,irrigation_canal,12.5,0
farm_2,farm_2_field_2,2025-04-22,70.0,initial,potato,1,0.0,3.1,sand,medium,1,hose_reel,irrigation_canal,12.5,0
farm_2,farm_2_field_2,2025-04-23,76.9,initial,potato,2,0.0,0.1,sand,medium,2,hose_reel,irrigation_canal,12.5,0
farm_2,farm_2_field_2,2025-04-24,73.7,initial,potato,3,0.0,0.0,sand,medium,3,hose_reel,irrigation_canal,12.5,0
farm_2,farm_2_field_2,2025-04-25,76.6,initial,potato,4,0.0,0.7,sand,medium,4,hose_reel,irrigation_canal,12.5,0
farm_2,farm_2_field_2,2025-04-26,69.9,initial,potato,5,0.0,0.1,sand,medium,5,hose_reel,irrigation_canal,12.5,0
farm_2,farm_2_field_2,2025-04-27,70.5,initial,potato,6,0.0,3.2,sand,medium,6,hose_reel,irrigation_canal,12.5,0
farm_2,farm_2_field_2,2025-04-28,70.7,initial,potato,7,0.0,0.3,sand,medium,7,hose_reel,irrigation_canal,12.5,0
farm_2,farm_2_field_2,2025-04-29,68.1,initial,potato,8,0.0,0.5,sand,medium,8,hose_reel,irrigation_canal,12.5,0
farm_2,farm_2_field_2,2025-04-30,68.1,initial,potato,9,0.0,0.5,sand,medium,9,hose_reel,irrigation_canal,12.5,0
farm_2,farm_2_field_2,2025-05-01,73.1,initial,potato,10,0.0,0.0,sand,medium,10,hose_reel,irrigation_canal,12.5,0
farm_2,farm_2_field_2,2025-05-02,68.0,initial,potato,11,0.0,0.0,sand,medium,11,hose_reel,irrigation_canal,12.5,0
farm_2,farm_2_field_2,2025-05-03,61.0,initial,potato,12,0.0,3.5,sand,medium,12,hose_reel,irrigation_canal,12.5,0
farm_2,farm_2_field_2,2025-05-04,69.0,initial,potato,13,0.0,0.0,sand,medium,13,hose_reel,irrigation_canal,12.5,0
farm_2,farm_2_field_2,2025-05-05,63.0,initial,potato,14,0.0,0.2,sand,medium,14,hose_reel,irrigation_canal,12.5,0
farm_2,farm_2_field_2,2025-05-06,65.2,initial,potato,15,0.0,0.0,sand,medium,15,hose_reel,irrigation_canal,12.5,0
farm_2,farm_2_field_2,2025-05-07,63.1,initial,potato,16,0.0,0.2,sand,medium,16,hose_reel,irrigation_canal,12.5,0
farm_2,farm_2_field_2,2025-05-08,59.0,initial,potato,17,0.0,0.0,sand,medium,17,hose_reel,irrigation_canal,12.5,0
farm_2,farm_2_field_2,2025-05-09,55.0,initial,potato,18,0.0,0.3,sand,medium,18,hose_reel,irrigation_canal,12.5,0
farm_2,farm_2_field_2,2025-05-10,49.3,initial,potato,19,0.0,0.0,sand,medium,19,hose_reel,irrigation_canal,12.5,0
farm_2,farm_2_field_2,2025-05-11,56.6,initial,potato,20,0.0,0.0,sand,medium,20,hose_reel,irrigation_canal,12.5,0
farm_2,farm_2_field_2,2025-05-12,52.5,initial,potato,21,0.0,0.0,sand,medium,21,hose_reel,irrigation_canal,12.5,0
farm_2,farm_2_field_2,2025-05-13,46.6,initial,potato,22,0.0,0.5,sand,medium,22,hose_reel,irrigation_canal,12.5,0
farm_2,farm_2_field_2,2025-05-14,49.3,initial,potato,23,0.0,0.0,sand,medium,23,hose_reel,irrigation_canal,12.5,1
farm_2,farm_2_field_2,2025-05-15,46.8,initial,potato,24,0.0,0.0,sand,medium,24,hose_reel,irrigation_canal,12.5,1
farm_2,farm_2_field_2,2025-05-16,43.4,development,potato,25,0.0,0.4,sand,medium,25,hose_reel,irrigation_canal,12.5,1
farm_2,farm_2_field_2,2025-05-17,41.4,development,potato,26,0.0,5.3,sand,medium,26,hose_reel,irrigation_canal,12.5,1
farm_2,farm_2_field_2,2025-05-18,37.2,development,potato,27,0.0,0.1,sand,medium,27,hose_reel,irrigation_canal,12.5,1
farm_2,farm_2_field_2,2025-05-19,38.4,development,potato,28,0.0,7.1,sand,medium,28,hose_reel,irrigation_canal,12.5,2
farm_2,farm_2_field_2,2025-05-20,90.9,development,potato,1,31.8,0.0,sand,medium,29,hose_reel,irrigation_canal,12.5,0
farm_2,farm_2_field_2,2025-05-21,90.1,development,potato,2,31.8,4.1,sand,medium,30,hose_reel,irrigation_canal,12.5,0
farm_2,farm_2_field_2,2025-05-22,88.3,development,potato,3,31.8,0.0,sand,medium,31,hose_reel,irrigation_canal,12.5,0
farm_2,farm_2_field_2,2025-05-23,76.4,development,potato,4,31.8,0.9,sand,medium,32,hose_reel,irrigation_canal,12.5,0
farm_2,farm_2_field_2,2025-05-24,76.3,development,potato,5,31.8,0.7,sand,medium,33,hose_reel,irrigation_canal,12.5,0
farm_2,farm_2_field_2,2025-05-25,71.9,development,potato,6,31.8,2.7,sand,medium,34,hose_reel,irrigation_canal,12.5,0
farm_2,farm_2_field_2,2025-05-26,79.2,development,potato,7,31.8,0.9,sand,medium,35,hose_reel,irrigation_canal,12.5,0
farm_2,farm_2_field_2,2025-05-27,76.2,development,potato,8,31.8,0.6,sand,medium,36,hose_reel,irrigation_canal,12.5,0
farm_2,farm_2_field_2,2025-05-28,64.8,development,potato,9,31.8,0.8,sand,medium,37,hose_reel,irrigation_canal,12.5,0
farm_2,farm_2_field_2,2025-05-29,69.1,development,potato,10,31.8,0.0,sand,medium,38,hose_reel,irrigation_canal,12.5,0
farm_2,farm_2_field_2,2025-05-30,65.5,development,potato,11,31.8,0.1,sand,medium,39,hose_reel,irrigation_canal,12.5,0
farm_2,farm_2_field_2,2025-05-31,61.7,development,potato,12,31.8,0.1,sand,medium,40,hose_reel,irrigation_canal,12.5,0
farm_2,farm_2_field_2,2025-06-01,47.1,development,potato,13,31.8,0.0,sand,medium,41,hose_reel,irrigation_canal,12.5,1
farm_2,farm_2_field_2,2025-06-02,81.5,development,potato,1,21.9,0.5,sand,medium,42,hose_reel,irrigation_canal,12.5,0
farm_2,farm_2_field_2,2025-06-03,77.8,development,potato,2,21.9,0.0,sand,medium,43,hose_reel,irrigation_canal,12.5,0
farm_2,farm_2_field_2,2025-06-04,70.3,development,potato,3,21.9,0.0,sand,medium,44,hose_reel,irrigation_canal,12.5,0
farm_2,farm_2_field_2,2025-06-05,71.1,development,potato,4,21.9,0.0,sand,medium,45,hose_reel,irrigation_canal,12.5,0
farm_2,farm_2_field_2,2025-06-06,57.3,development,potato,5,21.9,0.7,sand,medium,46,hose_reel,irrigation_canal,12.5,0
farm_2,farm_2_field_2,2025-06-07,50.5,development,potato,6,21.9,14.4,sand,medium,47,hose_reel,irrigation_canal,12.5,0
farm_2,farm_2_field_2,2025-06-08,69.6,development,potato,7,21.9,14.7,sand,medium,48,hose_reel,irrigation_canal,12.5,0
farm_2,farm_2_field_2,2025-06-09,84.6,development,potato,8,21.9,0.4,sand,medium,49,hose_reel,irrigation_canal,12.5,0
farm_2,farm_2_field_2,2025-06-10,81.1,development,potato,9,21.9,0.8,sand,medium,50,hose_reel,irrigation_canal,12.5,0
farm_2,farm_2_field_2,2025-06-11,82.0,development,potato,10,21.9,0.1,sand,medium,51,hose_reel,irrigation_canal,12.5,0
farm_2,farm_2_field_2,2025-06-12,74.1,development,potato,11,21.9,0.0,sand,medium,52,hose_reel,irrigation_canal,12.5,0
farm_2,farm_2_field_2,2025-06-13,71.1,development,potato,12,21.9,0.5,sand,medium,53,hose_reel,irrigation_canal,12.5,0
farm_2,farm_2_field_2,2025-06-14,62.5,development,potato,13,21.9,0.9,sand,medium,54,hose_reel,irrigation_canal,12.5,0
farm_2,farm_2_field_2,2025-06-15,62.9,sensitive,potato,14,21.9,0.0,sand,medium,55,hose_reel,irrigation_canal,12.5,1
farm_2,farm_2_field_2,2025-06-16,57.6,sensitive,potato,15,21.9,0.0,sand,medium,56,hose_reel,irrigation_canal,12.5,1
farm_2,farm_2_field_2,2025-06-17,49.3,sensitive,potato,16,21.9,0.6,sand,medium,57,hose_reel,irrigation_canal,12.5,1
farm_2,farm_2_field_2,2025-06-18,84.4,sensitive,potato,1,23.9,17.7,sand,medium,58,hose_reel,irrigation_canal,12.5,0
farm_2,farm_2_field_2,2025-06-19,92.2,sensitive,potato,2,23.9,0.0,sand,medium,59,hose_reel,irrigation_canal,12.5,0
farm_2,farm_2_field_2,2025-06-20,88.1,sensitive,potato,3,23.9,0.0,sand,medium,60,hose_reel,irrigation_canal,12.5,0
farm_2,farm_2_field_2,2025-06-21,80.6,sensitive,potato,4,23.9,0.1,sand,medium,61,hose_reel,irrigation_canal,12.5,0
farm_2,farm_2_field_2,2025-06-22,74.4,sensitive,potato,5,23.9,0.9,sand,medium,62,hose_reel,irrigation_canal,12.5,0
farm_2,farm_2_field_2,2025-06-23,70.3,sensitive,potato,6,23.9,0.0,sand,medium,63,hose_reel,irrigation_canal,12.5,0
farm_2,farm_2_field_2,2025-06-24,64.3,sensitive,potato,7,23.9,0.0,sand,medium,64,hose_reel,irrigation_canal,12.5,1
farm_2,farm_2_field_2,2025-06-25,72.7,sensitive,potato,1,15.9,0.0,sand,medium,65,hose_reel,irrigation_canal,12.5,0
farm_2,farm_2_field_2,2025-06-26,71.0,sensitive,potato,2,15.9,0.7,sand,medium,66,hose_reel,irrigation_canal,12.5,0
farm_2,farm_2_field_2,2025-06-27,66.8,sensitive,potato,3,15.9,0.0,sand,medium,67,hose_reel,irrigation_canal,12.5,0
farm_2,farm_2_field_2,2025-06-28,58.0,sensitive,potato,4,15.9,2.6,sand,medium,68,hose_reel,irrigation_canal,12.5,1
farm_2,farm_2_field_2,2025-06-29,50.5,sensitive,potato,5,15.9,0.3,sand,medium,69,hose_reel,irrigation_canal,12.5,1
farm_2,farm_2_field_2,2025-06-30,44.4,sensitive,potato,6,15.9,0.0,sand,medium,70,hose_reel,irrigation_canal,12.5,2
farm_2,farm_2_field_2,2025-07-01,76.5,sensitive,potato,1,25.3,0.0,sand,medium,71,hose_reel,irrigation_canal,12.5,0
farm_2,farm_2_field_2,2025-07-02,72.1,sensitive,potato,2,25.3,0.0,sand,medium,72,hose_reel,irrigation_canal,12.5,0
farm_2,farm_2_field_2,2025-07-03,57.1,sensitive,potato,3,25.3,0.7,sand,medium,73,hose_reel,irrigation_canal,12.5,1
farm_2,farm_2_field_2,2025-07-04,49.7,sensitive,potato,4,25.3,0.3,sand,medium,74,hose_reel,irrigation_canal,12.5,2
farm_2,farm_2_field_2,2025-07-05,71.7,sensitive,potato,1,24.6,1.1,sand,medium,75,hose_reel,irrigation_canal,12.5,0
farm_2,farm_2_field_2,2025-07-06,68.6,sensitive,potato,2,24.6,0.8,sand,medium,76,hose_reel,irrigation_canal,12.5,0
farm_2,farm_2_field_2,2025-07-07,56.5,sensitive,potato,3,24.6,0.0,sand,medium,77,hose_reel,irrigation_canal,12.5,1
farm_2,farm_2_field_2,2025-07-08,46.6,sensitive,potato,4,24.6,0.6,sand,medium,78,hose_reel,irrigation_canal,12.5,2
farm_2,farm_2_field_2,2025-07-09,73.9,sensitive,potato,1,24.9,0.1,sand,medium,79,hose_reel,irrigation_canal,12.5,0
farm_2,farm_2_field_2,2025-07-10,70.3,sensitive,potato,2,24.9,0.5,sand,medium,80,hose_reel,irrigation_canal,12.5,0
farm_2,farm_2_field_2,2025-07-11,61.7,sensitive,potato,3,24.9,0.4,sand,medium,81,hose_reel,irrigation_canal,12.5,1
farm_2,farm_2_field_2,2025-07-12,50.3,sensitive,potato,4,24.9,0.8,sand,medium,82,hose_reel,irrigation_canal,12.5,1
farm_2,farm_2_field_2,2025-07-13,40.4,sensitive,potato,5,24.9,0.3,sand,medium,83,hose_reel,irrigation_canal,12.5,2
farm_2,farm_2_field_2,2025-07-14,81.8,sensitive,potato,1,29.0,0.5,sand,medium,84,hose_reel,irrigation_canal,12.5,0
farm_2,farm_2_field_2,2025-07-15,68.7,sensitive,potato,2,29.0,0.0,sand,medium,85,hose_reel,irrigation_canal,12.5,0
farm_2,farm_2_field_2,2025-07-16,61.8,sensitive,potato,3,29.0,0.0,sand,medium,86,hose_reel,irrigation_canal,12.5,1
farm_2,farm_2_field_2,2025-07-17,55.0,sensitive,potato,4,29.0,0.0,sand,medium,87,hose_reel,irrigation_canal,12.5,1
farm_2,farm_2_field_2,2025-07-18,44.9,sensitive,potato,5,29.0,1.8,sand,medium,88,hose_reel,irrigation_canal,12.5,2
farm_2,farm_2_field_2,2025-07-19,81.0,sensitive,potato,1,24.7,7.8,sand,medium,89,hose_reel,irrigation_canal,12.5,0
farm_2,farm_2_field_2,2025-07-20,81.6,sensitive,potato,2,24.7,0.7,sand,medium,90,hose_reel,irrigation_canal,12.5,0
farm_2,farm_2_field_2,2025-07-21,72.4,sensitive,potato,3,24.7,0.9,sand,medium,91,hose_reel,irrigation_canal,12.5,0
farm_2,farm_2_field_2,2025-07-22,72.4,sensitive,potato,4,24.7,0.0,sand,medium,92,hose_reel,irrigation_canal,12.5,0
farm_2,farm_2_field_2,2025-07-23,69.2,sensitive,potato,5,24.7,0.0,sand,medium,93,hose_reel,irrigation_canal,12.5,1
farm_2,farm_2_field_2,2025-07-24,55.5,sensitive,potato,6,24.7,0.4,sand,medium,94,hose_reel,irrigation_canal,12.5,1
farm_2,farm_2_field_2,2025-07-25,,sensitive,potato,7,24.7,0.0,sand,medium,95,hose_reel,irrigation_canal,12.5,2
farm_2,farm_2_field_2,2025-07-26,81.9,sensitive,potato,1,25.5,0.1,sand,medium,96,hose_reel,irrigation_canal,12.5,0
farm_2,farm_2_field_2,2025-07-27,65.8,sensitive,potato,2,25.5,1.2,sand,medium,97,hose_reel,irrigation_canal,12.5,0
farm_2,farm_2_field_2,2025-07-28,59.8,sensitive,potato,3,25.5,0.2,sand,medium,98,hose_reel,irrigation_canal,12.5,1
farm_2,farm_2_field_2,2025-07-29,54.2,sensitive,potato,4,25.5,5.4,sand,medium,99,hose_reel,irrigation_canal,12.5,1
farm_2,farm_2_field_2,2025-07-30,56.2,late,potato,5,25.5,0.0,sand,medium,100,hose_reel,irrigation_canal,12.5,0
farm_2,farm_2_field_2,2025-07-31,54.2,late,potato,6,25.5,0.0,sand,medium,101,hose_reel,irrigation_canal,12.5,0
farm_2,farm_2_field_2,2025-08-01,43.8,late,potato,7,25.5,0.0,sand,medium,102,hose_reel,irrigation_canal,12.5,0
farm_2,farm_2_field_2,2025-08-02,39.1,late,potato,8,25.5,0.4,sand,medium,103,hose_reel,irrigation_canal,12.5,1
farm_2,farm_2_field_2,2025-08-03,37.1,late,potato,9,25.5,0.0,sand,medium,104,hose_reel,irrigation_canal,12.5,1
farm_2,farm_2_field_2,2025-08-04,32.5,late,potato,10,25.5,1.2,sand,medium,105,hose_reel,irrigation_canal,12.5,1
farm_2,farm_2_field_2,2025-08-05,81.1,late,potato,1,36.7,0.0,sand,medium,106,hose_reel,irrigation_canal,12.5,0
farm_2,farm_2_field_2,2025-08-06,78.9,late,potato,2,36.7,6.9,sand,medium,107,hose_reel,irrigation_canal,12.5,0
farm_2,farm_2_field_2,2025-08-07,83.6,late,potato,3,36.7,0.4,sand,medium,108,hose_reel,irrigation_canal,12.5,0
farm_2,farm_2_field_2,2025-08-08,75.6,late,potato,4,36.7,0.0,sand,medium,109,hose_reel,irrigation_canal,12.5,0
farm_2,farm_2_field_2,2025-08-09,68.7,late,potato,5,36.7,0.0,sand,medium,110,hose_reel,irrigation_canal,12.5,0
farm_2,farm_2_field_2,2025-08-10,,late,potato,6,36.7,0.0,sand,medium,111,hose_reel,irrigation_canal,12.5,0
farm_2,farm_2_field_2,2025-08-11,62.5,late,potato,7,36.7,1.4,sand,medium,112,hose_reel,irrigation_canal,12.5,0
farm_2,farm_2_field_2,2025-08-12,55.9,late,potato,8,36.7,0.0,sand,medium,113,hose_reel,irrigation_canal,12.5,0
farm_2,farm_2_field_2,2025-08-13,57.6,late,potato,9,36.7,0.3,sand,medium,114,hose_reel,irrigation_canal,12.5,0
farm_2,farm_2_field_2,2025-08-14,47.9,late,potato,10,36.7,0.1,sand,medium,115,hose_reel,irrigation_canal,12.5,0
farm_2,farm_2_field_2,2025-08-15,48.5,late,potato,11,36.7,0.0,sand,medium,116,hose_reel,irrigation_canal,12.5,0
farm_2,farm_2_field_2,2025-08-16,38.8,late,potato,12,36.7,0.0,sand,medium,117,hose_reel,irrigation_canal,12.5,1
farm_2,farm_2_field_2,2025-08-17,38.5,late,potato,13,36.7,0.0,sand,medium,118,hose_reel,irrigation_canal,12.5,1
farm_2,farm_2_field_2,2025-08-18,32.9,late,potato,14,36.7,0.1,sand,medium,119,hose_reel,irrigation_canal,12.5,1
farm_2,farm_2_field_2,2025-08-19,25.3,late,potato,15,36.7,0.0,sand,medium,120,hose_reel,irrigation_canal,12.5,2
farm_2,farm_2_field_2,2025-08-20,78.9,late,potato,1,39.3,0.2,sand,medium,121,hose_reel,irrigation_canal,12.5,0
farm_2,farm_2_field_2,2025-08-21,77.0,late,potato,2,39.3,0.0,sand,medium,122,hose_reel,irrigation_canal,12.5,0
farm_2,farm_2_field_2,2025-08-22,67.9,late,potato,3,39.3,0.4,sand,medium,123,hose_reel,irrigation_canal,12.5,0
farm_2,farm_2_field_2,2025-08-23,65.0,late,potato,4,39.3,0.8,sand,medium,124,hose_reel,irrigation_canal,12.5,0
farm_2,farm_2_field_2,2025-08-24,64.6,late,potato,5,39.3,0.0,sand,medium,125,hose_reel,irrigation_canal,12.5,0
farm_2,farm_2_field_2,2025-08-25,61.8,late,potato,6,39.3,0.0,sand,medium,126,hose_reel,irrigation_canal,12.5,0
farm_2,farm_2_field_2,2025-08-26,54.7,late,potato,7,39.3,0.0,sand,medium,127,hose_reel,irrigation_canal,12.5,0
farm_2,farm_2_field_2,2025-08-27,45.6,late,potato,8,39.3,0.1,sand,medium,128,hose_reel,irrigation_canal,12.5,0
farm_2,farm_2_field_2,2025-08-28,50.3,late,potato,9,39.3,12.5,sand,medium,129,hose_reel,irrigation_canal,12.5,0
farm_2,farm_2_field_2,2025-08-29,62.2,late,potato,10,39.3,0.0,sand,medium,130,hose_reel,irrigation_canal,12.5,0
farm_2,farm_2_field_2,2025-08-30,56.2,late,potato,11,39.3,0.1,sand,medium,131,hose_reel,irrigation_canal,12.5,0
farm_2,farm_2_field_2,2025-08-31,52.9,late,potato,12,39.3,0.5,sand,medium,132,hose_reel,irrigation_canal,12.5,0
farm_2,farm_2_field_2,2025-09-01,51.4,late,potato,13,39.3,0.3,sand,medium,133,hose_reel,irrigation_canal,12.5,0
farm_2,farm_2_field_2,2025-09-02,39.9,late,potato,14,39.3,0.1,sand,medium,134,hose_reel,irrigation_canal,12.5,1
farm_2,farm_2_field_2,2025-09-03,31.6,late,potato,15,39.3,0.1,sand,medium,135,hose_reel,irrigation_canal,12.5,1
farm_2,farm_2_field_2,2025-09-04,40.0,late,potato,16,39.3,0.2,sand,medium,136,hose_reel,irrigation_canal,12.5,1
farm_2,farm_2_field_2,2025-09-05,30.9,late,potato,17,39.3,0.2,sand,medium,137,hose_reel,irrigation_canal,12.5,1
farm_2,farm_2_field_2,2025-09-06,28.0,late,potato,18,39.3,0.2,sand,medium,138,hose_reel,irrigation_canal,12.5,2
farm_2,farm_2_field_2,2025-09-07,79.9,late,potato,1,38.6,0.7,sand,medium,139,hose_reel,irrigation_canal,12.5,0
farm_2,farm_2_field_2,2025-09-08,74.8,late,potato,2,38.6,0.0,sand,medium,140,hose_reel,irrigation_canal,12.5,0
farm_2,farm_2_field_2,2025-09-09,69.6,late,potato,3,38.6,0.0,sand,medium,141,hose_reel,irrigation_canal,12.5,0
farm_2,farm_2_field_2,2025-09-10,63.9,late,potato,4,38.6,0.3,sand,medium,142,hose_reel,irrigation_canal,12.5,0
farm_2,farm_2_field_2,2025-09-11,63.4,late,potato,5,38.6,0.0,sand,medium,143,hose_reel,irrigation_canal,12.5,0
farm_2,farm_2_field_2,2025-09-12,66.7,late,potato,6,38.6,0.0,sand,medium,144,hose_reel,irrigation_canal,12.5,0
farm_2,farm_2_field_2,2025-09-13,60.6,late,potato,7,38.6,0.0,sand,medium,145,hose_reel,irrigation_canal,12.5,0
farm_2,farm_2_field_2,2025-09-14,50.2,late,potato,8,38.6,1.4,sand,medium,146,hose_reel,irrigation_canal,12.5,0
farm_2,farm_2_field_2,2025-09-15,56.8,late,potato,9,38.6,0.7,sand,medium,147,hose_reel,irrigation_canal,12.5,0
farm_2,farm_2_field_2,2025-09-16,50.4,late,potato,10,38.6,3.8,sand,medium,148,hose_reel,irrigation_canal,12.5,0
farm_2,farm_2_field_2,2025-09-17,51.5,late,potato,11,38.6,1.5,sand,medium,149,hose_reel,irrigation_canal,12.5,0
farm_2,farm_2_field_2,2025-09-18,45.4,late,potato,12,38.6,0.1,sand,medium,150,hose_reel,irrigation_canal,12.5,0
farm_2,farm_2_field_2,2025-09-19,41.3,late,potato,13,38.6,0.0,sand,medium,151,hose_reel,irrigation_canal,12.5,0
farm_2,farm_2_field_2,2025-09-20,46.5,late,potato,14,38.6,0.3,sand,medium,152,hose_reel,irrigation_canal,12.5,1
farm_2,farm_2_field_2,2025-09-21,48.4,late,potato,15,38.6,0.4,sand,medium,153,hose_reel,irrigation_canal,12.5,1
farm_2,farm_2_field_2,2025-09-22,80.7,late,potato,1,29.7,0.0,sand,medium,154,hose_reel,irrigation_canal,12.5,0
farm_2,farm_2_field_2,2025-09-23,77.3,late,potato,2,29.7,0.7,sand,medium,155,hose_reel,irrigation_canal,12.5,0
farm_2,farm_2_field_2,2025-09-24,76.2,late,potato,3,29.7,0.0,sand,medium,156,hose_reel,irrigation_canal,12.5,0
farm_2,farm_2_field_2,2025-09-25,71.5,late,potato,4,29.7,0.6,sand,medium,157,hose_reel,irrigation_canal,12.5,0
farm_2,farm_2_field_2,2025-09-26,71.5,late,potato,5,29.7,0.5,sand,medium,158,hose_reel,irrigation_canal,12.5,0
farm_2,farm_2_field_2,2025-09-27,64.3,late,potato,6,29.7,0.0,sand,medium,159,hose_reel,irrigation_canal,12.5,0
farm_2,farm_2_field_2,2025-09-28,68.2,late,potato,7,29.7,0.0,sand,medium,160,hose_reel,irrigation_canal,12.5,0
farm_2,farm_2_field_2,2025-09-29,58.7,late,potato,8,29.7,0.0,sand,medium,161,hose_reel,irrigation_canal,12.5,0
farm_2,farm_2_field_2,2025-09-30,59.0,late,potato,9,29.7,0.5,sand,medium,162,hose_reel,irrigation_canal,12.5,0
farm_2,farm_2_field_2,2026-04-21,73.1,initial,potato,0,0.0,0.0,sand,medium,0,hose_reel,irrigation_canal,12.5,0
farm_2,farm_2_field_2,2026-04-22,66.9,initial,potato,1,0.0,0.0,sand,medium,1,hose_reel,irrigation_canal,12.5,0
farm_2,farm_2_field_2,2026-04-23,73.2,initial,potato,2,0.0,0.0,sand,medium,2,hose_reel,irrigation_canal,12.5,0
farm_2,farm_2_field_2,2026-04-24,65.4,initial,potato,3,0.0,0.0,sand,medium,3,hose_reel,irrigation_canal,12.5,0
farm_2,farm_2_field_2,2026-04-25,67.8,initial,potato,4,0.0,0.3,sand,medium,4,hose_reel,irrigation_canal,12.5,0
farm_2,farm_2_field_2,2026-04-26,62.4,initial,potato,5,0.0,0.0,sand,medium,5,hose_reel,irrigation_canal,12.5,0
farm_2,farm_2_field_2,2026-04-27,58.0,initial,potato,6,0.0,0.0,sand,medium,6,hose_reel,irrigation_canal,12.5,0
farm_2,farm_2_field_2,2026-04-28,59.8,initial,potato,7,0.0,0.0,sand,medium,7,hose_reel,irrigation_canal,12.5,0
farm_2,farm_2_field_2,2026-04-29,,initial,potato,8,0.0,0.0,sand,medium,8,hose_reel,irrigation_canal,12.5,0
farm_2,farm_2_field_2,2026-04-30,51.6,initial,potato,9,0.0,0.0,sand,medium,9,hose_reel,irrigation_canal,12.5,0
farm_2,farm_2_field_2,2026-05-01,52.4,initial,potato,10,0.0,0.4,sand,medium,10,hose_reel,irrigation_canal,12.5,0
farm_2,farm_2_field_2,2026-05-02,51.7,initial,potato,11,0.0,0.0,sand,medium,11,hose_reel,irrigation_canal,12.5,0
farm_2,farm_2_field_2,2026-05-03,47.7,initial,potato,12,0.0,6.9,sand,medium,12,hose_reel,irrigation_canal,12.5,0
farm_2,farm_2_field_2,2026-05-04,59.2,initial,potato,13,0.0,0.9,sand,medium,13,hose_reel,irrigation_canal,12.5,0
farm_2,farm_2_field_2,2026-05-05,54.4,initial,potato,14,0.0,3.9,sand,medium,14,hose_reel,irrigation_canal,12.5,0
farm_2,farm_2_field_2,2026-05-06,56.7,initial,potato,15,0.0,0.4,sand,medium,15,hose_reel,irrigation_canal,12.5,0
farm_2,farm_2_field_2,2026-05-07,61.5,initial,potato,16,0.0,6.2,sand,medium,16,hose_reel,irrigation_canal,12.5,0
farm_2,farm_2_field_2,2026-05-08,61.9,initial,potato,17,0.0,0.0,sand,medium,17,hose_reel,irrigation_canal,12.5,0
farm_2,farm_2_field_2,2026-05-09,62.6,initial,potato,18,0.0,0.4,sand,medium,18,hose_reel,irrigation_canal,12.5,0
farm_2,farm_2_field_2,2026-05-10,60.9,initial,potato,19,0.0,0.0,sand,medium,19,hose_reel,irrigation_canal,12.5,0
farm_2,farm_2_field_2,2026-05-11,57.8,initial,potato,20,0.0,0.0,sand,medium,20,hose_reel,irrigation_canal,12.5,0
farm_2,farm_2_field_2,2026-05-12,,initial,potato,21,0.0,0.6,sand,medium,21,hose_reel,irrigation_canal,12.5,0
farm_2,farm_2_field_2,2026-05-13,54.6,initial,potato,22,0.0,1.9,sand,medium,22,hose_reel,irrigation_canal,12.5,0
farm_2,farm_2_field_2,2026-05-14,53.8,initial,potato,23,0.0,0.0,sand,medium,23,hose_reel,irrigation_canal,12.5,0
farm_2,farm_2_field_2,2026-05-15,56.0,initial,potato,24,0.0,0.0,sand,medium,24,hose_reel,irrigation_canal,12.5,0
farm_2,farm_2_field_2,2026-05-16,48.6,development,potato,25,0.0,0.0,sand,medium,25,hose_reel,irrigation_canal,12.5,1
farm_2,farm_2_field_2,2026-05-17,44.7,development,potato,26,0.0,0.0,sand,medium,26,hose_reel,irrigation_canal,12.5,1
farm_2,farm_2_field_2,2026-05-18,80.5,development,potato,1,26.4,0.2,sand,medium,27,hose_reel,irrigation_canal,12.5,0
farm_2,farm_2_field_2,2026-05-19,77.8,development,potato,2,26.4,0.0,sand,medium,28,hose_reel,irrigation_canal,12.5,0
farm_2,farm_2_field_2,2026-05-20,76.2,development,potato,3,26.4,0.0,sand,medium,29,hose_reel,irrigation_canal,12.5,0
farm_2,farm_2_field_2,2026-05-21,66.1,development,potato,4,26.4,10.9,sand,medium,30,hose_reel,irrigation_canal,12.5,0
farm_2,farm_2_field_2,2026-05-22,79.4,development,potato,5,26.4,3.9,sand,medium,31,hose_reel,irrigation_canal,12.5,0
farm_2,farm_2_field_2,2026-05-23,80.7,development,potato,6,26.4,0.1,sand,medium,32,hose_reel,irrigation_canal,12.5,0
farm_2,farm_2_field_2,2026-05-24,80.1,development,potato,7,26.4,0.0,sand,medium,33,hose_reel,irrigation_canal,12.5,0
farm_2,farm_2_field_2,2026-05-25,72.9,development,potato,8,26.4,0.0,sand,medium,34,hose_reel,irrigation_canal,12.5,0
farm_2,farm_2_field_2,2026-05-26,72.4,development,potato,9,26.4,0.7,sand,medium,35,hose_reel,irrigation_canal,12.5,0
farm_2,farm_2_field_2,2026-05-27,66.5,development,potato,10,26.4,0.1,sand,medium,36,hose_reel,irrigation_canal,12.5,0
farm_2,farm_2_field_2,2026-05-28,61.5,development,potato,11,26.4,0.4,sand,medium,37,hose_reel,irrigation_canal,12.5,0
farm_2,farm_2_field_2,2026-05-29,56.3,development,potato,12,26.4,0.2,sand,medium,38,hose_reel,irrigation_canal,12.5,0
farm_2,farm_2_field_2,2026-05-30,58.5,development,potato,13,26.4,0.6,sand,medium,39,hose_reel,irrigation_canal,12.5,1
farm_2,farm_2_field_2,2026-05-31,46.7,development,potato,14,26.4,0.3,sand,medium,40,hose_reel,irrigation_canal,12.5,1
farm_2,farm_2_field_2,2026-06-01,46.1,development,potato,15,26.4,0.0,sand,medium,41,hose_reel,irrigation_canal,12.5,1
farm_2,farm_2_field_2,2026-06-02,42.7,development,potato,16,26.4,0.0,sand,medium,42,hose_reel,irrigation_canal,12.5,1
farm_2,farm_2_field_2,2026-06-03,34.1,development,potato,17,26.4,0.0,sand,medium,43,hose_reel,irrigation_canal,12.5,2
farm_2,farm_2_field_2,2026-06-04,73.2,development,potato,1,33.8,0.0,sand,medium,44,hose_reel,irrigation_canal,12.5,0
farm_2,farm_2_field_2,2026-06-05,73.1,development,potato,2,33.8,0.0,sand,medium,45,hose_reel,irrigation_canal,12.5,0
farm_2,farm_2_field_2,2026-06-06,64.9,development,potato,3,33.8,3.8,sand,medium,46,hose_reel,irrigation_canal,12.5,0
farm_2,farm_2_field_2,2026-06-07,70.1,development,potato,4,33.8,0.0,sand,medium,47,hose_reel,irrigation_canal,12.5,0
farm_2,farm_2_field_2,2026-06-08,64.7,development,potato,5,33.8,0.4,sand,medium,48,hose_reel,irrigation_canal,12.5,0
farm_2,farm_2_field_2,2026-06-09,64.3,development,potato,6,33.8,0.0,sand,medium,49,hose_reel,irrigation_canal,12.5,0
farm_2,farm_2_field_2,2026-06-10,51.8,development,potato,7,33.8,0.0,sand,medium,50,hose_reel,irrigation_canal,12.5,1
farm_2,farm_2_field_2,2026-06-11,44.9,development,potato,8,33.8,0.2,sand,medium,51,hose_reel,irrigation_canal,12.5,1
farm_2,farm_2_field_2,2026-06-12,36.2,development,potato,9,33.8,0.0,sand,medium,52,hose_reel,irrigation_canal,12.5,2
farm_2,farm_2_field_2,2026-06-13,76.6,development,potato,1,32.3,0.0,sand,medium,53,hose_reel,irrigation_canal,12.5,0
farm_2,farm_2_field_2,2026-06-14,76.6,development,potato,2,32.3,0.0,sand,medium,54,hose_reel,irrigation_canal,12.5,0
farm_2,farm_2_field_2,2026-06-15,76.6,sensitive,potato,3,32.3,0.0,sand,medium,55,hose_reel,irrigation_canal,12.5,1
farm_2,farm_2_field_2,2026-06-16,76.6,sensitive,potato,4,32.3,0.0,sand,medium,56,hose_reel,irrigation_canal,12.5,1
farm_2,farm_2_field_2,2026-06-17,76.6,sensitive,potato,5,32.3,0.3,sand,medium,57,hose_reel,irrigation_canal,12.5,2
farm_2,farm_2_field_2,2026-06-18,76.6,sensitive,potato,1,30.3,0.0,sand,medium,58,hose_reel,irrigation_canal,12.5,0
farm_2,farm_2_field_2,2026-06-19,76.6,sensitive,potato,2,30.3,0.8,sand,medium,59,hose_reel,irrigation_canal,12.5,1
farm_2,farm_2_field_2,2026-06-20,76.6,sensitive,potato,3,30.3,0.0,sand,medium,60,hose_reel,irrigation_canal,12.5,1
farm_2,farm_2_field_2,2026-06-21,76.6,sensitive,potato,4,30.3,0.2,sand,medium,61,hose_reel,irrigation_canal,12.5,2
farm_2,farm_2_field_2,2026-06-22,73.2,sensitive,potato,1,28.7,0.0,sand,medium,62,hose_reel,irrigation_canal,12.5,0
farm_2,farm_2_field_2,2026-06-23,64.5,sensitive,potato,2,28.7,0.2,sand,medium,63,hose_reel,irrigation_canal,12.5,0
farm_2,farm_2_field_2,2026-06-24,53.3,sensitive,potato,3,28.7,0.4,sand,medium,64,hose_reel,irrigation_canal,12.5,1
farm_2,farm_2_field_2,2026-06-25,47.2,sensitive,potato,4,28.7,1.3,sand,medium,65,hose_reel,irrigation_canal,12.5,2
farm_2,farm_2_field_2,2026-06-26,77.8,sensitive,potato,1,27.0,0.4,sand,medium,66,hose_reel,irrigation_canal,12.5,0
farm_2,farm_2_field_2,2026-06-27,65.4,sensitive,potato,2,27.0,0.4,sand,medium,67,hose_reel,irrigation_canal,12.5,0
farm_2,farm_2_field_2,2026-06-28,57.9,sensitive,potato,3,27.0,0.3,sand,medium,68,hose_reel,irrigation_canal,12.5,1
farm_2,farm_2_field_2,2026-06-29,46.4,sensitive,potato,4,27.0,0.0,sand,medium,69,hose_reel,irrigation_canal,12.5,2
farm_2,farm_2_field_2,2026-06-30,76.0,sensitive,potato,1,27.9,0.1,sand,medium,70,hose_reel,irrigation_canal,12.5,0
farm_2,farm_2_field_2,2026-07-01,51.5,sensitive,potato,2,27.9,0.0,sand,medium,71,hose_reel,irrigation_canal,12.5,1
farm_2,farm_2_field_2,2026-07-02,47.7,sensitive,potato,3,27.9,0.1,sand,medium,72,hose_reel,irrigation_canal,12.5,2
farm_2,farm_2_field_2,2026-07-03,74.5,sensitive,potato,1,26.2,0.3,sand,medium,73,hose_reel,irrigation_canal,12.5,0
farm_2,farm_2_field_2,2026-07-04,62.9,sensitive,potato,2,26.2,0.0,sand,medium,74,hose_reel,irrigation_canal,12.5,1
farm_2,farm_2_field_2,2026-07-05,51.0,sensitive,potato,3,26.2,0.0,sand,medium,75,hose_reel,irrigation_canal,12.5,1
farm_2,farm_2_field_2,2026-07-06,42.7,sensitive,potato,4,26.2,0.0,sand,medium,76,hose_reel,irrigation_canal,12.5,2
farm_2,farm_2_field_2,2026-07-07,72.6,sensitive,potato,1,32.2,1.0,sand,medium,77,hose_reel,irrigation_canal,12.5,0
farm_2,farm_2_field_2,2026-07-08,55.7,sensitive,potato,2,32.2,0.0,sand,medium,78,hose_reel,irrigation_canal,12.5,1
farm_2,farm_2_field_2,2026-07-09,54.7,sensitive,potato,3,32.2,0.0,sand,medium,79,hose_reel,irrigation_canal,12.5,1
farm_2,farm_2_field_2,2026-07-10,40.5,sensitive,potato,4,32.2,0.9,sand,medium,80,hose_reel,irrigation_canal,12.5,2
farm_2,farm_2_field_2,2026-07-11,73.1,sensitive,potato,1,31.4,0.1,sand,medium,81,hose_reel,irrigation_canal,12.5,0
farm_2,farm_2_field_2,2026-07-12,61.6,sensitive,potato,2,31.4,0.0,sand,medium,82,hose_reel,irrigation_canal,12.5,1
farm_2,farm_2_field_2,2026-07-13,55.9,sensitive,potato,3,31.4,0.3,sand,medium,83,hose_reel,irrigation_canal,12.5,1
farm_2,farm_2_field_2,2026-07-14,46.2,sensitive,potato,4,31.4,0.4,sand,medium,84,hose_reel,irrigation_canal,12.5,2
farm_2,farm_2_field_2,2026-07-15,73.5,sensitive,potato,1,28.9,0.0,sand,medium,85,hose_reel,irrigation_canal,12.5,0
farm_2,farm_2_field_2,2026-07-16,64.8,sensitive,potato,2,28.9,0.3,sand,medium,86,hose_reel,irrigation_canal,12.5,1
farm_2,farm_2_field_2,2026-07-17,47.5,sensitive,potato,3,28.9,0.0,sand,medium,87,hose_reel,irrigation_canal,12.5,1
farm_2,farm_2_field_2,2026-07-18,73.3,sensitive,potato,1,23.0,0.0,sand,medium,88,hose_reel,irrigation_canal,12.5,0
farm_2,farm_2_field_2,2026-07-19,63.2,sensitive,potato,2,23.0,0.0,sand,medium,89,hose_reel,irrigation_canal,12.5,1
farm_2,farm_2_field_2,2026-07-20,50.8,sensitive,potato,3,23.0,0.0,sand,medium,90,hose_reel,irrigation_canal,12.5,1
farm_2,farm_2_field_2,2026-07-21,45.9,sensitive,potato,4,23.0,0.0,sand,medium,91,hose_reel,irrigation_canal,12.5,2
farm_2,farm_2_field_2,2026-07-22,68.0,sensitive,potato,1,28.1,0.1,sand,medium,92,hose_reel,irrigation_canal,12.5,0
farm_2,farm_2_field_2,2026-07-23,65.1,sensitive,potato,2,28.1,0.0,sand,medium,93,hose_reel,irrigation_canal,12.5,1
farm_2,farm_2_field_2,2026-07-24,47.9,sensitive,potato,3,28.1,0.0,sand,medium,94,hose_reel,irrigation_canal,12.5,1
farm_2,farm_2_field_2,2026-07-25,38.7,sensitive,potato,4,28.1,0.0,sand,medium,95,hose_reel,irrigation_canal,12.5,2
farm_2,farm_2_field_2,2026-07-26,70.1,sensitive,potato,1,30.1,0.0,sand,medium,96,hose_reel,irrigation_canal,12.5,0
farm_2,farm_2_field_2,2026-07-27,61.6,sensitive,potato,2,30.1,0.0,sand,medium,97,hose_reel,irrigation_canal,12.5,1
farm_2,farm_2_field_2,2026-07-28,50.4,sensitive,potato,3,30.1,0.1,sand,medium,98,hose_reel,irrigation_canal,12.5,1
farm_2,farm_2_field_2,2026-07-29,78.0,sensitive,potato,1,21.7,0.0,sand,medium,99,hose_reel,irrigation_canal,12.5,0
farm_2,farm_2_field_2,2026-07-30,63.6,late,potato,2,21.7,0.0,sand,medium,100,hose_reel,irrigation_canal,12.5,0
farm_2,farm_2_field_2,2026-07-31,61.8,late,potato,3,21.7,5.3,sand,medium,101,hose_reel,irrigation_canal,12.5,0
farm_2,farm_2_field_2,2026-08-01,61.4,late,potato,4,21.7,0.0,sand,medium,102,hose_reel,irrigation_canal,12.5,0
farm_2,farm_2_field_2,2026-08-02,62.5,late,potato,5,21.7,0.0,sand,medium,103,hose_reel,irrigation_canal,12.5,0
farm_2,farm_2_field_2,2026-08-03,54.7,late,potato,6,21.7,6.6,sand,medium,104,hose_reel,irrigation_canal,12.5,0
farm_2,farm_2_field_2,2026-08-04,54.4,late,potato,7,21.7,0.0,sand,medium,105,hose_reel,irrigation_canal,12.5,0
farm_2,farm_2_field_2,2026-08-05,47.3,late,potato,8,21.7,0.0,sand,medium,106,hose_reel,irrigation_canal,12.5,0
farm_2,farm_2_field_2,2026-08-06,35.6,late,potato,9,21.7,0.0,sand,medium,107,hose_reel,irrigation_canal,12.5,1
farm_2,farm_2_field_2,2026-08-07,77.9,late,potato,1,31.3,0.0,sand,medium,108,hose_reel,irrigation_canal,12.5,0
farm_2,farm_2_field_2,2026-08-08,70.0,late,potato,2,31.3,0.0,sand,medium,109,hose_reel,irrigation_canal,12.5,0
farm_2,farm_2_field_2,2026-08-09,69.4,late,potato,3,31.3,0.0,sand,medium,110,hose_reel,irrigation_canal,12.5,0
farm_2,farm_2_field_2,2026-08-10,62.0,late,potato,4,31.3,1.0,sand,medium,111,hose_reel,irrigation_canal,12.5,0
farm_2,farm_2_field_2,2026-08-11,51.9,late,potato,5,31.3,0.0,sand,medium,112,hose_reel,irrigation_canal,12.5,0
farm_2,farm_2_field_2,2026-08-12,50.8,late,potato,6,31.3,0.5,sand,medium,113,hose_reel,irrigation_canal,12.5,0
farm_2,farm_2_field_2,2026-08-13,43.6,late,potato,7,31.3,0.4,sand,medium,114,hose_reel,irrigation_canal,12.5,0
farm_2,farm_2_field_2,2026-08-14,37.4,late,potato,8,31.3,0.0,sand,medium,115,hose_reel,irrigation_canal,12.5,1
farm_2,farm_2_field_2,2026-08-15,29.6,late,potato,9,31.3,0.3,sand,medium,116,hose_reel,irrigation_canal,12.5,1
farm_2,farm_2_field_2,2026-08-16,30.4,late,potato,10,31.3,0.5,sand,medium,117,hose_reel,irrigation_canal,12.5,2
farm_2,farm_2_field_2,2026-08-17,75.0,late,potato,1,38.8,0.2,sand,medium,118,hose_reel,irrigation_canal,12.5,0
farm_2,farm_2_field_2,2026-08-18,72.0,late,potato,2,38.8,0.3,sand,medium,119,hose_reel,irrigation_canal,12.5,0
farm_2,farm_2_field_2,2026-08-19,65.0,late,potato,3,38.8,0.0,sand,medium,120,hose_reel,irrigation_canal,12.5,0
farm_2,farm_2_field_2,2026-08-20,62.7,late,potato,4,38.8,1.7,sand,medium,121,hose_reel,irrigation_canal,12.5,0
farm_2,farm_2_field_2,2026-08-21,65.3,late,potato,5,38.8,0.0,sand,medium,122,hose_reel,irrigation_canal,12.5,0
farm_2,farm_2_field_2,2026-08-22,58.5,late,potato,6,38.8,0.0,sand,medium,123,hose_reel,irrigation_canal,12.5,0
farm_2,farm_2_field_2,2026-08-23,57.0,late,potato,7,38.8,0.2,sand,medium,124,hose_reel,irrigation_canal,12.5,0
farm_2,farm_2_field_2,2026-08-24,41.4,late,potato,8,38.8,0.0,sand,medium,125,hose_reel,irrigation_canal,12.5,0
farm_2,farm_2_field_2,2026-08-25,47.3,late,potato,9,38.8,0.5,sand,medium,126,hose_reel,irrigation_canal,12.5,1
farm_2,farm_2_field_2,2026-08-26,41.5,late,potato,10,38.8,0.4,sand,medium,127,hose_reel,irrigation_canal,12.5,1
farm_2,farm_2_field_2,2026-08-27,33.9,late,potato,11,38.8,0.3,sand,medium,128,hose_reel,irrigation_canal,12.5,1
farm_2,farm_2_field_2,2026-08-28,33.1,late,potato,12,38.8,3.3,sand,medium,129,hose_reel,irrigation_canal,12.5,1
farm_2,farm_2_field_2,2026-08-29,30.5,late,potato,13,38.8,0.1,sand,medium,130,hose_reel,irrigation_canal,12.5,1
farm_2,farm_2_field_2,2026-08-30,28.2,late,potato,14,38.8,0.0,sand,medium,131,hose_reel,irrigation_canal,12.5,2
farm_2,farm_2_field_2,2026-08-31,80.3,late,potato,1,39.3,0.0,sand,medium,132,hose_reel,irrigation_canal,12.5,0
farm_2,farm_2_field_2,2026-09-01,69.3,late,potato,2,39.3,0.5,sand,medium,133,hose_reel,irrigation_canal,12.5,0
farm_2,farm_2_field_2,2026-09-02,73.1,late,potato,3,39.3,0.2,sand,medium,134,hose_reel,irrigation_canal,12.5,0
farm_2,farm_2_field_2,2026-09-03,65.0,late,potato,4,39.3,0.0,sand,medium,135,hose_reel,irrigation_canal,12.5,0
farm_2,farm_2_field_2,2026-09-04,64.9,late,potato,5,39.3,0.2,sand,medium,136,hose_reel,irrigation_canal,12.5,0
farm_2,farm_2_field_2,2026-09-05,,late,potato,6,39.3,0.0,sand,medium,137,hose_reel,irrigation_canal,12.5,0
farm_2,farm_2_field_2,2026-09-06,63.3,late,potato,7,39.3,0.0,sand,medium,138,hose_reel,irrigation_canal,12.5,0
farm_2,farm_2_field_2,2026-09-07,49.3,late,potato,8,39.3,0.4,sand,medium,139,hose_reel,irrigation_canal,12.5,0
farm_2,farm_2_field_2,2026-09-08,45.5,late,potato,9,39.3,0.3,sand,medium,140,hose_reel,irrigation_canal,12.5,0
farm_2,farm_2_field_2,2026-09-09,41.8,late,potato,10,39.3,0.2,sand,medium,141,hose_reel,irrigation_canal,12.5,0
farm_2,farm_2_field_2,2026-09-10,40.6,late,potato,11,39.3,0.4,sand,medium,142,hose_reel,irrigation_canal,12.5,1
farm_2,farm_2_field_2,2026-09-11,80.1,late,potato,1,30.4,0.2,sand,medium,143,hose_reel,irrigation_canal,12.5,0
farm_2,farm_2_field_2,2026-09-12,75.4,late,potato,2,30.4,0.0,sand,medium,144,hose_reel,irrigation_canal,12.5,0
farm_2,farm_2_field_2,2026-09-13,75.0,late,potato,3,30.4,0.0,sand,medium,145,hose_reel,irrigation_canal,12.5,0
farm_2,farm_2_field_2,2026-09-14,69.0,late,potato,4,30.4,0.7,sand,medium,146,hose_reel,irrigation_canal,12.5,0
farm_2,farm_2_field_2,2026-09-15,65.4,late,potato,5,30.4,0.0,sand,medium,147,hose_reel,irrigation_canal,12.5,0
farm_2,farm_2_field_2,2026-09-16,65.3,late,potato,6,30.4,0.3,sand,medium,148,hose_reel,irrigation_canal,12.5,0
farm_2,farm_2_field_2,2026-09-17,65.5,late,potato,7,30.4,0.0,sand,medium,149,hose_reel,irrigation_canal,12.5,0
farm_2,farm_2_field_2,2026-09-18,57.3,late,potato,8,30.4,0.2,sand,medium,150,hose_reel,irrigation_canal,12.5,0
farm_2,farm_2_field_2,2026-09-19,51.4,late,potato,9,30.4,0.0,sand,medium,151,hose_reel,irrigation_canal,12.5,0
farm_2,farm_2_field_2,2026-09-20,47.6,late,potato,10,30.4,0.3,sand,medium,152,hose_reel,irrigation_canal,12.5,0
farm_2,farm_2_field_2,2026-09-21,48.2,late,potato,11,30.4,0.0,sand,medium,153,hose_reel,irrigation_canal,12.5,0
farm_2,farm_2_field_2,2026-09-22,42.1,late,potato,12,30.4,0.3,sand,medium,154,hose_reel,irrigation_canal,12.5,1
farm_2,farm_2_field_2,2026-09-23,44.8,late,potato,13,30.4,0.1,sand,medium,155,hose_reel,irrigation_canal,12.5,1
farm_2,farm_2_field_2,2026-09-24,36.2,late,potato,14,30.4,0.0,sand,medium,156,hose_reel,irrigation_canal,12.5,1
farm_2,farm_2_field_2,2026-09-25,42.6,late,potato,15,30.4,0.3,sand,medium,157,hose_reel,irrigation_canal,12.5,1
farm_2,farm_2_field_2,2026-09-26,33.2,late,potato,16,30.4,0.0,sand,medium,158,hose_reel,irrigation_canal,12.5,1
farm_2,farm_2_field_2,2026-09-27,26.9,late,potato,17,30.4,1.4,sand,medium,159,hose_reel,irrigation_canal,12.5,2
farm_2,farm_2_field_2,2026-09-28,80.1,late,potato,1,39.7,0.0,sand,medium,160,hose_reel,irrigation_canal,12.5,0
farm_2,farm_2_field_2,2026-09-29,83.3,late,potato,2,39.7,0.7,sand,medium,161,hose_reel,irrigation_canal,12.5,0
farm_2,farm_2_field_2,2026-09-30,85.0,late,potato,3,39.7,0.0,sand,medium,162,hose_reel,irrigation_canal,12.5,0
farm_2,farm_2_field_3,2025-04-15,64.6,initial,potato,6,0.0,0.2,sand,early,6,hose_reel,irrigation_canal,5.8,0
farm_2,farm_2_field_3,2025-04-16,57.3,initial,potato,7,0.0,3.6,sand,early,7,hose_reel,irrigation_canal,5.8,0
farm_2,farm_2_field_3,2025-04-17,67.5,initial,potato,8,0.0,0.0,sand,early,8,hose_reel,irrigation_canal,5.8,0
farm_2,farm_2_field_3,2025-04-18,65.8,initial,potato,9,0.0,0.0,sand,early,9,hose_reel,irrigation_canal,5.8,0
farm_2,farm_2_field_3,2025-04-19,60.4,initial,potato,10,0.0,0.0,sand,early,10,hose_reel,irrigation_canal,5.8,0
farm_2,farm_2_field_3,2025-04-20,62.8,initial,potato,11,0.0,0.1,sand,early,11,hose_reel,irrigation_canal,5.8,0
farm_2,farm_2_field_3,2025-04-21,57.5,initial,potato,12,0.0,0.0,sand,early,12,hose_reel,irrigation_canal,5.8,0
farm_2,farm_2_field_3,2025-04-22,54.2,initial,potato,13,0.0,3.1,sand,early,13,hose_reel,irrigation_canal,5.8,0
farm_2,farm_2_field_3,2025-04-23,59.7,initial,potato,14,0.0,0.1,sand,early,14,hose_reel,irrigation_canal,5.8,0
farm_2,farm_2_field_3,2025-04-24,57.6,initial,potato,15,0.0,0.0,sand,early,15,hose_reel,irrigation_canal,5.8,0
farm_2,farm_2_field_3,2025-04-25,60.7,initial,potato,16,0.0,0.7,sand,early,16,hose_reel,irrigation_canal,5.8,0
farm_2,farm_2_field_3,2025-04-26,,initial,potato,17,0.0,0.1,sand,early,17,hose_reel,irrigation_canal,5.8,0
farm_2,farm_2_field_3,2025-04-27,59.2,initial,potato,18,0.0,3.2,sand,early,18,hose_reel,irrigation_canal,5.8,0
farm_2,farm_2_field_3,2025-04-28,56.6,initial,potato,19,0.0,0.3,sand,early,19,hose_reel,irrigation_canal,5.8,0
farm_2,farm_2_field_3,2025-04-29,58.3,initial,potato,20,0.0,0.5,sand,early,20,hose_reel,irrigation_canal,5.8,0
farm_2,farm_2_field_3,2025-04-30,57.6,development,potato,21,0.0,0.5,sand,early,21,hose_reel,irrigation_canal,5.8,1
farm_2,farm_2_field_3,2025-05-01,57.9,development,potato,22,0.0,0.0,sand,early,22,hose_reel,irrigation_canal,5.8,1
farm_2,farm_2_field_3,2025-05-02,50.5,development,potato,23,0.0,0.0,sand,early,23,hose_reel,irrigation_canal,5.8,1
farm_2,farm_2_field_3,2025-05-03,41.0,development,potato,24,0.0,3.5,sand,early,24,hose_reel,irrigation_canal,5.8,1
farm_2,farm_2_field_3,2025-05-04,50.9,development,potato,25,0.0,0.0,sand,early,25,hose_reel,irrigation_canal,5.8,1
farm_2,farm_2_field_3,2025-05-05,42.9,development,potato,26,0.0,0.2,sand,early,26,hose_reel,irrigation_canal,5.8,1
farm_2,farm_2_field_3,2025-05-06,43.3,development,potato,27,0.0,0.0,sand,early,27,hose_reel,irrigation_canal,5.8,2
farm_2,farm_2_field_3,2025-05-07,76.8,development,potato,1,29.4,0.2,sand,early,28,hose_reel,irrigation_canal,5.8,0
farm_2,farm_2_field_3,2025-05-08,80.8,development,potato,2,29.4,0.0,sand,early,29,hose_reel,irrigation_canal,5.8,0
farm_2,farm_2_field_3,2025-05-09,73.1,development,potato,3,29.4,0.3,sand,early,30,hose_reel,irrigation_canal,5.8,0
farm_2,farm_2_field_3,2025-05-10,75.9,development,potato,4,29.4,0.0,sand,early,31,hose_reel,irrigation_canal,5.8,0
farm_2,farm_2_field_3,2025-05-11,65.5,development,potato,5,29.4,0.0,sand,early,32,hose_reel,irrigation_canal,5.8,0
farm_2,farm_2_field_3,2025-05-12,63.4,development,potato,6,29.4,0.0,sand,early,33,hose_reel,irrigation_canal,5.8,0
farm_2,farm_2_field_3,2025-05-13,63.8,development,potato,7,29.4,0.5,sand,early,34,hose_reel,irrigation_canal,5.8,0
farm_2,farm_2_field_3,2025-05-14,58.3,development,potato,8,29.4,0.0,sand,early,35,hose_reel,irrigation_canal,5.8,1
farm_2,farm_2_field_3,2025-05-15,55.4,development,potato,9,29.4,0.0,sand,early,36,hose_reel,irrigation_canal,5.8,1
farm_2,farm_2_field_3,2025-05-16,56.8,development,potato,10,29.4,0.4,sand,early,37,hose_reel,irrigation_canal,5.8,1
farm_2,farm_2_field_3,2025-05-17,47.1,development,potato,11,29.4,5.3,sand,early,38,hose_reel,irrigation_canal,5.8,1
farm_2,farm_2_field_3,2025-05-18,54.2,development,potato,12,29.4,0.1,sand,early,39,hose_reel,irrigation_canal,5.8,1
farm_2,farm_2_field_3,2025-05-19,49.4,development,potato,13,29.4,7.1,sand,early,40,hose_reel,irrigation_canal,5.8,1
farm_2,farm_2_field_3,2025-05-20,56.5,development,potato,14,29.4,0.0,sand,early,41,hose_reel,irrigation_canal,5.8,1
farm_2,farm_2_field_3,2025-05-21,81.6,development,potato,1,22.1,4.1,sand,early,42,hose_reel,irrigation_canal,5.8,0
farm_2,farm_2_field_3,2025-05-22,84.5,development,potato,2,22.1,0.0,sand,early,43,hose_reel,irrigation_canal,5.8,0
farm_2,farm_2_field_3,2025-05-23,78.4,development,potato,3,22.1,0.9,sand,early,44,hose_reel,irrigation_canal,5.8,0
farm_2,farm_2_field_3,2025-05-24,74.7,development,potato,4,22.1,0.7,sand,early,45,hose_reel,irrigation_canal,5.8,0
farm_2,farm_2_field_3,2025-05-25,,development,potato,5,22.1,2.7,sand,early,46,hose_reel,irrigation_canal,5.8,0
farm_2,farm_2_field_3,2025-05-26,70.5,sensitive,potato,6,22.1,0.9,sand,early,47,hose_reel,irrigation_canal,5.8,0
farm_2,farm_2_field_3,2025-05-27,64.1,sensitive,potato,7,22.1,0.6,sand,early,48,hose_reel,irrigation_canal,5.8,1
farm_2,farm_2_field_3,2025-05-28,61.3,sensitive,potato,8,22.1,0.8,sand,early,49,hose_reel,irrigation_canal,5.8,1
farm_2,farm_2_field_3,2025-05-29,57.5,sensitive,potato,9,22.1,0.0,sand,early,50,hose_reel,irrigation_canal,5.8,1
farm_2,farm_2_field_3,2025-05-30,80.4,sensitive,potato,1,18.4,0.1,sand,early,51,hose_reel,irrigation_canal,5.8,0
farm_2,farm_2_field_3,2025-05-31,75.4,sensitive,potato,2,18.4,0.1,sand,early,52,hose_reel,irrigation_canal,5.8,0
farm_2,farm_2_field_3,2025-06-01,71.7,sensitive,potato,3,18.4,0.0,sand,early,53,hose_reel,irrigation_canal,5.8,1
farm_2,farm_2_field_3,2025-06-02,62.0,sensitive,potato,4,18.4,0.5,sand,early,54,hose_reel,irrigation_canal,5.8,1
farm_2,farm_2_field_3,2025-06-03,57.3,sensitive,potato,5,18.4,0.0,sand,early,55,hose_reel,irrigation_canal,5.8,2
farm_2,farm_2_field_3,2025-06-04,79.1,sensitive,potato,1,22.5,0.0,sand,early,56,hose_reel,irrigation_canal,5.8,0
farm_2,farm_2_field_3,2025-06-05,77.3,sensitive,potato,2,22.5,0.0,sand,early,57,hose_reel,irrigation_canal,5.8,0
farm_2,farm_2_field_3,2025-06-06,67.4,sensitive,potato,3,22.5,0.7,sand,early,58,hose_reel,irrigation_canal,5.8,1
farm_2,farm_2_field_3,2025-06-07,83.3,sensitive,potato,1,14.6,14.4,sand,early,59,hose_reel,irrigation_canal,5.8,0
farm_2,farm_2_field_3,2025-06-08,98.5,sensitive,potato,2,14.6,14.7,sand,early,60,hose_reel,irrigation_canal,5.8,0
farm_2,farm_2_field_3,2025-06-09,97.5,sensitive,potato,3,14.6,0.4,sand,early,61,hose_reel,irrigation_canal,5.8,0
farm_2,farm_2_field_3,2025-06-10,100.0,sensitive,potato,4,14.6,0.8,sand,early,62,hose_reel,irrigation_canal,5.8,0
farm_2,farm_2_field_3,2025-06-11,90.1,sensitive,potato,5,14.6,0.1,sand,early,63,hose_reel,irrigation_canal,5.8,0
farm_2,farm_2_field_3,2025-06-12,89.7,sensitive,potato,6,14.6,0.0,sand,early,64,hose_reel,irrigation_canal,5.8,0
farm_2,farm_2_field_3,2025-06-13,80.9,sensitive,potato,7,14.6,0.5,sand,early,65,hose_reel,irrigation_canal,5.8,0
farm_2,farm_2_field_3,2025-06-14,79.8,sensitive,potato,8,14.6,0.9,sand,early,66,hose_reel,irrigation_canal,5.8,0
farm_2,farm_2_field_3,2025-06-15,66.1,sensitive,potato,9,14.6,0.0,sand,early,67,hose_reel,irrigation_canal,5.8,1
farm_2,farm_2_field_3,2025-06-16,60.3,sensitive,potato,10,14.6,0.0,sand,early,68,hose_reel,irrigation_canal,5.8,1
farm_2,farm_2_field_3,2025-06-17,55.0,sensitive,potato,11,14.6,0.6,sand,early,69,hose_reel,irrigation_canal,5.8,2
farm_2,farm_2_field_3,2025-06-18,79.6,sensitive,potato,1,21.2,17.7,sand,early,70,hose_reel,irrigation_canal,5.8,0
farm_2,farm_2_field_3,2025-06-19,97.0,sensitive,potato,2,21.2,0.0,sand,early,71,hose_reel,irrigation_canal,5.8,0
farm_2,farm_2_field_3,2025-06-20,86.8,sensitive,potato,3,21.2,0.0,sand,early,72,hose_reel,irrigation_canal,5.8,0
farm_2,farm_2_field_3,2025-06-21,83.6,sensitive,potato,4,21.2,0.1,sand,early,73,hose_reel,irrigation_canal,5.8,0
farm_2,farm_2_field_3,2025-06-22,78.2,sensitive,potato,5,21.2,0.9,sand,early,74,hose_reel,irrigation_canal,5.8,0
farm_2,farm_2_field_3,2025-06-23,69.0,sensitive,potato,6,21.2,0.0,sand,early,75,hose_reel,irrigation_canal,5.8,0
farm_2,farm_2_field_3,2025-06-24,67.0,sensitive,potato,7,21.2,0.0,sand,early,76,hose_reel,irrigation_canal,5.8,1
farm_2,farm_2_field_3,2025-06-25,52.9,sensitive,potato,8,21.2,0.0,sand,early,77,hose_reel,irrigation_canal,5.8,1
farm_2,farm_2_field_3,2025-06-26,47.4,sensitive,potato,9,21.2,0.7,sand,early,78,hose_reel,irrigation_canal,5.8,2
farm_2,farm_2_field_3,2025-06-27,,sensitive,potato,1,23.7,0.0,sand,early,79,hose_reel,irrigation_canal,5.8,0
farm_2,farm_2_field_3,2025-06-28,69.8,sensitive,potato,2,23.7,2.6,sand,early,80,hose_reel,irrigation_canal,5.8,0
farm_2,farm_2_field_3,2025-06-29,75.0,sensitive,potato,3,23.7,0.3,sand,early,81,hose_reel,irrigation_canal,5.8,0
farm_2,farm_2_field_3,2025-06-30,57.6,sensitive,potato,4,23.7,0.0,sand,early,82,hose_reel,irrigation_canal,5.8,1
farm_2,farm_2_field_3,2025-07-01,56.3,sensitive,potato,5,23.7,0.0,sand,early,83,hose_reel,irrigation_canal,5.8,1
farm_2,farm_2_field_3,2025-07-02,49.9,sensitive,potato,6,23.7,0.0,sand,early,84,hose_reel,irrigation_canal,5.8,2
farm_2,farm_2_field_3,2025-07-03,77.3,late,potato,1,25.8,0.7,sand,early,85,hose_reel,irrigation_canal,5.8,0
farm_2,farm_2_field_3,2025-07-04,66.3,late,potato,2,25.8,0.3,sand,early,86,hose_reel,irrigation_canal,5.8,0
farm_2,farm_2_field_3,2025-07-05,73.5,late,potato,3,25.8,1.1,sand,early,87,hose_reel,irrigation_canal,5.8,0
farm_2,farm_2_field_3,2025-07-06,62.9,late,potato,4,25.8,0.8,sand,early,88,hose_reel,irrigation_canal,5.8,0
farm_2,farm_2_field_3,2025-07-07,51.4,late,potato,5,25.8,0.0,sand,early,89,hose_reel,irrigation_canal,5.8,0
farm_2,farm_2_field_3,2025-07-08,51.5,late,potato,6,25.8,0.6,sand,early,90,hose_reel,irrigation_canal,5.8,1
farm_2,farm_2_field_3,2025-07-09,77.3,late,potato,1,24.9,0.1,sand,early,91,hose_reel,irrigation_canal,5.8,0
farm_2,farm_2_field_3,2025-07-10,73.2,late,potato,2,24.9,0.5,sand,early,92,hose_reel,irrigation_canal,5.8,0
farm_2,farm_2_field_3,2025-07-11,65.6,late,potato,3,24.9,0.4,sand,early,93,hose_reel,irrigation_canal,5.8,0
farm_2,farm_2_field_3,2025-07-12,68.2,late,potato,4,24.9,0.8,sand,early,94,hose_reel,irrigation_canal,5.8,0
farm_2,farm_2_field_3,2025-07-13,58.1,late,potato,5,24.9,0.3,sand,early,95,hose_reel,irrigation_canal,5.8,0
farm_2,farm_2_field_3,2025-07-14,,late,potato,6,24.9,0.5,sand,early,96,hose_reel,irrigation_canal,5.8,0
farm_2,farm_2_field_3,2025-07-15,56.6,late,potato,7,24.9,0.0,sand,early,97,hose_reel,irrigation_canal,5.8,0
farm_2,farm_2_field_3,2025-07-16,55.6,late,potato,8,24.9,0.0,sand,early,98,hose_reel,irrigation_canal,5.8,1
farm_2,farm_2_field_3,2025-07-17,40.7,late,potato,9,24.9,0.0,sand,early,99,hose_reel,irrigation_canal,5.8,1
farm_2,farm_2_field_3,2025-07-18,82.1,late,potato,1,29.3,1.8,sand,early,100,hose_reel,irrigation_canal,5.8,0
farm_2,farm_2_field_3,2025-07-19,81.0,late,potato,2,29.3,7.8,sand,early,101,hose_reel,irrigation_canal,5.8,0
farm_2,farm_2_field_3,2025-07-20,83.9,late,potato,3,29.3,0.7,sand,early,102,hose_reel,irrigation_canal,5.8,0
farm_2,farm_2_field_3,2025-07-21,82.6,late,potato,4,29.3,0.9,sand,early,103,hose_reel,irrigation_canal,5.8,0
farm_2,farm_2_field_3,2025-07-22,75.7,late,potato,5,29.3,0.0,sand,early,104,hose_reel,irrigation_canal,5.8,0
farm_2,farm_2_field_3,2025-07-23,71.3,late,potato,6,29.3,0.0,sand,early,105,hose_reel,irrigation_canal,5.8,0
farm_2,farm_2_field_3,2025-07-24,68.6,late,potato,7,29.3,0.4,sand,early,106,hose_reel,irrigation_canal,5.8,0
farm_2,farm_2_field_3,2025-07-25,64.0,late,potato,8,29.3,0.0,sand,early,107,hose_reel,irrigation_canal,5.8,0
farm_2,farm_2_field_3,2025-07-26,64.1,late,potato,9,29.3,0.1,sand,early,108,hose_reel,irrigation_canal,5.8,0
farm_2,farm_2_field_3,2025-07-27,57.1,late,potato,10,29.3,1.2,sand,early,109,hose_reel,irrigation_canal,5.8,0
farm_2,farm_2_field_3,2025-07-28,49.2,late,potato,11,29.3,0.2,sand,early,110,hose_reel,irrigation_canal,5.8,0
farm_2,farm_2_field_3,2025-07-29,45.2,late,potato,12,29.3,5.4,sand,early,111,hose_reel,irrigation_canal,5.8,1
farm_2,farm_2_field_3,2025-07-30,55.8,late,potato,13,29.3,0.0,sand,early,112,hose_reel,irrigation_canal,5.8,1
farm_2,farm_2_field_3,2025-07-31,46.2,late,potato,14,29.3,0.0,sand,early,113,hose_reel,irrigation_canal,5.8,1
farm_2,farm_2_field_3,2025-08-01,43.6,late,potato,15,29.3,0.0,sand,early,114,hose_reel,irrigation_canal,5.8,1
farm_2,farm_2_field_3,2025-08-02,33.0,late,potato,16,29.3,0.4,sand,early,115,hose_reel,irrigation_canal,5.8,1
farm_2,farm_2_field_3,2025-08-03,31.8,late,potato,17,29.3,0.0,sand,early,116,hose_reel,irrigation_canal,5.8,2
farm_2,farm_2_field_3,2025-08-04,86.3,late,potato,1,36.9,1.2,sand,early,117,hose_reel,irrigation_canal,5.8,0
farm_2,farm_2_field_3,2025-08-05,76.1,late,potato,2,36.9,0.0,sand,early,118,hose_reel,irrigation_canal,5.8,0
farm_2,farm_2_field_3,2025-08-06,,late,potato,3,36.9,6.9,sand,early,119,hose_reel,irrigation_canal,5.8,0
farm_2,farm_2_field_3,2025-08-07,76.4,late,potato,4,36.9,0.4,sand,early,120,hose_reel,irrigation_canal,5.8,0
farm_2,farm_2_field_3,2025-08-08,76.1,late,potato,5,36.9,0.0,sand,early,121,hose_reel,irrigation_canal,5.8,0
farm_2,farm_2_field_3,2025-08-09,64.9,late,potato,6,36.9,0.0,sand,early,122,hose_reel,irrigation_canal,5.8,0
farm_2,farm_2_field_3,2025-08-10,65.2,late,potato,7,36.9,0.0,sand,early,123,hose_reel,irrigation_canal,5.8,0
farm_2,farm_2_field_3,2025-08-11,54.6,late,potato,8,36.9,1.4,sand,early,124,hose_reel,irrigation_canal,5.8,0
farm_2,farm_2_field_3,2025-08-12,56.4,late,potato,9,36.9,0.0,sand,early,125,hose_reel,irrigation_canal,5.8,0
farm_2,farm_2_field_3,2025-08-13,55.0,late,potato,10,36.9,0.3,sand,early,126,hose_reel,irrigation_canal,5.8,0
farm_2,farm_2_field_3,2025-08-14,45.2,late,potato,11,36.9,0.1,sand,early,127,hose_reel,irrigation_canal,5.8,1
farm_2,farm_2_field_3,2025-08-15,44.5,late,potato,12,36.9,0.0,sand,early,128,hose_reel,irrigation_canal,5.8,1
farm_2,farm_2_field_3,2025-08-16,42.0,late,potato,13,36.9,0.0,sand,early,129,hose_reel,irrigation_canal,5.8,1
farm_2,farm_2_field_3,2025-08-17,78.6,late,potato,1,31.4,0.0,sand,early,130,hose_reel,irrigation_canal,5.8,0
farm_2,farm_2_field_3,2025-08-18,80.3,late,potato,2,31.4,0.1,sand,early,131,hose_reel,irrigation_canal,5.8,0
farm_2,farm_2_field_3,2025-08-19,75.2,late,potato,3,31.4,0.0,sand,early,132,hose_reel,irrigation_canal,5.8,0
farm_2,farm_2_field_3,2025-08-20,67.3,late,potato,4,31.4,0.2,sand,early,133,hose_reel,irrigation_canal,5.8,0
farm_2,farm_2_field_3,2025-08-21,,late,potato,5,31.4,0.0,sand,early,134,hose_reel,irrigation_canal,5.8,0
farm_2,farm_2_field_3,2025-08-22,58.2,late,potato,6,31.4,0.4,sand,early,135,hose_reel,irrigation_canal,5.8,0
farm_2,farm_2_field_3,2025-08-23,52.2,late,potato,7,31.4,0.8,sand,early,136,hose_reel,irrigation_canal,5.8,0
farm_2,farm_2_field_3,2025-08-24,54.5,late,potato,8,31.4,0.0,sand,early,137,hose_reel,irrigation_canal,5.8,0
farm_2,farm_2_field_3,2025-08-25,49.2,late,potato,9,31.4,0.0,sand,early,138,hose_reel,irrigation_canal,5.8,1
farm_2,farm_2_field_3,2025-08-26,44.7,late,potato,10,31.4,0.0,sand,early,139,hose_reel,irrigation_canal,5.8,1
farm_2,farm_2_field_3,2025-08-27,37.5,late,potato,11,31.4,0.1,sand,early,140,hose_reel,irrigation_canal,5.8,1
farm_2,farm_2_field_3,2025-08-28,80.5,late,potato,1,32.4,12.5,sand,early,141,hose_reel,irrigation_canal,5.8,0
farm_2,farm_2_field_3,2025-08-29,92.4,late,potato,2,32.4,0.0,sand,early,142,hose_reel,irrigation_canal,5.8,0
farm_2,farm_2_field_3,2025-08-30,88.9,late,potato,3,32.4,0.1,sand,early,143,hose_reel,irrigation_canal,5.8,0
farm_2,farm_2_field_3,2025-08-31,87.4,late,potato,4,32.4,0.5,sand,early,144,hose_reel,irrigation_canal,5.8,0
farm_2,farm_2_field_3,2025-09-01,85.0,late,potato,5,32.4,0.3,sand,early,145,hose_reel,irrigation_canal,5.8,0
farm_2,farm_2_field_3,2025-09-02,82.9,late,potato,6,32.4,0.1,sand,early,146,hose_reel,irrigation_canal,5.8,0
farm_2,farm_2_field_3,2025-09-03,82.9,late,potato,7,32.4,0.1,sand,early,147,hose_reel,irrigation_canal,5.8,0
farm_2,farm_2_field_3,2025-09-04,82.9,late,potato,8,32.4,0.2,sand,early,148,hose_reel,irrigation_canal,5.8,0
farm_2,farm_2_field_3,2025-09-05,82.9,late,potato,9,32.4,0.2,sand,early,149,hose_reel,irrigation_canal,5.8,0
farm_2,farm_2_field_3,2025-09-06,82.9,late,potato,10,32.4,0.2,sand,early,150,hose_reel,irrigation_canal,5.8,0
farm_2,farm_2_field_3,2025-09-07,82.9,late,potato,11,32.4,0.7,sand,early,151,hose_reel,irrigation_canal,5.8,0
farm_2,farm_2_field_3,2025-09-08,82.9,late,potato,12,32.4,0.0,sand,early,152,hose_reel,irrigation_canal,5.8,0
farm_2,farm_2_field_3,2025-09-09,82.9,late,potato,13,32.4,0.0,sand,early,153,hose_reel,irrigation_canal,5.8,0
farm_2,farm_2_field_3,2025-09-10,82.9,late,potato,14,32.4,0.3,sand,early,154,hose_reel,irrigation_canal,5.8,0
farm_2,farm_2_field_3,2025-09-11,51.3,late,potato,15,32.4,0.0,sand,early,155,hose_reel,irrigation_canal,5.8,1
farm_2,farm_2_field_3,2025-09-12,45.0,late,potato,16,32.4,0.0,sand,early,156,hose_reel,irrigation_canal,5.8,1
farm_2,farm_2_field_3,2025-09-13,,late,potato,17,32.4,0.0,sand,early,157,hose_reel,irrigation_canal,5.8,1
farm_2,farm_2_field_3,2025-09-14,38.1,late,potato,18,32.4,1.4,sand,early,158,hose_reel,irrigation_canal,5.8,1
farm_2,farm_2_field_3,2025-09-15,83.5,late,potato,1,32.5,0.7,sand,early,159,hose_reel,irrigation_canal,5.8,0
farm_2,farm_2_field_3,2025-09-16,77.7,late,potato,2,32.5,3.8,sand,early,160,hose_reel,irrigation_canal,5.8,0
farm_2,farm_2_field_3,2025-09-17,79.2,late,potato,3,32.5,1.5,sand,early,161,hose_reel,irrigation_canal,5.8,0
farm_2,farm_2_field_3,2025-09-18,79.9,late,potato,4,32.5,0.1,sand,early,162,hose_reel,irrigation_canal,5.8,0
farm_2,farm_2_field_3,2025-09-19,77.3,late,potato,5,32.5,0.0,sand,early,163,hose_reel,irrigation_canal,5.8,0
farm_2,farm_2_field_3,2025-09-20,76.1,late,potato,6,32.5,0.3,sand,early,164,hose_reel,irrigation_canal,5.8,0
farm_2,farm_2_field_3,2025-09-21,71.1,late,potato,7,32.5,0.4,sand,early,165,hose_reel,irrigation_canal,5.8,0
farm_2,farm_2_field_3,2025-09-22,70.3,late,potato,8,32.5,0.0,sand,early,166,hose_reel,irrigation_canal,5.8,0
farm_2,farm_2_field_3,2025-09-23,67.5,late,potato,9,32.5,0.7,sand,early,167,hose_reel,irrigation_canal,5.8,0
farm_2,farm_2_field_3,2025-09-24,67.5,late,potato,10,32.5,0.0,sand,early,168,hose_reel,irrigation_canal,5.8,0
farm_2,farm_2_field_3,2025-09-25,67.5,late,potato,11,32.5,0.6,sand,early,169,hose_reel,irrigation_canal,5.8,0
farm_2,farm_2_field_3,2025-09-26,67.5,late,potato,12,32.5,0.5,sand,early,170,hose_reel,irrigation_canal,5.8,0
farm_2,farm_2_field_3,2025-09-27,67.5,late,potato,13,32.5,0.0,sand,early,171,hose_reel,irrigation_canal,5.8,0
farm_2,farm_2_field_3,2025-09-28,67.5,late,potato,14,32.5,0.0,sand,early,172,hose_reel,irrigation_canal,5.8,0
farm_2,farm_2_field_3,2025-09-29,67.5,late,potato,15,32.5,0.0,sand,early,173,hose_reel,irrigation_canal,5.8,0
farm_2,farm_2_field_3,2025-09-30,67.5,late,potato,16,32.5,0.5,sand,early,174,hose_reel,irrigation_canal,5.8,1
farm_2,farm_2_field_3,2026-04-15,72.1,initial,potato,6,0.0,0.3,sand,early,6,hose_reel,irrigation_canal,5.8,0
farm_2,farm_2_field_3,2026-04-16,74.1,initial,potato,7,0.0,0.1,sand,early,7,hose_reel,irrigation_canal,5.8,0
farm_2,farm_2_field_3,2026-04-17,,initial,potato,8,0.0,0.5,sand,early,8,hose_reel,irrigation_canal,5.8,0
farm_2,farm_2_field_3,2026-04-18,67.6,initial,potato,9,0.0,0.0,sand,early,9,hose_reel,irrigation_canal,5.8,0
farm_2,farm_2_field_3,2026-04-19,69.5,initial,potato,10,0.0,0.0,sand,early,10,hose_reel,irrigation_canal,5.8,0
farm_2,farm_2_field_3,2026-04-20,59.4,initial,potato,11,0.0,0.1,sand,early,11,hose_reel,irrigation_canal,5.8,0
farm_2,farm_2_field_3,2026-04-21,60.5,initial,potato,12,0.0,0.0,sand,early,12,hose_reel,irrigation_canal,5.8,0
farm_2,farm_2_field_3,2026-04-22,60.9,initial,potato,13,0.0,0.0,sand,early,13,hose_reel,irrigation_canal,5.8,0
farm_2,farm_2_field_3,2026-04-23,56.5,initial,potato,14,0.0,0.0,sand,early,14,hose_reel,irrigation_canal,5.8,0
farm_2,farm_2_field_3,2026-04-24,58.2,initial,potato,15,0.0,0.0,sand,early,15,hose_reel,irrigation_canal,5.8,0
farm_2,farm_2_field_3,2026-04-25,54.0,initial,potato,16,0.0,0.3,sand,early,16,hose_reel,irrigation_canal,5.8,1
farm_2,farm_2_field_3,2026-04-26,49.2,initial,potato,17,0.0,0.0,sand,early,17,hose_reel,irrigation_canal,5.8,1
farm_2,farm_2_field_3,2026-04-27,80.0,initial,potato,1,23.1,0.0,sand,early,18,hose_reel,irrigation_canal,5.8,0
farm_2,farm_2_field_3,2026-04-28,80.0,initial,potato,2,23.1,0.0,sand,early,19,hose_reel,irrigation_canal,5.8,0
farm_2,farm_2_field_3,2026-04-29,80.0,initial,potato,3,23.1,0.0,sand,early,20,hose_reel,irrigation_canal,5.8,0
farm_2,farm_2_field_3,2026-04-30,80.0,development,potato,4,23.1,0.0,sand,early,21,hose_reel,irrigation_canal,5.8,0
farm_2,farm_2_field_3,2026-05-01,80.0,development,potato,5,23.1,0.4,sand,early,22,hose_reel,irrigation_canal,5.8,0
farm_2,farm_2_field_3,2026-05-02,80.0,development,potato,6,23.1,0.0,sand,early,23,hose_reel,irrigation_canal,5.8,0
farm_2,farm_2_field_3,2026-05-03,80.0,development,potato,7,23.1,6.9,sand,early,24,hose_reel,irrigation_canal,5.8,0
farm_2,farm_2_field_3,2026-05-04,80.0,development,potato,8,23.1,0.9,sand,early,25,hose_reel,irrigation_canal,5.8,0
farm_2,farm_2_field_3,2026-05-05,80.0,development,potato,9,23.1,3.9,sand,early,26,hose_reel,irrigation_canal,5.8,0
farm_2,farm_2_field_3,2026-05-06,80.0,development,potato,10,23.1,0.4,sand,early,27,hose_reel,irrigation_canal,5.8,0
farm_2,farm_2_field_3,2026-05-07,67.1,development,potato,11,23.1,6.2,sand,early,28,hose_reel,irrigation_canal,5.8,0
farm_2,farm_2_field_3,2026-05-08,78.2,development,potato,12,23.1,0.0,sand,early,29,hose_reel,irrigation_canal,5.8,0
farm_2,farm_2_field_3,2026-05-09,82.1,development,potato,13,23.1,0.4,sand,early,30,hose_reel,irrigation_canal,5.8,0
farm_2,farm_2_field_3,2026-05-10,73.3,development,potato,14,23.1,0.0,sand,early,31,hose_reel,irrigation_canal,5.8,0
farm_2,farm_2_field_3,2026-05-11,70.4,development,potato,15,23.1,0.0,sand,early,32,hose_reel,irrigation_canal,5.8,0
farm_2,farm_2_field_3,2026-05-12,61.7,development,potato,16,23.1,0.6,sand,early,33,hose_reel,irrigation_canal,5.8,0
farm_2,farm_2_field_3,2026-05-13,60.4,development,potato,17,23.1,1.9,sand,early,34,hose_reel,irrigation_canal,5.8,0
farm_2,farm_2_field_3,2026-05-14,61.4,development,potato,18,23.1,0.0,sand,early,35,hose_reel,irrigation_canal,5.8,1
farm_2,farm_2_field_3,2026-05-15,58.1,development,potato,19,23.1,0.0,sand,early,36,hose_reel,irrigation_canal,5.8,1
farm_2,farm_2_field_3,2026-05-16,56.2,development,potato,20,23.1,0.0,sand,early,37,hose_reel,irrigation_canal,5.8,1
farm_2,farm_2_field_3,2026-05-17,47.6,development,potato,21,23.1,0.0,sand,early,38,hose_reel,irrigation_canal,5.8,1
farm_2,farm_2_field_3,2026-05-18,38.8,development,potato,22,23.1,0.2,sand,early,39,hose_reel,irrigation_canal,5.8,2
farm_2,farm_2_field_3,2026-05-19,83.0,development,potato,1,29.3,0.0,sand,early,40,hose_reel,irrigation_canal,5.8,0
farm_2,farm_2_field_3,2026-05-20,72.0,development,potato,2,29.3,0.0,sand,early,41,hose_reel,irrigation_canal,5.8,0
farm_2,farm_2_field_3,2026-05-21,69.3,development,potato,3,29.3,10.9,sand,early,42,hose_reel,irrigation_canal,5.8,0
farm_2,farm_2_field_3,2026-05-22,91.4,development,potato,4,29.3,3.9,sand,early,43,hose_reel,irrigation_canal,5.8,0
farm_2,farm_2_field_3,2026-05-23,90.7,development,potato,5,29.3,0.1,sand,early,44,hose_reel,irrigation_canal,5.8,0
farm_2,farm_2_field_3,2026-05-24,83.2,development,potato,6,29.3,0.0,sand,early,45,hose_reel,irrigation_canal,5.8,0
farm_2,farm_2_field_3,2026-05-25,80.2,development,potato,7,29.3,0.0,sand,early,46,hose_reel,irrigation_canal,5.8,0
farm_2,farm_2_field_3,2026-05-26,76.4,sensitive,potato,8,29.3,0.7,sand,early,47,hose_reel,irrigation_canal,5.8,0
farm_2,farm_2_field_3,2026-05-27,67.0,sensitive,potato,9,29.3,0.1,sand,early,48,hose_reel,irrigation_canal,5.8,1
farm_2,farm_2_field_3,2026-05-28,64.1,sensitive,potato,10,29.3,0.4,sand,early,49,hose_reel,irrigation_canal,5.8,1
farm_2,farm_2_field_3,2026-05-29,57.1,sensitive,potato,11,29.3,0.2,sand,early,50,hose_reel,irrigation_canal,5.8,1
farm_2,farm_2_field_3,2026-05-30,80.9,sensitive,potato,1,18.1,0.6,sand,early,51,hose_reel,irrigation_canal,5.8,0
farm_2,farm_2_field_3,2026-05-31,74.2,sensitive,potato,2,18.1,0.3,sand,early,52,hose_reel,irrigation_canal,5.8,0
farm_2,farm_2_field_3,2026-06-01,71.8,sensitive,potato,3,18.1,0.0,sand,early,53,hose_reel,irrigation_canal,5.8,1
farm_2,farm_2_field_3,2026-06-02,66.7,sensitive,potato,4,18.1,0.0,sand,early,54,hose_reel,irrigation_canal,5.8,1
farm_2,farm_2_field_3,2026-06-03,82.2,sensitive,potato,1,14.7,0.0,sand,early,55,hose_reel,irrigation_canal,5.8,0
farm_2,farm_2_field_3,2026-06-04,68.6,sensitive,potato,2,14.7,0.0,sand,early,56,hose_reel,irrigation_canal,5.8,0
farm_2,farm_2_field_3,2026-06-05,69.5,sensitive,potato,3,14.7,0.0,sand,early,57,hose_reel,irrigation_canal,5.8,1
farm_2,farm_2_field_3,2026-06-06,56.8,sensitive,potato,4,14.7,3.8,sand,early,58,hose_reel,irrigation_canal,5.8,1
farm_2,farm_2_field_3,2026-06-07,59.7,sensitive,potato,5,14.7,0.0,sand,early,59,hose_reel,irrigation_canal,5.8,1
farm_2,farm_2_field_3,2026-06-08,55.7,sensitive,potato,6,14.7,0.4,sand,early,60,hose_reel,irrigation_canal,5.8,2
farm_2,farm_2_field_3,2026-06-09,78.5,sensitive,potato,1,21.7,0.0,sand,early,61,hose_reel,irrigation_canal,5.8,0
farm_2,farm_2_field_3,2026-06-10,65.5,sensitive,potato,2,21.7,0.0,sand,early,62,hose_reel,irrigation_canal,5.8,1
farm_2,farm_2_field_3,2026-06-11,48.7,sensitive,potato,3,21.7,0.2,sand,early,63,hose_reel,irrigation_canal,5.8,2
farm_2,farm_2_field_3,2026-06-12,80.8,sensitive,potato,1,21.5,0.0,sand,early,64,hose_reel,irrigation_canal,5.8,0
farm_2,farm_2_field_3,2026-06-13,71.5,sensitive,potato,2,21.5,0.0,sand,early,65,hose_reel,irrigation_canal,5.8,1
farm_2,farm_2_field_3,2026-06-14,57.7,sensitive,potato,3,21.5,0.0,sand,early,66,hose_reel,irrigation_canal,5.8,1
farm_2,farm_2_field_3,2026-06-15,50.9,sensitive,potato,4,21.5,0.0,sand,early,67,hose_reel,irrigation_canal,5.8,2
farm_2,farm_2_field_3,2026-06-16,68.8,sensitive,potato,1,25.2,0.0,sand,early,68,hose_reel,irrigation_canal,5.8,0
farm_2,farm_2_field_3,2026-06-17,60.5,sensitive,potato,2,25.2,0.3,sand,early,69,hose_reel,irrigation_canal,5.8,1
farm_2,farm_2_field_3,2026-06-18,46.6,sensitive,potato,3,25.2,0.0,sand,early,70,hose_reel,irrigation_canal,5.8,2
farm_2,farm_2_field_3,2026-06-19,73.5,sensitive,potato,1,22.1,0.8,sand,early,71,hose_reel,irrigation_canal,5.8,0
farm_2,farm_2_field_3,2026-06-20,69.3,sensitive,potato,2,22.1,0.0,sand,early,72,hose_reel,irrigation_canal,5.8,1
farm_2,farm_2_field_3,2026-06-21,55.4,sensitive,potato,3,22.1,0.2,sand,early,73,hose_reel,irrigation_canal,5.8,1
farm_2,farm_2_field_3,2026-06-22,47.3,sensitive,potato,4,22.1,0.0,sand,early,74,hose_reel,irrigation_canal,5.8,2
farm_2,farm_2_field_3,2026-06-23,73.5,sensitive,potato,1,26.3,0.2,sand,early,75,hose_reel,irrigation_canal,5.8,0
farm_2,farm_2_field_3,2026-06-24,68.9,sensitive,potato,2,26.3,0.4,sand,early,76,hose_reel,irrigation_canal,5.8,1
farm_2,farm_2_field_3,2026-06-25,55.7,sensitive,potato,3,26.3,1.3,sand,early,77,hose_reel,irrigation_canal,5.8,1
farm_2,farm_2_field_3,2026-06-26,41.7,sensitive,potato,4,26.3,0.4,sand,early,78,hose_reel,irrigation_canal,5.8,2
farm_2,farm_2_field_3,2026-06-27,78.1,sensitive,potato,1,25.5,0.4,sand,early,79,hose_reel,irrigation_canal,5.8,0
farm_2,farm_2_field_3,2026-06-28,63.9,sensitive,potato,2,25.5,0.3,sand,early,80,hose_reel,irrigation_canal,5.8,1
farm_2,farm_2_field_3,2026-06-29,68.8,sensitive,potato,1,14.8,0.0,sand,early,81,hose_reel,irrigation_canal,5.8,0
farm_2,farm_2_field_3,2026-06-30,66.2,sensitive,potato,2,14.8,0.1,sand,early,82,hose_reel,irrigation_canal,5.8,1
farm_2,farm_2_field_3,2026-07-01,48.4,sensitive,potato,3,14.8,0.0,sand,early,83,hose_reel,irrigation_canal,5.8,2
farm_2,farm_2_field_3,2026-07-02,68.9,sensitive,potato,1,23.8,0.1,sand,early,84,hose_reel,irrigation_canal,5.8,0
farm_2,farm_2_field_3,2026-07-03,72.4,late,potato,2,23.8,0.3,sand,early,85,hose_reel,irrigation_canal,5.8,0
farm_2,farm_2_field_3,2026-07-04,55.8,late,potato,3,23.8,0.0,sand,early,86,hose_reel,irrigation_canal,5.8,0
farm_2,farm_2_field_3,2026-07-05,45.6,late,potato,4,23.8,0.0,sand,early,87,hose_reel,irrigation_canal,5.8,1
farm_2,farm_2_field_3,2026-07-06,47.7,late,potato,5,23.8,0.0,sand,early,88,hose_reel,irrigation_canal,5.8,1
farm_2,farm_2_field_3,2026-07-07,77.6,late,potato,1,30.6,1.0,sand,early,89,hose_reel,irrigation_canal,5.8,0
farm_2,farm_2_field_3,2026-07-08,72.9,late,potato,2,30.6,0.0,sand,early,90,hose_reel,irrigation_canal,5.8,0
farm_2,farm_2_field_3,2026-07-09,64.7,late,potato,3,30.6,0.0,sand,early,91,hose_reel,irrigation_canal,5.8,0
farm_2,farm_2_field_3,2026-07-10,60.3,late,potato,4,30.6,0.9,sand,early,92,hose_reel,irrigation_canal,5.8,0
farm_2,farm_2_field_3,2026-07-11,47.4,late,potato,5,30.6,0.1,sand,early,93,hose_reel,irrigation_canal,5.8,0
farm_2,farm_2_field_3,2026-07-12,39.8,late,potato,6,30.6,0.0,sand,early,94,hose_reel,irrigation_canal,5.8,1
farm_2,farm_2_field_3,2026-07-13,39.3,late,potato,7,30.6,0.3,sand,early,95,hose_reel,irrigation_canal,5.8,1
farm_2,farm_2_field_3,2026-07-14,31.0,late,potato,8,30.6,0.4,sand,early,96,hose_reel,irrigation_canal,5.8,2
farm_2,farm_2_field_3,2026-07-15,81.9,late,potato,1,36.8,0.0,sand,early,97,hose_reel,irrigation_canal,5.8,0
farm_2,farm_2_field_3,2026-07-16,72.8,late,potato,2,36.8,0.3,sand,early,98,hose_reel,irrigation_canal,5.8,0
farm_2,farm_2_field_3,2026-07-17,61.3,late,potato,3,36.8,0.0,sand,early,99,hose_reel,irrigation_canal,5.8,0
farm_2,farm_2_field_3,2026-07-18,62.9,late,potato,4,36.8,0.0,sand,early,100,hose_reel,irrigation_canal,5.8,0
farm_2,farm_2_field_3,2026-07-19,51.3,late,potato,5,36.8,0.0,sand,early,101,hose_reel,irrigation_canal,5.8,0
farm_2,farm_2_field_3,2026-07-20,50.1,late,potato,6,36.8,0.0,sand,early,102,hose_reel,irrigation_canal,5.8,1
farm_2,farm_2_field_3,2026-07-21,46.6,late,potato,7,36.8,0.0,sand,early,103,hose_reel,irrigation_canal,5.8,1
farm_2,farm_2_field_3,2026-07-22,37.2,late,potato,8,36.8,0.1,sand,early,104,hose_reel,irrigation_canal,5.8,2
farm_2,farm_2_field_3,2026-07-23,79.6,late,potato,1,37.1,0.0,sand,early,105,hose_reel,irrigation_canal,5.8,0
farm_2,farm_2_field_3,2026-07-24,74.6,late,potato,2,37.1,0.0,sand,early,106,hose_reel,irrigation_canal,5.8,0
farm_2,farm_2_field_3,2026-07-25,67.9,late,potato,3,37.1,0.0,sand,early,107,hose_reel,irrigation_canal,5.8,0
farm_2,farm_2_field_3,2026-07-26,56.5,late,potato,4,37.1,0.0,sand,early,108,hose_reel,irrigation_canal,5.8,0
farm_2,farm_2_field_3,2026-07-27,55.9,late,potato,5,37.1,0.0,sand,early,109,hose_reel,irrigation_canal,5.8,0
farm_2,farm_2_field_3,2026-07-28,52.6,late,potato,6,37.1,0.1,sand,early,110,hose_reel,irrigation_canal,5.8,1
farm_2,farm_2_field_3,2026-07-29,40.6,late,potato,7,37.1,0.0,sand,early,111,hose_reel,irrigation_canal,5.8,1
farm_2,farm_2_field_3,2026-07-30,33.0,late,potato,8,37.1,0.0,sand,early,112,hose_reel,irrigation_canal,5.8,2
farm_2,farm_2_field_3,2026-07-31,80.4,late,potato,1,35.2,5.3,sand,early,113,hose_reel,irrigation_canal,5.8,0
farm_2,farm_2_field_3,2026-08-01,86.2,late,potato,2,35.2,0.0,sand,early,114,hose_reel,irrigation_canal,5.8,0
farm_2,farm_2_field_3,2026-08-02,,late,potato,3,35.2,0.0,sand,early,115,hose_reel,irrigation_canal,5.8,0
farm_2,farm_2_field_3,2026-08-03,76.6,late,potato,4,35.2,6.6,sand,early,116,hose_reel,irrigation_canal,5.8,0
farm_2,farm_2_field_3,2026-08-04,75.0,late,potato,5,35.2,0.0,sand,early,117,hose_reel,irrigation_canal,5.8,0
farm_2,farm_2_field_3,2026-08-05,69.9,late,potato,6,35.2,0.0,sand,early,118,hose_reel,irrigation_canal,5.8,0
farm_2,farm_2_field_3,2026-08-06,63.1,late,potato,7,35.2,0.0,sand,early,119,hose_reel,irrigation_canal,5.8,0
farm_2,farm_2_field_3,2026-08-07,55.1,late,potato,8,35.2,0.0,sand,early,120,hose_reel,irrigation_canal,5.8,0
farm_2,farm_2_field_3,2026-08-08,53.1,late,potato,9,35.2,0.0,sand,early,121,hose_reel,irrigation_canal,5.8,0
farm_2,farm_2_field_3,2026-08-09,47.0,late,potato,10,35.2,0.0,sand,early,122,hose_reel,irrigation_canal,5.8,1
farm_2,farm_2_field_3,2026-08-10,87.0,late,potato,1,27.3,1.0,sand,early,123,hose_reel,irrigation_canal,5.8,0
farm_2,farm_2_field_3,2026-08-11,73.5,late,potato,2,27.3,0.0,sand,early,124,hose_reel,irrigation_canal,5.8,0
farm_2,farm_2_field_3,2026-08-12,69.5,late,potato,3,27.3,0.5,sand,early,125,hose_reel,irrigation_canal,5.8,0
farm_2,farm_2_field_3,2026-08-13,66.9,late,potato,4,27.3,0.4,sand,early,126,hose_reel,irrigation_canal,5.8,0
farm_2,farm_2_field_3,2026-08-14,57.9,late,potato,5,27.3,0.0,sand,early,127,hose_reel,irrigation_canal,5.8,0
farm_2,farm_2_field_3,2026-08-15,48.1,late,potato,6,27.3,0.3,sand,early,128,hose_reel,irrigation_canal,5.8,0
farm_2,farm_2_field_3,2026-08-16,48.1,late,potato,7,27.3,0.5,sand,early,129,hose_reel,irrigation_canal,5.8,1
farm_2,farm_2_field_3,2026-08-17,83.0,late,potato,1,26.3,0.2,sand,early,130,hose_reel,irrigation_canal,5.8,0
farm_2,farm_2_field_3,2026-08-18,78.3,late,potato,2,26.3,0.3,sand,early,131,hose_reel,irrigation_canal,5.8,0
farm_2,farm_2_field_3,2026-08-19,70.1,late,potato,3,26.3,0.0,sand,early,132,hose_reel,irrigation_canal,5.8,0
farm_2,farm_2_field_3,2026-08-20,69.2,late,potato,4,26.3,1.7,sand,early,133,hose_reel,irrigation_canal,5.8,0
farm_2,farm_2_field_3,2026-08-21,64.6,late,potato,5,26.3,0.0,sand,early,134,hose_reel,irrigation_canal,5.8,0
farm_2,farm_2_field_3,2026-08-22,69.3,late,potato,6,26.3,0.0,sand,early,135,hose_reel,irrigation_canal,5.8,0
farm_2,farm_2_field_3,2026-08-23,56.8,late,potato,7,26.3,0.2,sand,early,136,hose_reel,irrigation_canal,5.8,0
farm_2,farm_2_field_3,2026-08-24,55.8,late,potato,8,26.3,0.0,sand,early,137,hose_reel,irrigation_canal,5.8,0
farm_2,farm_2_field_3,2026-08-25,44.8,late,potato,9,26.3,0.5,sand,early,138,hose_reel,irrigation_canal,5.8,1
farm_2,farm_2_field_3,2026-08-26,44.5,late,potato,10,26.3,0.4,sand,early,139,hose_reel,irrigation_canal,5.8,1
farm_2,farm_2_field_3,2026-08-27,82.0,late,potato,1,29.3,0.3,sand,early,140,hose_reel,irrigation_canal,5.8,0
farm_2,farm_2_field_3,2026-08-28,80.0,late,potato,2,29.3,3.3,sand,early,141,hose_reel,irrigation_canal,5.8,0
farm_2,farm_2_field_3,2026-08-29,75.3,late,potato,3,29.3,0.1,sand,early,142,hose_reel,irrigation_canal,5.8,0
farm_2,farm_2_field_3,2026-08-30,75.9,late,potato,4,29.3,0.0,sand,early,143,hose_reel,irrigation_canal,5.8,0
farm_2,farm_2_field_3,2026-08-31,67.0,late,potato,5,29.3,0.0,sand,early,144,hose_reel,irrigation_canal,5.8,0
farm_2,farm_2_field_3,2026-09-01,69.9,late,potato,6,29.3,0.5,sand,early,145,hose_reel,irrigation_canal,5.8,0
farm_2,farm_2_field_3,2026-09-02,62.0,late,potato,7,29.3,0.2,sand,early,146,hose_reel,irrigation_canal,5.8,0
farm_2,farm_2_field_3,2026-09-03,60.7,late,potato,8,29.3,0.0,sand,early,147,hose_reel,irrigation_canal,5.8,0
farm_2,farm_2_field_3,2026-09-04,52.5,late,potato,9,29.3,0.2,sand,early,148,hose_reel,irrigation_canal,5.8,0
farm_2,farm_2_field_3,2026-09-05,56.0,late,potato,10,29.3,0.0,sand,early,149,hose_reel,irrigation_canal,5.8,0
farm_2,farm_2_field_3,2026-09-06,56.1,late,potato,11,29.3,0.0,sand,early,150,hose_reel,irrigation_canal,5.8,1
farm_2,farm_2_field_3,2026-09-07,46.0,late,potato,12,29.3,0.4,sand,early,151,hose_reel,irrigation_canal,5.8,1
farm_2,farm_2_field_3,2026-09-08,43.8,late,potato,13,29.3,0.3,sand,early,152,hose_reel,irrigation_canal,5.8,1
farm_2,farm_2_field_3,2026-09-09,42.2,late,potato,14,29.3,0.2,sand,early,153,hose_reel,irrigation_canal,5.8,1
farm_2,farm_2_field_3,2026-09-10,84.4,late,potato,1,34.2,0.4,sand,early,154,hose_reel,irrigation_canal,5.8,0
farm_2,farm_2_field_3,2026-09-11,77.9,late,potato,2,34.2,0.2,sand,early,155,hose_reel,irrigation_canal,5.8,0
farm_2,farm_2_field_3,2026-09-12,71.3,late,potato,3,34.2,0.0,sand,early,156,hose_reel,irrigation_canal,5.8,0
farm_2,farm_2_field_3,2026-09-13,72.8,late,potato,4,34.2,0.0,sand,early,157,hose_reel,irrigation_canal,5.8,0
farm_2,farm_2_field_3,2026-09-14,72.7,late,potato,5,34.2,0.7,sand,early,158,hose_reel,irrigation_canal,5.8,0
farm_2,farm_2_field_3,2026-09-15,68.1,late,potato,6,34.2,0.0,sand,early,159,hose_reel,irrigation_canal,5.8,0
farm_2,farm_2_field_3,2026-09-16,66.0,late,potato,7,34.2,0.3,sand,early,160,hose_reel,irrigation_canal,5.8,0
farm_2,farm_2_field_3,2026-09-17,57.7,late,potato,8,34.2,0.0,sand,early,161,hose_reel,irrigation_canal,5.8,0
farm_2,farm_2_field_3,2026-09-18,62.0,late,potato,9,34.2,0.2,sand,early,162,hose_reel,irrigation_canal,5.8,0
farm_2,farm_2_field_3,2026-09-19,51.5,late,potato,10,34.2,0.0,sand,early,163,hose_reel,irrigation_canal,5.8,0
farm_2,farm_2_field_3,2026-09-20,53.2,late,potato,11,34.2,0.3,sand,early,164,hose_reel,irrigation_canal,5.8,1
farm_2,farm_2_field_3,2026-09-21,45.8,late,potato,12,34.2,0.0,sand,early,165,hose_reel,irrigation_canal,5.8,1
farm_2,farm_2_field_3,2026-09-22,45.0,late,potato,13,34.2,0.3,sand,early,166,hose_reel,irrigation_canal,5.8,1
farm_2,farm_2_field_3,2026-09-23,40.5,late,potato,14,34.2,0.1,sand,early,167,hose_reel,irrigation_canal,5.8,1
farm_2,farm_2_field_3,2026-09-24,36.0,late,potato,15,34.2,0.0,sand,early,168,hose_reel,irrigation_canal,5.8,1
farm_2,farm_2_field_3,2026-09-25,25.3,late,potato,16,34.2,0.3,sand,early,169,hose_reel,irrigation_canal,5.8,2
farm_2,farm_2_field_3,2026-09-26,85.8,late,potato,1,36.7,0.0,sand,early,170,hose_reel,irrigation_canal,5.8,0
farm_2,farm_2_field_3,2026-09-27,78.1,late,potato,2,36.7,1.4,sand,early,171,hose_reel,irrigation_canal,5.8,0
farm_2,farm_2_field_3,2026-09-28,77.2,late,potato,3,36.7,0.0,sand,early,172,hose_reel,irrigation_canal,5.8,0
farm_2,farm_2_field_3,2026-09-29,74.3,late,potato,4,36.7,0.7,sand,early,173,hose_reel,irrigation_canal,5.8,0
farm_2,farm_2_field_3,2026-09-30,74.8,late,potato,5,36.7,0.0,sand,early,174,hose_reel,irrigation_canal,5.8,0
