farm_id,field_id,date,soil_moisture_pct_nfk,growth_stage,crop_type,days_since_last_irrigation,previous_irrigation_mm,onfarm_rain_gauge_mm,soil_type,crop_variety_maturity,days_after_planting,irrigation_type,water_source,field_area_ha,irrigation_need
farm_3,farm_3_field_1,2025-04-28,86.3,initial,maize,0,0.0,0.2,loamy_sand,late,0,pivot,river_pump,4.0,0
farm_3,farm_3_field_1,2025-04-29,84.0,initial,maize,1,0.0,0.2,loamy_sand,late,1,pivot,river_pump,4.0,0
farm_3,farm_3_field_1,2025-04-30,81.9,initial,maize,2,0.0,0.8,loamy_sand,late,2,pivot,river_pump,4.0,0
farm_3,farm_3_field_1,2025-05-01,85.5,initial,maize,3,0.0,0.0,loamy_sand,late,3,pivot,river_pump,4.0,0
farm_3,farm_3_field_1,2025-05-02,81.7,initial,maize,4,0.0,0.0,loamy_sand,late,4,pivot,river_pump,4.0,0
farm_3,farm_3_field_1,2025-05-03,82.0,initial,maize,5,0.0,2.8,loamy_sand,late,5,pivot,river_pump,4.0,0
farm_3,farm_3_field_1,2025-05-04,82.7,initial,maize,6,0.0,0.0,loamy_sand,late,6,pivot,river_pump,4.0,0
farm_3,farm_3_field_1,2025-05-05,80.2,initial,maize,7,0.0,0.3,loamy_sand,late,7,pivot,river_pump,4.0,0
farm_3,farm_3_field_1,2025-05-06,82.6,initial,maize,8,0.0,0.0,loamy_sand,late,8,pivot,river_pump,4.0,0
farm_3,farm_3_field_1,2025-05-07,82.6,initial,maize,9,0.0,0.0,loamy_sand,late,9,pivot,river_pump,4.0,0
farm_3,farm_3_field_1,2025-05-08,82.6,initial,maize,10,0.0,0.0,loamy_sand,late,10,pivot,river_pump,4.0,0
farm_3,farm_3_field_1,2025-05-09,82.6,initial,maize,11,0.0,1.7,loamy_sand,late,11,pivot,river_pump,4.0,0
farm_3,farm_3_field_1,2025-05-10,82.6,initial,maize,12,0.0,0.4,loamy_sand,late,12,pivot,river_pump,4.0,0
farm_3,farm_3_field_1,2025-05-11,84.6,initial,maize,13,0.0,0.0,loamy_sand,late,13,pivot,river_pump,4.0,0
farm_3,farm_3_field_1,2025-05-12,79.3,initial,maize,14,0.0,0.0,loamy_sand,late,14,pivot,river_pump,4.0,0
farm_3,farm_3_field_1,2025-05-13,78.4,initial,maize,15,0.0,0.0,loamy_sand,late,15,pivot,river_pump,4.0,0
farm_3,farm_3_field_1,2025-05-14,75.3,initial,maize,16,0.0,0.0,loamy_sand,late,16,pivot,river_pump,4.0,0
farm_3,farm_3_field_1,2025-05-15,74.4,initial,maize,17,0.0,0.0,loamy_sand,late,17,pivot,river_pump,4.0,0
farm_3,farm_3_field_1,2025-05-16,71.1,initial,maize,18,0.0,0.0,loamy_sand,late,18,pivot,river_pump,4.0,0
farm_3,farm_3_field_1,2025-05-17,75.6,initial,maize,19,0.0,6.9,loamy_sand,late,19,pivot,river_pump,4.0,0
farm_3,farm_3_field_1,2025-05-18,83.6,initial,maize,20,0.0,0.0,loamy_sand,late,20,pivot,river_pump,4.0,0
farm_3,farm_3_field_1,2025-05-19,80.9,initial,maize,21,0.0,8.4,loamy_sand,late,21,pivot,river_pump,4.0,0
farm_3,farm_3_field_1,2025-05-20,88.1,initial,maize,22,0.0,0.0,loamy_sand,late,22,pivot,river_pump,4.0,0
farm_3,farm_3_field_1,2025-05-21,92.6,initial,maize,23,0.0,5.9,loamy_sand,late,23,pivot,river_pump,4.0,0
farm_3,farm_3_field_1,2025-05-22,90.8,initial,maize,24,0.0,0.2,loamy_sand,late,24,pivot,river_pump,4.0,0
farm_3,farm_3_field_1,2025-05-23,,initial,maize,25,0.0,0.0,loamy_sand,late,25,pivot,river_pump,4.0,0
farm_3,farm_3_field_1,2025-05-24,88.4,initial,maize,26,0.0,0.0,loamy_sand,late,26,pivot,river_pump,4.0,0
farm_3,farm_3_field_1,2025-05-25,90.7,initial,maize,27,0.0,3.8,loamy_sand,late,27,pivot,river_pump,4.0,0
farm_3,farm_3_field_1,2025-05-26,84.2,initial,maize,28,0.0,0.3,loamy_sand,late,28,pivot,river_pump,4.0,0
farm_3,farm_3_field_1,2025-05-27,95.0,initial,maize,29,0.0,0.0,loamy_sand,late,29,pivot,river_pump,4.0,0
farm_3,farm_3_field_1,2025-05-28,,initial,maize,30,0.0,0.0,loamy_sand,late,30,pivot,river_pump,4.0,0
farm_3,farm_3_field_1,2025-05-29,89.0,initial,maize,31,0.0,0.0,loamy_sand,late,31,pivot,river_pump,4.0,0
farm_3,farm_3_field_1,2025-05-30,85.2,initial,maize,32,0.0,0.0,loamy_sand,late,32,pivot,river_pump,4.0,0
farm_3,farm_3_field_1,2025-05-31,85.5,initial,maize,33,0.0,0.5,loamy_sand,late,33,pivot,river_pump,4.0,0
farm_3,farm_3_field_1,2025-06-01,87.2,development,maize,34,0.0,0.0,loamy_sand,late,34,pivot,river_pump,4.0,0
farm_3,farm_3_field_1,2025-06-02,79.0,development,maize,35,0.0,0.3,loamy_sand,late,35,pivot,river_pump,4.0,0
farm_3,farm_3_field_1,2025-06-03,79.2,development,maize,36,0.0,0.0,loamy_sand,late,36,pivot,river_pump,4.0,0
farm_3,farm_3_field_1,2025-06-04,74.3,development,maize,37,0.0,0.0,loamy_sand,late,37,pivot,river_pump,4.0,0
farm_3,farm_3_field_1,2025-06-05,77.2,development,maize,38,0.0,0.0,loamy_sand,late,38,pivot,river_pump,4.0,0
farm_3,farm_3_field_1,2025-06-06,77.1,development,maize,39,0.0,0.0,loamy_sand,late,39,pivot,river_pump,4.0,0
farm_3,farm_3_field_1,2025-06-07,65.5,development,maize,40,0.0,19.6,loamy_sand,late,40,pivot,river_pump,4.0,0
farm_3,farm_3_field_1,2025-06-08,87.5,development,maize,41,0.0,19.0,loamy_sand,late,41,pivot,river_pump,4.0,0
farm_3,farm_3_field_1,2025-06-09,98.0,development,maize,42,0.0,0.0,loamy_sand,late,42,pivot,river_pump,4.0,0
farm_3,farm_3_field_1,2025-06-10,99.8,development,maize,43,0.0,0.0,loamy_sand,late,43,pivot,river_pump,4.0,0
farm_3,farm_3_field_1,2025-06-11,94.2,development,maize,44,0.0,0.1,loamy_sand,late,44,pivot,river_pump,4.0,0
farm_3,farm_3_field_1,2025-06-12,95.4,development,maize,45,0.0,0.0,loamy_sand,late,45,pivot,river_pump,4.0,0
farm_3,farm_3_field_1,2025-06-13,86.9,development,maize,46,0.0,0.3,loamy_sand,late,46,pivot,river_pump,4.0,0
farm_3,farm_3_field_1,2025-06-14,88.1,development,maize,47,0.0,0.2,loamy_sand,late,47,pivot,river_pump,4.0,0
farm_3,farm_3_field_1,2025-06-15,80.6,development,maize,48,0.0,0.8,loamy_sand,late,48,pivot,river_pump,4.0,0
farm_3,farm_3_field_1,2025-06-16,84.6,development,maize,49,0.0,0.0,loamy_sand,late,49,pivot,river_pump,4.0,0
farm_3,farm_3_field_1,2025-06-17,79.7,development,maize,50,0.0,2.0,loamy_sand,late,50,pivot,river_pump,4.0,0
farm_3,farm_3_field_1,2025-06-18,72.7,development,maize,51,0.0,23.8,loamy_sand,late,51,pivot,river_pump,4.0,0
farm_3,farm_3_field_1,2025-06-19,99.2,development,maize,52,0.0,0.1,loamy_sand,late,52,pivot,river_pump,4.0,0
farm_3,farm_3_field_1,2025-06-20,96.9,development,maize,53,0.0,0.0,loamy_sand,late,53,pivot,river_pump,4.0,0
farm_3,farm_3_field_1,2025-06-21,97.5,development,maize,54,0.0,0.7,loamy_sand,late,54,pivot,river_pump,4.0,0
farm_3,farm_3_field_1,2025-06-22,95.2,development,maize,55,0.0,1.5,loamy_sand,late,55,pivot,river_pump,4.0,0
farm_3,farm_3_field_1,2025-06-23,95.4,development,maize,56,0.0,0.0,loamy_sand,late,56,pivot,river_pump,4.0,0
farm_3,farm_3_field_1,2025-06-24,94.8,development,maize,57,0.0,0.0,loamy_sand,late,57,pivot,river_pump,4.0,0
farm_3,farm_3_field_1,2025-06-25,79.9,development,maize,58,0.0,0.0,loamy_sand,late,58,pivot,river_pump,4.0,0
farm_3,farm_3_field_1,2025-06-26,87.7,development,maize,59,0.0,0.0,loamy_sand,late,59,pivot,river_pump,4.0,0
farm_3,farm_3_field_1,2025-06-27,79.4,development,maize,60,0.0,0.0,loamy_sand,late,60,pivot,river_pump,4.0,0
farm_3,farm_3_field_1,2025-06-28,80.9,development,maize,61,0.0,2.8,loamy_sand,late,61,pivot,river_pump,4.0,0
farm_3,farm_3_field_1,2025-06-29,80.8,development,maize,62,0.0,0.0,loamy_sand,late,62,pivot,river_pump,4.0,0
farm_3,farm_3_field_1,2025-06-30,80.8,development,maize,63,0.0,0.0,loamy_sand,late,63,pivot,river_pump,4.0,0
farm_3,farm_3_field_1,2025-07-01,80.8,development,maize,64,0.0,0.0,loamy_sand,late,64,pivot,river_pump,4.0,0
farm_3,farm_3_field_1,2025-07-02,80.8,development,maize,65,0.0,0.0,loamy_sand,late,65,pivot,river_pump,4.0,0
farm_3,farm_3_field_1,2025-07-03,80.8,development,maize,66,0.0,0.0,loamy_sand,late,66,pivot,river_pump,4.0,0
farm_3,farm_3_field_1,2025-07-04,62.3,development,maize,67,0.0,0.7,loamy_sand,late,67,pivot,river_pump,4.0,0
farm_3,farm_3_field_1,2025-07-05,55.9,development,maize,68,0.0,0.5,loamy_sand,late,68,pivot,river_pump,4.0,0
farm_3,farm_3_field_1,2025-07-06,53.1,development,maize,69,0.0,0.3,loamy_sand,late,69,pivot,river_pump,4.0,0
farm_3,farm_3_field_1,2025-07-07,49.2,development,maize,70,0.0,0.0,loamy_sand,late,70,pivot,river_pump,4.0,1
farm_3,farm_3_field_1,2025-07-08,73.7,development,maize,1,30.0,0.0,loamy_sand,late,71,pivot,river_pump,4.0,0
farm_3,farm_3_field_1,2025-07-09,71.1,development,maize,2,30.0,0.0,loamy_sand,late,72,pivot,river_pump,4.0,0
farm_3,farm_3_field_1,2025-07-10,69.3,development,maize,3,30.0,0.4,loamy_sand,late,73,pivot,river_pump,4.0,0
farm_3,farm_3_field_1,2025-07-11,61.7,development,maize,4,30.0,0.4,loamy_sand,late,74,pivot,river_pump,4.0,0
farm_3,farm_3_field_1,2025-07-12,56.1,development,maize,5,30.0,0.1,loamy_sand,late,75,pivot,river_pump,4.0,0
farm_3,farm_3_field_1,2025-07-13,53.3,development,maize,6,30.0,0.1,loamy_sand,late,76,pivot,river_pump,4.0,0
farm_3,farm_3_field_1,2025-07-14,56.1,development,maize,7,30.0,0.0,loamy_sand,late,77,pivot,river_pump,4.0,0
farm_3,farm_3_field_1,2025-07-15,52.3,development,maize,8,30.0,0.2,loamy_sand,late,78,pivot,river_pump,4.0,0
farm_3,farm_3_field_1,2025-07-16,49.2,development,maize,9,30.0,0.2,loamy_sand,late,79,pivot,river_pump,4.0,1
farm_3,farm_3_field_1,2025-07-17,44.8,sensitive,maize,10,30.0,0.0,loamy_sand,late,80,pivot,river_pump,4.0,1
farm_3,farm_3_field_1,2025-07-18,44.0,sensitive,maize,11,30.0,3.0,loamy_sand,late,81,pivot,river_pump,4.0,2
farm_3,farm_3_field_1,2025-07-19,68.6,sensitive,maize,1,30.0,11.5,loamy_sand,late,82,pivot,river_pump,4.0,0
farm_3,farm_3_field_1,2025-07-20,76.5,sensitive,maize,2,30.0,1.4,loamy_sand,late,83,pivot,river_pump,4.0,0
farm_3,farm_3_field_1,2025-07-21,74.3,sensitive,maize,3,30.0,0.0,loamy_sand,late,84,pivot,river_pump,4.0,0
farm_3,farm_3_field_1,2025-07-22,63.4,sensitive,maize,4,30.0,0.0,loamy_sand,late,85,pivot,river_pump,4.0,0
farm_3,farm_3_field_1,2025-07-23,63.6,sensitive,maize,5,30.0,0.0,loamy_sand,late,86,pivot,river_pump,4.0,0
farm_3,farm_3_field_1,2025-07-24,60.6,sensitive,maize,6,30.0,0.3,loamy_sand,late,87,pivot,river_pump,4.0,1
farm_3,farm_3_field_1,2025-07-25,78.6,sensitive,maize,1,27.5,0.2,loamy_sand,late,88,pivot,river_pump,4.0,0
farm_3,farm_3_field_1,2025-07-26,71.5,sensitive,maize,2,27.5,0.0,loamy_sand,late,89,pivot,river_pump,4.0,0
farm_3,farm_3_field_1,2025-07-27,68.7,sensitive,maize,3,27.5,2.4,loamy_sand,late,90,pivot,river_pump,4.0,0
farm_3,farm_3_field_1,2025-07-28,64.8,sensitive,maize,4,27.5,0.0,loamy_sand,late,91,pivot,river_pump,4.0,0
farm_3,farm_3_field_1,2025-07-29,62.4,sensitive,maize,5,27.5,7.5,loamy_sand,late,92,pivot,river_pump,4.0,0
farm_3,farm_3_field_1,2025-07-30,65.8,sensitive,maize,6,27.5,0.2,loamy_sand,late,93,pivot,river_pump,4.0,0
farm_3,farm_3_field_1,2025-07-31,58.5,sensitive,maize,7,27.5,0.3,loamy_sand,late,94,pivot,river_pump,4.0,0
farm_3,farm_3_field_1,2025-08-01,51.3,sensitive,maize,8,27.5,0.5,loamy_sand,late,95,pivot,river_pump,4.0,1
farm_3,farm_3_field_1,2025-08-02,52.8,sensitive,maize,9,27.5,0.0,loamy_sand,late,96,pivot,river_pump,4.0,1
farm_3,farm_3_field_1,2025-08-03,80.4,sensitive,maize,1,30.0,0.0,loamy_sand,late,97,pivot,river_pump,4.0,0
farm_3,farm_3_field_1,2025-08-04,70.3,sensitive,maize,2,30.0,0.7,loamy_sand,late,98,pivot,river_pump,4.0,0
farm_3,farm_3_field_1,2025-08-05,69.7,sensitive,maize,3,30.0,0.4,loamy_sand,late,99,pivot,river_pump,4.0,0
farm_3,farm_3_field_1,2025-08-06,,sensitive,maize,4,30.0,9.9,loamy_sand,late,100,pivot,river_pump,4.0,0
farm_3,farm_3_field_1,2025-08-07,74.5,sensitive,maize,5,30.0,0.0,loamy_sand,late,101,pivot,river_pump,4.0,0
farm_3,farm_3_field_1,2025-08-08,63.6,sensitive,maize,6,30.0,0.1,loamy_sand,late,102,pivot,river_pump,4.0,0
farm_3,farm_3_field_1,2025-08-09,57.9,sensitive,maize,7,30.0,0.3,loamy_sand,late,103,pivot,river_pump,4.0,1
farm_3,farm_3_field_1,2025-08-10,56.5,sensitive,maize,8,30.0,0.0,loamy_sand,late,104,pivot,river_pump,4.0,1
farm_3,farm_3_field_1,2025-08-11,49.8,sensitive,maize,9,30.0,2.2,loamy_sand,late,105,pivot,river_pump,4.0,1
farm_3,farm_3_field_1,2025-08-12,,sensitive,maize,1,30.0,0.4,loamy_sand,late,106,pivot,river_pump,4.0,0
farm_3,farm_3_field_1,2025-08-13,75.5,sensitive,maize,2,30.0,0.0,loamy_sand,late,107,pivot,river_pump,4.0,0
farm_3,farm_3_field_1,2025-08-14,65.0,sensitive,maize,3,30.0,0.8,loamy_sand,late,108,pivot,river_pump,4.0,0
farm_3,farm_3_field_1,2025-08-15,63.1,sensitive,maize,4,30.0,0.3,loamy_sand,late,109,pivot,river_pump,4.0,0
farm_3,farm_3_field_1,2025-08-16,57.4,sensitive,maize,5,30.0,0.0,loamy_sand,late,110,pivot,river_pump,4.0,1
farm_3,farm_3_field_1,2025-08-17,55.7,sensitive,maize,6,30.0,0.5,loamy_sand,late,111,pivot,river_pump,4.0,1
farm_3,farm_3_field_1,2025-08-18,80.0,sensitive,maize,1,29.9,0.4,loamy_sand,late,112,pivot,river_pump,4.0,0
farm_3,farm_3_field_1,2025-08-19,77.9,sensitive,maize,2,29.9,0.0,loamy_sand,late,113,pivot,river_pump,4.0,0
farm_3,farm_3_field_1,2025-08-20,71.9,sensitive,maize,3,29.9,0.1,loamy_sand,late,114,pivot,river_pump,4.0,0
farm_3,farm_3_field_1,2025-08-21,66.9,sensitive,maize,4,29.9,0.1,loamy_sand,late,115,pivot,river_pump,4.0,0
farm_3,farm_3_field_1,2025-08-22,69.4,sensitive,maize,5,29.9,0.7,loamy_sand,late,116,pivot,river_pump,4.0,0
farm_3,farm_3_field_1,2025-08-23,57.4,sensitive,maize,6,29.9,0.0,loamy_sand,late,117,pivot,river_pump,4.0,1
farm_3,farm_3_field_1,2025-08-24,53.8,sensitive,maize,7,29.9,0.3,loamy_sand,late,118,pivot,river_pump,4.0,1
farm_3,farm_3_field_1,2025-08-25,75.8,sensitive,maize,1,30.0,0.3,loamy_sand,late,119,pivot,river_pump,4.0,0
farm_3,farm_3_field_1,2025-08-26,72.5,sensitive,maize,2,30.0,0.0,loamy_sand,late,120,pivot,river_pump,4.0,0
farm_3,farm_3_field_1,2025-08-27,66.1,sensitive,maize,3,30.0,0.1,loamy_sand,late,121,pivot,river_pump,4.0,0
farm_3,farm_3_field_1,2025-08-28,66.4,sensitive,maize,4,30.0,16.6,loamy_sand,late,122,pivot,river_pump,4.0,0
farm_3,farm_3_field_1,2025-08-29,77.5,sensitive,maize,5,30.0,0.5,loamy_sand,late,123,pivot,river_pump,4.0,0
farm_3,farm_3_field_1,2025-08-30,80.5,sensitive,maize,6,30.0,0.1,loamy_sand,late,124,pivot,river_pump,4.0,0
farm_3,farm_3_field_1,2025-08-31,69.8,sensitive,maize,7,30.0,0.2,loamy_sand,late,125,pivot,river_pump,4.0,0
farm_3,farm_3_field_1,2025-09-01,69.6,sensitive,maize,8,30.0,0.3,loamy_sand,late,126,pivot,river_pump,4.0,0
farm_3,farm_3_field_1,2025-09-02,61.6,sensitive,maize,9,30.0,0.0,loamy_sand,late,127,pivot,river_pump,4.0,0
farm_3,farm_3_field_1,2025-09-03,58.7,sensitive,maize,10,30.0,0.0,loamy_sand,late,128,pivot,river_pump,4.0,1
farm_3,farm_3_field_1,2025-09-04,56.5,sensitive,maize,11,30.0,0.0,loamy_sand,late,129,pivot,river_pump,4.0,1
farm_3,farm_3_field_1,2025-09-05,50.2,sensitive,maize,12,30.0,0.5,loamy_sand,late,130,pivot,river_pump,4.0,1
farm_3,farm_3_field_1,2025-09-06,50.2,sensitive,maize,1,30.0,0.0,loamy_sand,late,131,pivot,river_pump,4.0,0
farm_3,farm_3_field_1,2025-09-07,50.2,sensitive,maize,2,30.0,0.9,loamy_sand,late,132,pivot,river_pump,4.0,0
farm_3,farm_3_field_1,2025-09-08,50.2,sensitive,maize,3,30.0,0.0,loamy_sand,late,133,pivot,river_pump,4.0,0
farm_3,farm_3_field_1,2025-09-09,50.2,sensitive,maize,4,30.0,0.7,loamy_sand,late,134,pivot,river_pump,4.0,0
farm_3,farm_3_field_1,2025-09-10,50.2,sensitive,maize,5,30.0,0.1,loamy_sand,late,135,pivot,river_pump,4.0,0
farm_3,farm_3_field_1,2025-09-11,50.2,sensitive,maize,6,30.0,0.1,loamy_sand,late,136,pivot,river_pump,4.0,0
farm_3,farm_3_field_1,2025-09-12,50.2,late,maize,7,30.0,0.5,loamy_sand,late,137,pivot,river_pump,4.0,0
farm_3,farm_3_field_1,2025-09-13,50.2,late,maize,8,30.0,0.0,loamy_sand,late,138,pivot,river_pump,4.0,0
farm_3,farm_3_field_1,2025-09-14,50.2,late,maize,9,30.0,1.2,loamy_sand,late,139,pivot,river_pump,4.0,0
farm_3,farm_3_field_1,2025-09-15,58.3,late,maize,10,30.0,0.0,loamy_sand,late,140,pivot,river_pump,4.0,0
farm_3,farm_3_field_1,2025-09-16,44.5,late,maize,11,30.0,5.4,loamy_sand,late,141,pivot,river_pump,4.0,0
farm_3,farm_3_field_1,2025-09-17,60.0,late,maize,12,30.0,1.9,loamy_sand,late,142,pivot,river_pump,4.0,0
farm_3,farm_3_field_1,2025-09-18,57.3,late,maize,13,30.0,0.0,loamy_sand,late,143,pivot,river_pump,4.0,0
farm_3,farm_3_field_1,2025-09-19,49.5,late,maize,14,30.0,0.6,loamy_sand,late,144,pivot,river_pump,4.0,0
farm_3,farm_3_field_1,2025-09-20,49.5,late,maize,15,30.0,0.0,loamy_sand,late,145,pivot,river_pump,4.0,0
farm_3,farm_3_field_1,2025-09-21,55.4,late,maize,16,30.0,0.6,loamy_sand,late,146,pivot,river_pump,4.0,0
farm_3,farm_3_field_1,2025-09-22,47.1,late,maize,17,30.0,0.0,loamy_sand,late,147,pivot,river_pump,4.0,0
farm_3,farm_3_field_1,2025-09-23,48.2,late,maize,18,30.0,0.3,loamy_sand,late,148,pivot,river_pump,4.0,0
farm_3,farm_3_field_1,2025-09-24,50.5,late,maize,19,30.0,0.0,loamy_sand,late,149,pivot,river_pump,4.0,0
farm_3,farm_3_field_1,2025-09-25,44.6,late,maize,20,30.0,0.0,loamy_sand,late,150,pivot,river_pump,4.0,0
farm_3,farm_3_field_1,2025-09-26,43.2,late,maize,21,30.0,0.1,loamy_sand,late,151,pivot,river_pump,4.0,0
farm_3,farm_3_field_1,2025-09-27,38.9,late,maize,22,30.0,0.0,loamy_sand,late,152,pivot,river_pump,4.0,0
farm_3,farm_3_field_1,2025-09-28,39.7,late,maize,23,30.0,0.5,loamy_sand,late,153,pivot,river_pump,4.0,0
farm_3,farm_3_field_1,2025-09-29,38.3,late,maize,24,30.0,0.0,loamy_sand,late,154,pivot,river_pump,4.0,0
farm_3,farm_3_field_1,2025-09-30,39.0,late,maize,25,30.0,0.0,loamy_sand,late,155,pivot,river_pump,4.0,1
farm_3,farm_3_field_1,2026-04-28,60.0,initial,maize,0,0.0,0.0,loamy_sand,late,0,pivot,river_pump,4.0,0
farm_3,farm_3_field_1,2026-04-29,53.7,initial,maize,1,0.0,0.2,loamy_sand,late,1,pivot,river_pump,4.0,0
farm_3,farm_3_field_1,2026-04-30,59.1,initial,maize,2,0.0,0.2,loamy_sand,late,2,pivot,river_pump,4.0,0
farm_3,farm_3_field_1,2026-05-01,56.1,initial,maize,3,0.0,0.5,loamy_sand,late,3,pivot,river_pump,4.0,0
farm_3,farm_3_field_1,2026-05-02,52.2,initial,maize,4,0.0,0.0,loamy_sand,late,4,pivot,river_pump,4.0,0
farm_3,farm_3_field_1,2026-05-03,52.1,initial,maize,5,0.0,9.0,loamy_sand,late,5,pivot,river_pump,4.0,0
farm_3,farm_3_field_1,2026-05-04,60.8,initial,maize,6,0.0,0.2,loamy_sand,late,6,pivot,river_pump,4.0,0
farm_3,farm_3_field_1,2026-05-05,,initial,maize,7,0.0,4.5,loamy_sand,late,7,pivot,river_pump,4.0,0
farm_3,farm_3_field_1,2026-05-06,64.2,initial,maize,8,0.0,0.3,loamy_sand,late,8,pivot,river_pump,4.0,0
farm_3,farm_3_field_1,2026-05-07,58.9,initial,maize,9,0.0,7.9,loamy_sand,late,9,pivot,river_pump,4.0,0
farm_3,farm_3_field_1,2026-05-08,71.2,initial,maize,10,0.0,0.4,loamy_sand,late,10,pivot,river_pump,4.0,0
farm_3,farm_3_field_1,2026-05-09,70.0,initial,maize,11,0.0,0.3,loamy_sand,late,11,pivot,river_pump,4.0,0
farm_3,farm_3_field_1,2026-05-10,69.7,initial,maize,12,0.0,0.2,loamy_sand,late,12,pivot,river_pump,4.0,0
farm_3,farm_3_field_1,2026-05-11,66.1,initial,maize,13,0.0,0.4,loamy_sand,late,13,pivot,river_pump,4.0,0
farm_3,farm_3_field_1,2026-05-12,70.6,initial,maize,14,0.0,0.0,loamy_sand,late,14,pivot,river_pump,4.0,0
farm_3,farm_3_field_1,2026-05-13,60.7,initial,maize,15,0.0,2.8,loamy_sand,late,15,pivot,river_pump,4.0,0
farm_3,farm_3_field_1,2026-05-14,68.9,initial,maize,16,0.0,0.6,loamy_sand,late,16,pivot,river_pump,4.0,0
farm_3,farm_3_field_1,2026-05-15,66.2,initial,maize,17,0.0,0.9,loamy_sand,late,17,pivot,river_pump,4.0,0
farm_3,farm_3_field_1,2026-05-16,61.4,initial,maize,18,0.0,0.1,loamy_sand,late,18,pivot,river_pump,4.0,0
farm_3,farm_3_field_1,2026-05-17,65.0,initial,maize,19,0.0,0.0,loamy_sand,late,19,pivot,river_pump,4.0,0
farm_3,farm_3_field_1,2026-05-18,63.8,initial,maize,20,0.0,0.0,loamy_sand,late,20,pivot,river_pump,4.0,0
farm_3,farm_3_field_1,2026-05-19,66.0,initial,maize,21,0.0,0.1,loamy_sand,late,21,pivot,river_pump,4.0,0
farm_3,farm_3_field_1,2026-05-20,69.0,initial,maize,22,0.0,0.4,loamy_sand,late,22,pivot,river_pump,4.0,0
farm_3,farm_3_field_1,2026-05-21,66.6,initial,maize,23,0.0,15.0,loamy_sand,late,23,pivot,river_pump,4.0,0
farm_3,farm_3_field_1,2026-05-22,77.4,initial,maize,24,0.0,5.1,loamy_sand,late,24,pivot,river_pump,4.0,0
farm_3,farm_3_field_1,2026-05-23,81.0,initial,maize,25,0.0,0.0,loamy_sand,late,25,pivot,river_pump,4.0,0
farm_3,farm_3_field_1,2026-05-24,84.2,initial,maize,26,0.0,0.2,loamy_sand,late,26,pivot,river_pump,4.0,0
farm_3,farm_3_field_1,2026-05-25,82.2,initial,maize,27,0.0,0.0,loamy_sand,late,27,pivot,river_pump,4.0,0
farm_3,farm_3_field_1,2026-05-26,78.3,initial,maize,28,0.0,0.1,loamy_sand,late,28,pivot,river_pump,4.0,0
farm_3,farm_3_field_1,2026-05-27,79.5,initial,maize,29,0.0,0.0,loamy_sand,late,29,pivot,river_pump,4.0,0
farm_3,farm_3_field_1,2026-05-28,72.8,initial,maize,30,0.0,0.0,loamy_sand,late,30,pivot,river_pump,4.0,0
farm_3,farm_3_field_1,2026-05-29,79.0,initial,maize,31,0.0,0.0,loamy_sand,late,31,pivot,river_pump,4.0,0
farm_3,farm_3_field_1,2026-05-30,75.6,initial,maize,32,0.0,0.0,loamy_sand,late,32,pivot,river_pump,4.0,0
farm_3,farm_3_field_1,2026-05-31,81.1,initial,maize,33,0.0,0.0,loamy_sand,late,33,pivot,river_pump,4.0,0
farm_3,farm_3_field_1,2026-06-01,73.0,development,maize,34,0.0,0.0,loamy_sand,late,34,pivot,river_pump,4.0,0
farm_3,farm_3_field_1,2026-06-02,70.6,development,maize,35,0.0,0.5,loamy_sand,late,35,pivot,river_pump,4.0,0
farm_3,farm_3_field_1,2026-06-03,75.1,development,maize,36,0.0,0.4,loamy_sand,late,36,pivot,river_pump,4.0,0
farm_3,farm_3_field_1,2026-06-04,66.1,development,maize,37,0.0,0.2,loamy_sand,late,37,pivot,river_pump,4.0,0
farm_3,farm_3_field_1,2026-06-05,62.4,development,maize,38,0.0,0.0,loamy_sand,late,38,pivot,river_pump,4.0,0
farm_3,farm_3_field_1,2026-06-06,64.4,development,maize,39,0.0,4.7,loamy_sand,late,39,pivot,river_pump,4.0,0
farm_3,farm_3_field_1,2026-06-07,66.0,development,maize,40,0.0,0.1,loamy_sand,late,40,pivot,river_pump,4.0,0
farm_3,farm_3_field_1,2026-06-08,64.6,development,maize,41,0.0,0.0,loamy_sand,late,41,pivot,river_pump,4.0,0
farm_3,farm_3_field_1,2026-06-09,59.9,development,maize,42,0.0,0.0,loamy_sand,late,42,pivot,river_pump,4.0,0
farm_3,farm_3_field_1,2026-06-10,54.7,development,maize,43,0.0,0.0,loamy_sand,late,43,pivot,river_pump,4.0,0
farm_3,farm_3_field_1,2026-06-11,54.7,development,maize,44,0.0,0.0,loamy_sand,late,44,pivot,river_pump,4.0,1
farm_3,farm_3_field_1,2026-06-12,69.6,development,maize,1,30.0,0.7,loamy_sand,late,45,pivot,river_pump,4.0,0
farm_3,farm_3_field_1,2026-06-13,72.8,development,maize,2,30.0,0.3,loamy_sand,late,46,pivot,river_pump,4.0,0
farm_3,farm_3_field_1,2026-06-14,67.4,development,maize,3,30.0,0.0,loamy_sand,late,47,pivot,river_pump,4.0,0
farm_3,farm_3_field_1,2026-06-15,67.5,development,maize,4,30.0,0.0,loamy_sand,late,48,pivot,river_pump,4.0,0
farm_3,farm_3_field_1,2026-06-16,56.4,development,maize,5,30.0,0.0,loamy_sand,late,49,pivot,river_pump,4.0,0
farm_3,farm_3_field_1,2026-06-17,55.9,development,maize,6,30.0,0.3,loamy_sand,late,50,pivot,river_pump,4.0,0
farm_3,farm_3_field_1,2026-06-18,50.1,development,maize,7,30.0,0.4,loamy_sand,late,51,pivot,river_pump,4.0,1
farm_3,farm_3_field_1,2026-06-19,44.0,development,maize,8,30.0,0.2,loamy_sand,late,52,pivot,river_pump,4.0,1
farm_3,farm_3_field_1,2026-06-20,47.0,development,maize,9,30.0,0.0,loamy_sand,late,53,pivot,river_pump,4.0,1
farm_3,farm_3_field_1,2026-06-21,37.4,development,maize,10,30.0,0.0,loamy_sand,late,54,pivot,river_pump,4.0,1
farm_3,farm_3_field_1,2026-06-22,34.3,development,maize,11,30.0,0.6,loamy_sand,late,55,pivot,river_pump,4.0,2
farm_3,farm_3_field_1,2026-06-23,61.9,development,maize,1,30.0,0.0,loamy_sand,late,56,pivot,river_pump,4.0,0
farm_3,farm_3_field_1,2026-06-24,56.9,development,maize,2,30.0,0.0,loamy_sand,late,57,pivot,river_pump,4.0,0
farm_3,farm_3_field_1,2026-06-25,58.1,development,maize,3,30.0,2.0,loamy_sand,late,58,pivot,river_pump,4.0,0
farm_3,farm_3_field_1,2026-06-26,46.1,development,maize,4,30.0,0.5,loamy_sand,late,59,pivot,river_pump,4.0,1
farm_3,farm_3_field_1,2026-06-27,50.9,development,maize,5,30.0,0.7,loamy_sand,late,60,pivot,river_pump,4.0,1
farm_3,farm_3_field_1,2026-06-28,45.2,development,maize,6,30.0,0.0,loamy_sand,late,61,pivot,river_pump,4.0,1
farm_3,farm_3_field_1,2026-06-29,67.3,development,maize,1,30.0,0.0,loamy_sand,late,62,pivot,river_pump,4.0,0
farm_3,farm_3_field_1,2026-06-30,59.0,development,maize,2,30.0,0.4,loamy_sand,late,63,pivot,river_pump,4.0,0
farm_3,farm_3_field_1,2026-07-01,59.9,development,maize,3,30.0,0.6,loamy_sand,late,64,pivot,river_pump,4.0,0
farm_3,farm_3_field_1,2026-07-02,55.9,development,maize,4,30.0,0.3,loamy_sand,late,65,pivot,river_pump,4.0,0
farm_3,farm_3_field_1,2026-07-03,49.1,development,maize,5,30.0,0.0,loamy_sand,late,66,pivot,river_pump,4.0,1
farm_3,farm_3_field_1,2026-07-04,43.8,development,maize,6,30.0,0.0,loamy_sand,late,67,pivot,river_pump,4.0,1
farm_3,farm_3_field_1,2026-07-05,40.0,development,maize,7,30.0,0.0,loamy_sand,late,68,pivot,river_pump,4.0,1
farm_3,farm_3_field_1,2026-07-06,33.8,development,maize,8,30.0,0.0,loamy_sand,late,69,pivot,river_pump,4.0,2
farm_3,farm_3_field_1,2026-07-07,62.3,development,maize,1,30.0,0.0,loamy_sand,late,70,pivot,river_pump,4.0,0
farm_3,farm_3_field_1,2026-07-08,55.1,development,maize,2,30.0,0.0,loamy_sand,late,71,pivot,river_pump,4.0,0
farm_3,farm_3_field_1,2026-07-09,41.5,development,maize,3,30.0,0.4,loamy_sand,late,72,pivot,river_pump,4.0,1
farm_3,farm_3_field_1,2026-07-10,45.9,development,maize,4,30.0,0.5,loamy_sand,late,73,pivot,river_pump,4.0,1
farm_3,farm_3_field_1,2026-07-11,46.1,development,maize,5,30.0,0.0,loamy_sand,late,74,pivot,river_pump,4.0,1
farm_3,farm_3_field_1,2026-07-12,,development,maize,6,30.0,0.0,loamy_sand,late,75,pivot,river_pump,4.0,1
farm_3,farm_3_field_1,2026-07-13,36.9,development,maize,7,30.0,0.4,loamy_sand,late,76,pivot,river_pump,4.0,2
farm_3,farm_3_field_1,2026-07-14,57.7,development,maize,1,30.0,0.0,loamy_sand,late,77,pivot,river_pump,4.0,0
farm_3,farm_3_field_1,2026-07-15,54.6,development,maize,2,30.0,0.0,loamy_sand,late,78,pivot,river_pump,4.0,0
farm_3,farm_3_field_1,2026-07-16,50.7,development,maize,3,30.0,0.0,loamy_sand,late,79,pivot,river_pump,4.0,1
farm_3,farm_3_field_1,2026-07-17,48.4,sensitive,maize,4,30.0,0.0,loamy_sand,late,80,pivot,river_pump,4.0,2
farm_3,farm_3_field_1,2026-07-18,73.3,sensitive,maize,1,30.0,0.0,loamy_sand,late,81,pivot,river_pump,4.0,0
farm_3,farm_3_field_1,2026-07-19,59.1,sensitive,maize,2,30.0,0.6,loamy_sand,late,82,pivot,river_pump,4.0,0
farm_3,farm_3_field_1,2026-07-20,56.5,sensitive,maize,3,30.0,0.5,loamy_sand,late,83,pivot,river_pump,4.0,1
farm_3,farm_3_field_1,2026-07-21,53.8,sensitive,maize,4,30.0,0.0,loamy_sand,late,84,pivot,river_pump,4.0,1
farm_3,farm_3_field_1,2026-07-22,40.5,sensitive,maize,5,30.0,0.0,loamy_sand,late,85,pivot,river_pump,4.0,2
farm_3,farm_3_field_1,2026-07-23,67.0,sensitive,maize,1,30.0,0.0,loamy_sand,late,86,pivot,river_pump,4.0,0
farm_3,farm_3_field_1,2026-07-24,52.5,sensitive,maize,2,30.0,0.0,loamy_sand,late,87,pivot,river_pump,4.0,1
farm_3,farm_3_field_1,2026-07-25,49.3,sensitive,maize,3,30.0,0.0,loamy_sand,late,88,pivot,river_pump,4.0,1
farm_3,farm_3_field_1,2026-07-26,40.7,sensitive,maize,4,30.0,0.7,loamy_sand,late,89,pivot,river_pump,4.0,2
farm_3,farm_3_field_1,2026-07-27,64.6,sensitive,maize,1,30.0,0.6,loamy_sand,late,90,pivot,river_pump,4.0,0
farm_3,farm_3_field_1,2026-07-28,60.4,sensitive,maize,2,30.0,0.1,loamy_sand,late,91,pivot,river_pump,4.0,0
farm_3,farm_3_field_1,2026-07-29,51.2,sensitive,maize,3,30.0,0.0,loamy_sand,late,92,pivot,river_pump,4.0,1
farm_3,farm_3_field_1,2026-07-30,53.9,sensitive,maize,4,30.0,0.8,loamy_sand,late,93,pivot,river_pump,4.0,1
farm_3,farm_3_field_1,2026-07-31,44.5,sensitive,maize,5,30.0,7.9,loamy_sand,late,94,pivot,river_pump,4.0,1
farm_3,farm_3_field_1,2026-08-01,48.1,sensitive,maize,6,30.0,0.0,loamy_sand,late,95,pivot,river_pump,4.0,1
farm_3,farm_3_field_1,2026-08-02,69.3,sensitive,maize,1,30.0,0.2,loamy_sand,late,96,pivot,river_pump,4.0,0
farm_3,farm_3_field_1,2026-08-03,70.0,sensitive,maize,2,30.0,8.1,loamy_sand,late,97,pivot,river_pump,4.0,0
farm_3,farm_3_field_1,2026-08-04,72.5,sensitive,maize,3,30.0,0.6,loamy_sand,late,98,pivot,river_pump,4.0,0
farm_3,farm_3_field_1,2026-08-05,63.4,sensitive,maize,4,30.0,0.0,loamy_sand,late,99,pivot,river_pump,4.0,0
farm_3,farm_3_field_1,2026-08-06,55.5,sensitive,maize,5,30.0,0.0,loamy_sand,late,100,pivot,river_pump,4.0,1
farm_3,farm_3_field_1,2026-08-07,53.1,sensitive,maize,6,30.0,0.0,loamy_sand,late,101,pivot,river_pump,4.0,1
farm_3,farm_3_field_1,2026-08-08,75.2,sensitive,maize,1,30.0,0.2,loamy_sand,late,102,pivot,river_pump,4.0,0
farm_3,farm_3_field_1,2026-08-09,72.5,sensitive,maize,2,30.0,0.0,loamy_sand,late,103,pivot,river_pump,4.0,0
farm_3,farm_3_field_1,2026-08-10,67.7,sensitive,maize,3,30.0,1.0,loamy_sand,late,104,pivot,river_pump,4.0,0
farm_3,farm_3_field_1,2026-08-11,60.9,sensitive,maize,4,30.0,0.5,loamy_sand,late,105,pivot,river_pump,4.0,1
farm_3,farm_3_field_1,2026-08-12,52.1,sensitive,maize,5,30.0,0.2,loamy_sand,late,106,pivot,river_pump,4.0,1
farm_3,farm_3_field_1,2026-08-13,41.9,sensitive,maize,6,30.0,0.4,loamy_sand,late,107,pivot,river_pump,4.0,1
farm_3,farm_3_field_1,2026-08-14,39.8,sensitive,maize,7,30.0,0.0,loamy_sand,late,108,pivot,river_pump,4.0,2
farm_3,farm_3_field_1,2026-08-15,63.1,sensitive,maize,1,30.0,0.5,loamy_sand,late,109,pivot,river_pump,4.0,0
farm_3,farm_3_field_1,2026-08-16,59.5,sensitive,maize,2,30.0,0.4,loamy_sand,late,110,pivot,river_pump,4.0,1
farm_3,farm_3_field_1,2026-08-17,51.1,sensitive,maize,3,30.0,0.2,loamy_sand,late,111,pivot,river_pump,4.0,1
farm_3,farm_3_field_1,2026-08-18,77.9,sensitive,maize,1,30.0,0.2,loamy_sand,late,112,pivot,river_pump,4.0,0
farm_3,farm_3_field_1,2026-08-19,73.6,sensitive,maize,2,30.0,0.0,loamy_sand,late,113,pivot,river_pump,4.0,0
farm_3,farm_3_field_1,2026-08-20,70.7,sensitive,maize,3,30.0,2.6,loamy_sand,late,114,pivot,river_pump,4.0,0
farm_3,farm_3_field_1,2026-08-21,59.4,sensitive,maize,4,30.0,0.0,loamy_sand,late,115,pivot,river_pump,4.0,0
farm_3,farm_3_field_1,2026-08-22,59.8,sensitive,maize,5,30.0,0.0,loamy_sand,late,116,pivot,river_pump,4.0,0
farm_3,farm_3_field_1,2026-08-23,54.3,sensitive,maize,6,30.0,0.5,loamy_sand,late,117,pivot,river_pump,4.0,1
farm_3,farm_3_field_1,2026-08-24,79.0,sensitive,maize,1,28.0,0.0,loamy_sand,late,118,pivot,river_pump,4.0,0
farm_3,farm_3_field_1,2026-08-25,78.0,sensitive,maize,2,28.0,0.1,loamy_sand,late,119,pivot,river_pump,4.0,0
farm_3,farm_3_field_1,2026-08-26,74.5,sensitive,maize,3,28.0,0.0,loamy_sand,late,120,pivot,river_pump,4.0,0
farm_3,farm_3_field_1,2026-08-27,64.7,sensitive,maize,4,28.0,0.0,loamy_sand,late,121,pivot,river_pump,4.0,0
farm_3,farm_3_field_1,2026-08-28,66.2,sensitive,maize,5,28.0,3.9,loamy_sand,late,122,pivot,river_pump,4.0,0
farm_3,farm_3_field_1,2026-08-29,60.0,sensitive,maize,6,28.0,0.0,loamy_sand,late,123,pivot,river_pump,4.0,0
farm_3,farm_3_field_1,2026-08-30,59.0,sensitive,maize,7,28.0,0.0,loamy_sand,late,124,pivot,river_pump,4.0,1
farm_3,farm_3_field_1,2026-08-31,84.8,sensitive,maize,1,27.7,0.0,loamy_sand,late,125,pivot,river_pump,4.0,0
farm_3,farm_3_field_1,2026-09-01,85.5,sensitive,maize,2,27.7,0.0,loamy_sand,late,126,pivot,river_pump,4.0,0
farm_3,farm_3_field_1,2026-09-02,74.7,sensitive,maize,3,27.7,0.0,loamy_sand,late,127,pivot,river_pump,4.0,0
farm_3,farm_3_field_1,2026-09-03,71.3,sensitive,maize,4,27.7,0.1,loamy_sand,late,128,pivot,river_pump,4.0,0
farm_3,farm_3_field_1,2026-09-04,66.5,sensitive,maize,5,27.7,0.3,loamy_sand,late,129,pivot,river_pump,4.0,0
farm_3,farm_3_field_1,2026-09-05,59.3,sensitive,maize,6,27.7,0.4,loamy_sand,late,130,pivot,river_pump,4.0,0
farm_3,farm_3_field_1,2026-09-06,59.1,sensitive,maize,7,27.7,0.0,loamy_sand,late,131,pivot,river_pump,4.0,1
farm_3,farm_3_field_1,2026-09-07,81.9,sensitive,maize,1,28.0,0.1,loamy_sand,late,132,pivot,river_pump,4.0,0
farm_3,farm_3_field_1,2026-09-08,80.8,sensitive,maize,2,28.0,0.4,loamy_sand,late,133,pivot,river_pump,4.0,0
farm_3,farm_3_field_1,2026-09-09,79.0,sensitive,maize,3,28.0,0.0,loamy_sand,late,134,pivot,river_pump,4.0,0
farm_3,farm_3_field_1,2026-09-10,65.9,sensitive,maize,4,28.0,0.0,loamy_sand,late,135,pivot,river_pump,4.0,0
farm_3,farm_3_field_1,2026-09-11,61.1,sensitive,maize,5,28.0,0.0,loamy_sand,late,136,pivot,river_pump,4.0,0
farm_3,farm_3_field_1,2026-09-12,62.6,late,maize,6,28.0,0.5,loamy_sand,late,137,pivot,river_pump,4.0,0
farm_3,farm_3_field_1,2026-09-13,64.0,late,maize,7,28.0,0.1,loamy_sand,late,138,pivot,river_pump,4.0,0
farm_3,farm_3_field_1,2026-09-14,56.2,late,maize,8,28.0,0.0,loamy_sand,late,139,pivot,river_pump,4.0,0
farm_3,farm_3_field_1,2026-09-15,55.9,late,maize,9,28.0,0.2,loamy_sand,late,140,pivot,river_pump,4.0,0
farm_3,farm_3_field_1,2026-09-16,56.1,late,maize,10,28.0,0.0,loamy_sand,late,141,pivot,river_pump,4.0,0
farm_3,farm_3_field_1,2026-09-17,47.0,late,maize,11,28.0,0.0,loamy_sand,late,142,pivot,river_pump,4.0,0
farm_3,farm_3_field_1,2026-09-18,51.7,late,maize,12,28.0,0.0,loamy_sand,late,143,pivot,river_pump,4.0,0
farm_3,farm_3_field_1,2026-09-19,52.3,late,maize,13,28.0,0.7,loamy_sand,late,144,pivot,river_pump,4.0,0
farm_3,farm_3_field_1,2026-09-20,46.3,late,maize,14,28.0,0.5,loamy_sand,late,145,pivot,river_pump,4.0,0
farm_3,farm_3_field_1,2026-09-21,47.8,late,maize,15,28.0,0.0,loamy_sand,late,146,pivot,river_pump,4.0,0
farm_3,farm_3_field_1,2026-09-22,45.6,late,maize,16,28.0,0.5,loamy_sand,late,147,pivot,river_pump,4.0,0
farm_3,farm_3_field_1,2026-09-23,43.9,late,maize,17,28.0,0.5,loamy_sand,late,148,pivot,river_pump,4.0,0
farm_3,farm_3_field_1,2026-09-24,43.4,late,maize,18,28.0,0.6,loamy_sand,late,149,pivot,river_pump,4.0,0
farm_3,farm_3_field_1,2026-09-25,41.6,late,maize,19,28.0,0.0,loamy_sand,late,150,pivot,river_pump,4.0,0
farm_3,farm_3_field_1,2026-09-26,38.6,late,maize,20,28.0,0.4,loamy_sand,late,151,pivot,river_pump,4.0,1
farm_3,farm_3_field_1,2026-09-27,38.3,late,maize,21,28.0,2.7,loamy_sand,late,152,pivot,river_pump,4.0,1
farm_3,farm_3_field_1,2026-09-28,41.4,late,maize,22,28.0,0.3,loamy_sand,late,153,pivot,river_pump,4.0,1
farm_3,farm_3_field_1,2026-09-29,70.1,late,maize,1,30.0,0.6,loamy_sand,late,154,pivot,river_pump,4.0,0
farm_3,farm_3_field_1,2026-09-30,65.9,late,maize,2,30.0,0.1,loamy_sand,late,155,pivot,river_pump,4.0,0
farm_3,farm_3_field_2,2025-04-21,60.5,initial,maize,0,0.0,0.5,loamy_sand,late,0,pivot,river_pump,9.1,0
farm_3,farm_3_field_2,2025-04-22,64.1,initial,maize,1,0.0,3.7,loamy_sand,late,1,pivot,river_pump,9.1,0
farm_3,farm_3_field_2,2025-04-23,60.7,initial,maize,2,0.0,0.0,loamy_sand,late,2,pivot,river_pump,9.1,0
farm_3,farm_3_field_2,2025-04-24,62.5,initial,maize,3,0.0,0.5,loamy_sand,late,3,pivot,river_pump,9.1,0
farm_3,farm_3_field_2,2025-04-25,65.3,initial,maize,4,0.0,0.0,loamy_sand,late,4,pivot,river_pump,9.1,0
farm_3,farm_3_field_2,2025-04-26,57.5,initial,maize,5,0.0,0.0,loamy_sand,late,5,pivot,river_pump,9.1,0
farm_3,farm_3_field_2,2025-04-27,61.0,initial,maize,6,0.0,4.7,loamy_sand,late,6,pivot,river_pump,9.1,0
farm_3,farm_3_field_2,2025-04-28,66.3,initial,maize,7,0.0,0.2,loamy_sand,late,7,pivot,river_pump,9.1,0
farm_3,farm_3_field_2,2025-04-29,62.4,initial,maize,8,0.0,0.2,loamy_sand,late,8,pivot,river_pump,9.1,0
farm_3,farm_3_field_2,2025-04-30,59.2,initial,maize,9,0.0,0.8,loamy_sand,late,9,pivot,river_pump,9.1,0
farm_3,farm_3_field_2,2025-05-01,68.1,initial,maize,10,0.0,0.0,loamy_sand,late,10,pivot,river_pump,9.1,0
farm_3,farm_3_field_2,2025-05-02,60.5,initial,maize,11,0.0,0.0,loamy_sand,late,11,pivot,river_pump,9.1,0
farm_3,farm_3_field_2,2025-05-03,59.3,initial,maize,12,0.0,2.8,loamy_sand,late,12,pivot,river_pump,9.1,0
farm_3,farm_3_field_2,2025-05-04,65.2,initial,maize,13,0.0,0.0,loamy_sand,late,13,pivot,river_pump,9.1,0
farm_3,farm_3_field_2,2025-05-05,62.8,initial,maize,14,0.0,0.3,loamy_sand,late,14,pivot,river_pump,9.1,0
farm_3,farm_3_field_2,2025-05-06,61.7,initial,maize,15,0.0,0.0,loamy_sand,late,15,pivot,river_pump,9.1,0
farm_3,farm_3_field_2,2025-05-07,62.4,initial,maize,16,0.0,0.0,loamy_sand,late,16,pivot,river_pump,9.1,0
farm_3,farm_3_field_2,2025-05-08,65.9,initial,maize,17,0.0,0.0,loamy_sand,late,17,pivot,river_pump,9.1,0
farm_3,farm_3_field_2,2025-05-09,61.5,initial,maize,18,0.0,1.7,loamy_sand,late,18,pivot,river_pump,9.1,0
farm_3,farm_3_field_2,2025-05-10,60.5,initial,maize,19,0.0,0.4,loamy_sand,late,19,pivot,river_pump,9.1,0
farm_3,farm_3_field_2,2025-05-11,57.2,initial,maize,20,0.0,0.0,loamy_sand,late,20,pivot,river_pump,9.1,0
farm_3,farm_3_field_2,2025-05-12,63.1,initial,maize,21,0.0,0.0,loamy_sand,late,21,pivot,river_pump,9.1,0
farm_3,farm_3_field_2,2025-05-13,52.1,initial,maize,22,0.0,0.0,loamy_sand,late,22,pivot,river_pump,9.1,0
farm_3,farm_3_field_2,2025-05-14,58.4,initial,maize,23,0.0,0.0,loamy_sand,late,23,pivot,river_pump,9.1,0
farm_3,farm_3_field_2,2025-05-15,55.8,initial,maize,24,0.0,0.0,loamy_sand,late,24,pivot,river_pump,9.1,0
farm_3,farm_3_field_2,2025-05-16,54.2,initial,maize,25,0.0,0.0,loamy_sand,late,25,pivot,river_pump,9.1,0
farm_3,farm_3_field_2,2025-05-17,51.6,initial,maize,26,0.0,6.9,loamy_sand,late,26,pivot,river_pump,9.1,0
farm_3,farm_3_field_2,2025-05-18,62.5,initial,maize,27,0.0,0.0,loamy_sand,late,27,pivot,river_pump,9.1,0
farm_3,farm_3_field_2,2025-05-19,53.6,initial,maize,28,0.0,8.4,loamy_sand,late,28,pivot,river_pump,9.1,0
farm_3,farm_3_field_2,2025-05-20,65.3,initial,maize,29,0.0,0.0,loamy_sand,late,29,pivot,river_pump,9.1,0
farm_3,farm_3_field_2,2025-05-21,62.2,initial,maize,30,0.0,5.9,loamy_sand,late,30,pivot,river_pump,9.1,0
farm_3,farm_3_field_2,2025-05-22,73.0,initial,maize,31,0.0,0.2,loamy_sand,late,31,pivot,river_pump,9.1,0
farm_3,farm_3_field_2,2025-05-23,65.1,initial,maize,32,0.0,0.0,loamy_sand,late,32,pivot,river_pump,9.1,0
farm_3,farm_3_field_2,2025-05-24,67.6,initial,maize,33,0.0,0.0,loamy_sand,late,33,pivot,river_pump,9.1,0
farm_3,farm_3_field_2,2025-05-25,64.4,development,maize,34,0.0,3.8,loamy_sand,late,34,pivot,river_pump,9.1,0
farm_3,farm_3_field_2,2025-05-26,64.4,development,maize,35,0.0,0.3,loamy_sand,late,35,pivot,river_pump,9.1,0
farm_3,farm_3_field_2,2025-05-27,64.4,development,maize,36,0.0,0.0,loamy_sand,late,36,pivot,river_pump,9.1,0
farm_3,farm_3_field_2,2025-05-28,64.4,development,maize,37,0.0,0.0,loamy_sand,late,37,pivot,river_pump,9.1,0
farm_3,farm_3_field_2,2025-05-29,64.4,development,maize,38,0.0,0.0,loamy_sand,late,38,pivot,river_pump,9.1,0
farm_3,farm_3_field_2,2025-05-30,64.4,development,maize,39,0.0,0.0,loamy_sand,late,39,pivot,river_pump,9.1,0
farm_3,farm_3_field_2,2025-05-31,64.4,development,maize,40,0.0,0.5,loamy_sand,late,40,pivot,river_pump,9.1,0
farm_3,farm_3_field_2,2025-06-01,64.4,development,maize,41,0.0,0.0,loamy_sand,late,41,pivot,river_pump,9.1,1
farm_3,farm_3_field_2,2025-06-02,64.4,development,maize,42,0.0,0.3,loamy_sand,late,42,pivot,river_pump,9.1,1
farm_3,farm_3_field_2,2025-06-03,64.4,development,maize,1,30.0,0.0,loamy_sand,late,43,pivot,river_pump,9.1,0
farm_3,farm_3_field_2,2025-06-04,69.1,development,maize,2,30.0,0.0,loamy_sand,late,44,pivot,river_pump,9.1,0
farm_3,farm_3_field_2,2025-06-05,62.6,development,maize,3,30.0,0.0,loamy_sand,late,45,pivot,river_pump,9.1,0
farm_3,farm_3_field_2,2025-06-06,59.4,development,maize,4,30.0,0.0,loamy_sand,late,46,pivot,river_pump,9.1,0
farm_3,farm_3_field_2,2025-06-07,54.1,development,maize,5,30.0,19.6,loamy_sand,late,47,pivot,river_pump,9.1,0
farm_3,farm_3_field_2,2025-06-08,73.9,development,maize,6,30.0,19.0,loamy_sand,late,48,pivot,river_pump,9.1,0
farm_3,farm_3_field_2,2025-06-09,89.3,development,maize,7,30.0,0.0,loamy_sand,late,49,pivot,river_pump,9.1,0
farm_3,farm_3_field_2,2025-06-10,83.4,development,maize,8,30.0,0.0,loamy_sand,late,50,pivot,river_pump,9.1,0
farm_3,farm_3_field_2,2025-06-11,78.4,development,maize,9,30.0,0.1,loamy_sand,late,51,pivot,river_pump,9.1,0
farm_3,farm_3_field_2,2025-06-12,83.0,development,maize,10,30.0,0.0,loamy_sand,late,52,pivot,river_pump,9.1,0
farm_3,farm_3_field_2,2025-06-13,80.4,development,maize,11,30.0,0.3,loamy_sand,late,53,pivot,river_pump,9.1,0
farm_3,farm_3_field_2,2025-06-14,82.5,development,maize,12,30.0,0.2,loamy_sand,late,54,pivot,river_pump,9.1,0
farm_3,farm_3_field_2,2025-06-15,69.5,development,maize,13,30.0,0.8,loamy_sand,late,55,pivot,river_pump,9.1,0
farm_3,farm_3_field_2,2025-06-16,,development,maize,14,30.0,0.0,loamy_sand,late,56,pivot,river_pump,9.1,0
farm_3,farm_3_field_2,2025-06-17,66.5,development,maize,15,30.0,2.0,loamy_sand,late,57,pivot,river_pump,9.1,0
farm_3,farm_3_field_2,2025-06-18,65.3,development,maize,16,30.0,23.8,loamy_sand,late,58,pivot,river_pump,9.1,0
farm_3,farm_3_field_2,2025-06-19,80.7,development,maize,17,30.0,0.1,loamy_sand,late,59,pivot,river_pump,9.1,0
farm_3,farm_3_field_2,2025-06-20,84.9,development,maize,18,30.0,0.0,loamy_sand,late,60,pivot,river_pump,9.1,0
farm_3,farm_3_field_2,2025-06-21,75.6,development,maize,19,30.0,0.7,loamy_sand,late,61,pivot,river_pump,9.1,0
farm_3,farm_3_field_2,2025-06-22,75.7,development,maize,20,30.0,1.5,loamy_sand,late,62,pivot,river_pump,9.1,0
farm_3,farm_3_field_2,2025-06-23,73.2,development,maize,21,30.0,0.0,loamy_sand,late,63,pivot,river_pump,9.1,0
farm_3,farm_3_field_2,2025-06-24,65.3,development,maize,22,30.0,0.0,loamy_sand,late,64,pivot,river_pump,9.1,0
farm_3,farm_3_field_2,2025-06-25,64.6,development,maize,23,30.0,0.0,loamy_sand,late,65,pivot,river_pump,9.1,0
farm_3,farm_3_field_2,2025-06-26,60.0,development,maize,24,30.0,0.0,loamy_sand,late,66,pivot,river_pump,9.1,0
farm_3,farm_3_field_2,2025-06-27,61.2,development,maize,25,30.0,0.0,loamy_sand,late,67,pivot,river_pump,9.1,0
farm_3,farm_3_field_2,2025-06-28,52.1,development,maize,26,30.0,2.8,loamy_sand,late,68,pivot,river_pump,9.1,0
farm_3,farm_3_field_2,2025-06-29,58.3,development,maize,27,30.0,0.0,loamy_sand,late,69,pivot,river_pump,9.1,0
farm_3,farm_3_field_2,2025-06-30,49.0,development,maize,28,30.0,0.0,loamy_sand,late,70,pivot,river_pump,9.1,0
farm_3,farm_3_field_2,2025-07-01,49.3,development,maize,29,30.0,0.0,loamy_sand,late,71,pivot,river_pump,9.1,1
farm_3,farm_3_field_2,2025-07-02,42.7,development,maize,30,30.0,0.0,loamy_sand,late,72,pivot,river_pump,9.1,1
farm_3,farm_3_field_2,2025-07-03,33.0,development,maize,31,30.0,0.0,loamy_sand,late,73,pivot,river_pump,9.1,1
farm_3,farm_3_field_2,2025-07-04,64.1,development,maize,1,30.0,0.7,loamy_sand,late,74,pivot,river_pump,9.1,0
farm_3,farm_3_field_2,2025-07-05,57.2,development,maize,2,30.0,0.5,loamy_sand,late,75,pivot,river_pump,9.1,0
farm_3,farm_3_field_2,2025-07-06,56.7,development,maize,3,30.0,0.3,loamy_sand,late,76,pivot,river_pump,9.1,0
farm_3,farm_3_field_2,2025-07-07,53.4,development,maize,4,30.0,0.0,loamy_sand,late,77,pivot,river_pump,9.1,0
farm_3,farm_3_field_2,2025-07-08,47.4,development,maize,5,30.0,0.0,loamy_sand,late,78,pivot,river_pump,9.1,1
farm_3,farm_3_field_2,2025-07-09,74.3,development,maize,1,30.0,0.0,loamy_sand,late,79,pivot,river_pump,9.1,0
farm_3,farm_3_field_2,2025-07-10,65.4,sensitive,maize,2,30.0,0.4,loamy_sand,late,80,pivot,river_pump,9.1,0
farm_3,farm_3_field_2,2025-07-11,57.3,sensitive,maize,3,30.0,0.4,loamy_sand,late,81,pivot,river_pump,9.1,0
farm_3,farm_3_field_2,2025-07-12,53.6,sensitive,maize,4,30.0,0.1,loamy_sand,late,82,pivot,river_pump,9.1,1
farm_3,farm_3_field_2,2025-07-13,50.0,sensitive,maize,5,30.0,0.1,loamy_sand,late,83,pivot,river_pump,9.1,1
farm_3,farm_3_field_2,2025-07-14,36.9,sensitive,maize,6,30.0,0.0,loamy_sand,late,84,pivot,river_pump,9.1,2
farm_3,farm_3_field_2,2025-07-15,72.8,sensitive,maize,1,30.0,0.2,loamy_sand,late,85,pivot,river_pump,9.1,0
farm_3,farm_3_field_2,2025-07-16,56.3,sensitive,maize,2,30.0,0.2,loamy_sand,late,86,pivot,river_pump,9.1,0
farm_3,farm_3_field_2,2025-07-17,56.1,sensitive,maize,3,30.0,0.0,loamy_sand,late,87,pivot,river_pump,9.1,1
farm_3,farm_3_field_2,2025-07-18,51.1,sensitive,maize,4,30.0,3.0,loamy_sand,late,88,pivot,river_pump,9.1,1
farm_3,farm_3_field_2,2025-07-19,48.0,sensitive,maize,5,30.0,11.5,loamy_sand,late,89,pivot,river_pump,9.1,1
farm_3,farm_3_field_2,2025-07-20,45.8,sensitive,maize,6,30.0,1.4,loamy_sand,late,90,pivot,river_pump,9.1,1
farm_3,farm_3_field_2,2025-07-21,54.7,sensitive,maize,7,30.0,0.0,loamy_sand,late,91,pivot,river_pump,9.1,1
farm_3,farm_3_field_2,2025-07-22,71.6,sensitive,maize,1,30.0,0.0,loamy_sand,late,92,pivot,river_pump,9.1,0
farm_3,farm_3_field_2,2025-07-23,67.6,sensitive,maize,2,30.0,0.0,loamy_sand,late,93,pivot,river_pump,9.1,0
farm_3,farm_3_field_2,2025-07-24,60.0,sensitive,maize,3,30.0,0.3,loamy_sand,late,94,pivot,river_pump,9.1,0
farm_3,farm_3_field_2,2025-07-25,56.3,sensitive,maize,4,30.0,0.2,loamy_sand,late,95,pivot,river_pump,9.1,1
farm_3,farm_3_field_2,2025-07-26,78.6,sensitive,maize,1,28.6,0.0,loamy_sand,late,96,pivot,river_pump,9.1,0
farm_3,farm_3_field_2,2025-07-27,72.1,sensitive,maize,2,28.6,2.4,loamy_sand,late,97,pivot,river_pump,9.1,0
farm_3,farm_3_field_2,2025-07-28,66.1,sensitive,maize,3,28.6,0.0,loamy_sand,late,98,pivot,river_pump,9.1,0
farm_3,farm_3_field_2,2025-07-29,56.3,sensitive,maize,4,28.6,7.5,loamy_sand,late,99,pivot,river_pump,9.1,0
farm_3,farm_3_field_2,2025-07-30,62.9,sensitive,maize,5,28.6,0.2,loamy_sand,late,100,pivot,river_pump,9.1,0
farm_3,farm_3_field_2,2025-07-31,53.4,sensitive,maize,6,28.6,0.3,loamy_sand,late,101,pivot,river_pump,9.1,1
farm_3,farm_3_field_2,2025-08-01,74.6,sensitive,maize,1,25.0,0.5,loamy_sand,late,102,pivot,river_pump,9.1,0
farm_3,farm_3_field_2,2025-08-02,76.5,sensitive,maize,2,25.0,0.0,loamy_sand,late,103,pivot,river_pump,9.1,0
farm_3,farm_3_field_2,2025-08-03,69.2,sensitive,maize,3,25.0,0.0,loamy_sand,late,104,pivot,river_pump,9.1,0
farm_3,farm_3_field_2,2025-08-04,60.9,sensitive,maize,4,25.0,0.7,loamy_sand,late,105,pivot,river_pump,9.1,0
farm_3,farm_3_field_2,2025-08-05,55.0,sensitive,maize,5,25.0,0.4,loamy_sand,late,106,pivot,river_pump,9.1,1
farm_3,farm_3_field_2,2025-08-06,50.0,sensitive,maize,6,25.0,9.9,loamy_sand,late,107,pivot,river_pump,9.1,1
farm_3,farm_3_field_2,2025-08-07,50.4,sensitive,maize,7,25.0,0.0,loamy_sand,late,108,pivot,river_pump,9.1,1
farm_3,farm_3_field_2,2025-08-08,52.3,sensitive,maize,8,25.0,0.1,loamy_sand,late,109,pivot,river_pump,9.1,1
farm_3,farm_3_field_2,2025-08-09,73.7,sensitive,maize,1,30.0,0.3,loamy_sand,late,110,pivot,river_pump,9.1,0
farm_3,farm_3_field_2,2025-08-10,70.1,sensitive,maize,2,30.0,0.0,loamy_sand,late,111,pivot,river_pump,9.1,0
farm_3,farm_3_field_2,2025-08-11,64.6,sensitive,maize,3,30.0,2.2,loamy_sand,late,112,pivot,river_pump,9.1,0
farm_3,farm_3_field_2,2025-08-12,54.2,sensitive,maize,4,30.0,0.4,loamy_sand,late,113,pivot,river_pump,9.1,1
farm_3,farm_3_field_2,2025-08-13,52.8,sensitive,maize,5,30.0,0.0,loamy_sand,late,114,pivot,river_pump,9.1,1
farm_3,farm_3_field_2,2025-08-14,82.9,sensitive,maize,1,30.0,0.8,loamy_sand,late,115,pivot,river_pump,9.1,0
farm_3,farm_3_field_2,2025-08-15,75.1,sensitive,maize,2,30.0,0.3,loamy_sand,late,116,pivot,river_pump,9.1,0
farm_3,farm_3_field_2,2025-08-16,69.0,sensitive,maize,3,30.0,0.0,loamy_sand,late,117,pivot,river_pump,9.1,0
farm_3,farm_3_field_2,2025-08-17,70.0,sensitive,maize,4,30.0,0.5,loamy_sand,late,118,pivot,river_pump,9.1,0
farm_3,farm_3_field_2,2025-08-18,57.3,sensitive,maize,5,30.0,0.4,loamy_sand,late,119,pivot,river_pump,9.1,1
farm_3,farm_3_field_2,2025-08-19,53.6,sensitive,maize,6,30.0,0.0,loamy_sand,late,120,pivot,river_pump,9.1,1
farm_3,farm_3_field_2,2025-08-20,48.0,sensitive,maize,7,30.0,0.1,loamy_sand,late,121,pivot,river_pump,9.1,1
farm_3,farm_3_field_2,2025-08-21,39.8,sensitive,maize,8,30.0,0.1,loamy_sand,late,122,pivot,river_pump,9.1,2
farm_3,farm_3_field_2,2025-08-22,66.1,sensitive,maize,1,30.0,0.7,loamy_sand,late,123,pivot,river_pump,9.1,0
farm_3,farm_3_field_2,2025-08-23,66.1,sensitive,maize,2,30.0,0.0,loamy_sand,late,124,pivot,river_pump,9.1,0
farm_3,farm_3_field_2,2025-08-24,66.1,sensitive,maize,3,30.0,0.3,loamy_sand,late,125,pivot,river_pump,9.1,1
farm_3,farm_3_field_2,2025-08-25,66.1,sensitive,maize,4,30.0,0.3,loamy_sand,late,126,pivot,river_pump,9.1,1
farm_3,farm_3_field_2,2025-08-26,66.1,sensitive,maize,5,30.0,0.0,loamy_sand,late,127,pivot,river_pump,9.1,1
farm_3,farm_3_field_2,2025-08-27,66.1,sensitive,maize,6,30.0,0.1,loamy_sand,late,128,pivot,river_pump,9.1,2
farm_3,farm_3_field_2,2025-08-28,66.1,sensitive,maize,1,30.0,16.6,loamy_sand,late,129,pivot,river_pump,9.1,0
farm_3,farm_3_field_2,2025-08-29,79.2,sensitive,maize,2,30.0,0.5,loamy_sand,late,130,pivot,river_pump,9.1,0
farm_3,farm_3_field_2,2025-08-30,68.1,sensitive,maize,3,30.0,0.1,loamy_sand,late,131,pivot,river_pump,9.1,0
farm_3,farm_3_field_2,2025-08-31,57.5,sensitive,maize,4,30.0,0.2,loamy_sand,late,132,pivot,river_pump,9.1,0
farm_3,farm_3_field_2,2025-09-01,67.5,sensitive,maize,5,30.0,0.3,loamy_sand,late,133,pivot,river_pump,9.1,0
farm_3,farm_3_field_2,2025-09-02,58.4,sensitive,maize,6,30.0,0.0,loamy_sand,late,134,pivot,river_pump,9.1,1
farm_3,farm_3_field_2,2025-09-03,54.3,sensitive,maize,7,30.0,0.0,loamy_sand,late,135,pivot,river_pump,9.1,1
farm_3,farm_3_field_2,2025-09-04,49.6,sensitive,maize,8,30.0,0.0,loamy_sand,late,136,pivot,river_pump,9.1,1
farm_3,farm_3_field_2,2025-09-05,42.7,late,maize,9,30.0,0.5,loamy_sand,late,137,pivot,river_pump,9.1,0
farm_3,farm_3_field_2,2025-09-06,41.6,late,maize,10,30.0,0.0,loamy_sand,late,138,pivot,river_pump,9.1,0
farm_3,farm_3_field_2,2025-09-07,44.9,late,maize,11,30.0,0.9,loamy_sand,late,139,pivot,river_pump,9.1,0
farm_3,farm_3_field_2,2025-09-08,41.5,late,maize,12,30.0,0.0,loamy_sand,late,140,pivot,river_pump,9.1,0
farm_3,farm_3_field_2,2025-09-09,36.4,late,maize,13,30.0,0.7,loamy_sand,late,141,pivot,river_pump,9.1,1
farm_3,farm_3_field_2,2025-09-10,33.8,late,maize,14,30.0,0.1,loamy_sand,late,142,pivot,river_pump,9.1,1
farm_3,farm_3_field_2,2025-09-11,36.4,late,maize,15,30.0,0.1,loamy_sand,late,143,pivot,river_pump,9.1,1
farm_3,farm_3_field_2,2025-09-12,28.4,late,maize,16,30.0,0.5,loamy_sand,late,144,pivot,river_pump,9.1,1
farm_3,farm_3_field_2,2025-09-13,28.2,late,maize,17,30.0,0.0,loamy_sand,late,145,pivot,river_pump,9.1,1
farm_3,farm_3_field_2,2025-09-14,30.5,late,maize,18,30.0,1.2,loamy_sand,late,146,pivot,river_pump,9.1,1
farm_3,farm_3_field_2,2025-09-15,23.1,late,maize,19,30.0,0.0,loamy_sand,late,147,pivot,river_pump,9.1,1
farm_3,farm_3_field_2,2025-09-16,49.3,late,maize,1,30.0,5.4,loamy_sand,late,148,pivot,river_pump,9.1,0
farm_3,farm_3_field_2,2025-09-17,56.1,late,maize,2,30.0,1.9,loamy_sand,late,149,pivot,river_pump,9.1,0
farm_3,farm_3_field_2,2025-09-18,,late,maize,3,30.0,0.0,loamy_sand,late,150,pivot,river_pump,9.1,0
farm_3,farm_3_field_2,2025-09-19,50.0,late,maize,4,30.0,0.6,loamy_sand,late,151,pivot,river_pump,9.1,0
farm_3,farm_3_field_2,2025-09-20,53.8,late,maize,5,30.0,0.0,loamy_sand,late,152,pivot,river_pump,9.1,0
farm_3,farm_3_field_2,2025-09-21,47.9,late,maize,6,30.0,0.6,loamy_sand,late,153,pivot,river_pump,9.1,0
farm_3,farm_3_field_2,2025-09-22,55.1,late,maize,7,30.0,0.0,loamy_sand,late,154,pivot,river_pump,9.1,0
farm_3,farm_3_field_2,2025-09-23,46.9,late,maize,8,30.0,0.3,loamy_sand,late,155,pivot,river_pump,9.1,0
farm_3,farm_3_field_2,2025-09-24,49.8,late,maize,9,30.0,0.0,loamy_sand,late,156,pivot,river_pump,9.1,0
farm_3,farm_3_field_2,2025-09-25,40.3,late,maize,10,30.0,0.0,loamy_sand,late,157,pivot,river_pump,9.1,0
farm_3,farm_3_field_2,2025-09-26,40.4,late,maize,11,30.0,0.1,loamy_sand,late,158,pivot,river_pump,9.1,0
farm_3,farm_3_field_2,2025-09-27,43.9,late,maize,12,30.0,0.0,loamy_sand,late,159,pivot,river_pump,9.1,0
farm_3,farm_3_field_2,2025-09-28,37.2,late,maize,13,30.0,0.5,loamy_sand,late,160,pivot,river_pump,9.1,1
farm_3,farm_3_field_2,2025-09-29,35.3,late,maize,14,30.0,0.0,loamy_sand,late,161,pivot,river_pump,9.1,1
farm_3,farm_3_field_2,2025-09-30,60.9,late,maize,1,30.0,0.0,loamy_sand,late,162,pivot,river_pump,9.1,0
farm_3,farm_3_field_2,2026-04-21,50.1,initial,maize,0,0.0,0.0,loamy_sand,late,0,pivot,river_pump,9.1,0
farm_3,farm_3_field_2,2026-04-22,51.7,initial,maize,1,0.0,0.0,loamy_sand,late,1,pivot,river_pump,9.1,0
farm_3,farm_3_field_2,2026-04-23,51.5,initial,maize,2,0.0,0.1,loamy_sand,late,2,pivot,river_pump,9.1,0
farm_3,farm_3_field_2,2026-04-24,52.8,initial,maize,3,0.0,0.0,loamy_sand,late,3,pivot,river_pump,9.1,0
farm_3,farm_3_field_2,2026-04-25,50.0,initial,maize,4,0.0,0.0,loamy_sand,late,4,pivot,river_pump,9.1,0
farm_3,farm_3_field_2,2026-04-26,43.8,initial,maize,5,0.0,0.0,loamy_sand,late,5,pivot,river_pump,9.1,0
farm_3,farm_3_field_2,2026-04-27,45.7,initial,maize,6,0.0,0.0,loamy_sand,late,6,pivot,river_pump,9.1,0
farm_3,farm_3_field_2,2026-04-28,45.7,initial,maize,7,0.0,0.0,loamy_sand,late,7,pivot,river_pump,9.1,0
farm_3,farm_3_field_2,2026-04-29,45.7,initial,maize,8,0.0,0.2,loamy_sand,late,8,pivot,river_pump,9.1,0
farm_3,farm_3_field_2,2026-04-30,45.7,initial,maize,9,0.0,0.2,loamy_sand,late,9,pivot,river_pump,9.1,0
farm_3,farm_3_field_2,2026-05-01,45.7,initial,maize,10,0.0,0.5,loamy_sand,late,10,pivot,river_pump,9.1,0
farm_3,farm_3_field_2,2026-05-02,45.7,initial,maize,11,0.0,0.0,loamy_sand,late,11,pivot,river_pump,9.1,0
farm_3,farm_3_field_2,2026-05-03,45.7,initial,maize,12,0.0,9.0,loamy_sand,late,12,pivot,river_pump,9.1,0
farm_3,farm_3_field_2,2026-05-04,45.7,initial,maize,13,0.0,0.2,loamy_sand,late,13,pivot,river_pump,9.1,0
farm_3,farm_3_field_2,2026-05-05,45.7,initial,maize,14,0.0,4.5,loamy_sand,late,14,pivot,river_pump,9.1,0
farm_3,farm_3_field_2,2026-05-06,45.7,initial,maize,15,0.0,0.3,loamy_sand,late,15,pivot,river_pump,9.1,0
farm_3,farm_3_field_2,2026-05-07,53.1,initial,maize,16,0.0,7.9,loamy_sand,late,16,pivot,river_pump,9.1,0
farm_3,farm_3_field_2,2026-05-08,61.1,initial,maize,17,0.0,0.4,loamy_sand,late,17,pivot,river_pump,9.1,0
farm_3,farm_3_field_2,2026-05-09,59.0,initial,maize,18,0.0,0.3,loamy_sand,late,18,pivot,river_pump,9.1,0
farm_3,farm_3_field_2,2026-05-10,61.3,initial,maize,19,0.0,0.2,loamy_sand,late,19,pivot,river_pump,9.1,0
farm_3,farm_3_field_2,2026-05-11,63.0,initial,maize,20,0.0,0.4,loamy_sand,late,20,pivot,river_pump,9.1,0
farm_3,farm_3_field_2,2026-05-12,55.1,initial,maize,21,0.0,0.0,loamy_sand,late,21,pivot,river_pump,9.1,0
farm_3,farm_3_field_2,2026-05-13,59.6,initial,maize,22,0.0,2.8,loamy_sand,late,22,pivot,river_pump,9.1,0
farm_3,farm_3_field_2,2026-05-14,62.0,initial,maize,23,0.0,0.6,loamy_sand,late,23,pivot,river_pump,9.1,0
farm_3,farm_3_field_2,2026-05-15,55.2,initial,maize,24,0.0,0.9,loamy_sand,late,24,pivot,river_pump,9.1,0
farm_3,farm_3_field_2,2026-05-16,62.7,initial,maize,25,0.0,0.1,loamy_sand,late,25,pivot,river_pump,9.1,0
farm_3,farm_3_field_2,2026-05-17,,initial,maize,26,0.0,0.0,loamy_sand,late,26,pivot,river_pump,9.1,0
farm_3,farm_3_field_2,2026-05-18,60.4,initial,maize,27,0.0,0.0,loamy_sand,late,27,pivot,river_pump,9.1,0
farm_3,farm_3_field_2,2026-05-19,53.8,initial,maize,28,0.0,0.1,loamy_sand,late,28,pivot,river_pump,9.1,0
farm_3,farm_3_field_2,2026-05-20,56.5,initial,maize,29,0.0,0.4,loamy_sand,late,29,pivot,river_pump,9.1,0
farm_3,farm_3_field_2,2026-05-21,50.5,initial,maize,30,0.0,15.0,loamy_sand,late,30,pivot,river_pump,9.1,0
farm_3,farm_3_field_2,2026-05-22,70.9,initial,maize,31,0.0,5.1,loamy_sand,late,31,pivot,river_pump,9.1,0
farm_3,farm_3_field_2,2026-05-23,75.8,initial,maize,32,0.0,0.0,loamy_sand,late,32,pivot,river_pump,9.1,0
farm_3,farm_3_field_2,2026-05-24,68.5,initial,maize,33,0.0,0.2,loamy_sand,late,33,pivot,river_pump,9.1,0
farm_3,farm_3_field_2,2026-05-25,69.3,development,maize,34,0.0,0.0,loamy_sand,late,34,pivot,river_pump,9.1,0
farm_3,farm_3_field_2,2026-05-26,64.0,development,maize,35,0.0,0.1,loamy_sand,late,35,pivot,river_pump,9.1,0
farm_3,farm_3_field_2,2026-05-27,62.0,development,maize,36,0.0,0.0,loamy_sand,late,36,pivot,river_pump,9.1,0
farm_3,farm_3_field_2,2026-05-28,57.5,development,maize,37,0.0,0.0,loamy_sand,late,37,pivot,river_pump,9.1,0
farm_3,farm_3_field_2,2026-05-29,58.6,development,maize,38,0.0,0.0,loamy_sand,late,38,pivot,river_pump,9.1,0
farm_3,farm_3_field_2,2026-05-30,57.8,development,maize,39,0.0,0.0,loamy_sand,late,39,pivot,river_pump,9.1,0
farm_3,farm_3_field_2,2026-05-31,51.8,development,maize,40,0.0,0.0,loamy_sand,late,40,pivot,river_pump,9.1,0
farm_3,farm_3_field_2,2026-06-01,46.1,development,maize,41,0.0,0.0,loamy_sand,late,41,pivot,river_pump,9.1,0
farm_3,farm_3_field_2,2026-06-02,50.0,development,maize,42,0.0,0.5,loamy_sand,late,42,pivot,river_pump,9.1,1
farm_3,farm_3_field_2,2026-06-03,42.6,development,maize,43,0.0,0.4,loamy_sand,late,43,pivot,river_pump,9.1,1
farm_3,farm_3_field_2,2026-06-04,37.6,development,maize,44,0.0,0.2,loamy_sand,late,44,pivot,river_pump,9.1,1
farm_3,farm_3_field_2,2026-06-05,36.9,development,maize,45,0.0,0.0,loamy_sand,late,45,pivot,river_pump,9.1,1
farm_3,farm_3_field_2,2026-06-06,31.4,development,maize,46,0.0,4.7,loamy_sand,late,46,pivot,river_pump,9.1,1
farm_3,farm_3_field_2,2026-06-07,33.9,development,maize,47,0.0,0.1,loamy_sand,late,47,pivot,river_pump,9.1,1
farm_3,farm_3_field_2,2026-06-08,37.3,development,maize,48,0.0,0.0,loamy_sand,late,48,pivot,river_pump,9.1,2
farm_3,farm_3_field_2,2026-06-09,61.8,development,maize,1,30.0,0.0,loamy_sand,late,49,pivot,river_pump,9.1,0
farm_3,farm_3_field_2,2026-06-10,56.0,development,maize,2,30.0,0.0,loamy_sand,late,50,pivot,river_pump,9.1,0
farm_3,farm_3_field_2,2026-06-11,42.6,development,maize,3,30.0,0.0,loamy_sand,late,51,pivot,river_pump,9.1,1
farm_3,farm_3_field_2,2026-06-12,75.4,development,maize,1,30.0,0.7,loamy_sand,late,52,pivot,river_pump,9.1,0
farm_3,farm_3_field_2,2026-06-13,71.4,development,maize,2,30.0,0.3,loamy_sand,late,53,pivot,river_pump,9.1,0
farm_3,farm_3_field_2,2026-06-14,61.4,development,maize,3,30.0,0.0,loamy_sand,late,54,pivot,river_pump,9.1,0
farm_3,farm_3_field_2,2026-06-15,61.5,development,maize,4,30.0,0.0,loamy_sand,late,55,pivot,river_pump,9.1,0
farm_3,farm_3_field_2,2026-06-16,50.6,development,maize,5,30.0,0.0,loamy_sand,late,56,pivot,river_pump,9.1,0
farm_3,farm_3_field_2,2026-06-17,47.0,development,maize,6,30.0,0.3,loamy_sand,late,57,pivot,river_pump,9.1,0
farm_3,farm_3_field_2,2026-06-18,46.4,development,maize,7,30.0,0.4,loamy_sand,late,58,pivot,river_pump,9.1,1
farm_3,farm_3_field_2,2026-06-19,40.4,development,maize,8,30.0,0.2,loamy_sand,late,59,pivot,river_pump,9.1,1
farm_3,farm_3_field_2,2026-06-20,35.0,development,maize,9,30.0,0.0,loamy_sand,late,60,pivot,river_pump,9.1,1
farm_3,farm_3_field_2,2026-06-21,30.6,development,maize,10,30.0,0.0,loamy_sand,late,61,pivot,river_pump,9.1,2
farm_3,farm_3_field_2,2026-06-22,59.0,development,maize,1,30.0,0.6,loamy_sand,late,62,pivot,river_pump,9.1,0
farm_3,farm_3_field_2,2026-06-23,55.1,development,maize,2,30.0,0.0,loamy_sand,late,63,pivot,river_pump,9.1,0
farm_3,farm_3_field_2,2026-06-24,48.4,development,maize,3,30.0,0.0,loamy_sand,late,64,pivot,river_pump,9.1,1
farm_3,farm_3_field_2,2026-06-25,43.9,development,maize,4,30.0,2.0,loamy_sand,late,65,pivot,river_pump,9.1,1
farm_3,farm_3_field_2,2026-06-26,35.6,development,maize,5,30.0,0.5,loamy_sand,late,66,pivot,river_pump,9.1,1
farm_3,farm_3_field_2,2026-06-27,65.9,development,maize,1,30.0,0.7,loamy_sand,late,67,pivot,river_pump,9.1,0
farm_3,farm_3_field_2,2026-06-28,60.5,development,maize,2,30.0,0.0,loamy_sand,late,68,pivot,river_pump,9.1,0
farm_3,farm_3_field_2,2026-06-29,52.2,development,maize,3,30.0,0.0,loamy_sand,late,69,pivot,river_pump,9.1,0
farm_3,farm_3_field_2,2026-06-30,46.7,development,maize,4,30.0,0.4,loamy_sand,late,70,pivot,river_pump,9.1,1
farm_3,farm_3_field_2,2026-07-01,74.9,development,maize,1,30.0,0.6,loamy_sand,late,71,pivot,river_pump,9.1,0
farm_3,farm_3_field_2,2026-07-02,66.3,development,maize,2,30.0,0.3,loamy_sand,late,72,pivot,river_pump,9.1,0
farm_3,farm_3_field_2,2026-07-03,62.0,development,maize,3,30.0,0.0,loamy_sand,late,73,pivot,river_pump,9.1,0
farm_3,farm_3_field_2,2026-07-04,54.6,development,maize,4,30.0,0.0,loamy_sand,late,74,pivot,river_pump,9.1,0
farm_3,farm_3_field_2,2026-07-05,48.2,development,maize,5,30.0,0.0,loamy_sand,late,75,pivot,river_pump,9.1,1
farm_3,farm_3_field_2,2026-07-06,71.7,development,maize,1,30.0,0.0,loamy_sand,late,76,pivot,river_pump,9.1,0
farm_3,farm_3_field_2,2026-07-07,70.1,development,maize,2,30.0,0.0,loamy_sand,late,77,pivot,river_pump,9.1,0
farm_3,farm_3_field_2,2026-07-08,60.0,development,maize,3,30.0,0.0,loamy_sand,late,78,pivot,river_pump,9.1,0
farm_3,farm_3_field_2,2026-07-09,56.4,development,maize,4,30.0,0.4,loamy_sand,late,79,pivot,river_pump,9.1,0
farm_3,farm_3_field_2,2026-07-10,49.8,sensitive,maize,5,30.0,0.5,loamy_sand,late,80,pivot,river_pump,9.1,1
farm_3,farm_3_field_2,2026-07-11,46.1,sensitive,maize,6,30.0,0.0,loamy_sand,late,81,pivot,river_pump,9.1,2
farm_3,farm_3_field_2,2026-07-12,60.8,sensitive,maize,1,30.0,0.0,loamy_sand,late,82,pivot,river_pump,9.1,0
farm_3,farm_3_field_2,2026-07-13,53.5,sensitive,maize,2,30.0,0.4,loamy_sand,late,83,pivot,river_pump,9.1,1
farm_3,farm_3_field_2,2026-07-14,53.5,sensitive,maize,3,30.0,0.0,loamy_sand,late,84,pivot,river_pump,9.1,1
farm_3,farm_3_field_2,2026-07-15,53.5,sensitive,maize,1,30.0,0.0,loamy_sand,late,85,pivot,river_pump,9.1,0
farm_3,farm_3_field_2,2026-07-16,53.5,sensitive,maize,2,30.0,0.0,loamy_sand,late,86,pivot,river_pump,9.1,0
farm_3,farm_3_field_2,2026-07-17,53.5,sensitive,maize,3,30.0,0.0,loamy_sand,late,87,pivot,river_pump,9.1,1
farm_3,farm_3_field_2,2026-07-18,53.5,sensitive,maize,4,30.0,0.0,loamy_sand,late,88,pivot,river_pump,9.1,1
farm_3,farm_3_field_2,2026-07-19,53.5,sensitive,maize,1,30.0,0.6,loamy_sand,late,89,pivot,river_pump,9.1,0
farm_3,farm_3_field_2,2026-07-20,53.5,sensitive,maize,2,30.0,0.5,loamy_sand,late,90,pivot,river_pump,9.1,1
farm_3,farm_3_field_2,2026-07-21,53.5,sensitive,maize,3,30.0,0.0,loamy_sand,late,91,pivot,river_pump,9.1,1
farm_3,farm_3_field_2,2026-07-22,53.5,sensitive,maize,4,30.0,0.0,loamy_sand,late,92,pivot,river_pump,9.1,2
farm_3,farm_3_field_2,2026-07-23,70.3,sensitive,maize,1,30.0,0.0,loamy_sand,late,93,pivot,river_pump,9.1,0
farm_3,farm_3_field_2,2026-07-24,58.1,sensitive,maize,2,30.0,0.0,loamy_sand,late,94,pivot,river_pump,9.1,1
farm_3,farm_3_field_2,2026-07-25,45.2,sensitive,maize,3,30.0,0.0,loamy_sand,late,95,pivot,river_pump,9.1,1
farm_3,farm_3_field_2,2026-07-26,38.3,sensitive,maize,4,30.0,0.7,loamy_sand,late,96,pivot,river_pump,9.1,2
farm_3,farm_3_field_2,2026-07-27,64.2,sensitive,maize,1,30.0,0.6,loamy_sand,late,97,pivot,river_pump,9.1,0
farm_3,farm_3_field_2,2026-07-28,61.1,sensitive,maize,2,30.0,0.1,loamy_sand,late,98,pivot,river_pump,9.1,1
farm_3,farm_3_field_2,2026-07-29,48.0,sensitive,maize,3,30.0,0.0,loamy_sand,late,99,pivot,river_pump,9.1,1
farm_3,farm_3_field_2,2026-07-30,40.3,sensitive,maize,4,30.0,0.8,loamy_sand,late,100,pivot,river_pump,9.1,2
farm_3,farm_3_field_2,2026-07-31,66.8,sensitive,maize,1,30.0,7.9,loamy_sand,late,101,pivot,river_pump,9.1,0
farm_3,farm_3_field_2,2026-08-01,67.2,sensitive,maize,2,30.0,0.0,loamy_sand,late,102,pivot,river_pump,9.1,0
farm_3,farm_3_field_2,2026-08-02,57.8,sensitive,maize,3,30.0,0.2,loamy_sand,late,103,pivot,river_pump,9.1,1
farm_3,farm_3_field_2,2026-08-03,79.9,sensitive,maize,1,25.5,8.1,loamy_sand,late,104,pivot,river_pump,9.1,0
farm_3,farm_3_field_2,2026-08-04,77.2,sensitive,maize,2,25.5,0.6,loamy_sand,late,105,pivot,river_pump,9.1,0
farm_3,farm_3_field_2,2026-08-05,66.7,sensitive,maize,3,25.5,0.0,loamy_sand,late,106,pivot,river_pump,9.1,0
farm_3,farm_3_field_2,2026-08-06,65.0,sensitive,maize,4,25.5,0.0,loamy_sand,late,107,pivot,river_pump,9.1,0
farm_3,farm_3_field_2,2026-08-07,56.0,sensitive,maize,5,25.5,0.0,loamy_sand,late,108,pivot,river_pump,9.1,1
farm_3,farm_3_field_2,2026-08-08,78.9,sensitive,maize,1,27.5,0.2,loamy_sand,late,109,pivot,river_pump,9.1,0
farm_3,farm_3_field_2,2026-08-09,75.9,sensitive,maize,2,27.5,0.0,loamy_sand,late,110,pivot,river_pump,9.1,0
farm_3,farm_3_field_2,2026-08-10,71.0,sensitive,maize,3,27.5,1.0,loamy_sand,late,111,pivot,river_pump,9.1,0
farm_3,farm_3_field_2,2026-08-11,54.2,sensitive,maize,4,27.5,0.5,loamy_sand,late,112,pivot,river_pump,9.1,1
farm_3,farm_3_field_2,2026-08-12,50.8,sensitive,maize,5,27.5,0.2,loamy_sand,late,113,pivot,river_pump,9.1,1
farm_3,farm_3_field_2,2026-08-13,74.6,sensitive,maize,1,30.0,0.4,loamy_sand,late,114,pivot,river_pump,9.1,0
farm_3,farm_3_field_2,2026-08-14,68.3,sensitive,maize,2,30.0,0.0,loamy_sand,late,115,pivot,river_pump,9.1,0
farm_3,farm_3_field_2,2026-08-15,56.0,sensitive,maize,3,30.0,0.5,loamy_sand,late,116,pivot,river_pump,9.1,0
farm_3,farm_3_field_2,2026-08-16,52.9,sensitive,maize,4,30.0,0.4,loamy_sand,late,117,pivot,river_pump,9.1,1
farm_3,farm_3_field_2,2026-08-17,38.7,sensitive,maize,5,30.0,0.2,loamy_sand,late,118,pivot,river_pump,9.1,1
farm_3,farm_3_field_2,2026-08-18,42.0,sensitive,maize,6,30.0,0.2,loamy_sand,late,119,pivot,river_pump,9.1,2
farm_3,farm_3_field_2,2026-08-19,60.6,sensitive,maize,1,30.0,0.0,loamy_sand,late,120,pivot,river_pump,9.1,0
farm_3,farm_3_field_2,2026-08-20,59.3,sensitive,maize,2,30.0,2.6,loamy_sand,late,121,pivot,river_pump,9.1,1
farm_3,farm_3_field_2,2026-08-21,50.6,sensitive,maize,3,30.0,0.0,loamy_sand,late,122,pivot,river_pump,9.1,1
farm_3,farm_3_field_2,2026-08-22,50.5,sensitive,maize,4,30.0,0.0,loamy_sand,late,123,pivot,river_pump,9.1,1
farm_3,farm_3_field_2,2026-08-23,42.9,sensitive,maize,5,30.0,0.5,loamy_sand,late,124,pivot,river_pump,9.1,1
farm_3,farm_3_field_2,2026-08-24,40.2,sensitive,maize,6,30.0,0.0,loamy_sand,late,125,pivot,river_pump,9.1,2
farm_3,farm_3_field_2,2026-08-25,65.9,sensitive,maize,1,30.0,0.1,loamy_sand,late,126,pivot,river_pump,9.1,0
farm_3,farm_3_field_2,2026-08-26,57.5,sensitive,maize,2,30.0,0.0,loamy_sand,late,127,pivot,river_pump,9.1,0
farm_3,farm_3_field_2,2026-08-27,50.6,sensitive,maize,3,30.0,0.0,loamy_sand,late,128,pivot,river_pump,9.1,1
farm_3,farm_3_field_2,2026-08-28,78.6,sensitive,maize,1,29.9,3.9,loamy_sand,late,129,pivot,river_pump,9.1,0
farm_3,farm_3_field_2,2026-08-29,75.9,sensitive,maize,2,29.9,0.0,loamy_sand,late,130,pivot,river_pump,9.1,0
farm_3,farm_3_field_2,2026-08-30,66.7,sensitive,maize,3,29.9,0.0,loamy_sand,late,131,pivot,river_pump,9.1,0
farm_3,farm_3_field_2,2026-08-31,70.0,sensitive,maize,4,29.9,0.0,loamy_sand,late,132,pivot,river_pump,9.1,0
farm_3,farm_3_field_2,2026-09-01,64.4,sensitive,maize,5,29.9,0.0,loamy_sand,late,133,pivot,river_pump,9.1,0
farm_3,farm_3_field_2,2026-09-02,61.4,sensitive,maize,6,29.9,0.0,loamy_sand,late,134,pivot,river_pump,9.1,1
farm_3,farm_3_field_2,2026-09-03,50.9,sensitive,maize,7,29.9,0.1,loamy_sand,late,135,pivot,river_pump,9.1,1
farm_3,farm_3_field_2,2026-09-04,41.5,sensitive,maize,8,29.9,0.3,loamy_sand,late,136,pivot,river_pump,9.1,1
farm_3,farm_3_field_2,2026-09-05,43.8,late,maize,9,29.9,0.4,loamy_sand,late,137,pivot,river_pump,9.1,0
farm_3,farm_3_field_2,2026-09-06,41.9,late,maize,10,29.9,0.0,loamy_sand,late,138,pivot,river_pump,9.1,0
farm_3,farm_3_field_2,2026-09-07,38.5,late,maize,11,29.9,0.1,loamy_sand,late,139,pivot,river_pump,9.1,1
farm_3,farm_3_field_2,2026-09-08,37.6,late,maize,12,29.9,0.4,loamy_sand,late,140,pivot,river_pump,9.1,1
farm_3,farm_3_field_2,2026-09-09,35.2,late,maize,13,29.9,0.0,loamy_sand,late,141,pivot,river_pump,9.1,1
farm_3,farm_3_field_2,2026-09-10,36.4,late,maize,14,29.9,0.0,loamy_sand,late,142,pivot,river_pump,9.1,1
farm_3,farm_3_field_2,2026-09-11,36.4,late,maize,15,29.9,0.0,loamy_sand,late,143,pivot,river_pump,9.1,1
farm_3,farm_3_field_2,2026-09-12,36.4,late,maize,16,29.9,0.5,loamy_sand,late,144,pivot,river_pump,9.1,1
farm_3,farm_3_field_2,2026-09-13,36.4,late,maize,17,29.9,0.1,loamy_sand,late,145,pivot,river_pump,9.1,1
farm_3,farm_3_field_2,2026-09-14,36.4,late,maize,18,29.9,0.0,loamy_sand,late,146,pivot,river_pump,9.1,2
farm_3,farm_3_field_2,2026-09-15,36.4,late,maize,1,30.0,0.2,loamy_sand,late,147,pivot,river_pump,9.1,0
farm_3,farm_3_field_2,2026-09-16,36.4,late,maize,2,30.0,0.0,loamy_sand,late,148,pivot,river_pump,9.1,0
farm_3,farm_3_field_2,2026-09-17,47.3,late,maize,3,30.0,0.0,loamy_sand,late,149,pivot,river_pump,9.1,0
farm_3,farm_3_field_2,2026-09-18,44.4,late,maize,4,30.0,0.0,loamy_sand,late,150,pivot,river_pump,9.1,0
farm_3,farm_3_field_2,2026-09-19,42.9,late,maize,5,30.0,0.7,loamy_sand,late,151,pivot,river_pump,9.1,0
farm_3,farm_3_field_2,2026-09-20,45.1,late,maize,6,30.0,0.5,loamy_sand,late,152,pivot,river_pump,9.1,0
farm_3,farm_3_field_2,2026-09-21,40.9,late,maize,7,30.0,0.0,loamy_sand,late,153,pivot,river_pump,9.1,1
farm_3,farm_3_field_2,2026-09-22,38.9,late,maize,8,30.0,0.5,loamy_sand,late,154,pivot,river_pump,9.1,1
farm_3,farm_3_field_2,2026-09-23,32.7,late,maize,9,30.0,0.5,loamy_sand,late,155,pivot,river_pump,9.1,1
farm_3,farm_3_field_2,2026-09-24,32.6,late,maize,10,30.0,0.6,loamy_sand,late,156,pivot,river_pump,9.1,1
farm_3,farm_3_field_2,2026-09-25,29.5,late,maize,11,30.0,0.0,loamy_sand,late,157,pivot,river_pump,9.1,1
farm_3,farm_3_field_2,2026-09-26,30.4,late,maize,12,30.0,0.4,loamy_sand,late,158,pivot,river_pump,9.1,1
farm_3,farm_3_field_2,2026-09-27,32.9,late,maize,13,30.0,2.7,loamy_sand,late,159,pivot,river_pump,9.1,1
farm_3,farm_3_field_2,2026-09-28,34.7,late,maize,14,30.0,0.3,loamy_sand,late,160,pivot,river_pump,9.1,1
farm_3,farm_3_field_2,2026-09-29,30.4,late,maize,15,30.0,0.6,loamy_sand,late,161,pivot,river_pump,9.1,1
farm_3,farm_3_field_2,2026-09-30,25.5,late,maize,16,30.0,0.1,loamy_sand,late,162,pivot,river_pump,9.1,1
farm_3,farm_3_field_3,2025-05-03,66.9,initial,maize,0,0.0,2.8,loamy_sand,medium,0,pivot,river_pump,3.5,0
farm_3,farm_3_field_3,2025-05-04,70.3,initial,maize,1,0.0,0.0,loamy_sand,medium,1,pivot,river_pump,3.5,0
farm_3,farm_3_field_3,2025-05-05,65.6,initial,maize,2,0.0,0.3,loamy_sand,medium,2,pivot,river_pump,3.5,0
farm_3,farm_3_field_3,2025-05-06,66.3,initial,maize,3,0.0,0.0,loamy_sand,medium,3,pivot,river_pump,3.5,0
farm_3,farm_3_field_3,2025-05-07,71.9,initial,maize,4,0.0,0.0,loamy_sand,medium,4,pivot,river_pump,3.5,0
farm_3,farm_3_field_3,2025-05-08,66.2,initial,maize,5,0.0,0.0,loamy_sand,medium,5,pivot,river_pump,3.5,0
farm_3,farm_3_field_3,2025-05-09,69.5,initial,maize,6,0.0,1.7,loamy_sand,medium,6,pivot,river_pump,3.5,0
farm_3,farm_3_field_3,2025-05-10,69.5,initial,maize,7,0.0,0.4,loamy_sand,medium,7,pivot,river_pump,3.5,0
farm_3,farm_3_field_3,2025-05-11,61.4,initial,maize,8,0.0,0.0,loamy_sand,medium,8,pivot,river_pump,3.5,0
farm_3,farm_3_field_3,2025-05-12,63.4,initial,maize,9,0.0,0.0,loamy_sand,medium,9,pivot,river_pump,3.5,0
farm_3,farm_3_field_3,2025-05-13,63.0,initial,maize,10,0.0,0.0,loamy_sand,medium,10,pivot,river_pump,3.5,0
farm_3,farm_3_field_3,2025-05-14,64.6,initial,maize,11,0.0,0.0,loamy_sand,medium,11,pivot,river_pump,3.5,0
farm_3,farm_3_field_3,2025-05-15,62.2,initial,maize,12,0.0,0.0,loamy_sand,medium,12,pivot,river_pump,3.5,0
farm_3,farm_3_field_3,2025-05-16,61.3,initial,maize,13,0.0,0.0,loamy_sand,medium,13,pivot,river_pump,3.5,0
farm_3,farm_3_field_3,2025-05-17,62.4,initial,maize,14,0.0,6.9,loamy_sand,medium,14,pivot,river_pump,3.5,0
farm_3,farm_3_field_3,2025-05-18,67.5,initial,maize,15,0.0,0.0,loamy_sand,medium,15,pivot,river_pump,3.5,0
farm_3,farm_3_field_3,2025-05-19,64.6,initial,maize,16,0.0,8.4,loamy_sand,medium,16,pivot,river_pump,3.5,0
farm_3,farm_3_field_3,2025-05-20,70.9,initial,maize,17,0.0,0.0,loamy_sand,medium,17,pivot,river_pump,3.5,0
farm_3,farm_3_field_3,2025-05-21,70.3,initial,maize,18,0.0,5.9,loamy_sand,medium,18,pivot,river_pump,3.5,0
farm_3,farm_3_field_3,2025-05-22,81.5,initial,maize,19,0.0,0.2,loamy_sand,medium,19,pivot,river_pump,3.5,0
farm_3,farm_3_field_3,2025-05-23,77.9,initial,maize,20,0.0,0.0,loamy_sand,medium,20,pivot,river_pump,3.5,0
farm_3,farm_3_field_3,2025-05-24,74.7,initial,maize,21,0.0,0.0,loamy_sand,medium,21,pivot,river_pump,3.5,0
farm_3,farm_3_field_3,2025-05-25,72.5,initial,maize,22,0.0,3.8,loamy_sand,medium,22,pivot,river_pump,3.5,0
farm_3,farm_3_field_3,2025-05-26,76.4,initial,maize,23,0.0,0.3,loamy_sand,medium,23,pivot,river_pump,3.5,0
farm_3,farm_3_field_3,2025-05-27,82.2,initial,maize,24,0.0,0.0,loamy_sand,medium,24,pivot,river_pump,3.5,0
farm_3,farm_3_field_3,2025-05-28,73.1,initial,maize,25,0.0,0.0,loamy_sand,medium,25,pivot,river_pump,3.5,0
farm_3,farm_3_field_3,2025-05-29,82.1,initial,maize,26,0.0,0.0,loamy_sand,medium,26,pivot,river_pump,3.5,0
farm_3,farm_3_field_3,2025-05-30,77.2,initial,maize,27,0.0,0.0,loamy_sand,medium,27,pivot,river_pump,3.5,0
farm_3,farm_3_field_3,2025-05-31,76.2,initial,maize,28,0.0,0.5,loamy_sand,medium,28,pivot,river_pump,3.5,0
farm_3,farm_3_field_3,2025-06-01,74.8,initial,maize,29,0.0,0.0,loamy_sand,medium,29,pivot,river_pump,3.5,0
farm_3,farm_3_field_3,2025-06-02,74.5,development,maize,30,0.0,0.3,loamy_sand,medium,30,pivot,river_pump,3.5,0
farm_3,farm_3_field_3,2025-06-03,71.6,development,maize,31,0.0,0.0,loamy_sand,medium,31,pivot,river_pump,3.5,0
farm_3,farm_3_field_3,2025-06-04,69.1,development,maize,32,0.0,0.0,loamy_sand,medium,32,pivot,river_pump,3.5,0
farm_3,farm_3_field_3,2025-06-05,66.9,development,maize,33,0.0,0.0,loamy_sand,medium,33,pivot,river_pump,3.5,0
farm_3,farm_3_field_3,2025-06-06,61.8,development,maize,34,0.0,0.0,loamy_sand,medium,34,pivot,river_pump,3.5,0
farm_3,farm_3_field_3,2025-06-07,62.4,development,maize,35,0.0,19.6,loamy_sand,medium,35,pivot,river_pump,3.5,0
farm_3,farm_3_field_3,2025-06-08,77.7,development,maize,36,0.0,19.0,loamy_sand,medium,36,pivot,river_pump,3.5,0
farm_3,farm_3_field_3,2025-06-09,90.0,development,maize,37,0.0,0.0,loamy_sand,medium,37,pivot,river_pump,3.5,0
farm_3,farm_3_field_3,2025-06-10,89.0,development,maize,38,0.0,0.0,loamy_sand,medium,38,pivot,river_pump,3.5,0
farm_3,farm_3_field_3,2025-06-11,83.8,development,maize,39,0.0,0.1,loamy_sand,medium,39,pivot,river_pump,3.5,0
farm_3,farm_3_field_3,2025-06-12,86.4,development,maize,40,0.0,0.0,loamy_sand,medium,40,pivot,river_pump,3.5,0
farm_3,farm_3_field_3,2025-06-13,82.3,development,maize,41,0.0,0.3,loamy_sand,medium,41,pivot,river_pump,3.5,0
farm_3,farm_3_field_3,2025-06-14,84.0,development,maize,42,0.0,0.2,loamy_sand,medium,42,pivot,river_pump,3.5,0
farm_3,farm_3_field_3,2025-06-15,76.0,development,maize,43,0.0,0.8,loamy_sand,medium,43,pivot,river_pump,3.5,0
farm_3,farm_3_field_3,2025-06-16,66.2,development,maize,44,0.0,0.0,loamy_sand,medium,44,pivot,river_pump,3.5,0
farm_3,farm_3_field_3,2025-06-17,75.7,development,maize,45,0.0,2.0,loamy_sand,medium,45,pivot,river_pump,3.5,0
farm_3,farm_3_field_3,2025-06-18,69.4,development,maize,46,0.0,23.8,loamy_sand,medium,46,pivot,river_pump,3.5,0
farm_3,farm_3_field_3,2025-06-19,97.2,development,maize,47,0.0,0.1,loamy_sand,medium,47,pivot,river_pump,3.5,0
farm_3,farm_3_field_3,2025-06-20,90.4,development,maize,48,0.0,0.0,loamy_sand,medium,48,pivot,river_pump,3.5,0
farm_3,farm_3_field_3,2025-06-21,90.9,development,maize,49,0.0,0.7,loamy_sand,medium,49,pivot,river_pump,3.5,0
farm_3,farm_3_field_3,2025-06-22,84.9,development,maize,50,0.0,1.5,loamy_sand,medium,50,pivot,river_pump,3.5,0
farm_3,farm_3_field_3,2025-06-23,83.6,development,maize,51,0.0,0.0,loamy_sand,medium,51,pivot,river_pump,3.5,0
farm_3,farm_3_field_3,2025-06-24,79.7,development,maize,52,0.0,0.0,loamy_sand,medium,52,pivot,river_pump,3.5,0
farm_3,farm_3_field_3,2025-06-25,80.1,development,maize,53,0.0,0.0,loamy_sand,medium,53,pivot,river_pump,3.5,0
farm_3,farm_3_field_3,2025-06-26,74.8,development,maize,54,0.0,0.0,loamy_sand,medium,54,pivot,river_pump,3.5,0
farm_3,farm_3_field_3,2025-06-27,77.8,development,maize,55,0.0,0.0,loamy_sand,medium,55,pivot,river_pump,3.5,0
farm_3,farm_3_field_3,2025-06-28,75.5,development,maize,56,0.0,2.8,loamy_sand,medium,56,pivot,river_pump,3.5,0
farm_3,farm_3_field_3,2025-06-29,73.0,development,maize,57,0.0,0.0,loamy_sand,medium,57,pivot,river_pump,3.5,0
farm_3,farm_3_field_3,2025-06-30,66.1,development,maize,58,0.0,0.0,loamy_sand,medium,58,pivot,river_pump,3.5,0
farm_3,farm_3_field_3,2025-07-01,65.6,development,maize,59,0.0,0.0,loamy_sand,medium,59,pivot,river_pump,3.5,0
farm_3,farm_3_field_3,2025-07-02,60.5,development,maize,60,0.0,0.0,loamy_sand,medium,60,pivot,river_pump,3.5,0
farm_3,farm_3_field_3,2025-07-03,59.6,development,maize,61,0.0,0.0,loamy_sand,medium,61,pivot,river_pump,3.5,0
farm_3,farm_3_field_3,2025-07-04,59.5,development,maize,62,0.0,0.7,loamy_sand,medium,62,pivot,river_pump,3.5,1
farm_3,farm_3_field_3,2025-07-05,78.7,development,maize,1,30.0,0.5,loamy_sand,medium,63,pivot,river_pump,3.5,0
farm_3,farm_3_field_3,2025-07-06,77.8,development,maize,2,30.0,0.3,loamy_sand,medium,64,pivot,river_pump,3.5,0
farm_3,farm_3_field_3,2025-07-07,73.1,development,maize,3,30.0,0.0,loamy_sand,medium,65,pivot,river_pump,3.5,0
farm_3,farm_3_field_3,2025-07-08,67.6,development,maize,4,30.0,0.0,loamy_sand,medium,66,pivot,river_pump,3.5,0
farm_3,farm_3_field_3,2025-07-09,66.6,development,maize,5,30.0,0.0,loamy_sand,medium,67,pivot,river_pump,3.5,0
farm_3,farm_3_field_3,2025-07-10,64.8,development,maize,6,30.0,0.4,loamy_sand,medium,68,pivot,river_pump,3.5,0
farm_3,farm_3_field_3,2025-07-11,59.0,development,maize,7,30.0,0.4,loamy_sand,medium,69,pivot,river_pump,3.5,0
farm_3,farm_3_field_3,2025-07-12,56.2,sensitive,maize,8,30.0,0.1,loamy_sand,medium,70,pivot,river_pump,3.5,1
farm_3,farm_3_field_3,2025-07-13,51.4,sensitive,maize,9,30.0,0.1,loamy_sand,medium,71,pivot,river_pump,3.5,1
farm_3,farm_3_field_3,2025-07-14,49.3,sensitive,maize,10,30.0,0.0,loamy_sand,medium,72,pivot,river_pump,3.5,2
farm_3,farm_3_field_3,2025-07-15,70.5,sensitive,maize,1,30.0,0.2,loamy_sand,medium,73,pivot,river_pump,3.5,0
farm_3,farm_3_field_3,2025-07-16,70.1,sensitive,maize,2,30.0,0.2,loamy_sand,medium,74,pivot,river_pump,3.5,0
farm_3,farm_3_field_3,2025-07-17,61.8,sensitive,maize,3,30.0,0.0,loamy_sand,medium,75,pivot,river_pump,3.5,1
farm_3,farm_3_field_3,2025-07-18,61.7,sensitive,maize,4,30.0,3.0,loamy_sand,medium,76,pivot,river_pump,3.5,1
farm_3,farm_3_field_3,2025-07-19,58.4,sensitive,maize,5,30.0,11.5,loamy_sand,medium,77,pivot,river_pump,3.5,1
farm_3,farm_3_field_3,2025-07-20,62.9,sensitive,maize,6,30.0,1.4,loamy_sand,medium,78,pivot,river_pump,3.5,1
farm_3,farm_3_field_3,2025-07-21,57.4,sensitive,maize,7,30.0,0.0,loamy_sand,medium,79,pivot,river_pump,3.5,1
farm_3,farm_3_field_3,2025-07-22,88.8,sensitive,maize,1,28.6,0.0,loamy_sand,medium,80,pivot,river_pump,3.5,0
farm_3,farm_3_field_3,2025-07-23,76.5,sensitive,maize,2,28.6,0.0,loamy_sand,medium,81,pivot,river_pump,3.5,0
farm_3,farm_3_field_3,2025-07-24,74.4,sensitive,maize,3,28.6,0.3,loamy_sand,medium,82,pivot,river_pump,3.5,0
farm_3,farm_3_field_3,2025-07-25,67.6,sensitive,maize,4,28.6,0.2,loamy_sand,medium,83,pivot,river_pump,3.5,0
farm_3,farm_3_field_3,2025-07-26,66.4,sensitive,maize,5,28.6,0.0,loamy_sand,medium,84,pivot,river_pump,3.5,0
farm_3,farm_3_field_3,2025-07-27,60.5,sensitive,maize,6,28.6,2.4,loamy_sand,medium,85,pivot,river_pump,3.5,1
farm_3,farm_3_field_3,2025-07-28,57.2,sensitive,maize,7,28.6,0.0,loamy_sand,medium,86,pivot,river_pump,3.5,1
farm_3,farm_3_field_3,2025-07-29,57.7,sensitive,maize,8,28.6,7.5,loamy_sand,medium,87,pivot,river_pump,3.5,1
farm_3,farm_3_field_3,2025-07-30,86.2,sensitive,maize,1,30.0,0.2,loamy_sand,medium,88,pivot,river_pump,3.5,0
farm_3,farm_3_field_3,2025-07-31,77.7,sensitive,maize,2,30.0,0.3,loamy_sand,medium,89,pivot,river_pump,3.5,0
farm_3,farm_3_field_3,2025-08-01,75.3,sensitive,maize,3,30.0,0.5,loamy_sand,medium,90,pivot,river_pump,3.5,0
farm_3,farm_3_field_3,2025-08-02,68.4,sensitive,maize,4,30.0,0.0,loamy_sand,medium,91,pivot,river_pump,3.5,0
farm_3,farm_3_field_3,2025-08-03,65.1,sensitive,maize,5,30.0,0.0,loamy_sand,medium,92,pivot,river_pump,3.5,0
farm_3,farm_3_field_3,2025-08-04,66.3,sensitive,maize,6,30.0,0.7,loamy_sand,medium,93,pivot,river_pump,3.5,1
farm_3,farm_3_field_3,2025-08-05,59.9,sensitive,maize,7,30.0,0.4,loamy_sand,medium,94,pivot,river_pump,3.5,1
farm_3,farm_3_field_3,2025-08-06,56.8,sensitive,maize,8,30.0,9.9,loamy_sand,medium,95,pivot,river_pump,3.5,1
farm_3,farm_3_field_3,2025-08-07,57.1,sensitive,maize,9,30.0,0.0,loamy_sand,medium,96,pivot,river_pump,3.5,1
farm_3,farm_3_field_3,2025-08-08,80.6,sensitive,maize,1,28.7,0.1,loamy_sand,medium,97,pivot,river_pump,3.5,0
farm_3,farm_3_field_3,2025-08-09,76.5,sensitive,maize,2,28.7,0.3,loamy_sand,medium,98,pivot,river_pump,3.5,0
farm_3,farm_3_field_3,2025-08-10,74.2,sensitive,maize,3,28.7,0.0,loamy_sand,medium,99,pivot,river_pump,3.5,0
farm_3,farm_3_field_3,2025-08-11,67.0,sensitive,maize,4,28.7,2.2,loamy_sand,medium,100,pivot,river_pump,3.5,0
farm_3,farm_3_field_3,2025-08-12,60.8,sensitive,maize,5,28.7,0.4,loamy_sand,medium,101,pivot,river_pump,3.5,0
farm_3,farm_3_field_3,2025-08-13,67.8,sensitive,maize,6,28.7,0.0,loamy_sand,medium,102,pivot,river_pump,3.5,1
farm_3,farm_3_field_3,2025-08-14,57.5,sensitive,maize,7,28.7,0.8,loamy_sand,medium,103,pivot,river_pump,3.5,1
farm_3,farm_3_field_3,2025-08-15,85.5,sensitive,maize,1,29.9,0.3,loamy_sand,medium,104,pivot,river_pump,3.5,0
farm_3,farm_3_field_3,2025-08-16,81.3,sensitive,maize,2,29.9,0.0,loamy_sand,medium,105,pivot,river_pump,3.5,0
farm_3,farm_3_field_3,2025-08-17,74.9,sensitive,maize,3,29.9,0.5,loamy_sand,medium,106,pivot,river_pump,3.5,0
farm_3,farm_3_field_3,2025-08-18,74.7,sensitive,maize,4,29.9,0.4,loamy_sand,medium,107,pivot,river_pump,3.5,0
farm_3,farm_3_field_3,2025-08-19,68.1,sensitive,maize,5,29.9,0.0,loamy_sand,medium,108,pivot,river_pump,3.5,0
farm_3,farm_3_field_3,2025-08-20,65.5,sensitive,maize,6,29.9,0.1,loamy_sand,medium,109,pivot,river_pump,3.5,1
farm_3,farm_3_field_3,2025-08-21,60.2,sensitive,maize,7,29.9,0.1,loamy_sand,medium,110,pivot,river_pump,3.5,1
farm_3,farm_3_field_3,2025-08-22,83.1,sensitive,maize,1,29.7,0.7,loamy_sand,medium,111,pivot,river_pump,3.5,0
farm_3,farm_3_field_3,2025-08-23,81.1,sensitive,maize,2,29.7,0.0,loamy_sand,medium,112,pivot,river_pump,3.5,0
farm_3,farm_3_field_3,2025-08-24,,sensitive,maize,3,29.7,0.3,loamy_sand,medium,113,pivot,river_pump,3.5,0
farm_3,farm_3_field_3,2025-08-25,75.6,sensitive,maize,4,29.7,0.3,loamy_sand,medium,114,pivot,river_pump,3.5,0
farm_3,farm_3_field_3,2025-08-26,69.3,sensitive,maize,5,29.7,0.0,loamy_sand,medium,115,pivot,river_pump,3.5,0
farm_3,farm_3_field_3,2025-08-27,66.6,sensitive,maize,6,29.7,0.1,loamy_sand,medium,116,pivot,river_pump,3.5,0
farm_3,farm_3_field_3,2025-08-28,57.7,sensitive,maize,7,29.7,16.6,loamy_sand,medium,117,pivot,river_pump,3.5,1
farm_3,farm_3_field_3,2025-08-29,100.0,sensitive,maize,1,29.2,0.5,loamy_sand,medium,118,pivot,river_pump,3.5,0
farm_3,farm_3_field_3,2025-08-30,97.5,sensitive,maize,2,29.2,0.1,loamy_sand,medium,119,pivot,river_pump,3.5,0
farm_3,farm_3_field_3,2025-08-31,,late,maize,3,29.2,0.2,loamy_sand,medium,120,pivot,river_pump,3.5,0
farm_3,farm_3_field_3,2025-09-01,91.0,late,maize,4,29.2,0.3,loamy_sand,medium,121,pivot,river_pump,3.5,0
farm_3,farm_3_field_3,2025-09-02,92.0,late,maize,5,29.2,0.0,loamy_sand,medium,122,pivot,river_pump,3.5,0
farm_3,farm_3_field_3,2025-09-03,85.8,late,maize,6,29.2,0.0,loamy_sand,medium,123,pivot,river_pump,3.5,0
farm_3,farm_3_field_3,2025-09-04,86.5,late,maize,7,29.2,0.0,loamy_sand,medium,124,pivot,river_pump,3.5,0
farm_3,farm_3_field_3,2025-09-05,79.6,late,maize,8,29.2,0.5,loamy_sand,medium,125,pivot,river_pump,3.5,0
farm_3,farm_3_field_3,2025-09-06,78.6,late,maize,9,29.2,0.0,loamy_sand,medium,126,pivot,river_pump,3.5,0
farm_3,farm_3_field_3,2025-09-07,80.3,late,maize,10,29.2,0.9,loamy_sand,medium,127,pivot,river_pump,3.5,0
farm_3,farm_3_field_3,2025-09-08,86.5,late,maize,11,29.2,0.0,loamy_sand,medium,128,pivot,river_pump,3.5,0
farm_3,farm_3_field_3,2025-09-09,77.0,late,maize,12,29.2,0.7,loamy_sand,medium,129,pivot,river_pump,3.5,0
farm_3,farm_3_field_3,2025-09-10,73.5,late,maize,13,29.2,0.1,loamy_sand,medium,130,pivot,river_pump,3.5,0
farm_3,farm_3_field_3,2025-09-11,76.4,late,maize,14,29.2,0.1,loamy_sand,medium,131,pivot,river_pump,3.5,0
farm_3,farm_3_field_3,2025-09-12,73.3,late,maize,15,29.2,0.5,loamy_sand,medium,132,pivot,river_pump,3.5,0
farm_3,farm_3_field_3,2025-09-13,70.2,late,maize,16,29.2,0.0,loamy_sand,medium,133,pivot,river_pump,3.5,0
farm_3,farm_3_field_3,2025-09-14,68.3,late,maize,17,29.2,1.2,loamy_sand,medium,134,pivot,river_pump,3.5,0
farm_3,farm_3_field_3,2025-09-15,66.8,late,maize,18,29.2,0.0,loamy_sand,medium,135,pivot,river_pump,3.5,0
farm_3,farm_3_field_3,2025-09-16,71.2,late,maize,19,29.2,5.4,loamy_sand,medium,136,pivot,river_pump,3.5,0
farm_3,farm_3_field_3,2025-09-17,75.6,late,maize,20,29.2,1.9,loamy_sand,medium,137,pivot,river_pump,3.5,0
farm_3,farm_3_field_3,2025-09-18,69.9,late,maize,21,29.2,0.0,loamy_sand,medium,138,pivot,river_pump,3.5,0
farm_3,farm_3_field_3,2025-09-19,68.0,late,maize,22,29.2,0.6,loamy_sand,medium,139,pivot,river_pump,3.5,0
farm_3,farm_3_field_3,2025-09-20,68.5,late,maize,23,29.2,0.0,loamy_sand,medium,140,pivot,river_pump,3.5,0
farm_3,farm_3_field_3,2025-09-21,71.4,late,maize,24,29.2,0.6,loamy_sand,medium,141,pivot,river_pump,3.5,0
farm_3,farm_3_field_3,2025-09-22,61.2,late,maize,25,29.2,0.0,loamy_sand,medium,142,pivot,river_pump,3.5,0
farm_3,farm_3_field_3,2025-09-23,69.0,late,maize,26,29.2,0.3,loamy_sand,medium,143,pivot,river_pump,3.5,0
farm_3,farm_3_field_3,2025-09-24,65.6,late,maize,27,29.2,0.0,loamy_sand,medium,144,pivot,river_pump,3.5,0
farm_3,farm_3_field_3,2025-09-25,60.9,late,maize,28,29.2,0.0,loamy_sand,medium,145,pivot,river_pump,3.5,0
farm_3,farm_3_field_3,2025-09-26,55.7,late,maize,29,29.2,0.1,loamy_sand,medium,146,pivot,river_pump,3.5,0
farm_3,farm_3_field_3,2025-09-27,63.9,late,maize,30,29.2,0.0,loamy_sand,medium,147,pivot,river_pump,3.5,0
farm_3,farm_3_field_3,2025-09-28,55.0,late,maize,31,29.2,0.5,loamy_sand,medium,148,pivot,river_pump,3.5,0
farm_3,farm_3_field_3,2025-09-29,53.7,late,maize,32,29.2,0.0,loamy_sand,medium,149,pivot,river_pump,3.5,0
farm_3,farm_3_field_3,2025-09-30,58.7,late,maize,33,29.2,0.0,loamy_sand,medium,150,pivot,river_pump,3.5,0
farm_3,farm_3_field_3,2026-05-03,56.6,initial,maize,0,0.0,9.0,loamy_sand,medium,0,pivot,river_pump,3.5,0
farm_3,farm_3_field_3,2026-05-04,58.2,initial,maize,1,0.0,0.2,loamy_sand,medium,1,pivot,river_pump,3.5,0
farm_3,farm_3_field_3,2026-05-05,62.7,initial,maize,2,0.0,4.5,loamy_sand,medium,2,pivot,river_pump,3.5,0
farm_3,farm_3_field_3,2026-05-06,66.0,initial,maize,3,0.0,0.3,loamy_sand,medium,3,pivot,river_pump,3.5,0
farm_3,farm_3_field_3,2026-05-07,69.9,initial,maize,4,0.0,7.9,loamy_sand,medium,4,pivot,river_pump,3.5,0
farm_3,farm_3_field_3,2026-05-08,78.9,initial,maize,5,0.0,0.4,loamy_sand,medium,5,pivot,river_pump,3.5,0
farm_3,farm_3_field_3,2026-05-09,67.6,initial,maize,6,0.0,0.3,loamy_sand,medium,6,pivot,river_pump,3.5,0
farm_3,farm_3_field_3,2026-05-10,70.1,initial,maize,7,0.0,0.2,loamy_sand,medium,7,pivot,river_pump,3.5,0
farm_3,farm_3_field_3,2026-05-11,71.5,initial,maize,8,0.0,0.4,loamy_sand,medium,8,pivot,river_pump,3.5,0
farm_3,farm_3_field_3,2026-05-12,69.1,initial,maize,9,0.0,0.0,loamy_sand,medium,9,pivot,river_pump,3.5,0
farm_3,farm_3_field_3,2026-05-13,64.3,initial,maize,10,0.0,2.8,loamy_sand,medium,10,pivot,river_pump,3.5,0
farm_3,farm_3_field_3,2026-05-14,69.5,initial,maize,11,0.0,0.6,loamy_sand,medium,11,pivot,river_pump,3.5,0
farm_3,farm_3_field_3,2026-05-15,65.4,initial,maize,12,0.0,0.9,loamy_sand,medium,12,pivot,river_pump,3.5,0
farm_3,farm_3_field_3,2026-05-16,70.0,initial,maize,13,0.0,0.1,loamy_sand,medium,13,pivot,river_pump,3.5,0
farm_3,farm_3_field_3,2026-05-17,64.9,initial,maize,14,0.0,0.0,loamy_sand,medium,14,pivot,river_pump,3.5,0
farm_3,farm_3_field_3,2026-05-18,74.4,initial,maize,15,0.0,0.0,loamy_sand,medium,15,pivot,river_pump,3.5,0
farm_3,farm_3_field_3,2026-05-19,69.1,initial,maize,16,0.0,0.1,loamy_sand,medium,16,pivot,river_pump,3.5,0
farm_3,farm_3_field_3,2026-05-20,66.6,initial,maize,17,0.0,0.4,loamy_sand,medium,17,pivot,river_pump,3.5,0
farm_3,farm_3_field_3,2026-05-21,69.4,initial,maize,18,0.0,15.0,loamy_sand,medium,18,pivot,river_pump,3.5,0
farm_3,farm_3_field_3,2026-05-22,82.0,initial,maize,19,0.0,5.1,loamy_sand,medium,19,pivot,river_pump,3.5,0
farm_3,farm_3_field_3,2026-05-23,87.7,initial,maize,20,0.0,0.0,loamy_sand,medium,20,pivot,river_pump,3.5,0
farm_3,farm_3_field_3,2026-05-24,84.4,initial,maize,21,0.0,0.2,loamy_sand,medium,21,pivot,river_pump,3.5,0
farm_3,farm_3_field_3,2026-05-25,85.9,initial,maize,22,0.0,0.0,loamy_sand,medium,22,pivot,river_pump,3.5,0
farm_3,farm_3_field_3,2026-05-26,77.5,initial,maize,23,0.0,0.1,loamy_sand,medium,23,pivot,river_pump,3.5,0
farm_3,farm_3_field_3,2026-05-27,78.2,initial,maize,24,0.0,0.0,loamy_sand,medium,24,pivot,river_pump,3.5,0
farm_3,farm_3_field_3,2026-05-28,77.1,initial,maize,25,0.0,0.0,loamy_sand,medium,25,pivot,river_pump,3.5,0
farm_3,farm_3_field_3,2026-05-29,80.0,initial,maize,26,0.0,0.0,loamy_sand,medium,26,pivot,river_pump,3.5,0
farm_3,farm_3_field_3,2026-05-30,80.0,initial,maize,27,0.0,0.0,loamy_sand,medium,27,pivot,river_pump,3.5,0
farm_3,farm_3_field_3,2026-05-31,80.0,initial,maize,28,0.0,0.0,loamy_sand,medium,28,pivot,river_pump,3.5,0
farm_3,farm_3_field_3,2026-06-01,80.0,initial,maize,29,0.0,0.0,loamy_sand,medium,29,pivot,river_pump,3.5,0
farm_3,farm_3_field_3,2026-06-02,80.0,development,maize,30,0.0,0.5,loamy_sand,medium,30,pivot,river_pump,3.5,0
farm_3,farm_3_field_3,2026-06-03,80.0,development,maize,31,0.0,0.4,loamy_sand,medium,31,pivot,river_pump,3.5,0
farm_3,farm_3_field_3,2026-06-04,68.5,development,maize,32,0.0,0.2,loamy_sand,medium,32,pivot,river_pump,3.5,0
farm_3,farm_3_field_3,2026-06-05,76.2,development,maize,33,0.0,0.0,loamy_sand,medium,33,pivot,river_pump,3.5,0
farm_3,farm_3_field_3,2026-06-06,68.1,development,maize,34,0.0,4.7,loamy_sand,medium,34,pivot,river_pump,3.5,0
farm_3,farm_3_field_3,2026-06-07,66.7,development,maize,35,0.0,0.1,loamy_sand,medium,35,pivot,river_pump,3.5,0
farm_3,farm_3_field_3,2026-06-08,60.5,development,maize,36,0.0,0.0,loamy_sand,medium,36,pivot,river_pump,3.5,0
farm_3,farm_3_field_3,2026-06-09,58.7,development,maize,37,0.0,0.0,loamy_sand,medium,37,pivot,river_pump,3.5,0
farm_3,farm_3_field_3,2026-06-10,53.6,development,maize,38,0.0,0.0,loamy_sand,medium,38,pivot,river_pump,3.5,0
farm_3,farm_3_field_3,2026-06-11,50.6,development,maize,39,0.0,0.0,loamy_sand,medium,39,pivot,river_pump,3.5,1
farm_3,farm_3_field_3,2026-06-12,75.7,development,maize,1,30.0,0.7,loamy_sand,medium,40,pivot,river_pump,3.5,0
farm_3,farm_3_field_3,2026-06-13,79.7,development,maize,2,30.0,0.3,loamy_sand,medium,41,pivot,river_pump,3.5,0
farm_3,farm_3_field_3,2026-06-14,76.5,development,maize,3,30.0,0.0,loamy_sand,medium,42,pivot,river_pump,3.5,0
farm_3,farm_3_field_3,2026-06-15,68.8,development,maize,4,30.0,0.0,loamy_sand,medium,43,pivot,river_pump,3.5,0
farm_3,farm_3_field_3,2026-06-16,67.8,development,maize,5,30.0,0.0,loamy_sand,medium,44,pivot,river_pump,3.5,0
farm_3,farm_3_field_3,2026-06-17,58.2,development,maize,6,30.0,0.3,loamy_sand,medium,45,pivot,river_pump,3.5,0
farm_3,farm_3_field_3,2026-06-18,59.8,development,maize,7,30.0,0.4,loamy_sand,medium,46,pivot,river_pump,3.5,0
farm_3,farm_3_field_3,2026-06-19,51.6,development,maize,8,30.0,0.2,loamy_sand,medium,47,pivot,river_pump,3.5,1
farm_3,farm_3_field_3,2026-06-20,43.4,development,maize,9,30.0,0.0,loamy_sand,medium,48,pivot,river_pump,3.5,1
farm_3,farm_3_field_3,2026-06-21,70.6,development,maize,1,30.0,0.0,loamy_sand,medium,49,pivot,river_pump,3.5,0
farm_3,farm_3_field_3,2026-06-22,70.0,development,maize,2,30.0,0.6,loamy_sand,medium,50,pivot,river_pump,3.5,0
farm_3,farm_3_field_3,2026-06-23,67.0,development,maize,3,30.0,0.0,loamy_sand,medium,51,pivot,river_pump,3.5,0
farm_3,farm_3_field_3,2026-06-24,58.9,development,maize,4,30.0,0.0,loamy_sand,medium,52,pivot,river_pump,3.5,0
farm_3,farm_3_field_3,2026-06-25,62.2,development,maize,5,30.0,2.0,loamy_sand,medium,53,pivot,river_pump,3.5,0
farm_3,farm_3_field_3,2026-06-26,60.2,development,maize,6,30.0,0.5,loamy_sand,medium,54,pivot,river_pump,3.5,0
farm_3,farm_3_field_3,2026-06-27,51.4,development,maize,7,30.0,0.7,loamy_sand,medium,55,pivot,river_pump,3.5,0
farm_3,farm_3_field_3,2026-06-28,47.8,development,maize,8,30.0,0.0,loamy_sand,medium,56,pivot,river_pump,3.5,1
farm_3,farm_3_field_3,2026-06-29,75.7,development,maize,1,30.0,0.0,loamy_sand,medium,57,pivot,river_pump,3.5,0
farm_3,farm_3_field_3,2026-06-30,67.8,development,maize,2,30.0,0.4,loamy_sand,medium,58,pivot,river_pump,3.5,0
farm_3,farm_3_field_3,2026-07-01,63.6,development,maize,3,30.0,0.6,loamy_sand,medium,59,pivot,river_pump,3.5,0
farm_3,farm_3_field_3,2026-07-02,60.6,development,maize,4,30.0,0.3,loamy_sand,medium,60,pivot,river_pump,3.5,0
farm_3,farm_3_field_3,2026-07-03,58.5,development,maize,5,30.0,0.0,loamy_sand,medium,61,pivot,river_pump,3.5,0
farm_3,farm_3_field_3,2026-07-04,56.7,development,maize,6,30.0,0.0,loamy_sand,medium,62,pivot,river_pump,3.5,1
farm_3,farm_3_field_3,2026-07-05,79.7,development,maize,1,30.0,0.0,loamy_sand,medium,63,pivot,river_pump,3.5,0
farm_3,farm_3_field_3,2026-07-06,76.5,development,maize,2,30.0,0.0,loamy_sand,medium,64,pivot,river_pump,3.5,0
farm_3,farm_3_field_3,2026-07-07,64.4,development,maize,3,30.0,0.0,loamy_sand,medium,65,pivot,river_pump,3.5,0
farm_3,farm_3_field_3,2026-07-08,65.7,development,maize,4,30.0,0.0,loamy_sand,medium,66,pivot,river_pump,3.5,0
farm_3,farm_3_field_3,2026-07-09,60.7,development,maize,5,30.0,0.4,loamy_sand,medium,67,pivot,river_pump,3.5,0
farm_3,farm_3_field_3,2026-07-10,52.7,development,maize,6,30.0,0.5,loamy_sand,medium,68,pivot,river_pump,3.5,0
farm_3,farm_3_field_3,2026-07-11,51.7,development,maize,7,30.0,0.0,loamy_sand,medium,69,pivot,river_pump,3.5,1
farm_3,farm_3_field_3,2026-07-12,49.0,sensitive,maize,8,30.0,0.0,loamy_sand,medium,70,pivot,river_pump,3.5,2
farm_3,farm_3_field_3,2026-07-13,74.2,sensitive,maize,1,30.0,0.4,loamy_sand,medium,71,pivot,river_pump,3.5,0
farm_3,farm_3_field_3,2026-07-14,63.4,sensitive,maize,2,30.0,0.0,loamy_sand,medium,72,pivot,river_pump,3.5,0
farm_3,farm_3_field_3,2026-07-15,64.0,sensitive,maize,3,30.0,0.0,loamy_sand,medium,73,pivot,river_pump,3.5,1
farm_3,farm_3_field_3,2026-07-16,54.1,sensitive,maize,4,30.0,0.0,loamy_sand,medium,74,pivot,river_pump,3.5,1
farm_3,farm_3_field_3,2026-07-17,41.8,sensitive,maize,5,30.0,0.0,loamy_sand,medium,75,pivot,river_pump,3.5,2
farm_3,farm_3_field_3,2026-07-18,68.0,sensitive,maize,1,30.0,0.0,loamy_sand,medium,76,pivot,river_pump,3.5,0
farm_3,farm_3_field_3,2026-07-19,65.0,sensitive,maize,2,30.0,0.6,loamy_sand,medium,77,pivot,river_pump,3.5,1
farm_3,farm_3_field_3,2026-07-20,53.9,sensitive,maize,3,30.0,0.5,loamy_sand,medium,78,pivot,river_pump,3.5,1
farm_3,farm_3_field_3,2026-07-21,45.9,sensitive,maize,4,30.0,0.0,loamy_sand,medium,79,pivot,river_pump,3.5,2
farm_3,farm_3_field_3,2026-07-22,68.8,sensitive,maize,1,30.0,0.0,loamy_sand,medium,80,pivot,river_pump,3.5,0
farm_3,farm_3_field_3,2026-07-23,63.9,sensitive,maize,2,30.0,0.0,loamy_sand,medium,81,pivot,river_pump,3.5,0
farm_3,farm_3_field_3,2026-07-24,54.1,sensitive,maize,3,30.0,0.0,loamy_sand,medium,82,pivot,river_pump,3.5,1
farm_3,farm_3_field_3,2026-07-25,54.5,sensitive,maize,4,30.0,0.0,loamy_sand,medium,83,pivot,river_pump,3.5,1
farm_3,farm_3_field_3,2026-07-26,47.5,sensitive,maize,5,30.0,0.7,loamy_sand,medium,84,pivot,river_pump,3.5,2
farm_3,farm_3_field_3,2026-07-27,68.5,sensitive,maize,1,30.0,0.6,loamy_sand,medium,85,pivot,river_pump,3.5,0
farm_3,farm_3_field_3,2026-07-28,65.6,sensitive,maize,2,30.0,0.1,loamy_sand,medium,86,pivot,river_pump,3.5,1
farm_3,farm_3_field_3,2026-07-29,57.4,sensitive,maize,3,30.0,0.0,loamy_sand,medium,87,pivot,river_pump,3.5,1
farm_3,farm_3_field_3,2026-07-30,48.3,sensitive,maize,4,30.0,0.8,loamy_sand,medium,88,pivot,river_pump,3.5,1
farm_3,farm_3_field_3,2026-07-31,82.1,sensitive,maize,1,30.0,7.9,loamy_sand,medium,89,pivot,river_pump,3.5,0
farm_3,farm_3_field_3,2026-08-01,83.1,sensitive,maize,2,30.0,0.0,loamy_sand,medium,90,pivot,river_pump,3.5,0
farm_3,farm_3_field_3,2026-08-02,74.9,sensitive,maize,3,30.0,0.2,loamy_sand,medium,91,pivot,river_pump,3.5,0
farm_3,farm_3_field_3,2026-08-03,68.5,sensitive,maize,4,30.0,8.1,loamy_sand,medium,92,pivot,river_pump,3.5,0
farm_3,farm_3_field_3,2026-08-04,67.8,sensitive,maize,5,30.0,0.6,loamy_sand,medium,93,pivot,river_pump,3.5,0
farm_3,farm_3_field_3,2026-08-05,66.1,sensitive,maize,6,30.0,0.0,loamy_sand,medium,94,pivot,river_pump,3.5,1
farm_3,farm_3_field_3,2026-08-06,55.9,sensitive,maize,7,30.0,0.0,loamy_sand,medium,95,pivot,river_pump,3.5,1
farm_3,farm_3_field_3,2026-08-07,82.0,sensitive,maize,1,30.0,0.0,loamy_sand,medium,96,pivot,river_pump,3.5,0
farm_3,farm_3_field_3,2026-08-08,79.0,sensitive,maize,2,30.0,0.2,loamy_sand,medium,97,pivot,river_pump,3.5,0
farm_3,farm_3_field_3,2026-08-09,69.6,sensitive,maize,3,30.0,0.0,loamy_sand,medium,98,pivot,river_pump,3.5,0
farm_3,farm_3_field_3,2026-08-10,60.6,sensitive,maize,4,30.0,1.0,loamy_sand,medium,99,pivot,river_pump,3.5,0
farm_3,farm_3_field_3,2026-08-11,64.5,sensitive,maize,5,30.0,0.5,loamy_sand,medium,100,pivot,river_pump,3.5,1
farm_3,farm_3_field_3,2026-08-12,52.1,sensitive,maize,6,30.0,0.2,loamy_sand,medium,101,pivot,river_pump,3.5,1
farm_3,farm_3_field_3,2026-08-13,76.7,sensitive,maize,1,30.0,0.4,loamy_sand,medium,102,pivot,river_pump,3.5,0
farm_3,farm_3_field_3,2026-08-14,77.2,sensitive,maize,2,30.0,0.0,loamy_sand,medium,103,pivot,river_pump,3.5,0
farm_3,farm_3_field_3,2026-08-15,64.2,sensitive,maize,3,30.0,0.5,loamy_sand,medium,104,pivot,river_pump,3.5,0
farm_3,farm_3_field_3,2026-08-16,61.8,sensitive,maize,4,30.0,0.4,loamy_sand,medium,105,pivot,river_pump,3.5,1
farm_3,farm_3_field_3,2026-08-17,54.5,sensitive,maize,5,30.0,0.2,loamy_sand,medium,106,pivot,river_pump,3.5,1
farm_3,farm_3_field_3,2026-08-18,82.4,sensitive,maize,1,30.0,0.2,loamy_sand,medium,107,pivot,river_pump,3.5,0
farm_3,farm_3_field_3,2026-08-19,73.3,sensitive,maize,2,30.0,0.0,loamy_sand,medium,108,pivot,river_pump,3.5,0
farm_3,farm_3_field_3,2026-08-20,73.5,sensitive,maize,3,30.0,2.6,loamy_sand,medium,109,pivot,river_pump,3.5,0
farm_3,farm_3_field_3,2026-08-21,69.4,sensitive,maize,4,30.0,0.0,loamy_sand,medium,110,pivot,river_pump,3.5,0
farm_3,farm_3_field_3,2026-08-22,69.1,sensitive,maize,5,30.0,0.0,loamy_sand,medium,111,pivot,river_pump,3.5,0
farm_3,farm_3_field_3,2026-08-23,61.2,sensitive,maize,6,30.0,0.5,loamy_sand,medium,112,pivot,river_pump,3.5,1
farm_3,farm_3_field_3,2026-08-24,57.1,sensitive,maize,7,30.0,0.0,loamy_sand,medium,113,pivot,river_pump,3.5,1
farm_3,farm_3_field_3,2026-08-25,86.5,sensitive,maize,1,29.5,0.1,loamy_sand,medium,114,pivot,river_pump,3.5,0
farm_3,farm_3_field_3,2026-08-26,77.1,sensitive,maize,2,29.5,0.0,loamy_sand,medium,115,pivot,river_pump,3.5,0
farm_3,farm_3_field_3,2026-08-27,75.0,sensitive,maize,3,29.5,0.0,loamy_sand,medium,116,pivot,river_pump,3.5,0
farm_3,farm_3_field_3,2026-08-28,70.5,sensitive,maize,4,29.5,3.9,loamy_sand,medium,117,pivot,river_pump,3.5,0
farm_3,farm_3_field_3,2026-08-29,65.4,sensitive,maize,5,29.5,0.0,loamy_sand,medium,118,pivot,river_pump,3.5,0
farm_3,farm_3_field_3,2026-08-30,62.7,sensitive,maize,6,29.5,0.0,loamy_sand,medium,119,pivot,river_pump,3.5,0
farm_3,farm_3_field_3,2026-08-31,64.7,late,maize,7,29.5,0.0,loamy_sand,medium,120,pivot,river_pump,3.5,0
farm_3,farm_3_field_3,2026-09-01,59.5,late,maize,8,29.5,0.0,loamy_sand,medium,121,pivot,river_pump,3.5,0
farm_3,farm_3_field_3,2026-09-02,56.9,late,maize,9,29.5,0.0,loamy_sand,medium,122,pivot,river_pump,3.5,0
farm_3,farm_3_field_3,2026-09-03,49.2,late,maize,10,29.5,0.1,loamy_sand,medium,123,pivot,river_pump,3.5,0
farm_3,farm_3_field_3,2026-09-04,54.5,late,maize,11,29.5,0.3,loamy_sand,medium,124,pivot,river_pump,3.5,0
farm_3,farm_3_field_3,2026-09-05,48.3,late,maize,12,29.5,0.4,loamy_sand,medium,125,pivot,river_pump,3.5,0
farm_3,farm_3_field_3,2026-09-06,42.9,late,maize,13,29.5,0.0,loamy_sand,medium,126,pivot,river_pump,3.5,0
farm_3,farm_3_field_3,2026-09-07,46.0,late,maize,14,29.5,0.1,loamy_sand,medium,127,pivot,river_pump,3.5,0
farm_3,farm_3_field_3,2026-09-08,41.7,late,maize,15,29.5,0.4,loamy_sand,medium,128,pivot,river_pump,3.5,0
farm_3,farm_3_field_3,2026-09-09,47.8,late,maize,16,29.5,0.0,loamy_sand,medium,129,pivot,river_pump,3.5,0
farm_3,farm_3_field_3,2026-09-10,42.4,late,maize,17,29.5,0.0,loamy_sand,medium,130,pivot,river_pump,3.5,1
farm_3,farm_3_field_3,2026-09-11,71.0,late,maize,1,30.0,0.0,loamy_sand,medium,131,pivot,river_pump,3.5,0
farm_3,farm_3_field_3,2026-09-12,71.8,late,maize,2,30.0,0.5,loamy_sand,medium,132,pivot,river_pump,3.5,0
farm_3,farm_3_field_3,2026-09-13,73.8,late,maize,3,30.0,0.1,loamy_sand,medium,133,pivot,river_pump,3.5,0
farm_3,farm_3_field_3,2026-09-14,65.1,late,maize,4,30.0,0.0,loamy_sand,medium,134,pivot,river_pump,3.5,0
farm_3,farm_3_field_3,2026-09-15,59.1,late,maize,5,30.0,0.2,loamy_sand,medium,135,pivot,river_pump,3.5,0
farm_3,farm_3_field_3,2026-09-16,61.6,late,maize,6,30.0,0.0,loamy_sand,medium,136,pivot,river_pump,3.5,0
farm_3,farm_3_field_3,2026-09-17,60.2,late,maize,7,30.0,0.0,loamy_sand,medium,137,pivot,river_pump,3.5,0
farm_3,farm_3_field_3,2026-09-18,60.2,late,maize,8,30.0,0.0,loamy_sand,medium,138,pivot,river_pump,3.5,0
farm_3,farm_3_field_3,2026-09-19,63.0,late,maize,9,30.0,0.7,loamy_sand,medium,139,pivot,river_pump,3.5,0
farm_3,farm_3_field_3,2026-09-20,52.2,late,maize,10,30.0,0.5,loamy_sand,medium,140,pivot,river_pump,3.5,0
farm_3,farm_3_field_3,2026-09-21,47.7,late,maize,11,30.0,0.0,loamy_sand,medium,141,pivot,river_pump,3.5,0
farm_3,farm_3_field_3,2026-09-22,58.5,late,maize,12,30.0,0.5,loamy_sand,medium,142,pivot,river_pump,3.5,0
farm_3,farm_3_field_3,2026-09-23,50.6,late,maize,13,30.0,0.5,loamy_sand,medium,143,pivot,river_pump,3.5,0
farm_3,farm_3_field_3,2026-09-24,55.4,late,maize,14,30.0,0.6,loamy_sand,medium,144,pivot,river_pump,3.5,0
farm_3,farm_3_field_3,2026-09-25,48.6,late,maize,15,30.0,0.0,loamy_sand,medium,145,pivot,river_pump,3.5,0
farm_3,farm_3_field_3,2026-09-26,45.8,late,maize,16,30.0,0.4,loamy_sand,medium,146,pivot,river_pump,3.5,0
farm_3,farm_3_field_3,2026-09-27,49.7,late,maize,17,30.0,2.7,loamy_sand,medium,147,pivot,river_pump,3.5,0
farm_3,farm_3_field_3,2026-09-28,54.9,late,maize,18,30.0,0.3,loamy_sand,medium,148,pivot,river_pump,3.5,0
farm_3,farm_3_field_3,2026-09-29,44.9,late,maize,19,30.0,0.6,loamy_sand,medium,149,pivot,river_pump,3.5,0
farm_3,farm_3_field_3,2026-09-30,45.0,late,maize,20,30.0,0.1,loamy_sand,medium,150,pivot,river_pump,3.5,0
