farm_id,field_id,date,soil_moisture_pct_nfk,growth_stage,crop_type,days_since_last_irrigation,previous_irrigation_mm,onfarm_rain_gauge_mm,soil_type,crop_variety_maturity,days_after_planting,irrigation_type,water_source,field_area_ha,irrigation_need
farm_7,farm_7_field_1,2025-04-19,56.3,initial,potato,0,0.0,0.0,sand,medium,0,drip,river_pump,21.3,0
farm_7,farm_7_field_1,2025-04-20,57.7,initial,potato,1,0.0,0.0,sand,medium,1,drip,river_pump,21.3,0
farm_7,farm_7_field_1,2025-04-21,56.9,initial,potato,2,0.0,0.0,sand,medium,2,drip,river_pump,21.3,0
farm_7,farm_7_field_1,2025-04-22,53.5,initial,potato,3,0.0,2.3,sand,medium,3,drip,river_pump,21.3,0
farm_7,farm_7_field_1,2025-04-23,55.1,initial,potato,4,0.0,0.1,sand,medium,4,drip,river_pump,21.3,0
farm_7,farm_7_field_1,2025-04-24,54.4,initial,potato,5,0.0,0.0,sand,medium,5,drip,river_pump,21.3,0
farm_7,farm_7_field_1,2025-04-25,53.0,initial,potato,6,0.0,0.0,sand,medium,6,drip,river_pump,21.3,0
farm_7,farm_7_field_1,2025-04-26,48.5,initial,potato,7,0.0,0.2,sand,medium,7,drip,river_pump,21.3,0
farm_7,farm_7_field_1,2025-04-27,46.3,initial,potato,8,0.0,3.7,sand,medium,8,drip,river_pump,21.3,1
farm_7,farm_7_field_1,2025-04-28,48.9,initial,potato,9,0.0,0.0,sand,medium,9,drip,river_pump,21.3,0
farm_7,farm_7_field_1,2025-04-29,53.8,initial,potato,10,0.0,0.5,sand,medium,10,drip,river_pump,21.3,0
farm_7,farm_7_field_1,2025-04-30,53.8,initial,potato,11,0.0,1.1,sand,medium,11,drip,river_pump,21.3,0
farm_7,farm_7_field_1,2025-05-01,53.8,initial,potato,12,0.0,0.7,sand,medium,12,drip,river_pump,21.3,0
farm_7,farm_7_field_1,2025-05-02,53.8,initial,potato,13,0.0,0.0,sand,medium,13,drip,river_pump,21.3,1
farm_7,farm_7_field_1,2025-05-03,53.8,initial,potato,1,18.0,2.4,sand,medium,14,drip,river_pump,21.3,0
farm_7,farm_7_field_1,2025-05-04,53.8,initial,potato,2,18.0,0.1,sand,medium,15,drip,river_pump,21.3,0
farm_7,farm_7_field_1,2025-05-05,53.8,initial,potato,3,18.0,0.0,sand,medium,16,drip,river_pump,21.3,0
farm_7,farm_7_field_1,2025-05-06,53.8,initial,potato,4,18.0,0.0,sand,medium,17,drip,river_pump,21.3,0
farm_7,farm_7_field_1,2025-05-07,53.8,initial,potato,5,18.0,0.1,sand,medium,18,drip,river_pump,21.3,0
farm_7,farm_7_field_1,2025-05-08,53.8,initial,potato,6,18.0,0.1,sand,medium,19,drip,river_pump,21.3,0
farm_7,farm_7_field_1,2025-05-09,63.1,initial,potato,7,18.0,0.7,sand,medium,20,drip,river_pump,21.3,0
farm_7,farm_7_field_1,2025-05-10,63.0,initial,potato,8,18.0,0.0,sand,medium,21,drip,river_pump,21.3,0
farm_7,farm_7_field_1,2025-05-11,56.6,initial,potato,9,18.0,0.0,sand,medium,22,drip,river_pump,21.3,0
farm_7,farm_7_field_1,2025-05-12,62.0,initial,potato,10,18.0,0.0,sand,medium,23,drip,river_pump,21.3,0
farm_7,farm_7_field_1,2025-05-13,55.2,initial,potato,11,18.0,0.0,sand,medium,24,drip,river_pump,21.3,0
farm_7,farm_7_field_1,2025-05-14,53.6,development,potato,12,18.0,0.0,sand,medium,25,drip,river_pump,21.3,0
farm_7,farm_7_field_1,2025-05-15,57.5,development,potato,13,18.0,0.5,sand,medium,26,drip,river_pump,21.3,1
farm_7,farm_7_field_1,2025-05-16,50.7,development,potato,14,18.0,0.1,sand,medium,27,drip,river_pump,21.3,1
farm_7,farm_7_field_1,2025-05-17,69.4,development,potato,1,18.0,5.5,sand,medium,28,drip,river_pump,21.3,0
farm_7,farm_7_field_1,2025-05-18,,development,potato,2,18.0,1.6,sand,medium,29,drip,river_pump,21.3,0
farm_7,farm_7_field_1,2025-05-19,74.7,development,potato,3,18.0,7.9,sand,medium,30,drip,river_pump,21.3,0
farm_7,farm_7_field_1,2025-05-20,86.9,development,potato,4,18.0,0.0,sand,medium,31,drip,river_pump,21.3,0
farm_7,farm_7_field_1,2025-05-21,85.5,development,potato,5,18.0,4.3,sand,medium,32,drip,river_pump,21.3,0
farm_7,farm_7_field_1,2025-05-22,86.3,development,potato,6,18.0,0.5,sand,medium,33,drip,river_pump,21.3,0
farm_7,farm_7_field_1,2025-05-23,77.9,development,potato,7,18.0,0.2,sand,medium,34,drip,river_pump,21.3,0
farm_7,farm_7_field_1,2025-05-24,76.7,development,potato,8,18.0,0.2,sand,medium,35,drip,river_pump,21.3,0
farm_7,farm_7_field_1,2025-05-25,71.4,development,potato,9,18.0,2.7,sand,medium,36,drip,river_pump,21.3,0
farm_7,farm_7_field_1,2025-05-26,68.0,development,potato,10,18.0,0.5,sand,medium,37,drip,river_pump,21.3,0
farm_7,farm_7_field_1,2025-05-27,68.1,development,potato,11,18.0,0.0,sand,medium,38,drip,river_pump,21.3,0
farm_7,farm_7_field_1,2025-05-28,62.2,development,potato,12,18.0,0.0,sand,medium,39,drip,river_pump,21.3,0
farm_7,farm_7_field_1,2025-05-29,59.8,development,potato,13,18.0,0.2,sand,medium,40,drip,river_pump,21.3,0
farm_7,farm_7_field_1,2025-05-30,58.2,development,potato,14,18.0,0.4,sand,medium,41,drip,river_pump,21.3,0
farm_7,farm_7_field_1,2025-05-31,55.1,development,potato,15,18.0,0.0,sand,medium,42,drip,river_pump,21.3,1
farm_7,farm_7_field_1,2025-06-01,75.9,development,potato,1,18.0,0.0,sand,medium,43,drip,river_pump,21.3,0
farm_7,farm_7_field_1,2025-06-02,71.0,development,potato,2,18.0,0.9,sand,medium,44,drip,river_pump,21.3,0
farm_7,farm_7_field_1,2025-06-03,66.8,development,potato,3,18.0,0.7,sand,medium,45,drip,river_pump,21.3,0
farm_7,farm_7_field_1,2025-06-04,71.7,development,potato,4,18.0,0.7,sand,medium,46,drip,river_pump,21.3,0
farm_7,farm_7_field_1,2025-06-05,51.5,development,potato,5,18.0,0.0,sand,medium,47,drip,river_pump,21.3,0
farm_7,farm_7_field_1,2025-06-06,55.1,development,potato,6,18.0,0.5,sand,medium,48,drip,river_pump,21.3,0
farm_7,farm_7_field_1,2025-06-07,55.9,development,potato,7,18.0,16.1,sand,medium,49,drip,river_pump,21.3,1
farm_7,farm_7_field_1,2025-06-08,71.5,development,potato,8,18.0,15.2,sand,medium,50,drip,river_pump,21.3,0
farm_7,farm_7_field_1,2025-06-09,90.1,development,potato,9,18.0,0.0,sand,medium,51,drip,river_pump,21.3,0
farm_7,farm_7_field_1,2025-06-10,84.0,development,potato,10,18.0,0.1,sand,medium,52,drip,river_pump,21.3,0
farm_7,farm_7_field_1,2025-06-11,81.4,development,potato,11,18.0,0.0,sand,medium,53,drip,river_pump,21.3,0
farm_7,farm_7_field_1,2025-06-12,77.2,development,potato,12,18.0,0.0,sand,medium,54,drip,river_pump,21.3,0
farm_7,farm_7_field_1,2025-06-13,75.8,sensitive,potato,13,18.0,0.0,sand,medium,55,drip,river_pump,21.3,0
farm_7,farm_7_field_1,2025-06-14,63.2,sensitive,potato,14,18.0,0.0,sand,medium,56,drip,river_pump,21.3,0
farm_7,farm_7_field_1,2025-06-15,61.7,sensitive,potato,15,18.0,0.4,sand,medium,57,drip,river_pump,21.3,1
farm_7,farm_7_field_1,2025-06-16,55.5,sensitive,potato,16,18.0,0.3,sand,medium,58,drip,river_pump,21.3,1
farm_7,farm_7_field_1,2025-06-17,75.5,sensitive,potato,1,18.0,1.8,sand,medium,59,drip,river_pump,21.3,0
farm_7,farm_7_field_1,2025-06-18,69.1,sensitive,potato,2,18.0,18.9,sand,medium,60,drip,river_pump,21.3,0
farm_7,farm_7_field_1,2025-06-19,93.8,sensitive,potato,3,18.0,0.0,sand,medium,61,drip,river_pump,21.3,0
farm_7,farm_7_field_1,2025-06-20,,sensitive,potato,4,18.0,0.2,sand,medium,62,drip,river_pump,21.3,0
farm_7,farm_7_field_1,2025-06-21,78.9,sensitive,potato,5,18.0,0.0,sand,medium,63,drip,river_pump,21.3,0
farm_7,farm_7_field_1,2025-06-22,72.1,sensitive,potato,6,18.0,0.4,sand,medium,64,drip,river_pump,21.3,0
farm_7,farm_7_field_1,2025-06-23,67.2,sensitive,potato,7,18.0,0.0,sand,medium,65,drip,river_pump,21.3,0
farm_7,farm_7_field_1,2025-06-24,60.3,sensitive,potato,8,18.0,0.0,sand,medium,66,drip,river_pump,21.3,1
farm_7,farm_7_field_1,2025-06-25,49.6,sensitive,potato,9,18.0,0.0,sand,medium,67,drip,river_pump,21.3,1
farm_7,farm_7_field_1,2025-06-26,44.3,sensitive,potato,10,18.0,0.1,sand,medium,68,drip,river_pump,21.3,1
farm_7,farm_7_field_1,2025-06-27,72.4,sensitive,potato,1,18.0,0.3,sand,medium,69,drip,river_pump,21.3,0
farm_7,farm_7_field_1,2025-06-28,65.5,sensitive,potato,2,18.0,2.1,sand,medium,70,drip,river_pump,21.3,0
farm_7,farm_7_field_1,2025-06-29,66.8,sensitive,potato,3,18.0,0.0,sand,medium,71,drip,river_pump,21.3,1
farm_7,farm_7_field_1,2025-06-30,80.3,sensitive,potato,1,15.8,0.3,sand,medium,72,drip,river_pump,21.3,0
farm_7,farm_7_field_1,2025-07-01,72.3,sensitive,potato,2,15.8,0.4,sand,medium,73,drip,river_pump,21.3,0
farm_7,farm_7_field_1,2025-07-02,66.2,sensitive,potato,3,15.8,0.0,sand,medium,74,drip,river_pump,21.3,0
farm_7,farm_7_field_1,2025-07-03,63.2,sensitive,potato,4,15.8,0.0,sand,medium,75,drip,river_pump,21.3,1
farm_7,farm_7_field_1,2025-07-04,46.0,sensitive,potato,5,15.8,0.2,sand,medium,76,drip,river_pump,21.3,2
farm_7,farm_7_field_1,2025-07-05,65.5,sensitive,potato,1,18.0,0.0,sand,medium,77,drip,river_pump,21.3,0
farm_7,farm_7_field_1,2025-07-06,57.6,sensitive,potato,2,18.0,0.7,sand,medium,78,drip,river_pump,21.3,1
farm_7,farm_7_field_1,2025-07-07,74.3,sensitive,potato,1,18.0,0.3,sand,medium,79,drip,river_pump,21.3,0
farm_7,farm_7_field_1,2025-07-08,59.1,sensitive,potato,2,18.0,0.1,sand,medium,80,drip,river_pump,21.3,0
farm_7,farm_7_field_1,2025-07-09,61.8,sensitive,potato,3,18.0,0.8,sand,medium,81,drip,river_pump,21.3,1
farm_7,farm_7_field_1,2025-07-10,53.3,sensitive,potato,4,18.0,0.3,sand,medium,82,drip,river_pump,21.3,1
farm_7,farm_7_field_1,2025-07-11,44.7,sensitive,potato,5,18.0,0.4,sand,medium,83,drip,river_pump,21.3,2
farm_7,farm_7_field_1,2025-07-12,,sensitive,potato,1,18.0,0.0,sand,medium,84,drip,river_pump,21.3,1
farm_7,farm_7_field_1,2025-07-13,53.2,sensitive,potato,2,18.0,0.0,sand,medium,85,drip,river_pump,21.3,1
farm_7,farm_7_field_1,2025-07-14,52.9,sensitive,potato,3,18.0,0.0,sand,medium,86,drip,river_pump,21.3,1
farm_7,farm_7_field_1,2025-07-15,69.0,sensitive,potato,1,18.0,0.0,sand,medium,87,drip,river_pump,21.3,0
farm_7,farm_7_field_1,2025-07-16,62.9,sensitive,potato,2,18.0,0.0,sand,medium,88,drip,river_pump,21.3,1
farm_7,farm_7_field_1,2025-07-17,75.4,sensitive,potato,1,15.8,0.0,sand,medium,89,drip,river_pump,21.3,0
farm_7,farm_7_field_1,2025-07-18,74.4,sensitive,potato,2,15.8,2.3,sand,medium,90,drip,river_pump,21.3,0
farm_7,farm_7_field_1,2025-07-19,69.4,sensitive,potato,3,15.8,8.3,sand,medium,91,drip,river_pump,21.3,0
farm_7,farm_7_field_1,2025-07-20,75.0,sensitive,potato,4,15.8,0.0,sand,medium,92,drip,river_pump,21.3,0
farm_7,farm_7_field_1,2025-07-21,62.7,sensitive,potato,5,15.8,0.5,sand,medium,93,drip,river_pump,21.3,0
farm_7,farm_7_field_1,2025-07-22,61.2,sensitive,potato,6,15.8,0.0,sand,medium,94,drip,river_pump,21.3,1
farm_7,farm_7_field_1,2025-07-23,58.2,sensitive,potato,7,15.8,0.5,sand,medium,95,drip,river_pump,21.3,1
farm_7,farm_7_field_1,2025-07-24,77.1,sensitive,potato,1,18.0,0.0,sand,medium,96,drip,river_pump,21.3,0
farm_7,farm_7_field_1,2025-07-25,70.1,sensitive,potato,2,18.0,0.2,sand,medium,97,drip,river_pump,21.3,0
farm_7,farm_7_field_1,2025-07-26,56.1,sensitive,potato,3,18.0,0.1,sand,medium,98,drip,river_pump,21.3,1
farm_7,farm_7_field_1,2025-07-27,75.3,sensitive,potato,1,16.3,1.4,sand,medium,99,drip,river_pump,21.3,0
farm_7,farm_7_field_1,2025-07-28,72.3,late,potato,2,16.3,0.2,sand,medium,100,drip,river_pump,21.3,0
farm_7,farm_7_field_1,2025-07-29,72.3,late,potato,3,16.3,5.6,sand,medium,101,drip,river_pump,21.3,0
farm_7,farm_7_field_1,2025-07-30,72.3,late,potato,4,16.3,0.7,sand,medium,102,drip,river_pump,21.3,0
farm_7,farm_7_field_1,2025-07-31,72.3,late,potato,5,16.3,0.6,sand,medium,103,drip,river_pump,21.3,0
farm_7,farm_7_field_1,2025-08-01,72.3,late,potato,6,16.3,0.1,sand,medium,104,drip,river_pump,21.3,0
farm_7,farm_7_field_1,2025-08-02,72.3,late,potato,7,16.3,0.0,sand,medium,105,drip,river_pump,21.3,0
farm_7,farm_7_field_1,2025-08-03,72.3,late,potato,8,16.3,0.0,sand,medium,106,drip,river_pump,21.3,0
farm_7,farm_7_field_1,2025-08-04,54.8,late,potato,9,16.3,0.8,sand,medium,107,drip,river_pump,21.3,0
farm_7,farm_7_field_1,2025-08-05,,late,potato,10,16.3,0.0,sand,medium,108,drip,river_pump,21.3,0
farm_7,farm_7_field_1,2025-08-06,45.7,late,potato,11,16.3,7.0,sand,medium,109,drip,river_pump,21.3,0
farm_7,farm_7_field_1,2025-08-07,57.3,late,potato,12,16.3,0.2,sand,medium,110,drip,river_pump,21.3,0
farm_7,farm_7_field_1,2025-08-08,45.9,late,potato,13,16.3,0.0,sand,medium,111,drip,river_pump,21.3,0
farm_7,farm_7_field_1,2025-08-09,,late,potato,14,16.3,0.0,sand,medium,112,drip,river_pump,21.3,1
farm_7,farm_7_field_1,2025-08-10,38.2,late,potato,15,16.3,0.0,sand,medium,113,drip,river_pump,21.3,1
farm_7,farm_7_field_1,2025-08-11,59.6,late,potato,1,18.0,1.1,sand,medium,114,drip,river_pump,21.3,0
farm_7,farm_7_field_1,2025-08-12,55.9,late,potato,2,18.0,0.0,sand,medium,115,drip,river_pump,21.3,0
farm_7,farm_7_field_1,2025-08-13,51.7,late,potato,3,18.0,0.6,sand,medium,116,drip,river_pump,21.3,0
farm_7,farm_7_field_1,2025-08-14,50.3,late,potato,4,18.0,0.1,sand,medium,117,drip,river_pump,21.3,0
farm_7,farm_7_field_1,2025-08-15,47.4,late,potato,5,18.0,0.0,sand,medium,118,drip,river_pump,21.3,0
farm_7,farm_7_field_1,2025-08-16,38.1,late,potato,6,18.0,0.4,sand,medium,119,drip,river_pump,21.3,1
farm_7,farm_7_field_1,2025-08-17,65.6,late,potato,1,18.0,0.0,sand,medium,120,drip,river_pump,21.3,0
farm_7,farm_7_field_1,2025-08-18,63.1,late,potato,2,18.0,0.2,sand,medium,121,drip,river_pump,21.3,0
farm_7,farm_7_field_1,2025-08-19,55.5,late,potato,3,18.0,0.0,sand,medium,122,drip,river_pump,21.3,0
farm_7,farm_7_field_1,2025-08-20,51.2,late,potato,4,18.0,0.5,sand,medium,123,drip,river_pump,21.3,0
farm_7,farm_7_field_1,2025-08-21,49.8,late,potato,5,18.0,0.6,sand,medium,124,drip,river_pump,21.3,0
farm_7,farm_7_field_1,2025-08-22,51.2,late,potato,6,18.0,0.5,sand,medium,125,drip,river_pump,21.3,0
farm_7,farm_7_field_1,2025-08-23,48.7,late,potato,7,18.0,0.0,sand,medium,126,drip,river_pump,21.3,1
farm_7,farm_7_field_1,2025-08-24,43.9,late,potato,8,18.0,0.3,sand,medium,127,drip,river_pump,21.3,1
farm_7,farm_7_field_1,2025-08-25,68.5,late,potato,1,18.0,0.0,sand,medium,128,drip,river_pump,21.3,0
farm_7,farm_7_field_1,2025-08-26,68.5,late,potato,2,18.0,0.0,sand,medium,129,drip,river_pump,21.3,0
farm_7,farm_7_field_1,2025-08-27,68.5,late,potato,3,18.0,0.0,sand,medium,130,drip,river_pump,21.3,0
farm_7,farm_7_field_1,2025-08-28,68.5,late,potato,4,18.0,13.9,sand,medium,131,drip,river_pump,21.3,0
farm_7,farm_7_field_1,2025-08-29,68.5,late,potato,5,18.0,0.7,sand,medium,132,drip,river_pump,21.3,0
farm_7,farm_7_field_1,2025-08-30,68.5,late,potato,6,18.0,0.4,sand,medium,133,drip,river_pump,21.3,0
farm_7,farm_7_field_1,2025-08-31,56.3,late,potato,7,18.0,1.1,sand,medium,134,drip,river_pump,21.3,0
farm_7,farm_7_field_1,2025-09-01,61.3,late,potato,8,18.0,0.0,sand,medium,135,drip,river_pump,21.3,0
farm_7,farm_7_field_1,2025-09-02,56.9,late,potato,9,18.0,0.0,sand,medium,136,drip,river_pump,21.3,0
farm_7,farm_7_field_1,2025-09-03,53.7,late,potato,10,18.0,1.0,sand,medium,137,drip,river_pump,21.3,0
farm_7,farm_7_field_1,2025-09-04,43.0,late,potato,11,18.0,0.9,sand,medium,138,drip,river_pump,21.3,0
farm_7,farm_7_field_1,2025-09-05,44.5,late,potato,12,18.0,0.0,sand,medium,139,drip,river_pump,21.3,0
farm_7,farm_7_field_1,2025-09-06,45.8,late,potato,13,18.0,0.0,sand,medium,140,drip,river_pump,21.3,1
farm_7,farm_7_field_1,2025-09-07,44.0,late,potato,14,18.0,0.0,sand,medium,141,drip,river_pump,21.3,1
farm_7,farm_7_field_1,2025-09-08,36.2,late,potato,15,18.0,0.0,sand,medium,142,drip,river_pump,21.3,1
farm_7,farm_7_field_1,2025-09-09,60.7,late,potato,1,18.0,0.0,sand,medium,143,drip,river_pump,21.3,0
farm_7,farm_7_field_1,2025-09-10,53.8,late,potato,2,18.0,0.0,sand,medium,144,drip,river_pump,21.3,0
farm_7,farm_7_field_1,2025-09-11,55.9,late,potato,3,18.0,0.2,sand,medium,145,drip,river_pump,21.3,0
farm_7,farm_7_field_1,2025-09-12,53.7,late,potato,4,18.0,0.3,sand,medium,146,drip,river_pump,21.3,0
farm_7,farm_7_field_1,2025-09-13,43.9,late,potato,5,18.0,0.0,sand,medium,147,drip,river_pump,21.3,0
farm_7,farm_7_field_1,2025-09-14,42.7,late,potato,6,18.0,1.5,sand,medium,148,drip,river_pump,21.3,1
farm_7,farm_7_field_1,2025-09-15,69.0,late,potato,1,18.0,0.3,sand,medium,149,drip,river_pump,21.3,0
farm_7,farm_7_field_1,2025-09-16,61.1,late,potato,2,18.0,3.6,sand,medium,150,drip,river_pump,21.3,0
farm_7,farm_7_field_1,2025-09-17,69.6,late,potato,3,18.0,2.0,sand,medium,151,drip,river_pump,21.3,0
farm_7,farm_7_field_1,2025-09-18,66.5,late,potato,4,18.0,0.4,sand,medium,152,drip,river_pump,21.3,0
farm_7,farm_7_field_1,2025-09-19,65.3,late,potato,5,18.0,0.1,sand,medium,153,drip,river_pump,21.3,0
farm_7,farm_7_field_1,2025-09-20,61.0,late,potato,6,18.0,0.0,sand,medium,154,drip,river_pump,21.3,0
farm_7,farm_7_field_1,2025-09-21,60.6,late,potato,7,18.0,0.5,sand,medium,155,drip,river_pump,21.3,0
farm_7,farm_7_field_1,2025-09-22,55.1,late,potato,8,18.0,0.2,sand,medium,156,drip,river_pump,21.3,0
farm_7,farm_7_field_1,2025-09-23,55.1,late,potato,9,18.0,0.2,sand,medium,157,drip,river_pump,21.3,0
farm_7,farm_7_field_1,2025-09-24,55.1,late,potato,10,18.0,0.0,sand,medium,158,drip,river_pump,21.3,0
farm_7,farm_7_field_1,2025-09-25,55.1,late,potato,11,18.0,0.0,sand,medium,159,drip,river_pump,21.3,0
farm_7,farm_7_field_1,2025-09-26,55.1,late,potato,12,18.0,0.1,sand,medium,160,drip,river_pump,21.3,0
farm_7,farm_7_field_1,2025-09-27,44.7,late,potato,13,18.0,0.3,sand,medium,161,drip,river_pump,21.3,1
farm_7,farm_7_field_1,2025-09-28,70.1,late,potato,1,18.0,0.6,sand,medium,162,drip,river_pump,21.3,0
farm_7,farm_7_field_1,2025-09-29,66.8,late,potato,2,18.0,0.0,sand,medium,163,drip,river_pump,21.3,0
farm_7,farm_7_field_1,2025-09-30,61.0,late,potato,3,18.0,0.8,sand,medium,164,drip,river_pump,21.3,0
farm_7,farm_7_field_1,2026-04-19,66.9,initial,potato,0,0.0,0.0,sand,medium,0,drip,river_pump,21.3,0
farm_7,farm_7_field_1,2026-04-20,69.5,initial,potato,1,0.0,0.8,sand,medium,1,drip,river_pump,21.3,0
farm_7,farm_7_field_1,2026-04-21,67.6,initial,potato,2,0.0,0.0,sand,medium,2,drip,river_pump,21.3,0
farm_7,farm_7_field_1,2026-04-22,68.8,initial,potato,3,0.0,0.0,sand,medium,3,drip,river_pump,21.3,0
farm_7,farm_7_field_1,2026-04-23,59.7,initial,potato,4,0.0,0.2,sand,medium,4,drip,river_pump,21.3,0
farm_7,farm_7_field_1,2026-04-24,61.5,initial,potato,5,0.0,0.1,sand,medium,5,drip,river_pump,21.3,0
farm_7,farm_7_field_1,2026-04-25,60.2,initial,potato,6,0.0,0.0,sand,medium,6,drip,river_pump,21.3,0
farm_7,farm_7_field_1,2026-04-26,57.8,initial,potato,7,0.0,0.4,sand,medium,7,drip,river_pump,21.3,0
farm_7,farm_7_field_1,2026-04-27,58.6,initial,potato,8,0.0,0.1,sand,medium,8,drip,river_pump,21.3,0
farm_7,farm_7_field_1,2026-04-28,54.5,initial,potato,9,0.0,0.3,sand,medium,9,drip,river_pump,21.3,0
farm_7,farm_7_field_1,2026-04-29,58.1,initial,potato,10,0.0,0.7,sand,medium,10,drip,river_pump,21.3,0
farm_7,farm_7_field_1,2026-04-30,56.4,initial,potato,11,0.0,0.0,sand,medium,11,drip,river_pump,21.3,0
farm_7,farm_7_field_1,2026-05-01,52.0,initial,potato,12,0.0,0.0,sand,medium,12,drip,river_pump,21.3,0
farm_7,farm_7_field_1,2026-05-02,53.5,initial,potato,13,0.0,0.2,sand,medium,13,drip,river_pump,21.3,0
farm_7,farm_7_field_1,2026-05-03,46.9,initial,potato,14,0.0,7.2,sand,medium,14,drip,river_pump,21.3,1
farm_7,farm_7_field_1,2026-05-04,84.6,initial,potato,1,18.0,0.5,sand,medium,15,drip,river_pump,21.3,0
farm_7,farm_7_field_1,2026-05-05,79.0,initial,potato,2,18.0,3.2,sand,medium,16,drip,river_pump,21.3,0
farm_7,farm_7_field_1,2026-05-06,83.6,initial,potato,3,18.0,0.6,sand,medium,17,drip,river_pump,21.3,0
farm_7,farm_7_field_1,2026-05-07,79.7,initial,potato,4,18.0,6.3,sand,medium,18,drip,river_pump,21.3,0
farm_7,farm_7_field_1,2026-05-08,92.5,initial,potato,5,18.0,0.0,sand,medium,19,drip,river_pump,21.3,0
farm_7,farm_7_field_1,2026-05-09,87.3,initial,potato,6,18.0,0.0,sand,medium,20,drip,river_pump,21.3,0
farm_7,farm_7_field_1,2026-05-10,92.4,initial,potato,7,18.0,0.4,sand,medium,21,drip,river_pump,21.3,0
farm_7,farm_7_field_1,2026-05-11,86.1,initial,potato,8,18.0,0.0,sand,medium,22,drip,river_pump,21.3,0
farm_7,farm_7_field_1,2026-05-12,81.4,initial,potato,9,18.0,0.5,sand,medium,23,drip,river_pump,21.3,0
farm_7,farm_7_field_1,2026-05-13,89.4,initial,potato,10,18.0,2.6,sand,medium,24,drip,river_pump,21.3,0
farm_7,farm_7_field_1,2026-05-14,84.8,development,potato,11,18.0,0.0,sand,medium,25,drip,river_pump,21.3,0
farm_7,farm_7_field_1,2026-05-15,79.9,development,potato,12,18.0,0.0,sand,medium,26,drip,river_pump,21.3,0
farm_7,farm_7_field_1,2026-05-16,79.3,development,potato,13,18.0,0.1,sand,medium,27,drip,river_pump,21.3,0
farm_7,farm_7_field_1,2026-05-17,76.7,development,potato,14,18.0,0.3,sand,medium,28,drip,river_pump,21.3,0
farm_7,farm_7_field_1,2026-05-18,74.1,development,potato,15,18.0,0.0,sand,medium,29,drip,river_pump,21.3,0
farm_7,farm_7_field_1,2026-05-19,63.2,development,potato,16,18.0,0.0,sand,medium,30,drip,river_pump,21.3,0
farm_7,farm_7_field_1,2026-05-20,66.3,development,potato,17,18.0,0.1,sand,medium,31,drip,river_pump,21.3,0
farm_7,farm_7_field_1,2026-05-21,54.8,development,potato,18,18.0,12.0,sand,medium,32,drip,river_pump,21.3,0
farm_7,farm_7_field_1,2026-05-22,73.2,development,potato,19,18.0,3.7,sand,medium,33,drip,river_pump,21.3,0
farm_7,farm_7_field_1,2026-05-23,75.1,development,potato,20,18.0,0.0,sand,medium,34,drip,river_pump,21.3,0
farm_7,farm_7_field_1,2026-05-24,69.6,development,potato,21,18.0,0.0,sand,medium,35,drip,river_pump,21.3,0
farm_7,farm_7_field_1,2026-05-25,68.5,development,potato,22,18.0,0.0,sand,medium,36,drip,river_pump,21.3,0
farm_7,farm_7_field_1,2026-05-26,64.9,development,potato,23,18.0,0.0,sand,medium,37,drip,river_pump,21.3,0
farm_7,farm_7_field_1,2026-05-27,61.1,development,potato,24,18.0,0.0,sand,medium,38,drip,river_pump,21.3,0
farm_7,farm_7_field_1,2026-05-28,59.2,development,potato,25,18.0,0.1,sand,medium,39,drip,river_pump,21.3,0
farm_7,farm_7_field_1,2026-05-29,55.5,development,potato,26,18.0,0.0,sand,medium,40,drip,river_pump,21.3,1
farm_7,farm_7_field_1,2026-05-30,47.2,development,potato,27,18.0,0.1,sand,medium,41,drip,river_pump,21.3,1
farm_7,farm_7_field_1,2026-05-31,44.5,development,potato,28,18.0,0.0,sand,medium,42,drip,river_pump,21.3,1
farm_7,farm_7_field_1,2026-06-01,64.4,development,potato,1,18.0,0.6,sand,medium,43,drip,river_pump,21.3,0
farm_7,farm_7_field_1,2026-06-02,63.3,development,potato,2,18.0,0.3,sand,medium,44,drip,river_pump,21.3,0
farm_7,farm_7_field_1,2026-06-03,65.0,development,potato,3,18.0,0.1,sand,medium,45,drip,river_pump,21.3,0
farm_7,farm_7_field_1,2026-06-04,52.4,development,potato,4,18.0,0.0,sand,medium,46,drip,river_pump,21.3,0
farm_7,farm_7_field_1,2026-06-05,55.9,development,potato,5,18.0,0.0,sand,medium,47,drip,river_pump,21.3,1
farm_7,farm_7_field_1,2026-06-06,52.5,development,potato,6,18.0,3.9,sand,medium,48,drip,river_pump,21.3,1
farm_7,farm_7_field_1,2026-06-07,76.1,development,potato,1,18.0,0.0,sand,medium,49,drip,river_pump,21.3,0
farm_7,farm_7_field_1,2026-06-08,62.8,development,potato,2,18.0,0.0,sand,medium,50,drip,river_pump,21.3,0
farm_7,farm_7_field_1,2026-06-09,68.0,development,potato,3,18.0,0.0,sand,medium,51,drip,river_pump,21.3,0
farm_7,farm_7_field_1,2026-06-10,61.8,development,potato,4,18.0,0.0,sand,medium,52,drip,river_pump,21.3,0
farm_7,farm_7_field_1,2026-06-11,49.8,development,potato,5,18.0,0.0,sand,medium,53,drip,river_pump,21.3,1
farm_7,farm_7_field_1,2026-06-12,71.0,development,potato,1,18.0,0.0,sand,medium,54,drip,river_pump,21.3,0
farm_7,farm_7_field_1,2026-06-13,68.5,sensitive,potato,2,18.0,0.0,sand,medium,55,drip,river_pump,21.3,0
farm_7,farm_7_field_1,2026-06-14,56.3,sensitive,potato,3,18.0,0.9,sand,medium,56,drip,river_pump,21.3,1
farm_7,farm_7_field_1,2026-06-15,74.4,sensitive,potato,1,18.0,0.1,sand,medium,57,drip,river_pump,21.3,0
farm_7,farm_7_field_1,2026-06-16,70.6,sensitive,potato,2,18.0,0.3,sand,medium,58,drip,river_pump,21.3,0
farm_7,farm_7_field_1,2026-06-17,51.6,sensitive,potato,3,18.0,0.0,sand,medium,59,drip,river_pump,21.3,1
farm_7,farm_7_field_1,2026-06-18,73.5,sensitive,potato,1,18.0,0.2,sand,medium,60,drip,river_pump,21.3,0
farm_7,farm_7_field_1,2026-06-19,65.1,sensitive,potato,2,18.0,0.0,sand,medium,61,drip,river_pump,21.3,1
farm_7,farm_7_field_1,2026-06-20,68.9,sensitive,potato,1,14.5,0.0,sand,medium,62,drip,river_pump,21.3,0
farm_7,farm_7_field_1,2026-06-21,67.6,sensitive,potato,2,14.5,0.0,sand,medium,63,drip,river_pump,21.3,0
farm_7,farm_7_field_1,2026-06-22,61.5,sensitive,potato,3,14.5,0.5,sand,medium,64,drip,river_pump,21.3,1
farm_7,farm_7_field_1,2026-06-23,78.3,sensitive,potato,1,18.0,0.0,sand,medium,65,drip,river_pump,21.3,0
farm_7,farm_7_field_1,2026-06-24,69.1,sensitive,potato,2,18.0,0.2,sand,medium,66,drip,river_pump,21.3,0
farm_7,farm_7_field_1,2026-06-25,55.7,sensitive,potato,3,18.0,1.2,sand,medium,67,drip,river_pump,21.3,1
farm_7,farm_7_field_1,2026-06-26,56.2,sensitive,potato,4,18.0,0.1,sand,medium,68,drip,river_pump,21.3,1
farm_7,farm_7_field_1,2026-06-27,43.4,sensitive,potato,5,18.0,0.0,sand,medium,69,drip,river_pump,21.3,2
farm_7,farm_7_field_1,2026-06-28,48.5,sensitive,potato,1,18.0,0.0,sand,medium,70,drip,river_pump,21.3,1
farm_7,farm_7_field_1,2026-06-29,47.3,sensitive,potato,2,18.0,0.2,sand,medium,71,drip,river_pump,21.3,2
farm_7,farm_7_field_1,2026-06-30,68.0,sensitive,potato,1,18.0,0.0,sand,medium,72,drip,river_pump,21.3,1
farm_7,farm_7_field_1,2026-07-01,71.6,sensitive,potato,1,15.9,0.8,sand,medium,73,drip,river_pump,21.3,0
farm_7,farm_7_field_1,2026-07-02,59.9,sensitive,potato,2,15.9,0.2,sand,medium,74,drip,river_pump,21.3,1
farm_7,farm_7_field_1,2026-07-03,77.2,sensitive,potato,1,14.4,0.2,sand,medium,75,drip,river_pump,21.3,0
farm_7,farm_7_field_1,2026-07-04,67.4,sensitive,potato,2,14.4,0.0,sand,medium,76,drip,river_pump,21.3,0
farm_7,farm_7_field_1,2026-07-05,47.7,sensitive,potato,3,14.4,0.0,sand,medium,77,drip,river_pump,21.3,1
farm_7,farm_7_field_1,2026-07-06,71.0,sensitive,potato,1,18.0,0.1,sand,medium,78,drip,river_pump,21.3,0
farm_7,farm_7_field_1,2026-07-07,57.2,sensitive,potato,2,18.0,0.2,sand,medium,79,drip,river_pump,21.3,1
farm_7,farm_7_field_1,2026-07-08,57.4,sensitive,potato,3,18.0,0.7,sand,medium,80,drip,river_pump,21.3,1
farm_7,farm_7_field_1,2026-07-09,66.8,sensitive,potato,1,18.0,0.1,sand,medium,81,drip,river_pump,21.3,0
farm_7,farm_7_field_1,2026-07-10,60.4,sensitive,potato,2,18.0,0.5,sand,medium,82,drip,river_pump,21.3,1
farm_7,farm_7_field_1,2026-07-11,45.5,sensitive,potato,3,18.0,0.6,sand,medium,83,drip,river_pump,21.3,2
farm_7,farm_7_field_1,2026-07-12,62.3,sensitive,potato,1,18.0,0.2,sand,medium,84,drip,river_pump,21.3,0
farm_7,farm_7_field_1,2026-07-13,58.9,sensitive,potato,2,18.0,0.0,sand,medium,85,drip,river_pump,21.3,1
farm_7,farm_7_field_1,2026-07-14,71.6,sensitive,potato,1,18.0,0.2,sand,medium,86,drip,river_pump,21.3,0
farm_7,farm_7_field_1,2026-07-15,58.9,sensitive,potato,2,18.0,0.0,sand,medium,87,drip,river_pump,21.3,1
farm_7,farm_7_field_1,2026-07-16,52.7,sensitive,potato,3,18.0,0.7,sand,medium,88,drip,river_pump,21.3,1
farm_7,farm_7_field_1,2026-07-17,73.7,sensitive,potato,1,18.0,0.0,sand,medium,89,drip,river_pump,21.3,0
farm_7,farm_7_field_1,2026-07-18,61.0,sensitive,potato,2,18.0,0.0,sand,medium,90,drip,river_pump,21.3,1
farm_7,farm_7_field_1,2026-07-19,51.2,sensitive,potato,3,18.0,0.8,sand,medium,91,drip,river_pump,21.3,1
farm_7,farm_7_field_1,2026-07-20,41.8,sensitive,potato,4,18.0,0.0,sand,medium,92,drip,river_pump,21.3,2
farm_7,farm_7_field_1,2026-07-21,61.3,sensitive,potato,1,18.0,0.8,sand,medium,93,drip,river_pump,21.3,1
farm_7,farm_7_field_1,2026-07-22,54.6,sensitive,potato,2,18.0,0.0,sand,medium,94,drip,river_pump,21.3,1
farm_7,farm_7_field_1,2026-07-23,45.2,sensitive,potato,3,18.0,0.0,sand,medium,95,drip,river_pump,21.3,2
farm_7,farm_7_field_1,2026-07-24,56.7,sensitive,potato,1,18.0,0.1,sand,medium,96,drip,river_pump,21.3,1
farm_7,farm_7_field_1,2026-07-25,46.0,sensitive,potato,2,18.0,0.0,sand,medium,97,drip,river_pump,21.3,1
farm_7,farm_7_field_1,2026-07-26,42.1,sensitive,potato,3,18.0,0.3,sand,medium,98,drip,river_pump,21.3,2
farm_7,farm_7_field_1,2026-07-27,,sensitive,potato,1,18.0,0.4,sand,medium,99,drip,river_pump,21.3,1
farm_7,farm_7_field_1,2026-07-28,77.6,late,potato,1,17.7,0.5,sand,medium,100,drip,river_pump,21.3,0
farm_7,farm_7_field_1,2026-07-29,68.2,late,potato,2,17.7,0.1,sand,medium,101,drip,river_pump,21.3,0
farm_7,farm_7_field_1,2026-07-30,62.1,late,potato,3,17.7,0.0,sand,medium,102,drip,river_pump,21.3,0
farm_7,farm_7_field_1,2026-07-31,57.8,late,potato,4,17.7,5.7,sand,medium,103,drip,river_pump,21.3,0
farm_7,farm_7_field_1,2026-08-01,62.8,late,potato,5,17.7,0.0,sand,medium,104,drip,river_pump,21.3,0
farm_7,farm_7_field_1,2026-08-02,53.9,late,potato,6,17.7,0.3,sand,medium,105,drip,river_pump,21.3,0
farm_7,farm_7_field_1,2026-08-03,54.4,late,potato,7,17.7,6.6,sand,medium,106,drip,river_pump,21.3,0
farm_7,farm_7_field_1,2026-08-04,57.6,late,potato,8,17.7,0.1,sand,medium,107,drip,river_pump,21.3,0
farm_7,farm_7_field_1,2026-08-05,47.1,late,potato,9,17.7,0.6,sand,medium,108,drip,river_pump,21.3,0
farm_7,farm_7_field_1,2026-08-06,51.2,late,potato,10,17.7,0.3,sand,medium,109,drip,river_pump,21.3,0
farm_7,farm_7_field_1,2026-08-07,41.4,late,potato,11,17.7,0.0,sand,medium,110,drip,river_pump,21.3,1
farm_7,farm_7_field_1,2026-08-08,63.1,late,potato,1,18.0,0.0,sand,medium,111,drip,river_pump,21.3,0
farm_7,farm_7_field_1,2026-08-09,57.1,late,potato,2,18.0,0.0,sand,medium,112,drip,river_pump,21.3,0
farm_7,farm_7_field_1,2026-08-10,50.4,late,potato,3,18.0,1.7,sand,medium,113,drip,river_pump,21.3,0
farm_7,farm_7_field_1,2026-08-11,50.2,late,potato,4,18.0,0.0,sand,medium,114,drip,river_pump,21.3,0
farm_7,farm_7_field_1,2026-08-12,45.2,late,potato,5,18.0,0.0,sand,medium,115,drip,river_pump,21.3,0
farm_7,farm_7_field_1,2026-08-13,39.5,late,potato,6,18.0,0.0,sand,medium,116,drip,river_pump,21.3,1
farm_7,farm_7_field_1,2026-08-14,,late,potato,1,18.0,0.0,sand,medium,117,drip,river_pump,21.3,0
farm_7,farm_7_field_1,2026-08-15,54.5,late,potato,2,18.0,0.0,sand,medium,118,drip,river_pump,21.3,0
farm_7,farm_7_field_1,2026-08-16,48.5,late,potato,3,18.0,0.0,sand,medium,119,drip,river_pump,21.3,0
farm_7,farm_7_field_1,2026-08-17,47.2,late,potato,4,18.0,0.3,sand,medium,120,drip,river_pump,21.3,0
farm_7,farm_7_field_1,2026-08-18,39.8,late,potato,5,18.0,0.0,sand,medium,121,drip,river_pump,21.3,1
farm_7,farm_7_field_1,2026-08-19,38.7,late,potato,6,18.0,0.0,sand,medium,122,drip,river_pump,21.3,1
farm_7,farm_7_field_1,2026-08-20,58.7,late,potato,1,18.0,2.1,sand,medium,123,drip,river_pump,21.3,0
farm_7,farm_7_field_1,2026-08-21,61.8,late,potato,2,18.0,0.0,sand,medium,124,drip,river_pump,21.3,0
farm_7,farm_7_field_1,2026-08-22,51.6,late,potato,3,18.0,0.0,sand,medium,125,drip,river_pump,21.3,0
farm_7,farm_7_field_1,2026-08-23,45.0,late,potato,4,18.0,0.0,sand,medium,126,drip,river_pump,21.3,0
farm_7,farm_7_field_1,2026-08-24,45.0,late,potato,5,18.0,0.3,sand,medium,127,drip,river_pump,21.3,0
farm_7,farm_7_field_1,2026-08-25,45.0,late,potato,6,18.0,0.0,sand,medium,128,drip,river_pump,21.3,1
farm_7,farm_7_field_1,2026-08-26,45.0,late,potato,7,18.0,0.0,sand,medium,129,drip,river_pump,21.3,1
farm_7,farm_7_field_1,2026-08-27,45.0,late,potato,1,18.0,0.3,sand,medium,130,drip,river_pump,21.3,0
farm_7,farm_7_field_1,2026-08-28,45.0,late,potato,2,18.0,2.9,sand,medium,131,drip,river_pump,21.3,0
farm_7,farm_7_field_1,2026-08-29,54.5,late,potato,3,18.0,0.0,sand,medium,132,drip,river_pump,21.3,0
farm_7,farm_7_field_1,2026-08-30,51.5,late,potato,4,18.0,0.0,sand,medium,133,drip,river_pump,21.3,0
farm_7,farm_7_field_1,2026-08-31,46.9,late,potato,5,18.0,0.3,sand,medium,134,drip,river_pump,21.3,0
farm_7,farm_7_field_1,2026-09-01,49.4,late,potato,6,18.0,0.3,sand,medium,135,drip,river_pump,21.3,1
farm_7,farm_7_field_1,2026-09-02,63.8,late,potato,1,18.0,0.3,sand,medium,136,drip,river_pump,21.3,0
farm_7,farm_7_field_1,2026-09-03,63.1,late,potato,2,18.0,0.0,sand,medium,137,drip,river_pump,21.3,0
farm_7,farm_7_field_1,2026-09-04,66.0,late,potato,3,18.0,0.0,sand,medium,138,drip,river_pump,21.3,0
farm_7,farm_7_field_1,2026-09-05,59.9,late,potato,4,18.0,0.0,sand,medium,139,drip,river_pump,21.3,0
farm_7,farm_7_field_1,2026-09-06,54.6,late,potato,5,18.0,0.0,sand,medium,140,drip,river_pump,21.3,0
farm_7,farm_7_field_1,2026-09-07,47.0,late,potato,6,18.0,0.3,sand,medium,141,drip,river_pump,21.3,0
farm_7,farm_7_field_1,2026-09-08,48.7,late,potato,7,18.0,0.0,sand,medium,142,drip,river_pump,21.3,0
farm_7,farm_7_field_1,2026-09-09,46.4,late,potato,8,18.0,0.2,sand,medium,143,drip,river_pump,21.3,1
farm_7,farm_7_field_1,2026-09-10,43.2,late,potato,9,18.0,0.0,sand,medium,144,drip,river_pump,21.3,1
farm_7,farm_7_field_1,2026-09-11,32.7,late,potato,10,18.0,0.0,sand,medium,145,drip,river_pump,21.3,1
farm_7,farm_7_field_1,2026-09-12,35.0,late,potato,11,18.0,0.5,sand,medium,146,drip,river_pump,21.3,1
farm_7,farm_7_field_1,2026-09-13,55.7,late,potato,1,18.0,0.0,sand,medium,147,drip,river_pump,21.3,0
farm_7,farm_7_field_1,2026-09-14,54.9,late,potato,2,18.0,0.5,sand,medium,148,drip,river_pump,21.3,0
farm_7,farm_7_field_1,2026-09-15,44.7,late,potato,3,18.0,0.0,sand,medium,149,drip,river_pump,21.3,0
farm_7,farm_7_field_1,2026-09-16,40.6,late,potato,4,18.0,0.0,sand,medium,150,drip,river_pump,21.3,0
farm_7,farm_7_field_1,2026-09-17,40.6,late,potato,5,18.0,0.0,sand,medium,151,drip,river_pump,21.3,1
farm_7,farm_7_field_1,2026-09-18,40.6,late,potato,6,18.0,1.0,sand,medium,152,drip,river_pump,21.3,1
farm_7,farm_7_field_1,2026-09-19,40.6,late,potato,7,18.0,0.0,sand,medium,153,drip,river_pump,21.3,1
farm_7,farm_7_field_1,2026-09-20,40.6,late,potato,8,18.0,0.0,sand,medium,154,drip,river_pump,21.3,1
farm_7,farm_7_field_1,2026-09-21,40.6,late,potato,9,18.0,0.1,sand,medium,155,drip,river_pump,21.3,1
farm_7,farm_7_field_1,2026-09-22,40.6,late,potato,10,18.0,0.0,sand,medium,156,drip,river_pump,21.3,2
farm_7,farm_7_field_1,2026-09-23,40.6,late,potato,1,18.0,0.0,sand,medium,157,drip,river_pump,21.3,0
farm_7,farm_7_field_1,2026-09-24,40.6,late,potato,2,18.0,0.2,sand,medium,158,drip,river_pump,21.3,0
farm_7,farm_7_field_1,2026-09-25,40.6,late,potato,3,18.0,0.0,sand,medium,159,drip,river_pump,21.3,0
farm_7,farm_7_field_1,2026-09-26,40.6,late,potato,4,18.0,0.0,sand,medium,160,drip,river_pump,21.3,1
farm_7,farm_7_field_1,2026-09-27,63.9,late,potato,1,18.0,3.1,sand,medium,161,drip,river_pump,21.3,0
farm_7,farm_7_field_1,2026-09-28,67.8,late,potato,2,18.0,0.3,sand,medium,162,drip,river_pump,21.3,0
farm_7,farm_7_field_1,2026-09-29,64.7,late,potato,3,18.0,0.1,sand,medium,163,drip,river_pump,21.3,0
farm_7,farm_7_field_1,2026-09-30,59.7,late,potato,4,18.0,0.0,sand,medium,164,drip,river_pump,21.3,0
farm_7,farm_7_field_2,2025-05-03,87.6,initial,maize,0,0.0,2.4,loamy_sand,early,0,pivot,river_pump,29.3,0
farm_7,farm_7_field_2,2025-05-04,84.3,initial,maize,1,0.0,0.1,loamy_sand,early,1,pivot,river_pump,29.3,0
farm_7,farm_7_field_2,2025-05-05,83.4,initial,maize,2,0.0,0.0,loamy_sand,early,2,pivot,river_pump,29.3,0
farm_7,farm_7_field_2,2025-05-06,80.3,initial,maize,3,0.0,0.0,loamy_sand,early,3,pivot,river_pump,29.3,0
farm_7,farm_7_field_2,2025-05-07,78.8,initial,maize,4,0.0,0.1,loamy_sand,early,4,pivot,river_pump,29.3,0
farm_7,farm_7_field_2,2025-05-08,79.1,initial,maize,5,0.0,0.1,loamy_sand,early,5,pivot,river_pump,29.3,0
farm_7,farm_7_field_2,2025-05-09,72.1,initial,maize,6,0.0,0.7,loamy_sand,early,6,pivot,river_pump,29.3,0
farm_7,farm_7_field_2,2025-05-10,75.5,initial,maize,7,0.0,0.0,loamy_sand,early,7,pivot,river_pump,29.3,0
farm_7,farm_7_field_2,2025-05-11,82.2,initial,maize,8,0.0,0.0,loamy_sand,early,8,pivot,river_pump,29.3,0
farm_7,farm_7_field_2,2025-05-12,74.5,initial,maize,9,0.0,0.0,loamy_sand,early,9,pivot,river_pump,29.3,0
farm_7,farm_7_field_2,2025-05-13,71.3,initial,maize,10,0.0,0.0,loamy_sand,early,10,pivot,river_pump,29.3,0
farm_7,farm_7_field_2,2025-05-14,74.0,initial,maize,11,0.0,0.0,loamy_sand,early,11,pivot,river_pump,29.3,0
farm_7,farm_7_field_2,2025-05-15,73.6,initial,maize,12,0.0,0.5,loamy_sand,early,12,pivot,river_pump,29.3,0
farm_7,farm_7_field_2,2025-05-16,77.8,initial,maize,13,0.0,0.1,loamy_sand,early,13,pivot,river_pump,29.3,0
farm_7,farm_7_field_2,2025-05-17,70.9,initial,maize,14,0.0,5.5,loamy_sand,early,14,pivot,river_pump,29.3,0
farm_7,farm_7_field_2,2025-05-18,83.0,initial,maize,15,0.0,1.6,loamy_sand,early,15,pivot,river_pump,29.3,0
farm_7,farm_7_field_2,2025-05-19,71.1,initial,maize,16,0.0,7.9,loamy_sand,early,16,pivot,river_pump,29.3,0
farm_7,farm_7_field_2,2025-05-20,85.7,initial,maize,17,0.0,0.0,loamy_sand,early,17,pivot,river_pump,29.3,0
farm_7,farm_7_field_2,2025-05-21,76.6,initial,maize,18,0.0,4.3,loamy_sand,early,18,pivot,river_pump,29.3,0
farm_7,farm_7_field_2,2025-05-22,87.3,initial,maize,19,0.0,0.5,loamy_sand,early,19,pivot,river_pump,29.3,0
farm_7,farm_7_field_2,2025-05-23,89.0,initial,maize,20,0.0,0.2,loamy_sand,early,20,pivot,river_pump,29.3,0
farm_7,farm_7_field_2,2025-05-24,85.9,initial,maize,21,0.0,0.2,loamy_sand,early,21,pivot,river_pump,29.3,0
farm_7,farm_7_field_2,2025-05-25,84.5,initial,maize,22,0.0,2.7,loamy_sand,early,22,pivot,river_pump,29.3,0
farm_7,farm_7_field_2,2025-05-26,84.6,initial,maize,23,0.0,0.5,loamy_sand,early,23,pivot,river_pump,29.3,0
farm_7,farm_7_field_2,2025-05-27,89.3,initial,maize,24,0.0,0.0,loamy_sand,early,24,pivot,river_pump,29.3,0
farm_7,farm_7_field_2,2025-05-28,87.1,initial,maize,25,0.0,0.0,loamy_sand,early,25,pivot,river_pump,29.3,0
farm_7,farm_7_field_2,2025-05-29,87.9,development,maize,26,0.0,0.2,loamy_sand,early,26,pivot,river_pump,29.3,0
farm_7,farm_7_field_2,2025-05-30,78.7,development,maize,27,0.0,0.4,loamy_sand,early,27,pivot,river_pump,29.3,0
farm_7,farm_7_field_2,2025-05-31,78.2,development,maize,28,0.0,0.0,loamy_sand,early,28,pivot,river_pump,29.3,0
farm_7,farm_7_field_2,2025-06-01,,development,maize,29,0.0,0.0,loamy_sand,early,29,pivot,river_pump,29.3,0
farm_7,farm_7_field_2,2025-06-02,70.2,development,maize,30,0.0,0.9,loamy_sand,early,30,pivot,river_pump,29.3,0
farm_7,farm_7_field_2,2025-06-03,65.0,development,maize,31,0.0,0.7,loamy_sand,early,31,pivot,river_pump,29.3,0
farm_7,farm_7_field_2,2025-06-04,61.3,development,maize,32,0.0,0.7,loamy_sand,early,32,pivot,river_pump,29.3,0
farm_7,farm_7_field_2,2025-06-05,61.7,development,maize,33,0.0,0.0,loamy_sand,early,33,pivot,river_pump,29.3,0
farm_7,farm_7_field_2,2025-06-06,63.5,development,maize,34,0.0,0.5,loamy_sand,early,34,pivot,river_pump,29.3,0
farm_7,farm_7_field_2,2025-06-07,59.7,development,maize,35,0.0,16.1,loamy_sand,early,35,pivot,river_pump,29.3,0
farm_7,farm_7_field_2,2025-06-08,68.7,development,maize,36,0.0,15.2,loamy_sand,early,36,pivot,river_pump,29.3,0
farm_7,farm_7_field_2,2025-06-09,85.7,development,maize,37,0.0,0.0,loamy_sand,early,37,pivot,river_pump,29.3,0
farm_7,farm_7_field_2,2025-06-10,80.5,development,maize,38,0.0,0.1,loamy_sand,early,38,pivot,river_pump,29.3,0
farm_7,farm_7_field_2,2025-06-11,79.0,development,maize,39,0.0,0.0,loamy_sand,early,39,pivot,river_pump,29.3,0
farm_7,farm_7_field_2,2025-06-12,76.4,development,maize,40,0.0,0.0,loamy_sand,early,40,pivot,river_pump,29.3,0
farm_7,farm_7_field_2,2025-06-13,70.6,development,maize,41,0.0,0.0,loamy_sand,early,41,pivot,river_pump,29.3,0
farm_7,farm_7_field_2,2025-06-14,65.9,development,maize,42,0.0,0.0,loamy_sand,early,42,pivot,river_pump,29.3,0
farm_7,farm_7_field_2,2025-06-15,61.8,development,maize,43,0.0,0.4,loamy_sand,early,43,pivot,river_pump,29.3,0
farm_7,farm_7_field_2,2025-06-16,57.1,development,maize,44,0.0,0.3,loamy_sand,early,44,pivot,river_pump,29.3,0
farm_7,farm_7_field_2,2025-06-17,59.8,development,maize,45,0.0,1.8,loamy_sand,early,45,pivot,river_pump,29.3,0
farm_7,farm_7_field_2,2025-06-18,59.6,development,maize,46,0.0,18.9,loamy_sand,early,46,pivot,river_pump,29.3,0
farm_7,farm_7_field_2,2025-06-19,72.9,development,maize,47,0.0,0.0,loamy_sand,early,47,pivot,river_pump,29.3,0
farm_7,farm_7_field_2,2025-06-20,70.5,development,maize,48,0.0,0.2,loamy_sand,early,48,pivot,river_pump,29.3,0
farm_7,farm_7_field_2,2025-06-21,64.7,development,maize,49,0.0,0.0,loamy_sand,early,49,pivot,river_pump,29.3,0
farm_7,farm_7_field_2,2025-06-22,64.7,development,maize,50,0.0,0.4,loamy_sand,early,50,pivot,river_pump,29.3,0
farm_7,farm_7_field_2,2025-06-23,53.2,development,maize,51,0.0,0.0,loamy_sand,early,51,pivot,river_pump,29.3,0
farm_7,farm_7_field_2,2025-06-24,56.4,development,maize,52,0.0,0.0,loamy_sand,early,52,pivot,river_pump,29.3,0
farm_7,farm_7_field_2,2025-06-25,52.8,development,maize,53,0.0,0.0,loamy_sand,early,53,pivot,river_pump,29.3,0
farm_7,farm_7_field_2,2025-06-26,54.2,development,maize,54,0.0,0.1,loamy_sand,early,54,pivot,river_pump,29.3,1
farm_7,farm_7_field_2,2025-06-27,,development,maize,55,0.0,0.3,loamy_sand,early,55,pivot,river_pump,29.3,1
farm_7,farm_7_field_2,2025-06-28,,development,maize,56,0.0,2.1,loamy_sand,early,56,pivot,river_pump,29.3,1
farm_7,farm_7_field_2,2025-06-29,70.5,development,maize,1,30.0,0.0,loamy_sand,early,57,pivot,river_pump,29.3,0
farm_7,farm_7_field_2,2025-06-30,72.7,development,maize,2,30.0,0.3,loamy_sand,early,58,pivot,river_pump,29.3,0
farm_7,farm_7_field_2,2025-07-01,69.1,development,maize,3,30.0,0.4,loamy_sand,early,59,pivot,river_pump,29.3,0
farm_7,farm_7_field_2,2025-07-02,66.1,sensitive,maize,4,30.0,0.0,loamy_sand,early,60,pivot,river_pump,29.3,0
farm_7,farm_7_field_2,2025-07-03,56.9,sensitive,maize,5,30.0,0.0,loamy_sand,early,61,pivot,river_pump,29.3,1
farm_7,farm_7_field_2,2025-07-04,50.5,sensitive,maize,6,30.0,0.2,loamy_sand,early,62,pivot,river_pump,29.3,1
farm_7,farm_7_field_2,2025-07-05,47.3,sensitive,maize,7,30.0,0.0,loamy_sand,early,63,pivot,river_pump,29.3,2
farm_7,farm_7_field_2,2025-07-06,65.8,sensitive,maize,1,30.0,0.7,loamy_sand,early,64,pivot,river_pump,29.3,0
farm_7,farm_7_field_2,2025-07-07,59.4,sensitive,maize,2,30.0,0.3,loamy_sand,early,65,pivot,river_pump,29.3,1
farm_7,farm_7_field_2,2025-07-08,51.9,sensitive,maize,3,30.0,0.1,loamy_sand,early,66,pivot,river_pump,29.3,1
farm_7,farm_7_field_2,2025-07-09,45.9,sensitive,maize,4,30.0,0.8,loamy_sand,early,67,pivot,river_pump,29.3,2
farm_7,farm_7_field_2,2025-07-10,72.9,sensitive,maize,1,30.0,0.3,loamy_sand,early,68,pivot,river_pump,29.3,0
farm_7,farm_7_field_2,2025-07-11,66.3,sensitive,maize,2,30.0,0.4,loamy_sand,early,69,pivot,river_pump,29.3,0
farm_7,farm_7_field_2,2025-07-12,58.2,sensitive,maize,3,30.0,0.0,loamy_sand,early,70,pivot,river_pump,29.3,1
farm_7,farm_7_field_2,2025-07-13,52.1,sensitive,maize,4,30.0,0.0,loamy_sand,early,71,pivot,river_pump,29.3,1
farm_7,farm_7_field_2,2025-07-14,48.0,sensitive,maize,5,30.0,0.0,loamy_sand,early,72,pivot,river_pump,29.3,2
farm_7,farm_7_field_2,2025-07-15,76.1,sensitive,maize,1,30.0,0.0,loamy_sand,early,73,pivot,river_pump,29.3,0
farm_7,farm_7_field_2,2025-07-16,68.9,sensitive,maize,2,30.0,0.0,loamy_sand,early,74,pivot,river_pump,29.3,0
farm_7,farm_7_field_2,2025-07-17,62.4,sensitive,maize,3,30.0,0.0,loamy_sand,early,75,pivot,river_pump,29.3,1
farm_7,farm_7_field_2,2025-07-18,75.6,sensitive,maize,1,28.1,2.3,loamy_sand,early,76,pivot,river_pump,29.3,0
farm_7,farm_7_field_2,2025-07-19,81.8,sensitive,maize,2,28.1,8.3,loamy_sand,early,77,pivot,river_pump,29.3,0
farm_7,farm_7_field_2,2025-07-20,83.2,sensitive,maize,3,28.1,0.0,loamy_sand,early,78,pivot,river_pump,29.3,0
farm_7,farm_7_field_2,2025-07-21,77.1,sensitive,maize,4,28.1,0.5,loamy_sand,early,79,pivot,river_pump,29.3,0
farm_7,farm_7_field_2,2025-07-22,73.6,sensitive,maize,5,28.1,0.0,loamy_sand,early,80,pivot,river_pump,29.3,0
farm_7,farm_7_field_2,2025-07-23,70.5,sensitive,maize,6,28.1,0.5,loamy_sand,early,81,pivot,river_pump,29.3,0
farm_7,farm_7_field_2,2025-07-24,60.4,sensitive,maize,7,28.1,0.0,loamy_sand,early,82,pivot,river_pump,29.3,1
farm_7,farm_7_field_2,2025-07-25,54.1,sensitive,maize,8,28.1,0.2,loamy_sand,early,83,pivot,river_pump,29.3,1
farm_7,farm_7_field_2,2025-07-26,46.6,sensitive,maize,9,28.1,0.1,loamy_sand,early,84,pivot,river_pump,29.3,1
farm_7,farm_7_field_2,2025-07-27,43.6,sensitive,maize,10,28.1,1.4,loamy_sand,early,85,pivot,river_pump,29.3,2
farm_7,farm_7_field_2,2025-07-28,66.9,sensitive,maize,1,30.0,0.2,loamy_sand,early,86,pivot,river_pump,29.3,0
farm_7,farm_7_field_2,2025-07-29,63.2,sensitive,maize,2,30.0,5.6,loamy_sand,early,87,pivot,river_pump,29.3,0
farm_7,farm_7_field_2,2025-07-30,63.2,sensitive,maize,3,30.0,0.7,loamy_sand,early,88,pivot,river_pump,29.3,0
farm_7,farm_7_field_2,2025-07-31,63.2,sensitive,maize,4,30.0,0.6,loamy_sand,early,89,pivot,river_pump,29.3,1
farm_7,farm_7_field_2,2025-08-01,63.2,sensitive,maize,5,30.0,0.1,loamy_sand,early,90,pivot,river_pump,29.3,1
farm_7,farm_7_field_2,2025-08-02,63.2,sensitive,maize,1,30.0,0.0,loamy_sand,early,91,pivot,river_pump,29.3,0
farm_7,farm_7_field_2,2025-08-03,63.2,sensitive,maize,2,30.0,0.0,loamy_sand,early,92,pivot,river_pump,29.3,0
farm_7,farm_7_field_2,2025-08-04,70.9,sensitive,maize,3,30.0,0.8,loamy_sand,early,93,pivot,river_pump,29.3,0
farm_7,farm_7_field_2,2025-08-05,67.2,sensitive,maize,4,30.0,0.0,loamy_sand,early,94,pivot,river_pump,29.3,0
farm_7,farm_7_field_2,2025-08-06,52.7,sensitive,maize,5,30.0,7.0,loamy_sand,early,95,pivot,river_pump,29.3,1
farm_7,farm_7_field_2,2025-08-07,61.0,sensitive,maize,6,30.0,0.2,loamy_sand,early,96,pivot,river_pump,29.3,1
farm_7,farm_7_field_2,2025-08-08,57.1,sensitive,maize,7,30.0,0.0,loamy_sand,early,97,pivot,river_pump,29.3,1
farm_7,farm_7_field_2,2025-08-09,77.1,sensitive,maize,1,30.0,0.0,loamy_sand,early,98,pivot,river_pump,29.3,0
farm_7,farm_7_field_2,2025-08-10,72.3,sensitive,maize,2,30.0,0.0,loamy_sand,early,99,pivot,river_pump,29.3,0
farm_7,farm_7_field_2,2025-08-11,71.8,sensitive,maize,3,30.0,1.1,loamy_sand,early,100,pivot,river_pump,29.3,0
farm_7,farm_7_field_2,2025-08-12,63.3,sensitive,maize,4,30.0,0.0,loamy_sand,early,101,pivot,river_pump,29.3,0
farm_7,farm_7_field_2,2025-08-13,57.1,late,maize,5,30.0,0.6,loamy_sand,early,102,pivot,river_pump,29.3,0
farm_7,farm_7_field_2,2025-08-14,55.2,late,maize,6,30.0,0.1,loamy_sand,early,103,pivot,river_pump,29.3,0
farm_7,farm_7_field_2,2025-08-15,59.6,late,maize,7,30.0,0.0,loamy_sand,early,104,pivot,river_pump,29.3,0
farm_7,farm_7_field_2,2025-08-16,53.8,late,maize,8,30.0,0.4,loamy_sand,early,105,pivot,river_pump,29.3,0
farm_7,farm_7_field_2,2025-08-17,54.9,late,maize,9,30.0,0.0,loamy_sand,early,106,pivot,river_pump,29.3,0
farm_7,farm_7_field_2,2025-08-18,45.2,late,maize,10,30.0,0.2,loamy_sand,early,107,pivot,river_pump,29.3,0
farm_7,farm_7_field_2,2025-08-19,46.2,late,maize,11,30.0,0.0,loamy_sand,early,108,pivot,river_pump,29.3,0
farm_7,farm_7_field_2,2025-08-20,43.4,late,maize,12,30.0,0.5,loamy_sand,early,109,pivot,river_pump,29.3,1
farm_7,farm_7_field_2,2025-08-21,40.3,late,maize,13,30.0,0.6,loamy_sand,early,110,pivot,river_pump,29.3,1
farm_7,farm_7_field_2,2025-08-22,39.4,late,maize,14,30.0,0.5,loamy_sand,early,111,pivot,river_pump,29.3,1
farm_7,farm_7_field_2,2025-08-23,34.3,late,maize,15,30.0,0.0,loamy_sand,early,112,pivot,river_pump,29.3,1
farm_7,farm_7_field_2,2025-08-24,36.1,late,maize,16,30.0,0.3,loamy_sand,early,113,pivot,river_pump,29.3,1
farm_7,farm_7_field_2,2025-08-25,34.9,late,maize,17,30.0,0.0,loamy_sand,early,114,pivot,river_pump,29.3,1
farm_7,farm_7_field_2,2025-08-26,35.8,late,maize,18,30.0,0.0,loamy_sand,early,115,pivot,river_pump,29.3,1
farm_7,farm_7_field_2,2025-08-27,26.9,late,maize,19,30.0,0.0,loamy_sand,early,116,pivot,river_pump,29.3,2
farm_7,farm_7_field_2,2025-08-28,56.6,late,maize,1,30.0,13.9,loamy_sand,early,117,pivot,river_pump,29.3,0
farm_7,farm_7_field_2,2025-08-29,61.4,late,maize,2,30.0,0.7,loamy_sand,early,118,pivot,river_pump,29.3,0
farm_7,farm_7_field_2,2025-08-30,62.0,late,maize,3,30.0,0.4,loamy_sand,early,119,pivot,river_pump,29.3,0
farm_7,farm_7_field_2,2025-08-31,60.8,late,maize,4,30.0,1.1,loamy_sand,early,120,pivot,river_pump,29.3,0
farm_7,farm_7_field_2,2025-09-01,53.3,late,maize,5,30.0,0.0,loamy_sand,early,121,pivot,river_pump,29.3,0
farm_7,farm_7_field_2,2025-09-02,56.0,late,maize,6,30.0,0.0,loamy_sand,early,122,pivot,river_pump,29.3,0
farm_7,farm_7_field_2,2025-09-03,54.2,late,maize,7,30.0,1.0,loamy_sand,early,123,pivot,river_pump,29.3,0
farm_7,farm_7_field_2,2025-09-04,55.2,late,maize,8,30.0,0.9,loamy_sand,early,124,pivot,river_pump,29.3,0
farm_7,farm_7_field_2,2025-09-05,53.2,late,maize,9,30.0,0.0,loamy_sand,early,125,pivot,river_pump,29.3,0
farm_7,farm_7_field_2,2025-09-06,50.0,late,maize,10,30.0,0.0,loamy_sand,early,126,pivot,river_pump,29.3,0
farm_7,farm_7_field_2,2025-09-07,47.1,late,maize,11,30.0,0.0,loamy_sand,early,127,pivot,river_pump,29.3,0
farm_7,farm_7_field_2,2025-09-08,45.7,late,maize,12,30.0,0.0,loamy_sand,early,128,pivot,river_pump,29.3,0
farm_7,farm_7_field_2,2025-09-09,45.0,late,maize,13,30.0,0.0,loamy_sand,early,129,pivot,river_pump,29.3,0
farm_7,farm_7_field_2,2025-09-10,41.8,late,maize,14,30.0,0.0,loamy_sand,early,130,pivot,river_pump,29.3,1
farm_7,farm_7_field_2,2025-09-11,41.5,late,maize,15,30.0,0.2,loamy_sand,early,131,pivot,river_pump,29.3,1
farm_7,farm_7_field_2,2025-09-12,40.2,late,maize,16,30.0,0.3,loamy_sand,early,132,pivot,river_pump,29.3,1
farm_7,farm_7_field_2,2025-09-13,40.7,late,maize,17,30.0,0.0,loamy_sand,early,133,pivot,river_pump,29.3,1
farm_7,farm_7_field_2,2025-09-14,38.5,late,maize,18,30.0,1.5,loamy_sand,early,134,pivot,river_pump,29.3,1
farm_7,farm_7_field_2,2025-09-15,64.0,late,maize,1,30.0,0.3,loamy_sand,early,135,pivot,river_pump,29.3,0
farm_7,farm_7_field_2,2025-09-16,60.6,late,maize,2,30.0,3.6,loamy_sand,early,136,pivot,river_pump,29.3,0
farm_7,farm_7_field_2,2025-09-17,63.7,late,maize,3,30.0,2.0,loamy_sand,early,137,pivot,river_pump,29.3,0
farm_7,farm_7_field_2,2025-09-18,60.0,late,maize,4,30.0,0.4,loamy_sand,early,138,pivot,river_pump,29.3,0
farm_7,farm_7_field_2,2025-09-19,59.4,late,maize,5,30.0,0.1,loamy_sand,early,139,pivot,river_pump,29.3,0
farm_7,farm_7_field_2,2025-09-20,58.1,late,maize,6,30.0,0.0,loamy_sand,early,140,pivot,river_pump,29.3,0
farm_7,farm_7_field_2,2025-09-21,58.4,late,maize,7,30.0,0.5,loamy_sand,early,141,pivot,river_pump,29.3,0
farm_7,farm_7_field_2,2025-09-22,60.0,late,maize,8,30.0,0.2,loamy_sand,early,142,pivot,river_pump,29.3,0
farm_7,farm_7_field_2,2025-09-23,57.9,late,maize,9,30.0,0.2,loamy_sand,early,143,pivot,river_pump,29.3,0
farm_7,farm_7_field_2,2025-09-24,58.9,late,maize,10,30.0,0.0,loamy_sand,early,144,pivot,river_pump,29.3,0
farm_7,farm_7_field_2,2025-09-25,56.0,late,maize,11,30.0,0.0,loamy_sand,early,145,pivot,river_pump,29.3,0
farm_7,farm_7_field_2,2025-09-26,53.0,late,maize,12,30.0,0.1,loamy_sand,early,146,pivot,river_pump,29.3,0
farm_7,farm_7_field_2,2025-09-27,50.6,late,maize,13,30.0,0.3,loamy_sand,early,147,pivot,river_pump,29.3,0
farm_7,farm_7_field_2,2025-09-28,49.5,late,maize,14,30.0,0.6,loamy_sand,early,148,pivot,river_pump,29.3,0
farm_7,farm_7_field_2,2025-09-29,44.0,late,maize,15,30.0,0.0,loamy_sand,early,149,pivot,river_pump,29.3,0
farm_7,farm_7_field_2,2025-09-30,39.8,late,maize,16,30.0,0.8,loamy_sand,early,150,pivot,river_pump,29.3,0
farm_7,farm_7_field_2,2026-05-03,58.6,initial,maize,0,0.0,7.2,loamy_sand,early,0,pivot,river_pump,29.3,0
farm_7,farm_7_field_2,2026-05-04,63.2,initial,maize,1,0.0,0.5,loamy_sand,early,1,pivot,river_pump,29.3,0
farm_7,farm_7_field_2,2026-05-05,64.6,initial,maize,2,0.0,3.2,loamy_sand,early,2,pivot,river_pump,29.3,0
farm_7,farm_7_field_2,2026-05-06,62.4,initial,maize,3,0.0,0.6,loamy_sand,early,3,pivot,river_pump,29.3,0
farm_7,farm_7_field_2,2026-05-07,68.5,initial,maize,4,0.0,6.3,loamy_sand,early,4,pivot,river_pump,29.3,0
farm_7,farm_7_field_2,2026-05-08,69.6,initial,maize,5,0.0,0.0,loamy_sand,early,5,pivot,river_pump,29.3,0
farm_7,farm_7_field_2,2026-05-09,72.8,initial,maize,6,0.0,0.0,loamy_sand,early,6,pivot,river_pump,29.3,0
farm_7,farm_7_field_2,2026-05-10,72.4,initial,maize,7,0.0,0.4,loamy_sand,early,7,pivot,river_pump,29.3,0
farm_7,farm_7_field_2,2026-05-11,62.1,initial,maize,8,0.0,0.0,loamy_sand,early,8,pivot,river_pump,29.3,0
farm_7,farm_7_field_2,2026-05-12,68.8,initial,maize,9,0.0,0.5,loamy_sand,early,9,pivot,river_pump,29.3,0
farm_7,farm_7_field_2,2026-05-13,65.0,initial,maize,10,0.0,2.6,loamy_sand,early,10,pivot,river_pump,29.3,0
farm_7,farm_7_field_2,2026-05-14,72.9,initial,maize,11,0.0,0.0,loamy_sand,early,11,pivot,river_pump,29.3,0
farm_7,farm_7_field_2,2026-05-15,67.3,initial,maize,12,0.0,0.0,loamy_sand,early,12,pivot,river_pump,29.3,0
farm_7,farm_7_field_2,2026-05-16,63.0,initial,maize,13,0.0,0.1,loamy_sand,early,13,pivot,river_pump,29.3,0
farm_7,farm_7_field_2,2026-05-17,64.4,initial,maize,14,0.0,0.3,loamy_sand,early,14,pivot,river_pump,29.3,0
farm_7,farm_7_field_2,2026-05-18,64.0,initial,maize,15,0.0,0.0,loamy_sand,early,15,pivot,river_pump,29.3,0
farm_7,farm_7_field_2,2026-05-19,64.0,initial,maize,16,0.0,0.0,loamy_sand,early,16,pivot,river_pump,29.3,0
farm_7,farm_7_field_2,2026-05-20,64.0,initial,maize,17,0.0,0.1,loamy_sand,early,17,pivot,river_pump,29.3,0
farm_7,farm_7_field_2,2026-05-21,64.0,initial,maize,18,0.0,12.0,loamy_sand,early,18,pivot,river_pump,29.3,0
farm_7,farm_7_field_2,2026-05-22,64.0,initial,maize,19,0.0,3.7,loamy_sand,early,19,pivot,river_pump,29.3,0
farm_7,farm_7_field_2,2026-05-23,64.0,initial,maize,20,0.0,0.0,loamy_sand,early,20,pivot,river_pump,29.3,0
farm_7,farm_7_field_2,2026-05-24,79.0,initial,maize,21,0.0,0.0,loamy_sand,early,21,pivot,river_pump,29.3,0
farm_7,farm_7_field_2,2026-05-25,71.8,initial,maize,22,0.0,0.0,loamy_sand,early,22,pivot,river_pump,29.3,0
farm_7,farm_7_field_2,2026-05-26,67.2,initial,maize,23,0.0,0.0,loamy_sand,early,23,pivot,river_pump,29.3,0
farm_7,farm_7_field_2,2026-05-27,79.6,initial,maize,24,0.0,0.0,loamy_sand,early,24,pivot,river_pump,29.3,0
farm_7,farm_7_field_2,2026-05-28,73.5,initial,maize,25,0.0,0.1,loamy_sand,early,25,pivot,river_pump,29.3,0
farm_7,farm_7_field_2,2026-05-29,69.9,development,maize,26,0.0,0.0,loamy_sand,early,26,pivot,river_pump,29.3,0
farm_7,farm_7_field_2,2026-05-30,68.7,development,maize,27,0.0,0.1,loamy_sand,early,27,pivot,river_pump,29.3,0
farm_7,farm_7_field_2,2026-05-31,63.1,development,maize,28,0.0,0.0,loamy_sand,early,28,pivot,river_pump,29.3,0
farm_7,farm_7_field_2,2026-06-01,57.6,development,maize,29,0.0,0.6,loamy_sand,early,29,pivot,river_pump,29.3,0
farm_7,farm_7_field_2,2026-06-02,61.3,development,maize,30,0.0,0.3,loamy_sand,early,30,pivot,river_pump,29.3,0
farm_7,farm_7_field_2,2026-06-03,61.3,development,maize,31,0.0,0.1,loamy_sand,early,31,pivot,river_pump,29.3,0
farm_7,farm_7_field_2,2026-06-04,61.3,development,maize,32,0.0,0.0,loamy_sand,early,32,pivot,river_pump,29.3,0
farm_7,farm_7_field_2,2026-06-05,61.3,development,maize,33,0.0,0.0,loamy_sand,early,33,pivot,river_pump,29.3,1
farm_7,farm_7_field_2,2026-06-06,61.3,development,maize,34,0.0,3.9,loamy_sand,early,34,pivot,river_pump,29.3,1
farm_7,farm_7_field_2,2026-06-07,61.3,development,maize,35,0.0,0.0,loamy_sand,early,35,pivot,river_pump,29.3,1
farm_7,farm_7_field_2,2026-06-08,61.3,development,maize,36,0.0,0.0,loamy_sand,early,36,pivot,river_pump,29.3,1
farm_7,farm_7_field_2,2026-06-09,49.8,development,maize,37,0.0,0.0,loamy_sand,early,37,pivot,river_pump,29.3,1
farm_7,farm_7_field_2,2026-06-10,72.8,development,maize,1,30.0,0.0,loamy_sand,early,38,pivot,river_pump,29.3,0
farm_7,farm_7_field_2,2026-06-11,63.0,development,maize,2,30.0,0.0,loamy_sand,early,39,pivot,river_pump,29.3,0
farm_7,farm_7_field_2,2026-06-12,55.7,development,maize,3,30.0,0.0,loamy_sand,early,40,pivot,river_pump,29.3,0
farm_7,farm_7_field_2,2026-06-13,47.9,development,maize,4,30.0,0.0,loamy_sand,early,41,pivot,river_pump,29.3,1
farm_7,farm_7_field_2,2026-06-14,51.7,development,maize,5,30.0,0.9,loamy_sand,early,42,pivot,river_pump,29.3,1
farm_7,farm_7_field_2,2026-06-15,43.3,development,maize,6,30.0,0.1,loamy_sand,early,43,pivot,river_pump,29.3,1
farm_7,farm_7_field_2,2026-06-16,34.7,development,maize,7,30.0,0.3,loamy_sand,early,44,pivot,river_pump,29.3,1
farm_7,farm_7_field_2,2026-06-17,30.7,development,maize,8,30.0,0.0,loamy_sand,early,45,pivot,river_pump,29.3,2
farm_7,farm_7_field_2,2026-06-18,52.8,development,maize,1,30.0,0.2,loamy_sand,early,46,pivot,river_pump,29.3,0
farm_7,farm_7_field_2,2026-06-19,56.3,development,maize,2,30.0,0.0,loamy_sand,early,47,pivot,river_pump,29.3,0
farm_7,farm_7_field_2,2026-06-20,46.3,development,maize,3,30.0,0.0,loamy_sand,early,48,pivot,river_pump,29.3,1
farm_7,farm_7_field_2,2026-06-21,74.6,development,maize,1,30.0,0.0,loamy_sand,early,49,pivot,river_pump,29.3,0
farm_7,farm_7_field_2,2026-06-22,68.5,development,maize,2,30.0,0.5,loamy_sand,early,50,pivot,river_pump,29.3,0
farm_7,farm_7_field_2,2026-06-23,64.9,development,maize,3,30.0,0.0,loamy_sand,early,51,pivot,river_pump,29.3,0
farm_7,farm_7_field_2,2026-06-24,62.5,development,maize,4,30.0,0.2,loamy_sand,early,52,pivot,river_pump,29.3,0
farm_7,farm_7_field_2,2026-06-25,58.1,development,maize,5,30.0,1.2,loamy_sand,early,53,pivot,river_pump,29.3,0
farm_7,farm_7_field_2,2026-06-26,56.1,development,maize,6,30.0,0.1,loamy_sand,early,54,pivot,river_pump,29.3,0
farm_7,farm_7_field_2,2026-06-27,44.0,development,maize,7,30.0,0.0,loamy_sand,early,55,pivot,river_pump,29.3,1
farm_7,farm_7_field_2,2026-06-28,45.6,development,maize,8,30.0,0.0,loamy_sand,early,56,pivot,river_pump,29.3,1
farm_7,farm_7_field_2,2026-06-29,39.3,development,maize,9,30.0,0.2,loamy_sand,early,57,pivot,river_pump,29.3,1
farm_7,farm_7_field_2,2026-06-30,62.4,development,maize,1,30.0,0.0,loamy_sand,early,58,pivot,river_pump,29.3,0
farm_7,farm_7_field_2,2026-07-01,57.5,development,maize,2,30.0,0.8,loamy_sand,early,59,pivot,river_pump,29.3,0
farm_7,farm_7_field_2,2026-07-02,,sensitive,maize,3,30.0,0.2,loamy_sand,early,60,pivot,river_pump,29.3,1
farm_7,farm_7_field_2,2026-07-03,45.7,sensitive,maize,4,30.0,0.2,loamy_sand,early,61,pivot,river_pump,29.3,2
farm_7,farm_7_field_2,2026-07-04,62.2,sensitive,maize,1,30.0,0.0,loamy_sand,early,62,pivot,river_pump,29.3,0
farm_7,farm_7_field_2,2026-07-05,62.3,sensitive,maize,2,30.0,0.0,loamy_sand,early,63,pivot,river_pump,29.3,1
farm_7,farm_7_field_2,2026-07-06,47.2,sensitive,maize,3,30.0,0.1,loamy_sand,early,64,pivot,river_pump,29.3,1
farm_7,farm_7_field_2,2026-07-07,39.2,sensitive,maize,4,30.0,0.2,loamy_sand,early,65,pivot,river_pump,29.3,2
farm_7,farm_7_field_2,2026-07-08,59.0,sensitive,maize,1,30.0,0.7,loamy_sand,early,66,pivot,river_pump,29.3,1
farm_7,farm_7_field_2,2026-07-09,59.0,sensitive,maize,2,30.0,0.1,loamy_sand,early,67,pivot,river_pump,29.3,1
farm_7,farm_7_field_2,2026-07-10,59.0,sensitive,maize,3,30.0,0.5,loamy_sand,early,68,pivot,river_pump,29.3,2
farm_7,farm_7_field_2,2026-07-11,59.0,sensitive,maize,1,30.0,0.6,loamy_sand,early,69,pivot,river_pump,29.3,0
farm_7,farm_7_field_2,2026-07-12,59.0,sensitive,maize,2,30.0,0.2,loamy_sand,early,70,pivot,river_pump,29.3,1
farm_7,farm_7_field_2,2026-07-13,59.0,sensitive,maize,1,27.2,0.0,loamy_sand,early,71,pivot,river_pump,29.3,0
farm_7,farm_7_field_2,2026-07-14,59.0,sensitive,maize,2,27.2,0.2,loamy_sand,early,72,pivot,river_pump,29.3,0
farm_7,farm_7_field_2,2026-07-15,62.0,sensitive,maize,3,27.2,0.0,loamy_sand,early,73,pivot,river_pump,29.3,0
farm_7,farm_7_field_2,2026-07-16,57.8,sensitive,maize,4,27.2,0.7,loamy_sand,early,74,pivot,river_pump,29.3,1
farm_7,farm_7_field_2,2026-07-17,83.8,sensitive,maize,1,30.0,0.0,loamy_sand,early,75,pivot,river_pump,29.3,0
farm_7,farm_7_field_2,2026-07-18,75.3,sensitive,maize,2,30.0,0.0,loamy_sand,early,76,pivot,river_pump,29.3,0
farm_7,farm_7_field_2,2026-07-19,62.4,sensitive,maize,3,30.0,0.8,loamy_sand,early,77,pivot,river_pump,29.3,0
farm_7,farm_7_field_2,2026-07-20,59.6,sensitive,maize,4,30.0,0.0,loamy_sand,early,78,pivot,river_pump,29.3,1
farm_7,farm_7_field_2,2026-07-21,50.2,sensitive,maize,5,30.0,0.8,loamy_sand,early,79,pivot,river_pump,29.3,1
farm_7,farm_7_field_2,2026-07-22,45.0,sensitive,maize,6,30.0,0.0,loamy_sand,early,80,pivot,river_pump,29.3,2
farm_7,farm_7_field_2,2026-07-23,66.0,sensitive,maize,1,30.0,0.0,loamy_sand,early,81,pivot,river_pump,29.3,0
farm_7,farm_7_field_2,2026-07-24,57.9,sensitive,maize,2,30.0,0.1,loamy_sand,early,82,pivot,river_pump,29.3,1
farm_7,farm_7_field_2,2026-07-25,53.9,sensitive,maize,3,30.0,0.0,loamy_sand,early,83,pivot,river_pump,29.3,1
farm_7,farm_7_field_2,2026-07-26,43.9,sensitive,maize,4,30.0,0.3,loamy_sand,early,84,pivot,river_pump,29.3,2
farm_7,farm_7_field_2,2026-07-27,69.5,sensitive,maize,1,30.0,0.4,loamy_sand,early,85,pivot,river_pump,29.3,0
farm_7,farm_7_field_2,2026-07-28,64.7,sensitive,maize,2,30.0,0.5,loamy_sand,early,86,pivot,river_pump,29.3,1
farm_7,farm_7_field_2,2026-07-29,48.9,sensitive,maize,3,30.0,0.1,loamy_sand,early,87,pivot,river_pump,29.3,1
farm_7,farm_7_field_2,2026-07-30,50.2,sensitive,maize,4,30.0,0.0,loamy_sand,early,88,pivot,river_pump,29.3,2
farm_7,farm_7_field_2,2026-07-31,69.6,sensitive,maize,1,30.0,5.7,loamy_sand,early,89,pivot,river_pump,29.3,0
farm_7,farm_7_field_2,2026-08-01,64.6,sensitive,maize,2,30.0,0.0,loamy_sand,early,90,pivot,river_pump,29.3,0
farm_7,farm_7_field_2,2026-08-02,59.6,sensitive,maize,3,30.0,0.3,loamy_sand,early,91,pivot,river_pump,29.3,1
farm_7,farm_7_field_2,2026-08-03,51.2,sensitive,maize,4,30.0,6.6,loamy_sand,early,92,pivot,river_pump,29.3,1
farm_7,farm_7_field_2,2026-08-04,53.7,sensitive,maize,5,30.0,0.1,loamy_sand,early,93,pivot,river_pump,29.3,1
farm_7,farm_7_field_2,2026-08-05,73.1,sensitive,maize,1,30.0,0.6,loamy_sand,early,94,pivot,river_pump,29.3,0
farm_7,farm_7_field_2,2026-08-06,72.7,sensitive,maize,2,30.0,0.3,loamy_sand,early,95,pivot,river_pump,29.3,0
farm_7,farm_7_field_2,2026-08-07,68.7,sensitive,maize,3,30.0,0.0,loamy_sand,early,96,pivot,river_pump,29.3,0
farm_7,farm_7_field_2,2026-08-08,51.5,sensitive,maize,4,30.0,0.0,loamy_sand,early,97,pivot,river_pump,29.3,1
farm_7,farm_7_field_2,2026-08-09,84.7,sensitive,maize,1,30.0,0.0,loamy_sand,early,98,pivot,river_pump,29.3,0
farm_7,farm_7_field_2,2026-08-10,79.1,sensitive,maize,2,30.0,1.7,loamy_sand,early,99,pivot,river_pump,29.3,0
farm_7,farm_7_field_2,2026-08-11,70.4,sensitive,maize,3,30.0,0.0,loamy_sand,early,100,pivot,river_pump,29.3,0
farm_7,farm_7_field_2,2026-08-12,62.8,sensitive,maize,4,30.0,0.0,loamy_sand,early,101,pivot,river_pump,29.3,1
farm_7,farm_7_field_2,2026-08-13,80.6,late,maize,1,25.2,0.0,loamy_sand,early,102,pivot,river_pump,29.3,0
farm_7,farm_7_field_2,2026-08-14,83.5,late,maize,2,25.2,0.0,loamy_sand,early,103,pivot,river_pump,29.3,0
farm_7,farm_7_field_2,2026-08-15,72.8,late,maize,3,25.2,0.0,loamy_sand,early,104,pivot,river_pump,29.3,0
farm_7,farm_7_field_2,2026-08-16,70.3,late,maize,4,25.2,0.0,loamy_sand,early,105,pivot,river_pump,29.3,0
farm_7,farm_7_field_2,2026-08-17,65.7,late,maize,5,25.2,0.3,loamy_sand,early,106,pivot,river_pump,29.3,0
farm_7,farm_7_field_2,2026-08-18,66.0,late,maize,6,25.2,0.0,loamy_sand,early,107,pivot,river_pump,29.3,0
farm_7,farm_7_field_2,2026-08-19,61.1,late,maize,7,25.2,0.0,loamy_sand,early,108,pivot,river_pump,29.3,0
farm_7,farm_7_field_2,2026-08-20,59.5,late,maize,8,25.2,2.1,loamy_sand,early,109,pivot,river_pump,29.3,0
farm_7,farm_7_field_2,2026-08-21,57.5,late,maize,9,25.2,0.0,loamy_sand,early,110,pivot,river_pump,29.3,0
farm_7,farm_7_field_2,2026-08-22,54.7,late,maize,10,25.2,0.0,loamy_sand,early,111,pivot,river_pump,29.3,0
farm_7,farm_7_field_2,2026-08-23,53.7,late,maize,11,25.2,0.0,loamy_sand,early,112,pivot,river_pump,29.3,0
farm_7,farm_7_field_2,2026-08-24,50.3,late,maize,12,25.2,0.3,loamy_sand,early,113,pivot,river_pump,29.3,0
farm_7,farm_7_field_2,2026-08-25,50.5,late,maize,13,25.2,0.0,loamy_sand,early,114,pivot,river_pump,29.3,0
farm_7,farm_7_field_2,2026-08-26,50.8,late,maize,14,25.2,0.0,loamy_sand,early,115,pivot,river_pump,29.3,0
farm_7,farm_7_field_2,2026-08-27,41.6,late,maize,15,25.2,0.3,loamy_sand,early,116,pivot,river_pump,29.3,0
farm_7,farm_7_field_2,2026-08-28,41.0,late,maize,16,25.2,2.9,loamy_sand,early,117,pivot,river_pump,29.3,1
farm_7,farm_7_field_2,2026-08-29,68.6,late,maize,1,30.0,0.0,loamy_sand,early,118,pivot,river_pump,29.3,0
farm_7,farm_7_field_2,2026-08-30,69.6,late,maize,2,30.0,0.0,loamy_sand,early,119,pivot,river_pump,29.3,0
farm_7,farm_7_field_2,2026-08-31,69.8,late,maize,3,30.0,0.3,loamy_sand,early,120,pivot,river_pump,29.3,0
farm_7,farm_7_field_2,2026-09-01,68.7,late,maize,4,30.0,0.3,loamy_sand,early,121,pivot,river_pump,29.3,0
farm_7,farm_7_field_2,2026-09-02,62.6,late,maize,5,30.0,0.3,loamy_sand,early,122,pivot,river_pump,29.3,0
farm_7,farm_7_field_2,2026-09-03,60.0,late,maize,6,30.0,0.0,loamy_sand,early,123,pivot,river_pump,29.3,0
farm_7,farm_7_field_2,2026-09-04,52.6,late,maize,7,30.0,0.0,loamy_sand,early,124,pivot,river_pump,29.3,0
farm_7,farm_7_field_2,2026-09-05,58.2,late,maize,8,30.0,0.0,loamy_sand,early,125,pivot,river_pump,29.3,0
farm_7,farm_7_field_2,2026-09-06,53.1,late,maize,9,30.0,0.0,loamy_sand,early,126,pivot,river_pump,29.3,0
farm_7,farm_7_field_2,2026-09-07,50.2,late,maize,10,30.0,0.3,loamy_sand,early,127,pivot,river_pump,29.3,0
farm_7,farm_7_field_2,2026-09-08,51.9,late,maize,11,30.0,0.0,loamy_sand,early,128,pivot,river_pump,29.3,0
farm_7,farm_7_field_2,2026-09-09,44.2,late,maize,12,30.0,0.2,loamy_sand,early,129,pivot,river_pump,29.3,0
farm_7,farm_7_field_2,2026-09-10,45.9,late,maize,13,30.0,0.0,loamy_sand,early,130,pivot,river_pump,29.3,0
farm_7,farm_7_field_2,2026-09-11,42.6,late,maize,14,30.0,0.0,loamy_sand,early,131,pivot,river_pump,29.3,1
farm_7,farm_7_field_2,2026-09-12,37.7,late,maize,15,30.0,0.5,loamy_sand,early,132,pivot,river_pump,29.3,1
farm_7,farm_7_field_2,2026-09-13,,late,maize,1,30.0,0.0,loamy_sand,early,133,pivot,river_pump,29.3,0
farm_7,farm_7_field_2,2026-09-14,68.2,late,maize,2,30.0,0.5,loamy_sand,early,134,pivot,river_pump,29.3,0
farm_7,farm_7_field_2,2026-09-15,66.7,late,maize,3,30.0,0.0,loamy_sand,early,135,pivot,river_pump,29.3,0
farm_7,farm_7_field_2,2026-09-16,56.2,late,maize,4,30.0,0.0,loamy_sand,early,136,pivot,river_pump,29.3,0
farm_7,farm_7_field_2,2026-09-17,66.3,late,maize,5,30.0,0.0,loamy_sand,early,137,pivot,river_pump,29.3,0
farm_7,farm_7_field_2,2026-09-18,55.4,late,maize,6,30.0,1.0,loamy_sand,early,138,pivot,river_pump,29.3,0
farm_7,farm_7_field_2,2026-09-19,63.2,late,maize,7,30.0,0.0,loamy_sand,early,139,pivot,river_pump,29.3,0
farm_7,farm_7_field_2,2026-09-20,55.0,late,maize,8,30.0,0.0,loamy_sand,early,140,pivot,river_pump,29.3,0
farm_7,farm_7_field_2,2026-09-21,53.6,late,maize,9,30.0,0.1,loamy_sand,early,141,pivot,river_pump,29.3,0
farm_7,farm_7_field_2,2026-09-22,51.3,late,maize,10,30.0,0.0,loamy_sand,early,142,pivot,river_pump,29.3,0
farm_7,farm_7_field_2,2026-09-23,51.9,late,maize,11,30.0,0.0,loamy_sand,early,143,pivot,river_pump,29.3,0
farm_7,farm_7_field_2,2026-09-24,46.9,late,maize,12,30.0,0.2,loamy_sand,early,144,pivot,river_pump,29.3,0
farm_7,farm_7_field_2,2026-09-25,48.4,late,maize,13,30.0,0.0,loamy_sand,early,145,pivot,river_pump,29.3,0
farm_7,farm_7_field_2,2026-09-26,43.1,late,maize,14,30.0,0.0,loamy_sand,early,146,pivot,river_pump,29.3,0
farm_7,farm_7_field_2,2026-09-27,38.2,late,maize,15,30.0,3.1,loamy_sand,early,147,pivot,river_pump,29.3,1
farm_7,farm_7_field_2,2026-09-28,46.1,late,maize,16,30.0,0.3,loamy_sand,early,148,pivot,river_pump,29.3,0
farm_7,farm_7_field_2,2026-09-29,45.9,late,maize,17,30.0,0.1,loamy_sand,early,149,pivot,river_pump,29.3,1
farm_7,farm_7_field_2,2026-09-30,47.2,late,maize,18,30.0,0.0,loamy_sand,early,150,pivot,river_pump,29.3,1
farm_7,farm_7_field_3,2025-04-15,56.0,initial,potato,3,0.0,0.1,sand,medium,3,drip,river_pump,24.9,0
farm_7,farm_7_field_3,2025-04-16,52.9,initial,potato,4,0.0,3.7,sand,medium,4,drip,river_pump,24.9,0
farm_7,farm_7_field_3,2025-04-17,64.3,initial,potato,5,0.0,0.0,sand,medium,5,drip,river_pump,24.9,0
farm_7,farm_7_field_3,2025-04-18,64.3,initial,potato,6,0.0,0.0,sand,medium,6,drip,river_pump,24.9,0
farm_7,farm_7_field_3,2025-04-19,64.3,initial,potato,7,0.0,0.0,sand,medium,7,drip,river_pump,24.9,0
farm_7,farm_7_field_3,2025-04-20,64.3,initial,potato,8,0.0,0.0,sand,medium,8,drip,river_pump,24.9,0
farm_7,farm_7_field_3,2025-04-21,64.3,initial,potato,9,0.0,0.0,sand,medium,9,drip,river_pump,24.9,0
farm_7,farm_7_field_3,2025-04-22,64.3,initial,potato,10,0.0,2.3,sand,medium,10,drip,river_pump,24.9,0
farm_7,farm_7_field_3,2025-04-23,64.3,initial,potato,11,0.0,0.1,sand,medium,11,drip,river_pump,24.9,0
farm_7,farm_7_field_3,2025-04-24,64.3,initial,potato,12,0.0,0.0,sand,medium,12,drip,river_pump,24.9,0
farm_7,farm_7_field_3,2025-04-25,53.6,initial,potato,13,0.0,0.0,sand,medium,13,drip,river_pump,24.9,0
farm_7,farm_7_field_3,2025-04-26,48.0,initial,potato,14,0.0,0.2,sand,medium,14,drip,river_pump,24.9,1
farm_7,farm_7_field_3,2025-04-27,51.3,initial,potato,15,0.0,3.7,sand,medium,15,drip,river_pump,24.9,1
farm_7,farm_7_field_3,2025-04-28,81.6,initial,potato,1,18.0,0.0,sand,medium,16,drip,river_pump,24.9,0
farm_7,farm_7_field_3,2025-04-29,74.4,initial,potato,2,18.0,0.5,sand,medium,17,drip,river_pump,24.9,0
farm_7,farm_7_field_3,2025-04-30,75.2,initial,potato,3,18.0,1.1,sand,medium,18,drip,river_pump,24.9,0
farm_7,farm_7_field_3,2025-05-01,73.7,initial,potato,4,18.0,0.7,sand,medium,19,drip,river_pump,24.9,0
farm_7,farm_7_field_3,2025-05-02,73.8,initial,potato,5,18.0,0.0,sand,medium,20,drip,river_pump,24.9,0
farm_7,farm_7_field_3,2025-05-03,67.7,initial,potato,6,18.0,2.4,sand,medium,21,drip,river_pump,24.9,0
farm_7,farm_7_field_3,2025-05-04,70.0,initial,potato,7,18.0,0.1,sand,medium,22,drip,river_pump,24.9,0
farm_7,farm_7_field_3,2025-05-05,69.0,initial,potato,8,18.0,0.0,sand,medium,23,drip,river_pump,24.9,0
farm_7,farm_7_field_3,2025-05-06,70.8,initial,potato,9,18.0,0.0,sand,medium,24,drip,river_pump,24.9,0
farm_7,farm_7_field_3,2025-05-07,70.7,development,potato,10,18.0,0.1,sand,medium,25,drip,river_pump,24.9,0
farm_7,farm_7_field_3,2025-05-08,65.0,development,potato,11,18.0,0.1,sand,medium,26,drip,river_pump,24.9,0
farm_7,farm_7_field_3,2025-05-09,62.6,development,potato,12,18.0,0.7,sand,medium,27,drip,river_pump,24.9,0
farm_7,farm_7_field_3,2025-05-10,65.3,development,potato,13,18.0,0.0,sand,medium,28,drip,river_pump,24.9,0
farm_7,farm_7_field_3,2025-05-11,54.3,development,potato,14,18.0,0.0,sand,medium,29,drip,river_pump,24.9,0
farm_7,farm_7_field_3,2025-05-12,47.9,development,potato,15,18.0,0.0,sand,medium,30,drip,river_pump,24.9,1
farm_7,farm_7_field_3,2025-05-13,44.4,development,potato,16,18.0,0.0,sand,medium,31,drip,river_pump,24.9,1
farm_7,farm_7_field_3,2025-05-14,72.7,development,potato,1,18.0,0.0,sand,medium,32,drip,river_pump,24.9,0
farm_7,farm_7_field_3,2025-05-15,66.5,development,potato,2,18.0,0.5,sand,medium,33,drip,river_pump,24.9,0
farm_7,farm_7_field_3,2025-05-16,64.0,development,potato,3,18.0,0.1,sand,medium,34,drip,river_pump,24.9,0
farm_7,farm_7_field_3,2025-05-17,53.9,development,potato,4,18.0,5.5,sand,medium,35,drip,river_pump,24.9,0
farm_7,farm_7_field_3,2025-05-18,59.9,development,potato,5,18.0,1.6,sand,medium,36,drip,river_pump,24.9,0
farm_7,farm_7_field_3,2025-05-19,56.7,development,potato,6,18.0,7.9,sand,medium,37,drip,river_pump,24.9,0
farm_7,farm_7_field_3,2025-05-20,69.3,development,potato,7,18.0,0.0,sand,medium,38,drip,river_pump,24.9,0
farm_7,farm_7_field_3,2025-05-21,67.3,development,potato,8,18.0,4.3,sand,medium,39,drip,river_pump,24.9,0
farm_7,farm_7_field_3,2025-05-22,68.6,development,potato,9,18.0,0.5,sand,medium,40,drip,river_pump,24.9,0
farm_7,farm_7_field_3,2025-05-23,66.0,development,potato,10,18.0,0.2,sand,medium,41,drip,river_pump,24.9,0
farm_7,farm_7_field_3,2025-05-24,56.8,development,potato,11,18.0,0.2,sand,medium,42,drip,river_pump,24.9,0
farm_7,farm_7_field_3,2025-05-25,54.7,development,potato,12,18.0,2.7,sand,medium,43,drip,river_pump,24.9,0
farm_7,farm_7_field_3,2025-05-26,59.9,development,potato,13,18.0,0.5,sand,medium,44,drip,river_pump,24.9,0
farm_7,farm_7_field_3,2025-05-27,52.4,development,potato,14,18.0,0.0,sand,medium,45,drip,river_pump,24.9,1
farm_7,farm_7_field_3,2025-05-28,44.3,development,potato,15,18.0,0.0,sand,medium,46,drip,river_pump,24.9,1
farm_7,farm_7_field_3,2025-05-29,43.8,development,potato,16,18.0,0.2,sand,medium,47,drip,river_pump,24.9,1
farm_7,farm_7_field_3,2025-05-30,41.0,development,potato,17,18.0,0.4,sand,medium,48,drip,river_pump,24.9,2
farm_7,farm_7_field_3,2025-05-31,61.1,development,potato,1,18.0,0.0,sand,medium,49,drip,river_pump,24.9,0
farm_7,farm_7_field_3,2025-06-01,58.3,development,potato,2,18.0,0.0,sand,medium,50,drip,river_pump,24.9,0
farm_7,farm_7_field_3,2025-06-02,60.2,development,potato,3,18.0,0.9,sand,medium,51,drip,river_pump,24.9,1
farm_7,farm_7_field_3,2025-06-03,73.2,development,potato,1,18.0,0.7,sand,medium,52,drip,river_pump,24.9,0
farm_7,farm_7_field_3,2025-06-04,69.7,development,potato,2,18.0,0.7,sand,medium,53,drip,river_pump,24.9,0
farm_7,farm_7_field_3,2025-06-05,68.3,development,potato,3,18.0,0.0,sand,medium,54,drip,river_pump,24.9,0
farm_7,farm_7_field_3,2025-06-06,64.6,sensitive,potato,4,18.0,0.5,sand,medium,55,drip,river_pump,24.9,1
farm_7,farm_7_field_3,2025-06-07,74.9,sensitive,potato,1,16.2,16.1,sand,medium,56,drip,river_pump,24.9,0
farm_7,farm_7_field_3,2025-06-08,94.8,sensitive,potato,2,16.2,15.2,sand,medium,57,drip,river_pump,24.9,0
farm_7,farm_7_field_3,2025-06-09,100.0,sensitive,potato,3,16.2,0.0,sand,medium,58,drip,river_pump,24.9,0
farm_7,farm_7_field_3,2025-06-10,100.0,sensitive,potato,4,16.2,0.1,sand,medium,59,drip,river_pump,24.9,0
farm_7,farm_7_field_3,2025-06-11,100.0,sensitive,potato,5,16.2,0.0,sand,medium,60,drip,river_pump,24.9,0
farm_7,farm_7_field_3,2025-06-12,100.0,sensitive,potato,6,16.2,0.0,sand,medium,61,drip,river_pump,24.9,0
farm_7,farm_7_field_3,2025-06-13,100.0,sensitive,potato,7,16.2,0.0,sand,medium,62,drip,river_pump,24.9,0
farm_7,farm_7_field_3,2025-06-14,100.0,sensitive,potato,8,16.2,0.0,sand,medium,63,drip,river_pump,24.9,0
farm_7,farm_7_field_3,2025-06-15,100.0,sensitive,potato,9,16.2,0.4,sand,medium,64,drip,river_pump,24.9,1
farm_7,farm_7_field_3,2025-06-16,100.0,sensitive,potato,10,16.2,0.3,sand,medium,65,drip,river_pump,24.9,1
farm_7,farm_7_field_3,2025-06-17,100.0,sensitive,potato,11,16.2,1.8,sand,medium,66,drip,river_pump,24.9,1
farm_7,farm_7_field_3,2025-06-18,100.0,sensitive,potato,12,16.2,18.9,sand,medium,67,drip,river_pump,24.9,2
farm_7,farm_7_field_3,2025-06-19,90.6,sensitive,potato,1,18.0,0.0,sand,medium,68,drip,river_pump,24.9,0
farm_7,farm_7_field_3,2025-06-20,87.5,sensitive,potato,2,18.0,0.2,sand,medium,69,drip,river_pump,24.9,0
farm_7,farm_7_field_3,2025-06-21,85.4,sensitive,potato,3,18.0,0.0,sand,medium,70,drip,river_pump,24.9,0
farm_7,farm_7_field_3,2025-06-22,69.3,sensitive,potato,4,18.0,0.4,sand,medium,71,drip,river_pump,24.9,0
farm_7,farm_7_field_3,2025-06-23,60.9,sensitive,potato,5,18.0,0.0,sand,medium,72,drip,river_pump,24.9,0
farm_7,farm_7_field_3,2025-06-24,61.0,sensitive,potato,6,18.0,0.0,sand,medium,73,drip,river_pump,24.9,1
farm_7,farm_7_field_3,2025-06-25,72.4,sensitive,potato,1,17.2,0.0,sand,medium,74,drip,river_pump,24.9,0
farm_7,farm_7_field_3,2025-06-26,71.6,sensitive,potato,2,17.2,0.1,sand,medium,75,drip,river_pump,24.9,0
farm_7,farm_7_field_3,2025-06-27,65.3,sensitive,potato,3,17.2,0.3,sand,medium,76,drip,river_pump,24.9,0
farm_7,farm_7_field_3,2025-06-28,61.9,sensitive,potato,4,17.2,2.1,sand,medium,77,drip,river_pump,24.9,1
farm_7,farm_7_field_3,2025-06-29,59.7,sensitive,potato,5,17.2,0.0,sand,medium,78,drip,river_pump,24.9,1
farm_7,farm_7_field_3,2025-06-30,71.7,sensitive,potato,1,18.0,0.3,sand,medium,79,drip,river_pump,24.9,0
farm_7,farm_7_field_3,2025-07-01,63.7,sensitive,potato,2,18.0,0.4,sand,medium,80,drip,river_pump,24.9,0
farm_7,farm_7_field_3,2025-07-02,59.8,sensitive,potato,3,18.0,0.0,sand,medium,81,drip,river_pump,24.9,1
farm_7,farm_7_field_3,2025-07-03,53.1,sensitive,potato,4,18.0,0.0,sand,medium,82,drip,river_pump,24.9,1
farm_7,farm_7_field_3,2025-07-04,67.7,sensitive,potato,1,18.0,0.2,sand,medium,83,drip,river_pump,24.9,0
farm_7,farm_7_field_3,2025-07-05,54.7,sensitive,potato,2,18.0,0.0,sand,medium,84,drip,river_pump,24.9,1
farm_7,farm_7_field_3,2025-07-06,49.1,sensitive,potato,3,18.0,0.7,sand,medium,85,drip,river_pump,24.9,2
farm_7,farm_7_field_3,2025-07-07,64.0,sensitive,potato,1,18.0,0.3,sand,medium,86,drip,river_pump,24.9,0
farm_7,farm_7_field_3,2025-07-08,58.8,sensitive,potato,2,18.0,0.1,sand,medium,87,drip,river_pump,24.9,1
farm_7,farm_7_field_3,2025-07-09,76.5,sensitive,potato,1,18.0,0.8,sand,medium,88,drip,river_pump,24.9,0
farm_7,farm_7_field_3,2025-07-10,65.9,sensitive,potato,2,18.0,0.3,sand,medium,89,drip,river_pump,24.9,0
farm_7,farm_7_field_3,2025-07-11,60.5,sensitive,potato,3,18.0,0.4,sand,medium,90,drip,river_pump,24.9,1
farm_7,farm_7_field_3,2025-07-12,74.4,sensitive,potato,1,17.1,0.0,sand,medium,91,drip,river_pump,24.9,0
farm_7,farm_7_field_3,2025-07-13,69.7,sensitive,potato,2,17.1,0.0,sand,medium,92,drip,river_pump,24.9,0
farm_7,farm_7_field_3,2025-07-14,57.7,sensitive,potato,3,17.1,0.0,sand,medium,93,drip,river_pump,24.9,1
farm_7,farm_7_field_3,2025-07-15,57.6,sensitive,potato,4,17.1,0.0,sand,medium,94,drip,river_pump,24.9,1
farm_7,farm_7_field_3,2025-07-16,73.6,sensitive,potato,1,18.0,0.0,sand,medium,95,drip,river_pump,24.9,0
farm_7,farm_7_field_3,2025-07-17,66.2,sensitive,potato,2,18.0,0.0,sand,medium,96,drip,river_pump,24.9,0
farm_7,farm_7_field_3,2025-07-18,60.3,sensitive,potato,3,18.0,2.3,sand,medium,97,drip,river_pump,24.9,1
farm_7,farm_7_field_3,2025-07-19,82.2,sensitive,potato,1,18.0,8.3,sand,medium,98,drip,river_pump,24.9,0
farm_7,farm_7_field_3,2025-07-20,84.8,sensitive,potato,2,18.0,0.0,sand,medium,99,drip,river_pump,24.9,0
farm_7,farm_7_field_3,2025-07-21,83.5,late,potato,3,18.0,0.5,sand,medium,100,drip,river_pump,24.9,0
farm_7,farm_7_field_3,2025-07-22,77.1,late,potato,4,18.0,0.0,sand,medium,101,drip,river_pump,24.9,0
farm_7,farm_7_field_3,2025-07-23,71.0,late,potato,5,18.0,0.5,sand,medium,102,drip,river_pump,24.9,0
farm_7,farm_7_field_3,2025-07-24,69.9,late,potato,6,18.0,0.0,sand,medium,103,drip,river_pump,24.9,0
farm_7,farm_7_field_3,2025-07-25,54.7,late,potato,7,18.0,0.2,sand,medium,104,drip,river_pump,24.9,0
farm_7,farm_7_field_3,2025-07-26,53.9,late,potato,8,18.0,0.1,sand,medium,105,drip,river_pump,24.9,0
farm_7,farm_7_field_3,2025-07-27,,late,potato,9,18.0,1.4,sand,medium,106,drip,river_pump,24.9,0
farm_7,farm_7_field_3,2025-07-28,49.1,late,potato,10,18.0,0.2,sand,medium,107,drip,river_pump,24.9,0
farm_7,farm_7_field_3,2025-07-29,41.6,late,potato,11,18.0,5.6,sand,medium,108,drip,river_pump,24.9,1
farm_7,farm_7_field_3,2025-07-30,70.1,late,potato,1,18.0,0.7,sand,medium,109,drip,river_pump,24.9,0
farm_7,farm_7_field_3,2025-07-31,70.1,late,potato,2,18.0,0.6,sand,medium,110,drip,river_pump,24.9,0
farm_7,farm_7_field_3,2025-08-01,70.1,late,potato,3,18.0,0.1,sand,medium,111,drip,river_pump,24.9,0
farm_7,farm_7_field_3,2025-08-02,70.1,late,potato,4,18.0,0.0,sand,medium,112,drip,river_pump,24.9,0
farm_7,farm_7_field_3,2025-08-03,70.1,late,potato,5,18.0,0.0,sand,medium,113,drip,river_pump,24.9,0
farm_7,farm_7_field_3,2025-08-04,70.1,late,potato,6,18.0,0.8,sand,medium,114,drip,river_pump,24.9,0
farm_7,farm_7_field_3,2025-08-05,70.1,late,potato,7,18.0,0.0,sand,medium,115,drip,river_pump,24.9,0
farm_7,farm_7_field_3,2025-08-06,70.1,late,potato,8,18.0,7.0,sand,medium,116,drip,river_pump,24.9,1
farm_7,farm_7_field_3,2025-08-07,51.4,late,potato,9,18.0,0.2,sand,medium,117,drip,river_pump,24.9,0
farm_7,farm_7_field_3,2025-08-08,43.9,late,potato,10,18.0,0.0,sand,medium,118,drip,river_pump,24.9,0
farm_7,farm_7_field_3,2025-08-09,35.7,late,potato,11,18.0,0.0,sand,medium,119,drip,river_pump,24.9,1
farm_7,farm_7_field_3,2025-08-10,37.3,late,potato,12,18.0,0.0,sand,medium,120,drip,river_pump,24.9,1
farm_7,farm_7_field_3,2025-08-11,59.0,late,potato,1,18.0,1.1,sand,medium,121,drip,river_pump,24.9,0
farm_7,farm_7_field_3,2025-08-12,59.1,late,potato,2,18.0,0.0,sand,medium,122,drip,river_pump,24.9,0
farm_7,farm_7_field_3,2025-08-13,52.0,late,potato,3,18.0,0.6,sand,medium,123,drip,river_pump,24.9,0
farm_7,farm_7_field_3,2025-08-14,44.3,late,potato,4,18.0,0.1,sand,medium,124,drip,river_pump,24.9,0
farm_7,farm_7_field_3,2025-08-15,,late,potato,5,18.0,0.0,sand,medium,125,drip,river_pump,24.9,1
farm_7,farm_7_field_3,2025-08-16,38.2,late,potato,6,18.0,0.4,sand,medium,126,drip,river_pump,24.9,1
farm_7,farm_7_field_3,2025-08-17,56.8,late,potato,1,18.0,0.0,sand,medium,127,drip,river_pump,24.9,0
farm_7,farm_7_field_3,2025-08-18,49.0,late,potato,2,18.0,0.2,sand,medium,128,drip,river_pump,24.9,0
farm_7,farm_7_field_3,2025-08-19,46.2,late,potato,3,18.0,0.0,sand,medium,129,drip,river_pump,24.9,0
farm_7,farm_7_field_3,2025-08-20,44.4,late,potato,4,18.0,0.5,sand,medium,130,drip,river_pump,24.9,0
farm_7,farm_7_field_3,2025-08-21,38.0,late,potato,5,18.0,0.6,sand,medium,131,drip,river_pump,24.9,1
farm_7,farm_7_field_3,2025-08-22,64.9,late,potato,1,18.0,0.5,sand,medium,132,drip,river_pump,24.9,0
farm_7,farm_7_field_3,2025-08-23,66.9,late,potato,2,18.0,0.0,sand,medium,133,drip,river_pump,24.9,0
farm_7,farm_7_field_3,2025-08-24,66.9,late,potato,3,18.0,0.3,sand,medium,134,drip,river_pump,24.9,0
farm_7,farm_7_field_3,2025-08-25,66.9,late,potato,4,18.0,0.0,sand,medium,135,drip,river_pump,24.9,0
farm_7,farm_7_field_3,2025-08-26,66.9,late,potato,5,18.0,0.0,sand,medium,136,drip,river_pump,24.9,0
farm_7,farm_7_field_3,2025-08-27,66.9,late,potato,6,18.0,0.0,sand,medium,137,drip,river_pump,24.9,1
farm_7,farm_7_field_3,2025-08-28,66.9,late,potato,7,18.0,13.9,sand,medium,138,drip,river_pump,24.9,1
farm_7,farm_7_field_3,2025-08-29,,late,potato,1,18.0,0.7,sand,medium,139,drip,river_pump,24.9,0
farm_7,farm_7_field_3,2025-08-30,81.6,late,potato,2,18.0,0.4,sand,medium,140,drip,river_pump,24.9,0
farm_7,farm_7_field_3,2025-08-31,74.6,late,potato,3,18.0,1.1,sand,medium,141,drip,river_pump,24.9,0
farm_7,farm_7_field_3,2025-09-01,69.2,late,potato,4,18.0,0.0,sand,medium,142,drip,river_pump,24.9,0
farm_7,farm_7_field_3,2025-09-02,68.7,late,potato,5,18.0,0.0,sand,medium,143,drip,river_pump,24.9,0
farm_7,farm_7_field_3,2025-09-03,66.4,late,potato,6,18.0,1.0,sand,medium,144,drip,river_pump,24.9,0
farm_7,farm_7_field_3,2025-09-04,65.8,late,potato,7,18.0,0.9,sand,medium,145,drip,river_pump,24.9,0
farm_7,farm_7_field_3,2025-09-05,61.8,late,potato,8,18.0,0.0,sand,medium,146,drip,river_pump,24.9,0
farm_7,farm_7_field_3,2025-09-06,55.8,late,potato,9,18.0,0.0,sand,medium,147,drip,river_pump,24.9,0
farm_7,farm_7_field_3,2025-09-07,53.0,late,potato,10,18.0,0.0,sand,medium,148,drip,river_pump,24.9,0
farm_7,farm_7_field_3,2025-09-08,53.0,late,potato,11,18.0,0.0,sand,medium,149,drip,river_pump,24.9,0
farm_7,farm_7_field_3,2025-09-09,43.6,late,potato,12,18.0,0.0,sand,medium,150,drip,river_pump,24.9,0
farm_7,farm_7_field_3,2025-09-10,45.4,late,potato,13,18.0,0.0,sand,medium,151,drip,river_pump,24.9,1
farm_7,farm_7_field_3,2025-09-11,38.9,late,potato,14,18.0,0.2,sand,medium,152,drip,river_pump,24.9,1
farm_7,farm_7_field_3,2025-09-12,35.5,late,potato,15,18.0,0.3,sand,medium,153,drip,river_pump,24.9,1
farm_7,farm_7_field_3,2025-09-13,57.9,late,potato,1,18.0,0.0,sand,medium,154,drip,river_pump,24.9,0
farm_7,farm_7_field_3,2025-09-14,57.7,late,potato,2,18.0,1.5,sand,medium,155,drip,river_pump,24.9,0
farm_7,farm_7_field_3,2025-09-15,,late,potato,3,18.0,0.3,sand,medium,156,drip,river_pump,24.9,0
farm_7,farm_7_field_3,2025-09-16,53.2,late,potato,4,18.0,3.6,sand,medium,157,drip,river_pump,24.9,0
farm_7,farm_7_field_3,2025-09-17,53.0,late,potato,5,18.0,2.0,sand,medium,158,drip,river_pump,24.9,0
farm_7,farm_7_field_3,2025-09-18,51.2,late,potato,6,18.0,0.4,sand,medium,159,drip,river_pump,24.9,0
farm_7,farm_7_field_3,2025-09-19,46.7,late,potato,7,18.0,0.1,sand,medium,160,drip,river_pump,24.9,0
farm_7,farm_7_field_3,2025-09-20,44.6,late,potato,8,18.0,0.0,sand,medium,161,drip,river_pump,24.9,1
farm_7,farm_7_field_3,2025-09-21,68.3,late,potato,1,18.0,0.5,sand,medium,162,drip,river_pump,24.9,0
farm_7,farm_7_field_3,2025-09-22,67.0,late,potato,2,18.0,0.2,sand,medium,163,drip,river_pump,24.9,0
farm_7,farm_7_field_3,2025-09-23,60.8,late,potato,3,18.0,0.2,sand,medium,164,drip,river_pump,24.9,0
farm_7,farm_7_field_3,2025-09-24,57.0,late,potato,4,18.0,0.0,sand,medium,165,drip,river_pump,24.9,0
farm_7,farm_7_field_3,2025-09-25,58.2,late,potato,5,18.0,0.0,sand,medium,166,drip,river_pump,24.9,0
farm_7,farm_7_field_3,2025-09-26,57.3,late,potato,6,18.0,0.1,sand,medium,167,drip,river_pump,24.9,0
farm_7,farm_7_field_3,2025-09-27,50.1,late,potato,7,18.0,0.3,sand,medium,168,drip,river_pump,24.9,0
farm_7,farm_7_field_3,2025-09-28,49.9,late,potato,8,18.0,0.6,sand,medium,169,drip,river_pump,24.9,0
farm_7,farm_7_field_3,2025-09-29,46.4,late,potato,9,18.0,0.0,sand,medium,170,drip,river_pump,24.9,0
farm_7,farm_7_field_3,2025-09-30,42.1,late,potato,10,18.0,0.8,sand,medium,171,drip,river_pump,24.9,1
farm_7,farm_7_field_3,2026-04-15,65.2,initial,potato,3,0.0,0.2,sand,medium,3,drip,river_pump,24.9,0
farm_7,farm_7_field_3,2026-04-16,65.4,initial,potato,4,0.0,0.0,sand,medium,4,drip,river_pump,24.9,0
farm_7,farm_7_field_3,2026-04-17,63.4,initial,potato,5,0.0,0.9,sand,medium,5,drip,river_pump,24.9,0
farm_7,farm_7_field_3,2026-04-18,71.1,initial,potato,6,0.0,0.4,sand,medium,6,drip,river_pump,24.9,0
farm_7,farm_7_field_3,2026-04-19,62.6,initial,potato,7,0.0,0.0,sand,medium,7,drip,river_pump,24.9,0
farm_7,farm_7_field_3,2026-04-20,61.4,initial,potato,8,0.0,0.8,sand,medium,8,drip,river_pump,24.9,0
farm_7,farm_7_field_3,2026-04-21,63.1,initial,potato,9,0.0,0.0,sand,medium,9,drip,river_pump,24.9,0
farm_7,farm_7_field_3,2026-04-22,62.6,initial,potato,10,0.0,0.0,sand,medium,10,drip,river_pump,24.9,0
farm_7,farm_7_field_3,2026-04-23,57.6,initial,potato,11,0.0,0.2,sand,medium,11,drip,river_pump,24.9,0
farm_7,farm_7_field_3,2026-04-24,56.6,initial,potato,12,0.0,0.1,sand,medium,12,drip,river_pump,24.9,0
farm_7,farm_7_field_3,2026-04-25,58.0,initial,potato,13,0.0,0.0,sand,medium,13,drip,river_pump,24.9,0
farm_7,farm_7_field_3,2026-04-26,51.7,initial,potato,14,0.0,0.4,sand,medium,14,drip,river_pump,24.9,0
farm_7,farm_7_field_3,2026-04-27,44.8,initial,potato,15,0.0,0.1,sand,medium,15,drip,river_pump,24.9,0
farm_7,farm_7_field_3,2026-04-28,48.0,initial,potato,16,0.0,0.3,sand,medium,16,drip,river_pump,24.9,1
farm_7,farm_7_field_3,2026-04-29,50.2,initial,potato,17,0.0,0.7,sand,medium,17,drip,river_pump,24.9,1
farm_7,farm_7_field_3,2026-04-30,69.0,initial,potato,1,18.0,0.0,sand,medium,18,drip,river_pump,24.9,0
farm_7,farm_7_field_3,2026-05-01,74.8,initial,potato,2,18.0,0.0,sand,medium,19,drip,river_pump,24.9,0
farm_7,farm_7_field_3,2026-05-02,67.9,initial,potato,3,18.0,0.2,sand,medium,20,drip,river_pump,24.9,0
farm_7,farm_7_field_3,2026-05-03,69.2,initial,potato,4,18.0,7.2,sand,medium,21,drip,river_pump,24.9,0
farm_7,farm_7_field_3,2026-05-04,72.6,initial,potato,5,18.0,0.5,sand,medium,22,drip,river_pump,24.9,0
farm_7,farm_7_field_3,2026-05-05,74.4,initial,potato,6,18.0,3.2,sand,medium,23,drip,river_pump,24.9,0
farm_7,farm_7_field_3,2026-05-06,74.7,initial,potato,7,18.0,0.6,sand,medium,24,drip,river_pump,24.9,0
farm_7,farm_7_field_3,2026-05-07,75.1,development,potato,8,18.0,6.3,sand,medium,25,drip,river_pump,24.9,0
farm_7,farm_7_field_3,2026-05-08,83.5,development,potato,9,18.0,0.0,sand,medium,26,drip,river_pump,24.9,0
farm_7,farm_7_field_3,2026-05-09,76.1,development,potato,10,18.0,0.0,sand,medium,27,drip,river_pump,24.9,0
farm_7,farm_7_field_3,2026-05-10,76.8,development,potato,11,18.0,0.4,sand,medium,28,drip,river_pump,24.9,0
farm_7,farm_7_field_3,2026-05-11,75.5,development,potato,12,18.0,0.0,sand,medium,29,drip,river_pump,24.9,0
farm_7,farm_7_field_3,2026-05-12,68.0,development,potato,13,18.0,0.5,sand,medium,30,drip,river_pump,24.9,0
farm_7,farm_7_field_3,2026-05-13,61.9,development,potato,14,18.0,2.6,sand,medium,31,drip,river_pump,24.9,0
farm_7,farm_7_field_3,2026-05-14,,development,potato,15,18.0,0.0,sand,medium,32,drip,river_pump,24.9,0
farm_7,farm_7_field_3,2026-05-15,62.2,development,potato,16,18.0,0.0,sand,medium,33,drip,river_pump,24.9,0
farm_7,farm_7_field_3,2026-05-16,56.3,development,potato,17,18.0,0.1,sand,medium,34,drip,river_pump,24.9,0
farm_7,farm_7_field_3,2026-05-17,56.9,development,potato,18,18.0,0.3,sand,medium,35,drip,river_pump,24.9,1
farm_7,farm_7_field_3,2026-05-18,48.7,development,potato,19,18.0,0.0,sand,medium,36,drip,river_pump,24.9,1
farm_7,farm_7_field_3,2026-05-19,43.5,development,potato,20,18.0,0.0,sand,medium,37,drip,river_pump,24.9,1
farm_7,farm_7_field_3,2026-05-20,31.2,development,potato,21,18.0,0.1,sand,medium,38,drip,river_pump,24.9,1
farm_7,farm_7_field_3,2026-05-21,62.8,development,potato,1,18.0,12.0,sand,medium,39,drip,river_pump,24.9,0
farm_7,farm_7_field_3,2026-05-22,71.7,development,potato,2,18.0,3.7,sand,medium,40,drip,river_pump,24.9,0
farm_7,farm_7_field_3,2026-05-23,81.0,development,potato,3,18.0,0.0,sand,medium,41,drip,river_pump,24.9,0
farm_7,farm_7_field_3,2026-05-24,68.0,development,potato,4,18.0,0.0,sand,medium,42,drip,river_pump,24.9,0
farm_7,farm_7_field_3,2026-05-25,66.1,development,potato,5,18.0,0.0,sand,medium,43,drip,river_pump,24.9,0
farm_7,farm_7_field_3,2026-05-26,62.1,development,potato,6,18.0,0.0,sand,medium,44,drip,river_pump,24.9,0
farm_7,farm_7_field_3,2026-05-27,63.8,development,potato,7,18.0,0.0,sand,medium,45,drip,river_pump,24.9,0
farm_7,farm_7_field_3,2026-05-28,53.2,development,potato,8,18.0,0.1,sand,medium,46,drip,river_pump,24.9,0
farm_7,farm_7_field_3,2026-05-29,56.3,development,potato,9,18.0,0.0,sand,medium,47,drip,river_pump,24.9,1
farm_7,farm_7_field_3,2026-05-30,70.5,development,potato,1,18.0,0.1,sand,medium,48,drip,river_pump,24.9,0
farm_7,farm_7_field_3,2026-05-31,67.9,development,potato,2,18.0,0.0,sand,medium,49,drip,river_pump,24.9,0
farm_7,farm_7_field_3,2026-06-01,64.6,development,potato,3,18.0,0.6,sand,medium,50,drip,river_pump,24.9,0
farm_7,farm_7_field_3,2026-06-02,66.5,development,potato,4,18.0,0.3,sand,medium,51,drip,river_pump,24.9,0
farm_7,farm_7_field_3,2026-06-03,59.4,development,potato,5,18.0,0.1,sand,medium,52,drip,river_pump,24.9,0
farm_7,farm_7_field_3,2026-06-04,56.2,development,potato,6,18.0,0.0,sand,medium,53,drip,river_pump,24.9,0
farm_7,farm_7_field_3,2026-06-05,55.5,development,potato,7,18.0,0.0,sand,medium,54,drip,river_pump,24.9,1
farm_7,farm_7_field_3,2026-06-06,48.3,sensitive,potato,8,18.0,3.9,sand,medium,55,drip,river_pump,24.9,2
farm_7,farm_7_field_3,2026-06-07,72.9,sensitive,potato,1,18.0,0.0,sand,medium,56,drip,river_pump,24.9,0
farm_7,farm_7_field_3,2026-06-08,60.3,sensitive,potato,2,18.0,0.0,sand,medium,57,drip,river_pump,24.9,0
farm_7,farm_7_field_3,2026-06-09,61.3,sensitive,potato,3,18.0,0.0,sand,medium,58,drip,river_pump,24.9,1
farm_7,farm_7_field_3,2026-06-10,71.9,sensitive,potato,1,18.0,0.0,sand,medium,59,drip,river_pump,24.9,0
farm_7,farm_7_field_3,2026-06-11,63.4,sensitive,potato,2,18.0,0.0,sand,medium,60,drip,river_pump,24.9,1
farm_7,farm_7_field_3,2026-06-12,51.5,sensitive,potato,3,18.0,0.0,sand,medium,61,drip,river_pump,24.9,1
farm_7,farm_7_field_3,2026-06-13,40.6,sensitive,potato,4,18.0,0.0,sand,medium,62,drip,river_pump,24.9,2
farm_7,farm_7_field_3,2026-06-14,58.4,sensitive,potato,1,18.0,0.9,sand,medium,63,drip,river_pump,24.9,1
farm_7,farm_7_field_3,2026-06-15,75.8,sensitive,potato,1,16.9,0.1,sand,medium,64,drip,river_pump,24.9,0
farm_7,farm_7_field_3,2026-06-16,66.2,sensitive,potato,2,16.9,0.3,sand,medium,65,drip,river_pump,24.9,0
farm_7,farm_7_field_3,2026-06-17,53.2,sensitive,potato,3,16.9,0.0,sand,medium,66,drip,river_pump,24.9,1
farm_7,farm_7_field_3,2026-06-18,44.4,sensitive,potato,4,16.9,0.2,sand,medium,67,drip,river_pump,24.9,2
farm_7,farm_7_field_3,2026-06-19,57.9,sensitive,potato,1,18.0,0.0,sand,medium,68,drip,river_pump,24.9,1
farm_7,farm_7_field_3,2026-06-20,71.0,sensitive,potato,1,16.7,0.0,sand,medium,69,drip,river_pump,24.9,0
farm_7,farm_7_field_3,2026-06-21,65.4,sensitive,potato,2,16.7,0.0,sand,medium,70,drip,river_pump,24.9,1
farm_7,farm_7_field_3,2026-06-22,74.7,sensitive,potato,1,14.5,0.5,sand,medium,71,drip,river_pump,24.9,0
farm_7,farm_7_field_3,2026-06-23,64.8,sensitive,potato,2,14.5,0.0,sand,medium,72,drip,river_pump,24.9,0
farm_7,farm_7_field_3,2026-06-24,55.2,sensitive,potato,3,14.5,0.2,sand,medium,73,drip,river_pump,24.9,1
farm_7,farm_7_field_3,2026-06-25,76.9,sensitive,potato,1,18.0,1.2,sand,medium,74,drip,river_pump,24.9,0
farm_7,farm_7_field_3,2026-06-26,76.9,sensitive,potato,2,18.0,0.1,sand,medium,75,drip,river_pump,24.9,0
farm_7,farm_7_field_3,2026-06-27,76.9,sensitive,potato,3,18.0,0.0,sand,medium,76,drip,river_pump,24.9,1
farm_7,farm_7_field_3,2026-06-28,76.9,sensitive,potato,4,18.0,0.0,sand,medium,77,drip,river_pump,24.9,2
farm_7,farm_7_field_3,2026-06-29,76.9,sensitive,potato,1,18.0,0.2,sand,medium,78,drip,river_pump,24.9,1
farm_7,farm_7_field_3,2026-06-30,76.9,sensitive,potato,2,18.0,0.0,sand,medium,79,drip,river_pump,24.9,2
farm_7,farm_7_field_3,2026-07-01,76.9,sensitive,potato,1,18.0,0.8,sand,medium,80,drip,river_pump,24.9,1
farm_7,farm_7_field_3,2026-07-02,76.9,sensitive,potato,1,16.2,0.2,sand,medium,81,drip,river_pump,24.9,0
farm_7,farm_7_field_3,2026-07-03,63.4,sensitive,potato,2,16.2,0.2,sand,medium,82,drip,river_pump,24.9,1
farm_7,farm_7_field_3,2026-07-04,54.7,sensitive,potato,3,16.2,0.0,sand,medium,83,drip,river_pump,24.9,1
farm_7,farm_7_field_3,2026-07-05,42.8,sensitive,potato,4,16.2,0.0,sand,medium,84,drip,river_pump,24.9,2
farm_7,farm_7_field_3,2026-07-06,57.4,sensitive,potato,1,18.0,0.1,sand,medium,85,drip,river_pump,24.9,1
farm_7,farm_7_field_3,2026-07-07,42.5,sensitive,potato,2,18.0,0.2,sand,medium,86,drip,river_pump,24.9,2
farm_7,farm_7_field_3,2026-07-08,59.5,sensitive,potato,1,18.0,0.7,sand,medium,87,drip,river_pump,24.9,1
farm_7,farm_7_field_3,2026-07-09,46.8,sensitive,potato,2,18.0,0.1,sand,medium,88,drip,river_pump,24.9,1
farm_7,farm_7_field_3,2026-07-10,69.0,sensitive,potato,1,18.0,0.5,sand,medium,89,drip,river_pump,24.9,0
farm_7,farm_7_field_3,2026-07-11,52.3,sensitive,potato,2,18.0,0.6,sand,medium,90,drip,river_pump,24.9,1
farm_7,farm_7_field_3,2026-07-12,43.0,sensitive,potato,3,18.0,0.2,sand,medium,91,drip,river_pump,24.9,2
farm_7,farm_7_field_3,2026-07-13,,sensitive,potato,1,18.0,0.0,sand,medium,92,drip,river_pump,24.9,1
farm_7,farm_7_field_3,2026-07-14,48.0,sensitive,potato,2,18.0,0.2,sand,medium,93,drip,river_pump,24.9,1
farm_7,farm_7_field_3,2026-07-15,65.7,sensitive,potato,1,18.0,0.0,sand,medium,94,drip,river_pump,24.9,0
farm_7,farm_7_field_3,2026-07-16,58.2,sensitive,potato,2,18.0,0.7,sand,medium,95,drip,river_pump,24.9,1
farm_7,farm_7_field_3,2026-07-17,49.5,sensitive,potato,3,18.0,0.0,sand,medium,96,drip,river_pump,24.9,2
farm_7,farm_7_field_3,2026-07-18,59.2,sensitive,potato,1,18.0,0.0,sand,medium,97,drip,river_pump,24.9,1
farm_7,farm_7_field_3,2026-07-19,56.6,sensitive,potato,2,18.0,0.8,sand,medium,98,drip,river_pump,24.9,1
farm_7,farm_7_field_3,2026-07-20,46.3,sensitive,potato,3,18.0,0.0,sand,medium,99,drip,river_pump,24.9,2
farm_7,farm_7_field_3,2026-07-21,57.8,late,potato,1,18.0,0.8,sand,medium,100,drip,river_pump,24.9,0
farm_7,farm_7_field_3,2026-07-22,54.8,late,potato,2,18.0,0.0,sand,medium,101,drip,river_pump,24.9,0
farm_7,farm_7_field_3,2026-07-23,52.3,late,potato,3,18.0,0.0,sand,medium,102,drip,river_pump,24.9,0
farm_7,farm_7_field_3,2026-07-24,45.9,late,potato,4,18.0,0.1,sand,medium,103,drip,river_pump,24.9,1
farm_7,farm_7_field_3,2026-07-25,60.7,late,potato,1,18.0,0.0,sand,medium,104,drip,river_pump,24.9,0
farm_7,farm_7_field_3,2026-07-26,53.9,late,potato,2,18.0,0.3,sand,medium,105,drip,river_pump,24.9,0
farm_7,farm_7_field_3,2026-07-27,52.8,late,potato,3,18.0,0.4,sand,medium,106,drip,river_pump,24.9,0
farm_7,farm_7_field_3,2026-07-28,46.5,late,potato,4,18.0,0.5,sand,medium,107,drip,river_pump,24.9,1
farm_7,farm_7_field_3,2026-07-29,43.8,late,potato,5,18.0,0.1,sand,medium,108,drip,river_pump,24.9,1
farm_7,farm_7_field_3,2026-07-30,31.3,late,potato,6,18.0,0.0,sand,medium,109,drip,river_pump,24.9,1
farm_7,farm_7_field_3,2026-07-31,32.9,late,potato,7,18.0,5.7,sand,medium,110,drip,river_pump,24.9,2
farm_7,farm_7_field_3,2026-08-01,55.0,late,potato,1,18.0,0.0,sand,medium,111,drip,river_pump,24.9,0
farm_7,farm_7_field_3,2026-08-02,48.8,late,potato,2,18.0,0.3,sand,medium,112,drip,river_pump,24.9,0
farm_7,farm_7_field_3,2026-08-03,46.7,late,potato,3,18.0,6.6,sand,medium,113,drip,river_pump,24.9,1
farm_7,farm_7_field_3,2026-08-04,73.1,late,potato,1,18.0,0.1,sand,medium,114,drip,river_pump,24.9,0
farm_7,farm_7_field_3,2026-08-05,65.5,late,potato,2,18.0,0.6,sand,medium,115,drip,river_pump,24.9,0
farm_7,farm_7_field_3,2026-08-06,56.8,late,potato,3,18.0,0.3,sand,medium,116,drip,river_pump,24.9,0
farm_7,farm_7_field_3,2026-08-07,54.9,late,potato,4,18.0,0.0,sand,medium,117,drip,river_pump,24.9,0
farm_7,farm_7_field_3,2026-08-08,51.1,late,potato,5,18.0,0.0,sand,medium,118,drip,river_pump,24.9,0
farm_7,farm_7_field_3,2026-08-09,47.3,late,potato,6,18.0,0.0,sand,medium,119,drip,river_pump,24.9,0
farm_7,farm_7_field_3,2026-08-10,42.5,late,potato,7,18.0,1.7,sand,medium,120,drip,river_pump,24.9,1
farm_7,farm_7_field_3,2026-08-11,63.3,late,potato,1,18.0,0.0,sand,medium,121,drip,river_pump,24.9,0
farm_7,farm_7_field_3,2026-08-12,55.1,late,potato,2,18.0,0.0,sand,medium,122,drip,river_pump,24.9,0
farm_7,farm_7_field_3,2026-08-13,53.3,late,potato,3,18.0,0.0,sand,medium,123,drip,river_pump,24.9,0
farm_7,farm_7_field_3,2026-08-14,52.7,late,potato,4,18.0,0.0,sand,medium,124,drip,river_pump,24.9,0
farm_7,farm_7_field_3,2026-08-15,37.1,late,potato,5,18.0,0.0,sand,medium,125,drip,river_pump,24.9,1
farm_7,farm_7_field_3,2026-08-16,59.0,late,potato,1,18.0,0.0,sand,medium,126,drip,river_pump,24.9,0
farm_7,farm_7_field_3,2026-08-17,,late,potato,2,18.0,0.3,sand,medium,127,drip,river_pump,24.9,0
farm_7,farm_7_field_3,2026-08-18,51.2,late,potato,3,18.0,0.0,sand,medium,128,drip,river_pump,24.9,0
farm_7,farm_7_field_3,2026-08-19,46.8,late,potato,4,18.0,0.0,sand,medium,129,drip,river_pump,24.9,1
farm_7,farm_7_field_3,2026-08-20,63.7,late,potato,1,18.0,2.1,sand,medium,130,drip,river_pump,24.9,0
farm_7,farm_7_field_3,2026-08-21,62.5,late,potato,2,18.0,0.0,sand,medium,131,drip,river_pump,24.9,0
farm_7,farm_7_field_3,2026-08-22,61.1,late,potato,3,18.0,0.0,sand,medium,132,drip,river_pump,24.9,0
farm_7,farm_7_field_3,2026-08-23,56.2,late,potato,4,18.0,0.0,sand,medium,133,drip,river_pump,24.9,0
farm_7,farm_7_field_3,2026-08-24,49.9,late,potato,5,18.0,0.3,sand,medium,134,drip,river_pump,24.9,0
farm_7,farm_7_field_3,2026-08-25,46.8,late,potato,6,18.0,0.0,sand,medium,135,drip,river_pump,24.9,0
farm_7,farm_7_field_3,2026-08-26,40.6,late,potato,7,18.0,0.0,sand,medium,136,drip,river_pump,24.9,1
farm_7,farm_7_field_3,2026-08-27,41.0,late,potato,8,18.0,0.3,sand,medium,137,drip,river_pump,24.9,1
farm_7,farm_7_field_3,2026-08-28,37.6,late,potato,9,18.0,2.9,sand,medium,138,drip,river_pump,24.9,1
farm_7,farm_7_field_3,2026-08-29,38.3,late,potato,10,18.0,0.0,sand,medium,139,drip,river_pump,24.9,1
farm_7,farm_7_field_3,2026-08-30,31.5,late,potato,11,18.0,0.0,sand,medium,140,drip,river_pump,24.9,1
farm_7,farm_7_field_3,2026-08-31,31.4,late,potato,12,18.0,0.3,sand,medium,141,drip,river_pump,24.9,2
farm_7,farm_7_field_3,2026-09-01,46.6,late,potato,1,18.0,0.3,sand,medium,142,drip,river_pump,24.9,0
farm_7,farm_7_field_3,2026-09-02,49.5,late,potato,2,18.0,0.3,sand,medium,143,drip,river_pump,24.9,0
farm_7,farm_7_field_3,2026-09-03,41.9,late,potato,3,18.0,0.0,sand,medium,144,drip,river_pump,24.9,1
farm_7,farm_7_field_3,2026-09-04,66.1,late,potato,1,18.0,0.0,sand,medium,145,drip,river_pump,24.9,0
farm_7,farm_7_field_3,2026-09-05,56.0,late,potato,2,18.0,0.0,sand,medium,146,drip,river_pump,24.9,0
farm_7,farm_7_field_3,2026-09-06,57.7,late,potato,3,18.0,0.0,sand,medium,147,drip,river_pump,24.9,0
farm_7,farm_7_field_3,2026-09-07,51.2,late,potato,4,18.0,0.3,sand,medium,148,drip,river_pump,24.9,0
farm_7,farm_7_field_3,2026-09-08,45.4,late,potato,5,18.0,0.0,sand,medium,149,drip,river_pump,24.9,0
farm_7,farm_7_field_3,2026-09-09,44.2,late,potato,6,18.0,0.2,sand,medium,150,drip,river_pump,24.9,1
farm_7,farm_7_field_3,2026-09-10,67.8,late,potato,1,18.0,0.0,sand,medium,151,drip,river_pump,24.9,0
farm_7,farm_7_field_3,2026-09-11,63.5,late,potato,2,18.0,0.0,sand,medium,152,drip,river_pump,24.9,0
farm_7,farm_7_field_3,2026-09-12,59.7,late,potato,3,18.0,0.5,sand,medium,153,drip,river_pump,24.9,0
farm_7,farm_7_field_3,2026-09-13,52.9,late,potato,4,18.0,0.0,sand,medium,154,drip,river_pump,24.9,0
farm_7,farm_7_field_3,2026-09-14,50.1,late,potato,5,18.0,0.5,sand,medium,155,drip,river_pump,24.9,0
farm_7,farm_7_field_3,2026-09-15,50.9,late,potato,6,18.0,0.0,sand,medium,156,drip,river_pump,24.9,0
farm_7,farm_7_field_3,2026-09-16,40.5,late,potato,7,18.0,0.0,sand,medium,157,drip,river_pump,24.9,0
farm_7,farm_7_field_3,2026-09-17,42.9,late,potato,8,18.0,0.0,sand,medium,158,drip,river_pump,24.9,1
farm_7,farm_7_field_3,2026-09-18,44.2,late,potato,9,18.0,1.0,sand,medium,159,drip,river_pump,24.9,1
farm_7,farm_7_field_3,2026-09-19,39.8,late,potato,10,18.0,0.0,sand,medium,160,drip,river_pump,24.9,1
farm_7,farm_7_field_3,2026-09-20,35.9,late,potato,11,18.0,0.0,sand,medium,161,drip,river_pump,24.9,1
farm_7,farm_7_field_3,2026-09-21,59.7,late,potato,1,18.0,0.1,sand,medium,162,drip,river_pump,24.9,0
farm_7,farm_7_field_3,2026-09-22,50.5,late,potato,2,18.0,0.0,sand,medium,163,drip,river_pump,24.9,0
farm_7,farm_7_field_3,2026-09-23,52.0,late,potato,3,18.0,0.0,sand,medium,164,drip,river_pump,24.9,0
farm_7,farm_7_field_3,2026-09-24,44.3,late,potato,4,18.0,0.2,sand,medium,165,drip,river_pump,24.9,0
farm_7,farm_7_field_3,2026-09-25,42.3,late,potato,5,18.0,0.0,sand,medium,166,drip,river_pump,24.9,1
farm_7,farm_7_field_3,2026-09-26,37.8,late,potato,6,18.0,0.0,sand,medium,167,drip,river_pump,24.9,1
farm_7,farm_7_field_3,2026-09-27,58.8,late,potato,1,18.0,3.1,sand,medium,168,drip,river_pump,24.9,0
farm_7,farm_7_field_3,2026-09-28,63.7,late,potato,2,18.0,0.3,sand,medium,169,drip,river_pump,24.9,0
farm_7,farm_7_field_3,2026-09-29,60.9,late,potato,3,18.0,0.1,sand,medium,170,drip,river_pump,24.9,0
farm_7,farm_7_field_3,2026-09-30,62.8,late,potato,4,18.0,0.0,sand,medium,171,drip,river_pump,24.9,0
