farm_id,field_id,date,soil_moisture_pct_nfk,growth_stage,crop_type,days_since_last_irrigation,previous_irrigation_mm,onfarm_rain_gauge_mm,soil_type,crop_variety_maturity,days_after_planting,irrigation_type,water_source,field_area_ha,irrigation_need
farm_6,farm_6_field_1,2025-04-16,45.4,initial,sugar_beet,0,0.0,4.3,loam,late,0,pivot,irrigation_canal,10.4,0
farm_6,farm_6_field_1,2025-04-17,49.2,initial,sugar_beet,1,0.0,0.0,loam,late,1,pivot,irrigation_canal,10.4,0
farm_6,farm_6_field_1,2025-04-18,56.9,initial,sugar_beet,2,0.0,0.0,loam,late,2,pivot,irrigation_canal,10.4,0
farm_6,farm_6_field_1,2025-04-19,55.4,initial,sugar_beet,3,0.0,0.3,loam,late,3,pivot,irrigation_canal,10.4,0
farm_6,farm_6_field_1,2025-04-20,58.0,initial,sugar_beet,4,0.0,0.0,loam,late,4,pivot,irrigation_canal,10.4,0
farm_6,farm_6_field_1,2025-04-21,57.2,initial,sugar_beet,5,0.0,0.4,loam,late,5,pivot,irrigation_canal,10.4,0
farm_6,farm_6_field_1,2025-04-22,51.9,initial,sugar_beet,6,0.0,4.6,loam,late,6,pivot,irrigation_canal,10.4,0
farm_6,farm_6_field_1,2025-04-23,59.5,initial,sugar_beet,7,0.0,0.0,loam,late,7,pivot,irrigation_canal,10.4,0
farm_6,farm_6_field_1,2025-04-24,55.9,initial,sugar_beet,8,0.0,0.0,loam,late,8,pivot,irrigation_canal,10.4,0
farm_6,farm_6_field_1,2025-04-25,47.8,initial,sugar_beet,9,0.0,0.0,loam,late,9,pivot,irrigation_canal,10.4,0
farm_6,farm_6_field_1,2025-04-26,53.3,initial,sugar_beet,10,0.0,0.2,loam,late,10,pivot,irrigation_canal,10.4,0
farm_6,farm_6_field_1,2025-04-27,52.8,initial,sugar_beet,11,0.0,4.9,loam,late,11,pivot,irrigation_canal,10.4,0
farm_6,farm_6_field_1,2025-04-28,49.8,initial,sugar_beet,12,0.0,0.0,loam,late,12,pivot,irrigation_canal,10.4,0
farm_6,farm_6_field_1,2025-04-29,50.6,initial,sugar_beet,13,0.0,0.0,loam,late,13,pivot,irrigation_canal,10.4,0
farm_6,farm_6_field_1,2025-04-30,57.3,initial,sugar_beet,14,0.0,1.5,loam,late,14,pivot,irrigation_canal,10.4,0
farm_6,farm_6_field_1,2025-05-01,53.6,initial,sugar_beet,15,0.0,0.1,loam,late,15,pivot,irrigation_canal,10.4,0
farm_6,farm_6_field_1,2025-05-02,55.5,initial,sugar_beet,16,0.0,0.2,loam,late,16,pivot,irrigation_canal,10.4,0
farm_6,farm_6_field_1,2025-05-03,58.7,initial,sugar_beet,17,0.0,3.9,loam,late,17,pivot,irrigation_canal,10.4,0
farm_6,farm_6_field_1,2025-05-04,58.8,initial,sugar_beet,18,0.0,0.0,loam,late,18,pivot,irrigation_canal,10.4,0
farm_6,farm_6_field_1,2025-05-05,54.3,initial,sugar_beet,19,0.0,0.0,loam,late,19,pivot,irrigation_canal,10.4,0
farm_6,farm_6_field_1,2025-05-06,57.6,initial,sugar_beet,20,0.0,0.1,loam,late,20,pivot,irrigation_canal,10.4,0
farm_6,farm_6_field_1,2025-05-07,56.3,initial,sugar_beet,21,0.0,0.0,loam,late,21,pivot,irrigation_canal,10.4,0
farm_6,farm_6_field_1,2025-05-08,54.2,initial,sugar_beet,22,0.0,0.2,loam,late,22,pivot,irrigation_canal,10.4,0
farm_6,farm_6_field_1,2025-05-09,52.0,initial,sugar_beet,23,0.0,0.9,loam,late,23,pivot,irrigation_canal,10.4,0
farm_6,farm_6_field_1,2025-05-10,51.4,initial,sugar_beet,24,0.0,0.0,loam,late,24,pivot,irrigation_canal,10.4,0
farm_6,farm_6_field_1,2025-05-11,49.2,initial,sugar_beet,25,0.0,0.0,loam,late,25,pivot,irrigation_canal,10.4,0
farm_6,farm_6_field_1,2025-05-12,57.2,initial,sugar_beet,26,0.0,0.2,loam,late,26,pivot,irrigation_canal,10.4,0
farm_6,farm_6_field_1,2025-05-13,50.8,initial,sugar_beet,27,0.0,0.1,loam,late,27,pivot,irrigation_canal,10.4,0
farm_6,farm_6_field_1,2025-05-14,47.8,initial,sugar_beet,28,0.0,0.3,loam,late,28,pivot,irrigation_canal,10.4,0
farm_6,farm_6_field_1,2025-05-15,47.2,development,sugar_beet,29,0.0,0.2,loam,late,29,pivot,irrigation_canal,10.4,0
farm_6,farm_6_field_1,2025-05-16,48.8,development,sugar_beet,30,0.0,0.2,loam,late,30,pivot,irrigation_canal,10.4,0
farm_6,farm_6_field_1,2025-05-17,49.4,development,sugar_beet,31,0.0,8.4,loam,late,31,pivot,irrigation_canal,10.4,1
farm_6,farm_6_field_1,2025-05-18,52.8,development,sugar_beet,32,0.0,0.4,loam,late,32,pivot,irrigation_canal,10.4,0
farm_6,farm_6_field_1,2025-05-19,50.6,development,sugar_beet,33,0.0,9.8,loam,late,33,pivot,irrigation_canal,10.4,0
farm_6,farm_6_field_1,2025-05-20,47.7,development,sugar_beet,34,0.0,0.0,loam,late,34,pivot,irrigation_canal,10.4,0
farm_6,farm_6_field_1,2025-05-21,57.1,development,sugar_beet,35,0.0,6.3,loam,late,35,pivot,irrigation_canal,10.4,0
farm_6,farm_6_field_1,2025-05-22,56.4,development,sugar_beet,36,0.0,0.0,loam,late,36,pivot,irrigation_canal,10.4,0
farm_6,farm_6_field_1,2025-05-23,53.9,development,sugar_beet,37,0.0,0.0,loam,late,37,pivot,irrigation_canal,10.4,0
farm_6,farm_6_field_1,2025-05-24,48.1,development,sugar_beet,38,0.0,0.0,loam,late,38,pivot,irrigation_canal,10.4,0
farm_6,farm_6_field_1,2025-05-25,50.6,development,sugar_beet,39,0.0,4.5,loam,late,39,pivot,irrigation_canal,10.4,0
farm_6,farm_6_field_1,2025-05-26,,development,sugar_beet,40,0.0,0.0,loam,late,40,pivot,irrigation_canal,10.4,0
farm_6,farm_6_field_1,2025-05-27,53.4,development,sugar_beet,41,0.0,0.6,loam,late,41,pivot,irrigation_canal,10.4,0
farm_6,farm_6_field_1,2025-05-28,51.2,development,sugar_beet,42,0.0,0.0,loam,late,42,pivot,irrigation_canal,10.4,0
farm_6,farm_6_field_1,2025-05-29,51.9,development,sugar_beet,43,0.0,0.0,loam,late,43,pivot,irrigation_canal,10.4,0
farm_6,farm_6_field_1,2025-05-30,42.2,development,sugar_beet,44,0.0,0.0,loam,late,44,pivot,irrigation_canal,10.4,1
farm_6,farm_6_field_1,2025-05-31,46.0,development,sugar_beet,45,0.0,0.0,loam,late,45,pivot,irrigation_canal,10.4,1
farm_6,farm_6_field_1,2025-06-01,60.1,development,sugar_beet,1,30.0,0.6,loam,late,46,pivot,irrigation_canal,10.4,0
farm_6,farm_6_field_1,2025-06-02,61.1,development,sugar_beet,2,30.0,0.4,loam,late,47,pivot,irrigation_canal,10.4,0
farm_6,farm_6_field_1,2025-06-03,65.3,development,sugar_beet,3,30.0,0.0,loam,late,48,pivot,irrigation_canal,10.4,0
farm_6,farm_6_field_1,2025-06-04,53.6,development,sugar_beet,4,30.0,0.5,loam,late,49,pivot,irrigation_canal,10.4,0
farm_6,farm_6_field_1,2025-06-05,,development,sugar_beet,5,30.0,0.0,loam,late,50,pivot,irrigation_canal,10.4,0
farm_6,farm_6_field_1,2025-06-06,55.4,development,sugar_beet,6,30.0,0.0,loam,late,51,pivot,irrigation_canal,10.4,0
farm_6,farm_6_field_1,2025-06-07,52.8,development,sugar_beet,7,30.0,21.5,loam,late,52,pivot,irrigation_canal,10.4,0
farm_6,farm_6_field_1,2025-06-08,63.8,development,sugar_beet,8,30.0,20.1,loam,late,53,pivot,irrigation_canal,10.4,0
farm_6,farm_6_field_1,2025-06-09,79.0,development,sugar_beet,9,30.0,0.1,loam,late,54,pivot,irrigation_canal,10.4,0
farm_6,farm_6_field_1,2025-06-10,77.4,development,sugar_beet,10,30.0,0.0,loam,late,55,pivot,irrigation_canal,10.4,0
farm_6,farm_6_field_1,2025-06-11,77.5,development,sugar_beet,11,30.0,0.0,loam,late,56,pivot,irrigation_canal,10.4,0
farm_6,farm_6_field_1,2025-06-12,74.2,development,sugar_beet,12,30.0,0.2,loam,late,57,pivot,irrigation_canal,10.4,0
farm_6,farm_6_field_1,2025-06-13,68.5,development,sugar_beet,13,30.0,0.1,loam,late,58,pivot,irrigation_canal,10.4,0
farm_6,farm_6_field_1,2025-06-14,66.3,development,sugar_beet,14,30.0,0.8,loam,late,59,pivot,irrigation_canal,10.4,0
farm_6,farm_6_field_1,2025-06-15,70.3,development,sugar_beet,15,30.0,0.2,loam,late,60,pivot,irrigation_canal,10.4,0
farm_6,farm_6_field_1,2025-06-16,62.3,development,sugar_beet,16,30.0,0.3,loam,late,61,pivot,irrigation_canal,10.4,0
farm_6,farm_6_field_1,2025-06-17,64.7,development,sugar_beet,17,30.0,0.8,loam,late,62,pivot,irrigation_canal,10.4,0
farm_6,farm_6_field_1,2025-06-18,62.2,development,sugar_beet,18,30.0,26.5,loam,late,63,pivot,irrigation_canal,10.4,0
farm_6,farm_6_field_1,2025-06-19,80.5,development,sugar_beet,19,30.0,0.0,loam,late,64,pivot,irrigation_canal,10.4,0
farm_6,farm_6_field_1,2025-06-20,73.7,development,sugar_beet,20,30.0,0.0,loam,late,65,pivot,irrigation_canal,10.4,0
farm_6,farm_6_field_1,2025-06-21,76.5,development,sugar_beet,21,30.0,0.7,loam,late,66,pivot,irrigation_canal,10.4,0
farm_6,farm_6_field_1,2025-06-22,74.0,development,sugar_beet,22,30.0,0.8,loam,late,67,pivot,irrigation_canal,10.4,0
farm_6,farm_6_field_1,2025-06-23,72.7,development,sugar_beet,23,30.0,0.1,loam,late,68,pivot,irrigation_canal,10.4,0
farm_6,farm_6_field_1,2025-06-24,70.2,sensitive,sugar_beet,24,30.0,0.6,loam,late,69,pivot,irrigation_canal,10.4,0
farm_6,farm_6_field_1,2025-06-25,66.9,sensitive,sugar_beet,25,30.0,0.0,loam,late,70,pivot,irrigation_canal,10.4,0
farm_6,farm_6_field_1,2025-06-26,63.0,sensitive,sugar_beet,26,30.0,0.3,loam,late,71,pivot,irrigation_canal,10.4,0
farm_6,farm_6_field_1,2025-06-27,58.2,sensitive,sugar_beet,27,30.0,0.0,loam,late,72,pivot,irrigation_canal,10.4,0
farm_6,farm_6_field_1,2025-06-28,58.7,sensitive,sugar_beet,28,30.0,3.3,loam,late,73,pivot,irrigation_canal,10.4,0
farm_6,farm_6_field_1,2025-06-29,60.5,sensitive,sugar_beet,29,30.0,0.2,loam,late,74,pivot,irrigation_canal,10.4,0
farm_6,farm_6_field_1,2025-06-30,54.5,sensitive,sugar_beet,30,30.0,0.0,loam,late,75,pivot,irrigation_canal,10.4,0
farm_6,farm_6_field_1,2025-07-01,48.8,sensitive,sugar_beet,31,30.0,0.0,loam,late,76,pivot,irrigation_canal,10.4,1
farm_6,farm_6_field_1,2025-07-02,47.3,sensitive,sugar_beet,32,30.0,0.0,loam,late,77,pivot,irrigation_canal,10.4,1
farm_6,farm_6_field_1,2025-07-03,36.3,sensitive,sugar_beet,33,30.0,1.1,loam,late,78,pivot,irrigation_canal,10.4,1
farm_6,farm_6_field_1,2025-07-04,40.3,sensitive,sugar_beet,34,30.0,0.5,loam,late,79,pivot,irrigation_canal,10.4,1
farm_6,farm_6_field_1,2025-07-05,35.9,sensitive,sugar_beet,35,30.0,0.0,loam,late,80,pivot,irrigation_canal,10.4,2
farm_6,farm_6_field_1,2025-07-06,51.9,sensitive,sugar_beet,1,30.0,0.2,loam,late,81,pivot,irrigation_canal,10.4,1
farm_6,farm_6_field_1,2025-07-07,69.4,sensitive,sugar_beet,1,30.0,0.1,loam,late,82,pivot,irrigation_canal,10.4,0
farm_6,farm_6_field_1,2025-07-08,66.2,sensitive,sugar_beet,2,30.0,0.1,loam,late,83,pivot,irrigation_canal,10.4,0
farm_6,farm_6_field_1,2025-07-09,60.4,sensitive,sugar_beet,3,30.0,0.1,loam,late,84,pivot,irrigation_canal,10.4,0
farm_6,farm_6_field_1,2025-07-10,54.4,sensitive,sugar_beet,4,30.0,0.0,loam,late,85,pivot,irrigation_canal,10.4,0
farm_6,farm_6_field_1,2025-07-11,53.5,sensitive,sugar_beet,5,30.0,0.1,loam,late,86,pivot,irrigation_canal,10.4,1
farm_6,farm_6_field_1,2025-07-12,45.1,sensitive,sugar_beet,6,30.0,0.0,loam,late,87,pivot,irrigation_canal,10.4,1
farm_6,farm_6_field_1,2025-07-13,59.1,sensitive,sugar_beet,1,30.0,0.3,loam,late,88,pivot,irrigation_canal,10.4,0
farm_6,farm_6_field_1,2025-07-14,64.2,sensitive,sugar_beet,2,30.0,0.3,loam,late,89,pivot,irrigation_canal,10.4,0
farm_6,farm_6_field_1,2025-07-15,54.1,sensitive,sugar_beet,3,30.0,0.1,loam,late,90,pivot,irrigation_canal,10.4,0
farm_6,farm_6_field_1,2025-07-16,59.6,sensitive,sugar_beet,4,30.0,0.5,loam,late,91,pivot,irrigation_canal,10.4,0
farm_6,farm_6_field_1,2025-07-17,51.0,sensitive,sugar_beet,5,30.0,0.2,loam,late,92,pivot,irrigation_canal,10.4,0
farm_6,farm_6_field_1,2025-07-18,45.5,sensitive,sugar_beet,6,30.0,2.7,loam,late,93,pivot,irrigation_canal,10.4,1
farm_6,farm_6_field_1,2025-07-19,52.4,sensitive,sugar_beet,7,30.0,11.8,loam,late,94,pivot,irrigation_canal,10.4,1
farm_6,farm_6_field_1,2025-07-20,74.8,sensitive,sugar_beet,1,30.0,0.2,loam,late,95,pivot,irrigation_canal,10.4,0
farm_6,farm_6_field_1,2025-07-21,72.3,sensitive,sugar_beet,2,30.0,0.1,loam,late,96,pivot,irrigation_canal,10.4,0
farm_6,farm_6_field_1,2025-07-22,67.0,sensitive,sugar_beet,3,30.0,0.1,loam,late,97,pivot,irrigation_canal,10.4,0
farm_6,farm_6_field_1,2025-07-23,65.3,sensitive,sugar_beet,4,30.0,0.0,loam,late,98,pivot,irrigation_canal,10.4,0
farm_6,farm_6_field_1,2025-07-24,61.6,sensitive,sugar_beet,5,30.0,0.0,loam,late,99,pivot,irrigation_canal,10.4,0
farm_6,farm_6_field_1,2025-07-25,64.1,sensitive,sugar_beet,6,30.0,0.0,loam,late,100,pivot,irrigation_canal,10.4,0
farm_6,farm_6_field_1,2025-07-26,51.2,sensitive,sugar_beet,7,30.0,0.4,loam,late,101,pivot,irrigation_canal,10.4,0
farm_6,farm_6_field_1,2025-07-27,50.3,sensitive,sugar_beet,8,30.0,2.3,loam,late,102,pivot,irrigation_canal,10.4,1
farm_6,farm_6_field_1,2025-07-28,68.9,sensitive,sugar_beet,1,30.0,0.5,loam,late,103,pivot,irrigation_canal,10.4,0
farm_6,farm_6_field_1,2025-07-29,65.7,sensitive,sugar_beet,2,30.0,7.8,loam,late,104,pivot,irrigation_canal,10.4,0
farm_6,farm_6_field_1,2025-07-30,67.4,sensitive,sugar_beet,3,30.0,0.1,loam,late,105,pivot,irrigation_canal,10.4,0
farm_6,farm_6_field_1,2025-07-31,63.0,sensitive,sugar_beet,4,30.0,0.0,loam,late,106,pivot,irrigation_canal,10.4,0
farm_6,farm_6_field_1,2025-08-01,64.1,sensitive,sugar_beet,5,30.0,0.0,loam,late,107,pivot,irrigation_canal,10.4,0
farm_6,farm_6_field_1,2025-08-02,58.2,sensitive,sugar_beet,6,30.0,0.0,loam,late,108,pivot,irrigation_canal,10.4,0
farm_6,farm_6_field_1,2025-08-03,58.1,sensitive,sugar_beet,7,30.0,0.2,loam,late,109,pivot,irrigation_canal,10.4,0
farm_6,farm_6_field_1,2025-08-04,50.8,sensitive,sugar_beet,8,30.0,0.0,loam,late,110,pivot,irrigation_canal,10.4,0
farm_6,farm_6_field_1,2025-08-05,46.1,sensitive,sugar_beet,9,30.0,0.0,loam,late,111,pivot,irrigation_canal,10.4,1
farm_6,farm_6_field_1,2025-08-06,45.6,sensitive,sugar_beet,10,30.0,9.9,loam,late,112,pivot,irrigation_canal,10.4,1
farm_6,farm_6_field_1,2025-08-07,49.7,sensitive,sugar_beet,11,30.0,0.0,loam,late,113,pivot,irrigation_canal,10.4,1
farm_6,farm_6_field_1,2025-08-08,45.2,sensitive,sugar_beet,12,30.0,0.4,loam,late,114,pivot,irrigation_canal,10.4,1
farm_6,farm_6_field_1,2025-08-09,40.1,sensitive,sugar_beet,13,30.0,0.0,loam,late,115,pivot,irrigation_canal,10.4,1
farm_6,farm_6_field_1,2025-08-10,40.0,sensitive,sugar_beet,14,30.0,0.2,loam,late,116,pivot,irrigation_canal,10.4,1
farm_6,farm_6_field_1,2025-08-11,39.2,sensitive,sugar_beet,15,30.0,2.5,loam,late,117,pivot,irrigation_canal,10.4,2
farm_6,farm_6_field_1,2025-08-12,55.5,sensitive,sugar_beet,1,30.0,0.1,loam,late,118,pivot,irrigation_canal,10.4,0
farm_6,farm_6_field_1,2025-08-13,53.1,sensitive,sugar_beet,2,30.0,0.0,loam,late,119,pivot,irrigation_canal,10.4,0
farm_6,farm_6_field_1,2025-08-14,53.1,sensitive,sugar_beet,3,30.0,0.0,loam,late,120,pivot,irrigation_canal,10.4,1
farm_6,farm_6_field_1,2025-08-15,53.2,sensitive,sugar_beet,4,30.0,0.0,loam,late,121,pivot,irrigation_canal,10.4,1
farm_6,farm_6_field_1,2025-08-16,42.2,sensitive,sugar_beet,5,30.0,0.4,loam,late,122,pivot,irrigation_canal,10.4,1
farm_6,farm_6_field_1,2025-08-17,58.7,sensitive,sugar_beet,1,30.0,0.0,loam,late,123,pivot,irrigation_canal,10.4,0
farm_6,farm_6_field_1,2025-08-18,55.0,sensitive,sugar_beet,2,30.0,0.0,loam,late,124,pivot,irrigation_canal,10.4,0
farm_6,farm_6_field_1,2025-08-19,56.2,sensitive,sugar_beet,3,30.0,0.0,loam,late,125,pivot,irrigation_canal,10.4,0
farm_6,farm_6_field_1,2025-08-20,53.5,late,sugar_beet,4,30.0,0.4,loam,late,126,pivot,irrigation_canal,10.4,0
farm_6,farm_6_field_1,2025-08-21,55.8,late,sugar_beet,5,30.0,0.1,loam,late,127,pivot,irrigation_canal,10.4,0
farm_6,farm_6_field_1,2025-08-22,47.7,late,sugar_beet,6,30.0,0.0,loam,late,128,pivot,irrigation_canal,10.4,0
farm_6,farm_6_field_1,2025-08-23,46.8,late,sugar_beet,7,30.0,0.0,loam,late,129,pivot,irrigation_canal,10.4,0
farm_6,farm_6_field_1,2025-08-24,44.9,late,sugar_beet,8,30.0,0.0,loam,late,130,pivot,irrigation_canal,10.4,0
farm_6,farm_6_field_1,2025-08-25,43.8,late,sugar_beet,9,30.0,0.4,loam,late,131,pivot,irrigation_canal,10.4,0
farm_6,farm_6_field_1,2025-08-26,49.0,late,sugar_beet,10,30.0,0.0,loam,late,132,pivot,irrigation_canal,10.4,0
farm_6,farm_6_field_1,2025-08-27,39.0,late,sugar_beet,11,30.0,0.0,loam,late,133,pivot,irrigation_canal,10.4,0
farm_6,farm_6_field_1,2025-08-28,33.1,late,sugar_beet,12,30.0,17.8,loam,late,134,pivot,irrigation_canal,10.4,0
farm_6,farm_6_field_1,2025-08-29,50.6,late,sugar_beet,13,30.0,0.0,loam,late,135,pivot,irrigation_canal,10.4,0
farm_6,farm_6_field_1,2025-08-30,44.6,late,sugar_beet,14,30.0,0.3,loam,late,136,pivot,irrigation_canal,10.4,0
farm_6,farm_6_field_1,2025-08-31,46.1,late,sugar_beet,15,30.0,0.0,loam,late,137,pivot,irrigation_canal,10.4,0
farm_6,farm_6_field_1,2025-09-01,42.7,late,sugar_beet,16,30.0,0.2,loam,late,138,pivot,irrigation_canal,10.4,0
farm_6,farm_6_field_1,2025-09-02,44.7,late,sugar_beet,17,30.0,0.3,loam,late,139,pivot,irrigation_canal,10.4,0
farm_6,farm_6_field_1,2025-09-03,45.5,late,sugar_beet,18,30.0,0.0,loam,late,140,pivot,irrigation_canal,10.4,0
farm_6,farm_6_field_1,2025-09-04,37.8,late,sugar_beet,19,30.0,0.0,loam,late,141,pivot,irrigation_canal,10.4,0
farm_6,farm_6_field_1,2025-09-05,39.8,late,sugar_beet,20,30.0,0.6,loam,late,142,pivot,irrigation_canal,10.4,0
farm_6,farm_6_field_1,2025-09-06,40.0,late,sugar_beet,21,30.0,0.0,loam,late,143,pivot,irrigation_canal,10.4,0
farm_6,farm_6_field_1,2025-09-07,39.0,late,sugar_beet,22,30.0,0.0,loam,late,144,pivot,irrigation_canal,10.4,1
farm_6,farm_6_field_1,2025-09-08,31.6,late,sugar_beet,23,30.0,0.0,loam,late,145,pivot,irrigation_canal,10.4,1
farm_6,farm_6_field_1,2025-09-09,31.4,late,sugar_beet,24,30.0,0.4,loam,late,146,pivot,irrigation_canal,10.4,1
farm_6,farm_6_field_1,2025-09-10,29.2,late,sugar_beet,25,30.0,0.0,loam,late,147,pivot,irrigation_canal,10.4,1
farm_6,farm_6_field_1,2025-09-11,33.8,late,sugar_beet,26,30.0,0.1,loam,late,148,pivot,irrigation_canal,10.4,1
farm_6,farm_6_field_1,2025-09-12,,late,sugar_beet,27,30.0,0.0,loam,late,149,pivot,irrigation_canal,10.4,1
farm_6,farm_6_field_1,2025-09-13,29.1,late,sugar_beet,28,30.0,0.2,loam,late,150,pivot,irrigation_canal,10.4,1
farm_6,farm_6_field_1,2025-09-14,28.1,late,sugar_beet,29,30.0,2.6,loam,late,151,pivot,irrigation_canal,10.4,1
farm_6,farm_6_field_1,2025-09-15,50.5,late,sugar_beet,1,30.0,0.0,loam,late,152,pivot,irrigation_canal,10.4,0
farm_6,farm_6_field_1,2025-09-16,47.2,late,sugar_beet,2,30.0,5.6,loam,late,153,pivot,irrigation_canal,10.4,0
farm_6,farm_6_field_1,2025-09-17,50.4,late,sugar_beet,3,30.0,1.8,loam,late,154,pivot,irrigation_canal,10.4,0
farm_6,farm_6_field_1,2025-09-18,52.8,late,sugar_beet,4,30.0,0.0,loam,late,155,pivot,irrigation_canal,10.4,0
farm_6,farm_6_field_1,2025-09-19,42.6,late,sugar_beet,5,30.0,0.8,loam,late,156,pivot,irrigation_canal,10.4,0
farm_6,farm_6_field_1,2025-09-20,43.3,late,sugar_beet,6,30.0,0.0,loam,late,157,pivot,irrigation_canal,10.4,0
farm_6,farm_6_field_1,2025-09-21,49.5,late,sugar_beet,7,30.0,0.0,loam,late,158,pivot,irrigation_canal,10.4,0
farm_6,farm_6_field_1,2025-09-22,41.1,late,sugar_beet,8,30.0,0.0,loam,late,159,pivot,irrigation_canal,10.4,0
farm_6,farm_6_field_1,2025-09-23,44.8,late,sugar_beet,9,30.0,0.4,loam,late,160,pivot,irrigation_canal,10.4,0
farm_6,farm_6_field_1,2025-09-24,42.0,late,sugar_beet,10,30.0,0.0,loam,late,161,pivot,irrigation_canal,10.4,0
farm_6,farm_6_field_1,2025-09-25,37.6,late,sugar_beet,11,30.0,0.6,loam,late,162,pivot,irrigation_canal,10.4,0
farm_6,farm_6_field_1,2025-09-26,41.4,late,sugar_beet,12,30.0,0.0,loam,late,163,pivot,irrigation_canal,10.4,0
farm_6,farm_6_field_1,2025-09-27,38.3,late,sugar_beet,13,30.0,0.0,loam,late,164,pivot,irrigation_canal,10.4,0
farm_6,farm_6_field_1,2025-09-28,39.3,late,sugar_beet,14,30.0,0.1,loam,late,165,pivot,irrigation_canal,10.4,1
farm_6,farm_6_field_1,2025-09-29,36.8,late,sugar_beet,15,30.0,0.7,loam,late,166,pivot,irrigation_canal,10.4,1
farm_6,farm_6_field_1,2025-09-30,30.8,late,sugar_beet,16,30.0,0.4,loam,late,167,pivot,irrigation_canal,10.4,1
farm_6,farm_6_field_1,2026-04-16,54.1,initial,sugar_beet,0,0.0,0.0,loam,late,0,pivot,irrigation_canal,10.4,0
farm_6,farm_6_field_1,2026-04-17,59.0,initial,sugar_beet,1,0.0,1.3,loam,late,1,pivot,irrigation_canal,10.4,0
farm_6,farm_6_field_1,2026-04-18,55.7,initial,sugar_beet,2,0.0,0.4,loam,late,2,pivot,irrigation_canal,10.4,0
farm_6,farm_6_field_1,2026-04-19,59.7,initial,sugar_beet,3,0.0,0.0,loam,late,3,pivot,irrigation_canal,10.4,0
farm_6,farm_6_field_1,2026-04-20,51.1,initial,sugar_beet,4,0.0,0.5,loam,late,4,pivot,irrigation_canal,10.4,0
farm_6,farm_6_field_1,2026-04-21,55.7,initial,sugar_beet,5,0.0,0.6,loam,late,5,pivot,irrigation_canal,10.4,0
farm_6,farm_6_field_1,2026-04-22,53.9,initial,sugar_beet,6,0.0,0.1,loam,late,6,pivot,irrigation_canal,10.4,0
farm_6,farm_6_field_1,2026-04-23,55.3,initial,sugar_beet,7,0.0,0.3,loam,late,7,pivot,irrigation_canal,10.4,0
farm_6,farm_6_field_1,2026-04-24,47.9,initial,sugar_beet,8,0.0,0.0,loam,late,8,pivot,irrigation_canal,10.4,0
farm_6,farm_6_field_1,2026-04-25,53.6,initial,sugar_beet,9,0.0,0.0,loam,late,9,pivot,irrigation_canal,10.4,0
farm_6,farm_6_field_1,2026-04-26,52.2,initial,sugar_beet,10,0.0,0.2,loam,late,10,pivot,irrigation_canal,10.4,0
farm_6,farm_6_field_1,2026-04-27,53.1,initial,sugar_beet,11,0.0,0.0,loam,late,11,pivot,irrigation_canal,10.4,0
farm_6,farm_6_field_1,2026-04-28,49.9,initial,sugar_beet,12,0.0,0.0,loam,late,12,pivot,irrigation_canal,10.4,0
farm_6,farm_6_field_1,2026-04-29,52.6,initial,sugar_beet,13,0.0,0.0,loam,late,13,pivot,irrigation_canal,10.4,0
farm_6,farm_6_field_1,2026-04-30,50.0,initial,sugar_beet,14,0.0,0.2,loam,late,14,pivot,irrigation_canal,10.4,0
farm_6,farm_6_field_1,2026-05-01,50.0,initial,sugar_beet,15,0.0,0.6,loam,late,15,pivot,irrigation_canal,10.4,0
farm_6,farm_6_field_1,2026-05-02,49.6,initial,sugar_beet,16,0.0,0.0,loam,late,16,pivot,irrigation_canal,10.4,0
farm_6,farm_6_field_1,2026-05-03,47.6,initial,sugar_beet,17,0.0,9.9,loam,late,17,pivot,irrigation_canal,10.4,0
farm_6,farm_6_field_1,2026-05-04,52.8,initial,sugar_beet,18,0.0,0.0,loam,late,18,pivot,irrigation_canal,10.4,0
farm_6,farm_6_field_1,2026-05-05,55.3,initial,sugar_beet,19,0.0,5.2,loam,late,19,pivot,irrigation_canal,10.4,0
farm_6,farm_6_field_1,2026-05-06,61.8,initial,sugar_beet,20,0.0,0.0,loam,late,20,pivot,irrigation_canal,10.4,0
farm_6,farm_6_field_1,2026-05-07,52.0,initial,sugar_beet,21,0.0,7.9,loam,late,21,pivot,irrigation_canal,10.4,0
farm_6,farm_6_field_1,2026-05-08,65.3,initial,sugar_beet,22,0.0,0.5,loam,late,22,pivot,irrigation_canal,10.4,0
farm_6,farm_6_field_1,2026-05-09,64.0,initial,sugar_beet,23,0.0,0.3,loam,late,23,pivot,irrigation_canal,10.4,0
farm_6,farm_6_field_1,2026-05-10,57.6,initial,sugar_beet,24,0.0,0.0,loam,late,24,pivot,irrigation_canal,10.4,0
farm_6,farm_6_field_1,2026-05-11,62.8,initial,sugar_beet,25,0.0,0.0,loam,late,25,pivot,irrigation_canal,10.4,0
farm_6,farm_6_field_1,2026-05-12,60.4,initial,sugar_beet,26,0.0,0.0,loam,late,26,pivot,irrigation_canal,10.4,0
farm_6,farm_6_field_1,2026-05-13,59.9,initial,sugar_beet,27,0.0,2.8,loam,late,27,pivot,irrigation_canal,10.4,0
farm_6,farm_6_field_1,2026-05-14,62.1,initial,sugar_beet,28,0.0,0.0,loam,late,28,pivot,irrigation_canal,10.4,0
farm_6,farm_6_field_1,2026-05-15,62.7,development,sugar_beet,29,0.0,0.0,loam,late,29,pivot,irrigation_canal,10.4,0
farm_6,farm_6_field_1,2026-05-16,59.6,development,sugar_beet,30,0.0,0.0,loam,late,30,pivot,irrigation_canal,10.4,0
farm_6,farm_6_field_1,2026-05-17,,development,sugar_beet,31,0.0,0.0,loam,late,31,pivot,irrigation_canal,10.4,0
farm_6,farm_6_field_1,2026-05-18,51.0,development,sugar_beet,32,0.0,0.1,loam,late,32,pivot,irrigation_canal,10.4,0
farm_6,farm_6_field_1,2026-05-19,57.5,development,sugar_beet,33,0.0,0.0,loam,late,33,pivot,irrigation_canal,10.4,0
farm_6,farm_6_field_1,2026-05-20,49.5,development,sugar_beet,34,0.0,0.0,loam,late,34,pivot,irrigation_canal,10.4,0
farm_6,farm_6_field_1,2026-05-21,52.4,development,sugar_beet,35,0.0,16.4,loam,late,35,pivot,irrigation_canal,10.4,0
farm_6,farm_6_field_1,2026-05-22,57.9,development,sugar_beet,36,0.0,5.3,loam,late,36,pivot,irrigation_canal,10.4,0
farm_6,farm_6_field_1,2026-05-23,66.9,development,sugar_beet,37,0.0,0.0,loam,late,37,pivot,irrigation_canal,10.4,0
farm_6,farm_6_field_1,2026-05-24,63.2,development,sugar_beet,38,0.0,0.4,loam,late,38,pivot,irrigation_canal,10.4,0
farm_6,farm_6_field_1,2026-05-25,58.1,development,sugar_beet,39,0.0,0.0,loam,late,39,pivot,irrigation_canal,10.4,0
farm_6,farm_6_field_1,2026-05-26,60.3,development,sugar_beet,40,0.0,0.0,loam,late,40,pivot,irrigation_canal,10.4,0
farm_6,farm_6_field_1,2026-05-27,56.4,development,sugar_beet,41,0.0,0.1,loam,late,41,pivot,irrigation_canal,10.4,0
farm_6,farm_6_field_1,2026-05-28,54.5,development,sugar_beet,42,0.0,0.0,loam,late,42,pivot,irrigation_canal,10.4,0
farm_6,farm_6_field_1,2026-05-29,50.0,development,sugar_beet,43,0.0,0.0,loam,late,43,pivot,irrigation_canal,10.4,0
farm_6,farm_6_field_1,2026-05-30,51.7,development,sugar_beet,44,0.0,0.4,loam,late,44,pivot,irrigation_canal,10.4,0
farm_6,farm_6_field_1,2026-05-31,47.0,development,sugar_beet,45,0.0,0.0,loam,late,45,pivot,irrigation_canal,10.4,0
farm_6,farm_6_field_1,2026-06-01,50.4,development,sugar_beet,46,0.0,0.0,loam,late,46,pivot,irrigation_canal,10.4,0
farm_6,farm_6_field_1,2026-06-02,40.6,development,sugar_beet,47,0.0,0.3,loam,late,47,pivot,irrigation_canal,10.4,1
farm_6,farm_6_field_1,2026-06-03,43.4,development,sugar_beet,48,0.0,0.0,loam,late,48,pivot,irrigation_canal,10.4,1
farm_6,farm_6_field_1,2026-06-04,40.8,development,sugar_beet,49,0.0,0.1,loam,late,49,pivot,irrigation_canal,10.4,1
farm_6,farm_6_field_1,2026-06-05,38.7,development,sugar_beet,50,0.0,0.2,loam,late,50,pivot,irrigation_canal,10.4,1
farm_6,farm_6_field_1,2026-06-06,43.1,development,sugar_beet,51,0.0,4.6,loam,late,51,pivot,irrigation_canal,10.4,1
farm_6,farm_6_field_1,2026-06-07,38.5,development,sugar_beet,52,0.0,0.0,loam,late,52,pivot,irrigation_canal,10.4,1
farm_6,farm_6_field_1,2026-06-08,39.4,development,sugar_beet,53,0.0,0.1,loam,late,53,pivot,irrigation_canal,10.4,1
farm_6,farm_6_field_1,2026-06-09,34.8,development,sugar_beet,54,0.0,0.3,loam,late,54,pivot,irrigation_canal,10.4,1
farm_6,farm_6_field_1,2026-06-10,30.1,development,sugar_beet,55,0.0,0.2,loam,late,55,pivot,irrigation_canal,10.4,1
farm_6,farm_6_field_1,2026-06-11,54.7,development,sugar_beet,1,30.0,0.0,loam,late,56,pivot,irrigation_canal,10.4,0
farm_6,farm_6_field_1,2026-06-12,47.9,development,sugar_beet,2,30.0,0.4,loam,late,57,pivot,irrigation_canal,10.4,0
farm_6,farm_6_field_1,2026-06-13,42.0,development,sugar_beet,3,30.0,0.5,loam,late,58,pivot,irrigation_canal,10.4,1
farm_6,farm_6_field_1,2026-06-14,40.0,development,sugar_beet,4,30.0,0.0,loam,late,59,pivot,irrigation_canal,10.4,1
farm_6,farm_6_field_1,2026-06-15,63.3,development,sugar_beet,1,30.0,0.0,loam,late,60,pivot,irrigation_canal,10.4,0
farm_6,farm_6_field_1,2026-06-16,54.5,development,sugar_beet,2,30.0,0.0,loam,late,61,pivot,irrigation_canal,10.4,0
farm_6,farm_6_field_1,2026-06-17,61.6,development,sugar_beet,3,30.0,0.1,loam,late,62,pivot,irrigation_canal,10.4,0
farm_6,farm_6_field_1,2026-06-18,50.6,development,sugar_beet,4,30.0,0.0,loam,late,63,pivot,irrigation_canal,10.4,0
farm_6,farm_6_field_1,2026-06-19,,development,sugar_beet,5,30.0,0.0,loam,late,64,pivot,irrigation_canal,10.4,0
farm_6,farm_6_field_1,2026-06-20,45.1,development,sugar_beet,6,30.0,0.0,loam,late,65,pivot,irrigation_canal,10.4,1
farm_6,farm_6_field_1,2026-06-21,44.9,development,sugar_beet,7,30.0,0.0,loam,late,66,pivot,irrigation_canal,10.4,1
farm_6,farm_6_field_1,2026-06-22,39.8,development,sugar_beet,8,30.0,0.1,loam,late,67,pivot,irrigation_canal,10.4,1
farm_6,farm_6_field_1,2026-06-23,34.9,development,sugar_beet,9,30.0,0.3,loam,late,68,pivot,irrigation_canal,10.4,1
farm_6,farm_6_field_1,2026-06-24,38.9,sensitive,sugar_beet,10,30.0,0.0,loam,late,69,pivot,irrigation_canal,10.4,2
farm_6,farm_6_field_1,2026-06-25,49.4,sensitive,sugar_beet,1,30.0,1.4,loam,late,70,pivot,irrigation_canal,10.4,1
farm_6,farm_6_field_1,2026-06-26,47.7,sensitive,sugar_beet,2,30.0,0.0,loam,late,71,pivot,irrigation_canal,10.4,1
farm_6,farm_6_field_1,2026-06-27,66.5,sensitive,sugar_beet,1,30.0,0.0,loam,late,72,pivot,irrigation_canal,10.4,0
farm_6,farm_6_field_1,2026-06-28,57.4,sensitive,sugar_beet,2,30.0,0.0,loam,late,73,pivot,irrigation_canal,10.4,0
farm_6,farm_6_field_1,2026-06-29,55.7,sensitive,sugar_beet,3,30.0,0.0,loam,late,74,pivot,irrigation_canal,10.4,0
farm_6,farm_6_field_1,2026-06-30,50.1,sensitive,sugar_beet,4,30.0,0.2,loam,late,75,pivot,irrigation_canal,10.4,1
farm_6,farm_6_field_1,2026-07-01,68.0,sensitive,sugar_beet,1,30.0,0.0,loam,late,76,pivot,irrigation_canal,10.4,0
farm_6,farm_6_field_1,2026-07-02,53.4,sensitive,sugar_beet,2,30.0,0.0,loam,late,77,pivot,irrigation_canal,10.4,0
farm_6,farm_6_field_1,2026-07-03,55.3,sensitive,sugar_beet,3,30.0,0.4,loam,late,78,pivot,irrigation_canal,10.4,0
farm_6,farm_6_field_1,2026-07-04,43.8,sensitive,sugar_beet,4,30.0,0.0,loam,late,79,pivot,irrigation_canal,10.4,1
farm_6,farm_6_field_1,2026-07-05,39.6,sensitive,sugar_beet,5,30.0,0.2,loam,late,80,pivot,irrigation_canal,10.4,1
farm_6,farm_6_field_1,2026-07-06,38.2,sensitive,sugar_beet,6,30.0,0.7,loam,late,81,pivot,irrigation_canal,10.4,2
farm_6,farm_6_field_1,2026-07-07,51.3,sensitive,sugar_beet,1,30.0,0.0,loam,late,82,pivot,irrigation_canal,10.4,0
farm_6,farm_6_field_1,2026-07-08,47.2,sensitive,sugar_beet,2,30.0,0.9,loam,late,83,pivot,irrigation_canal,10.4,1
farm_6,farm_6_field_1,2026-07-09,66.2,sensitive,sugar_beet,1,30.0,0.0,loam,late,84,pivot,irrigation_canal,10.4,0
farm_6,farm_6_field_1,2026-07-10,64.2,sensitive,sugar_beet,2,30.0,0.0,loam,late,85,pivot,irrigation_canal,10.4,0
farm_6,farm_6_field_1,2026-07-11,51.9,sensitive,sugar_beet,3,30.0,1.2,loam,late,86,pivot,irrigation_canal,10.4,0
farm_6,farm_6_field_1,2026-07-12,49.8,sensitive,sugar_beet,4,30.0,0.0,loam,late,87,pivot,irrigation_canal,10.4,1
farm_6,farm_6_field_1,2026-07-13,,sensitive,sugar_beet,5,30.0,0.0,loam,late,88,pivot,irrigation_canal,10.4,1
farm_6,farm_6_field_1,2026-07-14,42.9,sensitive,sugar_beet,6,30.0,0.0,loam,late,89,pivot,irrigation_canal,10.4,1
farm_6,farm_6_field_1,2026-07-15,32.9,sensitive,sugar_beet,7,30.0,0.0,loam,late,90,pivot,irrigation_canal,10.4,2
farm_6,farm_6_field_1,2026-07-16,54.5,sensitive,sugar_beet,1,30.0,0.0,loam,late,91,pivot,irrigation_canal,10.4,0
farm_6,farm_6_field_1,2026-07-17,46.6,sensitive,sugar_beet,2,30.0,0.0,loam,late,92,pivot,irrigation_canal,10.4,1
farm_6,farm_6_field_1,2026-07-18,43.5,sensitive,sugar_beet,3,30.0,0.4,loam,late,93,pivot,irrigation_canal,10.4,1
farm_6,farm_6_field_1,2026-07-19,,sensitive,sugar_beet,4,30.0,0.0,loam,late,94,pivot,irrigation_canal,10.4,1
farm_6,farm_6_field_1,2026-07-20,33.2,sensitive,sugar_beet,5,30.0,0.0,loam,late,95,pivot,irrigation_canal,10.4,2
farm_6,farm_6_field_1,2026-07-21,48.2,sensitive,sugar_beet,1,30.0,0.0,loam,late,96,pivot,irrigation_canal,10.4,1
farm_6,farm_6_field_1,2026-07-22,46.9,sensitive,sugar_beet,2,30.0,0.0,loam,late,97,pivot,irrigation_canal,10.4,1
farm_6,farm_6_field_1,2026-07-23,59.5,sensitive,sugar_beet,1,30.0,0.6,loam,late,98,pivot,irrigation_canal,10.4,0
farm_6,farm_6_field_1,2026-07-24,57.9,sensitive,sugar_beet,2,30.0,1.1,loam,late,99,pivot,irrigation_canal,10.4,0
farm_6,farm_6_field_1,2026-07-25,55.7,sensitive,sugar_beet,3,30.0,0.4,loam,late,100,pivot,irrigation_canal,10.4,0
farm_6,farm_6_field_1,2026-07-26,49.1,sensitive,sugar_beet,4,30.0,0.4,loam,late,101,pivot,irrigation_canal,10.4,1
farm_6,farm_6_field_1,2026-07-27,47.0,sensitive,sugar_beet,5,30.0,0.0,loam,late,102,pivot,irrigation_canal,10.4,1
farm_6,farm_6_field_1,2026-07-28,39.4,sensitive,sugar_beet,6,30.0,0.0,loam,late,103,pivot,irrigation_canal,10.4,1
farm_6,farm_6_field_1,2026-07-29,32.7,sensitive,sugar_beet,7,30.0,0.0,loam,late,104,pivot,irrigation_canal,10.4,2
farm_6,farm_6_field_1,2026-07-30,56.7,sensitive,sugar_beet,1,30.0,0.0,loam,late,105,pivot,irrigation_canal,10.4,0
farm_6,farm_6_field_1,2026-07-31,52.1,sensitive,sugar_beet,2,30.0,7.6,loam,late,106,pivot,irrigation_canal,10.4,1
farm_6,farm_6_field_1,2026-08-01,47.0,sensitive,sugar_beet,3,30.0,0.1,loam,late,107,pivot,irrigation_canal,10.4,1
farm_6,farm_6_field_1,2026-08-02,71.8,sensitive,sugar_beet,1,30.0,0.0,loam,late,108,pivot,irrigation_canal,10.4,0
farm_6,farm_6_field_1,2026-08-03,64.0,sensitive,sugar_beet,2,30.0,8.4,loam,late,109,pivot,irrigation_canal,10.4,0
farm_6,farm_6_field_1,2026-08-04,64.0,sensitive,sugar_beet,3,30.0,0.4,loam,late,110,pivot,irrigation_canal,10.4,0
farm_6,farm_6_field_1,2026-08-05,62.6,sensitive,sugar_beet,4,30.0,0.1,loam,late,111,pivot,irrigation_canal,10.4,0
farm_6,farm_6_field_1,2026-08-06,53.0,sensitive,sugar_beet,5,30.0,0.4,loam,late,112,pivot,irrigation_canal,10.4,0
farm_6,farm_6_field_1,2026-08-07,52.3,sensitive,sugar_beet,6,30.0,0.8,loam,late,113,pivot,irrigation_canal,10.4,0
farm_6,farm_6_field_1,2026-08-08,51.8,sensitive,sugar_beet,7,30.0,0.0,loam,late,114,pivot,irrigation_canal,10.4,1
farm_6,farm_6_field_1,2026-08-09,47.5,sensitive,sugar_beet,8,30.0,0.0,loam,late,115,pivot,irrigation_canal,10.4,1
farm_6,farm_6_field_1,2026-08-10,44.6,sensitive,sugar_beet,9,30.0,1.6,loam,late,116,pivot,irrigation_canal,10.4,1
farm_6,farm_6_field_1,2026-08-11,41.3,sensitive,sugar_beet,10,30.0,0.0,loam,late,117,pivot,irrigation_canal,10.4,1
farm_6,farm_6_field_1,2026-08-12,34.7,sensitive,sugar_beet,11,30.0,0.1,loam,late,118,pivot,irrigation_canal,10.4,2
farm_6,farm_6_field_1,2026-08-13,51.2,sensitive,sugar_beet,1,30.0,0.6,loam,late,119,pivot,irrigation_canal,10.4,0
farm_6,farm_6_field_1,2026-08-14,47.1,sensitive,sugar_beet,2,30.0,0.0,loam,late,120,pivot,irrigation_canal,10.4,1
farm_6,farm_6_field_1,2026-08-15,50.0,sensitive,sugar_beet,3,30.0,0.7,loam,late,121,pivot,irrigation_canal,10.4,1
farm_6,farm_6_field_1,2026-08-16,39.5,sensitive,sugar_beet,4,30.0,0.8,loam,late,122,pivot,irrigation_canal,10.4,1
farm_6,farm_6_field_1,2026-08-17,39.8,sensitive,sugar_beet,5,30.0,0.0,loam,late,123,pivot,irrigation_canal,10.4,1
farm_6,farm_6_field_1,2026-08-18,30.1,sensitive,sugar_beet,6,30.0,0.6,loam,late,124,pivot,irrigation_canal,10.4,2
farm_6,farm_6_field_1,2026-08-19,54.0,sensitive,sugar_beet,1,30.0,0.0,loam,late,125,pivot,irrigation_canal,10.4,1
farm_6,farm_6_field_1,2026-08-20,46.3,late,sugar_beet,2,30.0,2.0,loam,late,126,pivot,irrigation_canal,10.4,0
farm_6,farm_6_field_1,2026-08-21,50.0,late,sugar_beet,3,30.0,0.0,loam,late,127,pivot,irrigation_canal,10.4,0
farm_6,farm_6_field_1,2026-08-22,47.4,late,sugar_beet,4,30.0,0.2,loam,late,128,pivot,irrigation_canal,10.4,0
farm_6,farm_6_field_1,2026-08-23,47.2,late,sugar_beet,5,30.0,0.6,loam,late,129,pivot,irrigation_canal,10.4,0
farm_6,farm_6_field_1,2026-08-24,48.5,late,sugar_beet,6,30.0,0.0,loam,late,130,pivot,irrigation_canal,10.4,0
farm_6,farm_6_field_1,2026-08-25,39.6,late,sugar_beet,7,30.0,0.0,loam,late,131,pivot,irrigation_canal,10.4,0
farm_6,farm_6_field_1,2026-08-26,37.4,late,sugar_beet,8,30.0,0.0,loam,late,132,pivot,irrigation_canal,10.4,0
farm_6,farm_6_field_1,2026-08-27,38.4,late,sugar_beet,9,30.0,0.0,loam,late,133,pivot,irrigation_canal,10.4,0
farm_6,farm_6_field_1,2026-08-28,32.8,late,sugar_beet,10,30.0,3.6,loam,late,134,pivot,irrigation_canal,10.4,1
farm_6,farm_6_field_1,2026-08-29,34.6,late,sugar_beet,11,30.0,0.1,loam,late,135,pivot,irrigation_canal,10.4,1
farm_6,farm_6_field_1,2026-08-30,30.0,late,sugar_beet,12,30.0,0.1,loam,late,136,pivot,irrigation_canal,10.4,1
farm_6,farm_6_field_1,2026-08-31,38.9,late,sugar_beet,13,30.0,0.0,loam,late,137,pivot,irrigation_canal,10.4,1
farm_6,farm_6_field_1,2026-09-01,32.4,late,sugar_beet,14,30.0,0.0,loam,late,138,pivot,irrigation_canal,10.4,1
farm_6,farm_6_field_1,2026-09-02,27.1,late,sugar_beet,15,30.0,0.3,loam,late,139,pivot,irrigation_canal,10.4,1
farm_6,farm_6_field_1,2026-09-03,28.4,late,sugar_beet,16,30.0,0.5,loam,late,140,pivot,irrigation_canal,10.4,1
farm_6,farm_6_field_1,2026-09-04,30.1,late,sugar_beet,17,30.0,0.0,loam,late,141,pivot,irrigation_canal,10.4,1
farm_6,farm_6_field_1,2026-09-05,52.0,late,sugar_beet,1,30.0,0.0,loam,late,142,pivot,irrigation_canal,10.4,0
farm_6,farm_6_field_1,2026-09-06,51.2,late,sugar_beet,2,30.0,0.0,loam,late,143,pivot,irrigation_canal,10.4,0
farm_6,farm_6_field_1,2026-09-07,36.3,late,sugar_beet,3,30.0,0.0,loam,late,144,pivot,irrigation_canal,10.4,0
farm_6,farm_6_field_1,2026-09-08,43.5,late,sugar_beet,4,30.0,0.0,loam,late,145,pivot,irrigation_canal,10.4,0
farm_6,farm_6_field_1,2026-09-09,36.5,late,sugar_beet,5,30.0,0.0,loam,late,146,pivot,irrigation_canal,10.4,0
farm_6,farm_6_field_1,2026-09-10,39.2,late,sugar_beet,6,30.0,0.0,loam,late,147,pivot,irrigation_canal,10.4,0
farm_6,farm_6_field_1,2026-09-11,37.6,late,sugar_beet,7,30.0,0.0,loam,late,148,pivot,irrigation_canal,10.4,1
farm_6,farm_6_field_1,2026-09-12,56.6,late,sugar_beet,1,30.0,0.5,loam,late,149,pivot,irrigation_canal,10.4,0
farm_6,farm_6_field_1,2026-09-13,54.7,late,sugar_beet,2,30.0,0.0,loam,late,150,pivot,irrigation_canal,10.4,0
farm_6,farm_6_field_1,2026-09-14,54.8,late,sugar_beet,3,30.0,0.2,loam,late,151,pivot,irrigation_canal,10.4,0
farm_6,farm_6_field_1,2026-09-15,61.6,late,sugar_beet,4,30.0,0.4,loam,late,152,pivot,irrigation_canal,10.4,0
farm_6,farm_6_field_1,2026-09-16,,late,sugar_beet,5,30.0,0.0,loam,late,153,pivot,irrigation_canal,10.4,0
farm_6,farm_6_field_1,2026-09-17,45.8,late,sugar_beet,6,30.0,0.0,loam,late,154,pivot,irrigation_canal,10.4,0
farm_6,farm_6_field_1,2026-09-18,51.1,late,sugar_beet,7,30.0,0.4,loam,late,155,pivot,irrigation_canal,10.4,0
farm_6,farm_6_field_1,2026-09-19,45.7,late,sugar_beet,8,30.0,0.0,loam,late,156,pivot,irrigation_canal,10.4,0
farm_6,farm_6_field_1,2026-09-20,40.3,late,sugar_beet,9,30.0,0.0,loam,late,157,pivot,irrigation_canal,10.4,0
farm_6,farm_6_field_1,2026-09-21,40.6,late,sugar_beet,10,30.0,0.1,loam,late,158,pivot,irrigation_canal,10.4,0
farm_6,farm_6_field_1,2026-09-22,39.8,late,sugar_beet,11,30.0,0.5,loam,late,159,pivot,irrigation_canal,10.4,0
farm_6,farm_6_field_1,2026-09-23,46.1,late,sugar_beet,12,30.0,0.0,loam,late,160,pivot,irrigation_canal,10.4,0
farm_6,farm_6_field_1,2026-09-24,41.8,late,sugar_beet,13,30.0,0.0,loam,late,161,pivot,irrigation_canal,10.4,0
farm_6,farm_6_field_1,2026-09-25,38.7,late,sugar_beet,14,30.0,0.3,loam,late,162,pivot,irrigation_canal,10.4,0
farm_6,farm_6_field_1,2026-09-26,34.7,late,sugar_beet,15,30.0,0.1,loam,late,163,pivot,irrigation_canal,10.4,0
farm_6,farm_6_field_1,2026-09-27,39.2,late,sugar_beet,16,30.0,3.1,loam,late,164,pivot,irrigation_canal,10.4,1
farm_6,farm_6_field_1,2026-09-28,61.9,late,sugar_beet,1,30.0,0.0,loam,late,165,pivot,irrigation_canal,10.4,0
farm_6,farm_6_field_1,2026-09-29,58.6,late,sugar_beet,2,30.0,0.2,loam,late,166,pivot,irrigation_canal,10.4,0
farm_6,farm_6_field_1,2026-09-30,58.2,late,sugar_beet,3,30.0,0.0,loam,late,167,pivot,irrigation_canal,10.4,0
farm_6,farm_6_field_2,2025-04-15,65.1,initial,sugar_beet,9,0.0,0.2,loam,early,9,pivot,irrigation_canal,26.2,0
farm_6,farm_6_field_2,2025-04-16,67.2,initial,sugar_beet,10,0.0,4.3,loam,early,10,pivot,irrigation_canal,26.2,0
farm_6,farm_6_field_2,2025-04-17,73.2,initial,sugar_beet,11,0.0,0.0,loam,early,11,pivot,irrigation_canal,26.2,0
farm_6,farm_6_field_2,2025-04-18,,initial,sugar_beet,12,0.0,0.0,loam,early,12,pivot,irrigation_canal,26.2,0
farm_6,farm_6_field_2,2025-04-19,72.0,initial,sugar_beet,13,0.0,0.3,loam,early,13,pivot,irrigation_canal,26.2,0
farm_6,farm_6_field_2,2025-04-20,74.4,initial,sugar_beet,14,0.0,0.0,loam,early,14,pivot,irrigation_canal,26.2,0
farm_6,farm_6_field_2,2025-04-21,70.6,initial,sugar_beet,15,0.0,0.4,loam,early,15,pivot,irrigation_canal,26.2,0
farm_6,farm_6_field_2,2025-04-22,64.9,initial,sugar_beet,16,0.0,4.6,loam,early,16,pivot,irrigation_canal,26.2,0
farm_6,farm_6_field_2,2025-04-23,71.9,initial,sugar_beet,17,0.0,0.0,loam,early,17,pivot,irrigation_canal,26.2,0
farm_6,farm_6_field_2,2025-04-24,71.4,initial,sugar_beet,18,0.0,0.0,loam,early,18,pivot,irrigation_canal,26.2,0
farm_6,farm_6_field_2,2025-04-25,71.0,initial,sugar_beet,19,0.0,0.0,loam,early,19,pivot,irrigation_canal,26.2,0
farm_6,farm_6_field_2,2025-04-26,71.4,initial,sugar_beet,20,0.0,0.2,loam,early,20,pivot,irrigation_canal,26.2,0
farm_6,farm_6_field_2,2025-04-27,70.2,development,sugar_beet,21,0.0,4.9,loam,early,21,pivot,irrigation_canal,26.2,0
farm_6,farm_6_field_2,2025-04-28,73.6,development,sugar_beet,22,0.0,0.0,loam,early,22,pivot,irrigation_canal,26.2,0
farm_6,farm_6_field_2,2025-04-29,68.7,development,sugar_beet,23,0.0,0.0,loam,early,23,pivot,irrigation_canal,26.2,0
farm_6,farm_6_field_2,2025-04-30,73.4,development,sugar_beet,24,0.0,1.5,loam,early,24,pivot,irrigation_canal,26.2,0
farm_6,farm_6_field_2,2025-05-01,69.9,development,sugar_beet,25,0.0,0.1,loam,early,25,pivot,irrigation_canal,26.2,0
farm_6,farm_6_field_2,2025-05-02,60.4,development,sugar_beet,26,0.0,0.2,loam,early,26,pivot,irrigation_canal,26.2,0
farm_6,farm_6_field_2,2025-05-03,67.5,development,sugar_beet,27,0.0,3.9,loam,early,27,pivot,irrigation_canal,26.2,0
farm_6,farm_6_field_2,2025-05-04,71.5,development,sugar_beet,28,0.0,0.0,loam,early,28,pivot,irrigation_canal,26.2,0
farm_6,farm_6_field_2,2025-05-05,67.9,development,sugar_beet,29,0.0,0.0,loam,early,29,pivot,irrigation_canal,26.2,0
farm_6,farm_6_field_2,2025-05-06,66.1,development,sugar_beet,30,0.0,0.1,loam,early,30,pivot,irrigation_canal,26.2,0
farm_6,farm_6_field_2,2025-05-07,62.5,development,sugar_beet,31,0.0,0.0,loam,early,31,pivot,irrigation_canal,26.2,0
farm_6,farm_6_field_2,2025-05-08,65.0,development,sugar_beet,32,0.0,0.2,loam,early,32,pivot,irrigation_canal,26.2,0
farm_6,farm_6_field_2,2025-05-09,58.5,development,sugar_beet,33,0.0,0.9,loam,early,33,pivot,irrigation_canal,26.2,0
farm_6,farm_6_field_2,2025-05-10,58.9,development,sugar_beet,34,0.0,0.0,loam,early,34,pivot,irrigation_canal,26.2,0
farm_6,farm_6_field_2,2025-05-11,57.1,development,sugar_beet,35,0.0,0.0,loam,early,35,pivot,irrigation_canal,26.2,0
farm_6,farm_6_field_2,2025-05-12,55.0,development,sugar_beet,36,0.0,0.2,loam,early,36,pivot,irrigation_canal,26.2,0
farm_6,farm_6_field_2,2025-05-13,55.7,development,sugar_beet,37,0.0,0.1,loam,early,37,pivot,irrigation_canal,26.2,0
farm_6,farm_6_field_2,2025-05-14,52.1,development,sugar_beet,38,0.0,0.3,loam,early,38,pivot,irrigation_canal,26.2,0
farm_6,farm_6_field_2,2025-05-15,46.2,development,sugar_beet,39,0.0,0.2,loam,early,39,pivot,irrigation_canal,26.2,0
farm_6,farm_6_field_2,2025-05-16,48.4,development,sugar_beet,40,0.0,0.2,loam,early,40,pivot,irrigation_canal,26.2,1
farm_6,farm_6_field_2,2025-05-17,46.0,development,sugar_beet,41,0.0,8.4,loam,early,41,pivot,irrigation_canal,26.2,1
farm_6,farm_6_field_2,2025-05-18,54.8,development,sugar_beet,42,0.0,0.4,loam,early,42,pivot,irrigation_canal,26.2,0
farm_6,farm_6_field_2,2025-05-19,49.3,development,sugar_beet,43,0.0,9.8,loam,early,43,pivot,irrigation_canal,26.2,1
farm_6,farm_6_field_2,2025-05-20,49.6,development,sugar_beet,44,0.0,0.0,loam,early,44,pivot,irrigation_canal,26.2,0
farm_6,farm_6_field_2,2025-05-21,53.3,development,sugar_beet,45,0.0,6.3,loam,early,45,pivot,irrigation_canal,26.2,0
farm_6,farm_6_field_2,2025-05-22,58.7,development,sugar_beet,46,0.0,0.0,loam,early,46,pivot,irrigation_canal,26.2,0
farm_6,farm_6_field_2,2025-05-23,,development,sugar_beet,47,0.0,0.0,loam,early,47,pivot,irrigation_canal,26.2,0
farm_6,farm_6_field_2,2025-05-24,49.9,development,sugar_beet,48,0.0,0.0,loam,early,48,pivot,irrigation_canal,26.2,0
farm_6,farm_6_field_2,2025-05-25,53.8,development,sugar_beet,49,0.0,4.5,loam,early,49,pivot,irrigation_canal,26.2,1
farm_6,farm_6_field_2,2025-05-26,53.8,development,sugar_beet,50,0.0,0.0,loam,early,50,pivot,irrigation_canal,26.2,0
farm_6,farm_6_field_2,2025-05-27,53.8,sensitive,sugar_beet,51,0.0,0.6,loam,early,51,pivot,irrigation_canal,26.2,1
farm_6,farm_6_field_2,2025-05-28,53.8,sensitive,sugar_beet,52,0.0,0.0,loam,early,52,pivot,irrigation_canal,26.2,1
farm_6,farm_6_field_2,2025-05-29,53.8,sensitive,sugar_beet,53,0.0,0.0,loam,early,53,pivot,irrigation_canal,26.2,1
farm_6,farm_6_field_2,2025-05-30,37.3,sensitive,sugar_beet,54,0.0,0.0,loam,early,54,pivot,irrigation_canal,26.2,2
farm_6,farm_6_field_2,2025-05-31,58.1,sensitive,sugar_beet,1,30.0,0.0,loam,early,55,pivot,irrigation_canal,26.2,0
farm_6,farm_6_field_2,2025-06-01,52.1,sensitive,sugar_beet,2,30.0,0.6,loam,early,56,pivot,irrigation_canal,26.2,1
farm_6,farm_6_field_2,2025-06-02,69.8,sensitive,sugar_beet,1,30.0,0.4,loam,early,57,pivot,irrigation_canal,26.2,0
farm_6,farm_6_field_2,2025-06-03,77.4,sensitive,sugar_beet,2,30.0,0.0,loam,early,58,pivot,irrigation_canal,26.2,0
farm_6,farm_6_field_2,2025-06-04,63.2,sensitive,sugar_beet,3,30.0,0.5,loam,early,59,pivot,irrigation_canal,26.2,0
farm_6,farm_6_field_2,2025-06-05,65.6,sensitive,sugar_beet,4,30.0,0.0,loam,early,60,pivot,irrigation_canal,26.2,0
farm_6,farm_6_field_2,2025-06-06,54.7,sensitive,sugar_beet,5,30.0,0.0,loam,early,61,pivot,irrigation_canal,26.2,0
farm_6,farm_6_field_2,2025-06-07,53.2,sensitive,sugar_beet,6,30.0,21.5,loam,early,62,pivot,irrigation_canal,26.2,0
farm_6,farm_6_field_2,2025-06-08,66.9,sensitive,sugar_beet,7,30.0,20.1,loam,early,63,pivot,irrigation_canal,26.2,0
farm_6,farm_6_field_2,2025-06-09,78.0,sensitive,sugar_beet,8,30.0,0.1,loam,early,64,pivot,irrigation_canal,26.2,0
farm_6,farm_6_field_2,2025-06-10,73.8,sensitive,sugar_beet,9,30.0,0.0,loam,early,65,pivot,irrigation_canal,26.2,0
farm_6,farm_6_field_2,2025-06-11,66.5,sensitive,sugar_beet,10,30.0,0.0,loam,early,66,pivot,irrigation_canal,26.2,0
farm_6,farm_6_field_2,2025-06-12,70.3,sensitive,sugar_beet,11,30.0,0.2,loam,early,67,pivot,irrigation_canal,26.2,0
farm_6,farm_6_field_2,2025-06-13,62.5,sensitive,sugar_beet,12,30.0,0.1,loam,early,68,pivot,irrigation_canal,26.2,0
farm_6,farm_6_field_2,2025-06-14,62.2,sensitive,sugar_beet,13,30.0,0.8,loam,early,69,pivot,irrigation_canal,26.2,0
farm_6,farm_6_field_2,2025-06-15,59.1,sensitive,sugar_beet,14,30.0,0.2,loam,early,70,pivot,irrigation_canal,26.2,0
farm_6,farm_6_field_2,2025-06-16,54.8,sensitive,sugar_beet,15,30.0,0.3,loam,early,71,pivot,irrigation_canal,26.2,0
farm_6,farm_6_field_2,2025-06-17,51.5,sensitive,sugar_beet,16,30.0,0.8,loam,early,72,pivot,irrigation_canal,26.2,1
farm_6,farm_6_field_2,2025-06-18,52.1,sensitive,sugar_beet,17,30.0,26.5,loam,early,73,pivot,irrigation_canal,26.2,1
farm_6,farm_6_field_2,2025-06-19,68.7,sensitive,sugar_beet,18,30.0,0.0,loam,early,74,pivot,irrigation_canal,26.2,0
farm_6,farm_6_field_2,2025-06-20,62.0,sensitive,sugar_beet,19,30.0,0.0,loam,early,75,pivot,irrigation_canal,26.2,0
farm_6,farm_6_field_2,2025-06-21,58.9,sensitive,sugar_beet,20,30.0,0.7,loam,early,76,pivot,irrigation_canal,26.2,0
farm_6,farm_6_field_2,2025-06-22,53.7,sensitive,sugar_beet,21,30.0,0.8,loam,early,77,pivot,irrigation_canal,26.2,0
farm_6,farm_6_field_2,2025-06-23,49.6,sensitive,sugar_beet,22,30.0,0.1,loam,early,78,pivot,irrigation_canal,26.2,1
farm_6,farm_6_field_2,2025-06-24,52.9,sensitive,sugar_beet,23,30.0,0.6,loam,early,79,pivot,irrigation_canal,26.2,1
farm_6,farm_6_field_2,2025-06-25,46.1,sensitive,sugar_beet,24,30.0,0.0,loam,early,80,pivot,irrigation_canal,26.2,1
farm_6,farm_6_field_2,2025-06-26,46.6,sensitive,sugar_beet,25,30.0,0.3,loam,early,81,pivot,irrigation_canal,26.2,1
farm_6,farm_6_field_2,2025-06-27,40.4,sensitive,sugar_beet,26,30.0,0.0,loam,early,82,pivot,irrigation_canal,26.2,1
farm_6,farm_6_field_2,2025-06-28,38.9,sensitive,sugar_beet,27,30.0,3.3,loam,early,83,pivot,irrigation_canal,26.2,2
farm_6,farm_6_field_2,2025-06-29,57.4,sensitive,sugar_beet,1,30.0,0.2,loam,early,84,pivot,irrigation_canal,26.2,0
farm_6,farm_6_field_2,2025-06-30,57.0,sensitive,sugar_beet,2,30.0,0.0,loam,early,85,pivot,irrigation_canal,26.2,1
farm_6,farm_6_field_2,2025-07-01,57.0,sensitive,sugar_beet,3,30.0,0.0,loam,early,86,pivot,irrigation_canal,26.2,1
farm_6,farm_6_field_2,2025-07-02,57.0,sensitive,sugar_beet,4,30.0,0.0,loam,early,87,pivot,irrigation_canal,26.2,1
farm_6,farm_6_field_2,2025-07-03,57.0,sensitive,sugar_beet,5,30.0,1.1,loam,early,88,pivot,irrigation_canal,26.2,1
farm_6,farm_6_field_2,2025-07-04,57.0,sensitive,sugar_beet,6,30.0,0.5,loam,early,89,pivot,irrigation_canal,26.2,2
farm_6,farm_6_field_2,2025-07-05,57.0,sensitive,sugar_beet,1,30.0,0.0,loam,early,90,pivot,irrigation_canal,26.2,1
farm_6,farm_6_field_2,2025-07-06,57.0,sensitive,sugar_beet,2,30.0,0.2,loam,early,91,pivot,irrigation_canal,26.2,1
farm_6,farm_6_field_2,2025-07-07,61.6,sensitive,sugar_beet,1,30.0,0.1,loam,early,92,pivot,irrigation_canal,26.2,0
farm_6,farm_6_field_2,2025-07-08,61.6,late,sugar_beet,2,30.0,0.1,loam,early,93,pivot,irrigation_canal,26.2,0
farm_6,farm_6_field_2,2025-07-09,61.6,late,sugar_beet,3,30.0,0.1,loam,early,94,pivot,irrigation_canal,26.2,0
farm_6,farm_6_field_2,2025-07-10,61.6,late,sugar_beet,4,30.0,0.0,loam,early,95,pivot,irrigation_canal,26.2,0
farm_6,farm_6_field_2,2025-07-11,61.6,late,sugar_beet,5,30.0,0.1,loam,early,96,pivot,irrigation_canal,26.2,0
farm_6,farm_6_field_2,2025-07-12,51.7,late,sugar_beet,6,30.0,0.0,loam,early,97,pivot,irrigation_canal,26.2,0
farm_6,farm_6_field_2,2025-07-13,50.1,late,sugar_beet,7,30.0,0.3,loam,early,98,pivot,irrigation_canal,26.2,0
farm_6,farm_6_field_2,2025-07-14,49.7,late,sugar_beet,8,30.0,0.3,loam,early,99,pivot,irrigation_canal,26.2,0
farm_6,farm_6_field_2,2025-07-15,44.3,late,sugar_beet,9,30.0,0.1,loam,early,100,pivot,irrigation_canal,26.2,0
farm_6,farm_6_field_2,2025-07-16,35.8,late,sugar_beet,10,30.0,0.5,loam,early,101,pivot,irrigation_canal,26.2,0
farm_6,farm_6_field_2,2025-07-17,39.0,late,sugar_beet,11,30.0,0.2,loam,early,102,pivot,irrigation_canal,26.2,0
farm_6,farm_6_field_2,2025-07-18,38.0,late,sugar_beet,12,30.0,2.7,loam,early,103,pivot,irrigation_canal,26.2,1
farm_6,farm_6_field_2,2025-07-19,34.5,late,sugar_beet,13,30.0,11.8,loam,early,104,pivot,irrigation_canal,26.2,1
farm_6,farm_6_field_2,2025-07-20,43.0,late,sugar_beet,14,30.0,0.2,loam,early,105,pivot,irrigation_canal,26.2,0
farm_6,farm_6_field_2,2025-07-21,41.4,late,sugar_beet,15,30.0,0.1,loam,early,106,pivot,irrigation_canal,26.2,0
farm_6,farm_6_field_2,2025-07-22,42.6,late,sugar_beet,16,30.0,0.1,loam,early,107,pivot,irrigation_canal,26.2,0
farm_6,farm_6_field_2,2025-07-23,39.5,late,sugar_beet,17,30.0,0.0,loam,early,108,pivot,irrigation_canal,26.2,1
farm_6,farm_6_field_2,2025-07-24,37.5,late,sugar_beet,18,30.0,0.0,loam,early,109,pivot,irrigation_canal,26.2,1
farm_6,farm_6_field_2,2025-07-25,36.9,late,sugar_beet,19,30.0,0.0,loam,early,110,pivot,irrigation_canal,26.2,1
farm_6,farm_6_field_2,2025-07-26,53.1,late,sugar_beet,1,30.0,0.4,loam,early,111,pivot,irrigation_canal,26.2,0
farm_6,farm_6_field_2,2025-07-27,54.6,late,sugar_beet,2,30.0,2.3,loam,early,112,pivot,irrigation_canal,26.2,0
farm_6,farm_6_field_2,2025-07-28,46.6,late,sugar_beet,3,30.0,0.5,loam,early,113,pivot,irrigation_canal,26.2,0
farm_6,farm_6_field_2,2025-07-29,54.0,late,sugar_beet,4,30.0,7.8,loam,early,114,pivot,irrigation_canal,26.2,0
farm_6,farm_6_field_2,2025-07-30,48.6,late,sugar_beet,5,30.0,0.1,loam,early,115,pivot,irrigation_canal,26.2,0
farm_6,farm_6_field_2,2025-07-31,,late,sugar_beet,6,30.0,0.0,loam,early,116,pivot,irrigation_canal,26.2,0
farm_6,farm_6_field_2,2025-08-01,49.3,late,sugar_beet,7,30.0,0.0,loam,early,117,pivot,irrigation_canal,26.2,0
farm_6,farm_6_field_2,2025-08-02,45.0,late,sugar_beet,8,30.0,0.0,loam,early,118,pivot,irrigation_canal,26.2,0
farm_6,farm_6_field_2,2025-08-03,45.3,late,sugar_beet,9,30.0,0.2,loam,early,119,pivot,irrigation_canal,26.2,0
farm_6,farm_6_field_2,2025-08-04,43.6,late,sugar_beet,10,30.0,0.0,loam,early,120,pivot,irrigation_canal,26.2,0
farm_6,farm_6_field_2,2025-08-05,42.8,late,sugar_beet,11,30.0,0.0,loam,early,121,pivot,irrigation_canal,26.2,1
farm_6,farm_6_field_2,2025-08-06,38.4,late,sugar_beet,12,30.0,9.9,loam,early,122,pivot,irrigation_canal,26.2,1
farm_6,farm_6_field_2,2025-08-07,48.9,late,sugar_beet,13,30.0,0.0,loam,early,123,pivot,irrigation_canal,26.2,0
farm_6,farm_6_field_2,2025-08-08,41.9,late,sugar_beet,14,30.0,0.4,loam,early,124,pivot,irrigation_canal,26.2,0
farm_6,farm_6_field_2,2025-08-09,,late,sugar_beet,15,30.0,0.0,loam,early,125,pivot,irrigation_canal,26.2,1
farm_6,farm_6_field_2,2025-08-10,40.8,late,sugar_beet,16,30.0,0.2,loam,early,126,pivot,irrigation_canal,26.2,1
farm_6,farm_6_field_2,2025-08-11,36.3,late,sugar_beet,17,30.0,2.5,loam,early,127,pivot,irrigation_canal,26.2,1
farm_6,farm_6_field_2,2025-08-12,33.9,late,sugar_beet,18,30.0,0.1,loam,early,128,pivot,irrigation_canal,26.2,1
farm_6,farm_6_field_2,2025-08-13,51.7,late,sugar_beet,1,30.0,0.0,loam,early,129,pivot,irrigation_canal,26.2,0
farm_6,farm_6_field_2,2025-08-14,53.4,late,sugar_beet,2,30.0,0.0,loam,early,130,pivot,irrigation_canal,26.2,0
farm_6,farm_6_field_2,2025-08-15,52.1,late,sugar_beet,3,30.0,0.0,loam,early,131,pivot,irrigation_canal,26.2,0
farm_6,farm_6_field_2,2025-08-16,49.2,late,sugar_beet,4,30.0,0.4,loam,early,132,pivot,irrigation_canal,26.2,0
farm_6,farm_6_field_2,2025-08-17,42.8,late,sugar_beet,5,30.0,0.0,loam,early,133,pivot,irrigation_canal,26.2,0
farm_6,farm_6_field_2,2025-08-18,42.5,late,sugar_beet,6,30.0,0.0,loam,early,134,pivot,irrigation_canal,26.2,0
farm_6,farm_6_field_2,2025-08-19,43.1,late,sugar_beet,7,30.0,0.0,loam,early,135,pivot,irrigation_canal,26.2,0
farm_6,farm_6_field_2,2025-08-20,34.5,late,sugar_beet,8,30.0,0.4,loam,early,136,pivot,irrigation_canal,26.2,1
farm_6,farm_6_field_2,2025-08-21,62.7,late,sugar_beet,1,30.0,0.1,loam,early,137,pivot,irrigation_canal,26.2,0
farm_6,farm_6_field_2,2025-08-22,53.9,late,sugar_beet,2,30.0,0.0,loam,early,138,pivot,irrigation_canal,26.2,0
farm_6,farm_6_field_2,2025-08-23,47.7,late,sugar_beet,3,30.0,0.0,loam,early,139,pivot,irrigation_canal,26.2,0
farm_6,farm_6_field_2,2025-08-24,54.1,late,sugar_beet,4,30.0,0.0,loam,early,140,pivot,irrigation_canal,26.2,0
farm_6,farm_6_field_2,2025-08-25,52.4,late,sugar_beet,5,30.0,0.4,loam,early,141,pivot,irrigation_canal,26.2,0
farm_6,farm_6_field_2,2025-08-26,51.7,late,sugar_beet,6,30.0,0.0,loam,early,142,pivot,irrigation_canal,26.2,0
farm_6,farm_6_field_2,2025-08-27,45.1,late,sugar_beet,7,30.0,0.0,loam,early,143,pivot,irrigation_canal,26.2,0
farm_6,farm_6_field_2,2025-08-28,44.0,late,sugar_beet,8,30.0,17.8,loam,early,144,pivot,irrigation_canal,26.2,0
farm_6,farm_6_field_2,2025-08-29,59.3,late,sugar_beet,9,30.0,0.0,loam,early,145,pivot,irrigation_canal,26.2,0
farm_6,farm_6_field_2,2025-08-30,54.8,late,sugar_beet,10,30.0,0.3,loam,early,146,pivot,irrigation_canal,26.2,0
farm_6,farm_6_field_2,2025-08-31,52.1,late,sugar_beet,11,30.0,0.0,loam,early,147,pivot,irrigation_canal,26.2,0
farm_6,farm_6_field_2,2025-09-01,53.2,late,sugar_beet,12,30.0,0.2,loam,early,148,pivot,irrigation_canal,26.2,0
farm_6,farm_6_field_2,2025-09-02,50.2,late,sugar_beet,13,30.0,0.3,loam,early,149,pivot,irrigation_canal,26.2,0
farm_6,farm_6_field_2,2025-09-03,48.5,late,sugar_beet,14,30.0,0.0,loam,early,150,pivot,irrigation_canal,26.2,0
farm_6,farm_6_field_2,2025-09-04,37.3,late,sugar_beet,15,30.0,0.0,loam,early,151,pivot,irrigation_canal,26.2,0
farm_6,farm_6_field_2,2025-09-05,44.7,late,sugar_beet,16,30.0,0.6,loam,early,152,pivot,irrigation_canal,26.2,0
farm_6,farm_6_field_2,2025-09-06,,late,sugar_beet,17,30.0,0.0,loam,early,153,pivot,irrigation_canal,26.2,0
farm_6,farm_6_field_2,2025-09-07,42.6,late,sugar_beet,18,30.0,0.0,loam,early,154,pivot,irrigation_canal,26.2,0
farm_6,farm_6_field_2,2025-09-08,40.2,late,sugar_beet,19,30.0,0.0,loam,early,155,pivot,irrigation_canal,26.2,1
farm_6,farm_6_field_2,2025-09-09,34.8,late,sugar_beet,20,30.0,0.4,loam,early,156,pivot,irrigation_canal,26.2,1
farm_6,farm_6_field_2,2025-09-10,34.5,late,sugar_beet,21,30.0,0.0,loam,early,157,pivot,irrigation_canal,26.2,1
farm_6,farm_6_field_2,2025-09-11,39.8,late,sugar_beet,22,30.0,0.1,loam,early,158,pivot,irrigation_canal,26.2,1
farm_6,farm_6_field_2,2025-09-12,32.9,late,sugar_beet,23,30.0,0.0,loam,early,159,pivot,irrigation_canal,26.2,1
farm_6,farm_6_field_2,2025-09-13,35.0,late,sugar_beet,24,30.0,0.2,loam,early,160,pivot,irrigation_canal,26.2,1
farm_6,farm_6_field_2,2025-09-14,29.0,late,sugar_beet,25,30.0,2.6,loam,early,161,pivot,irrigation_canal,26.2,1
farm_6,farm_6_field_2,2025-09-15,29.7,late,sugar_beet,26,30.0,0.0,loam,early,162,pivot,irrigation_canal,26.2,1
farm_6,farm_6_field_2,2025-09-16,23.4,late,sugar_beet,27,30.0,5.6,loam,early,163,pivot,irrigation_canal,26.2,1
farm_6,farm_6_field_2,2025-09-17,27.3,late,sugar_beet,28,30.0,1.8,loam,early,164,pivot,irrigation_canal,26.2,1
farm_6,farm_6_field_2,2025-09-18,29.0,late,sugar_beet,29,30.0,0.0,loam,early,165,pivot,irrigation_canal,26.2,1
farm_6,farm_6_field_2,2025-09-19,27.1,late,sugar_beet,30,30.0,0.8,loam,early,166,pivot,irrigation_canal,26.2,1
farm_6,farm_6_field_2,2025-09-20,25.2,late,sugar_beet,31,30.0,0.0,loam,early,167,pivot,irrigation_canal,26.2,1
farm_6,farm_6_field_2,2025-09-21,24.3,late,sugar_beet,32,30.0,0.0,loam,early,168,pivot,irrigation_canal,26.2,1
farm_6,farm_6_field_2,2025-09-22,26.8,late,sugar_beet,33,30.0,0.0,loam,early,169,pivot,irrigation_canal,26.2,2
farm_6,farm_6_field_2,2025-09-23,48.7,late,sugar_beet,1,30.0,0.4,loam,early,170,pivot,irrigation_canal,26.2,0
farm_6,farm_6_field_2,2025-09-24,41.8,late,sugar_beet,2,30.0,0.0,loam,early,171,pivot,irrigation_canal,26.2,0
farm_6,farm_6_field_2,2025-09-25,44.5,late,sugar_beet,3,30.0,0.6,loam,early,172,pivot,irrigation_canal,26.2,0
farm_6,farm_6_field_2,2025-09-26,,late,sugar_beet,4,30.0,0.0,loam,early,173,pivot,irrigation_canal,26.2,0
farm_6,farm_6_field_2,2025-09-27,39.4,late,sugar_beet,5,30.0,0.0,loam,early,174,pivot,irrigation_canal,26.2,1
farm_6,farm_6_field_2,2025-09-28,40.9,late,sugar_beet,6,30.0,0.1,loam,early,175,pivot,irrigation_canal,26.2,1
farm_6,farm_6_field_2,2025-09-29,36.7,late,sugar_beet,7,30.0,0.7,loam,early,176,pivot,irrigation_canal,26.2,1
farm_6,farm_6_field_2,2025-09-30,33.8,late,sugar_beet,8,30.0,0.4,loam,early,177,pivot,irrigation_canal,26.2,1
farm_6,farm_6_field_2,2026-04-15,60.4,initial,sugar_beet,9,0.0,0.3,loam,early,9,pivot,irrigation_canal,26.2,0
farm_6,farm_6_field_2,2026-04-16,53.6,initial,sugar_beet,10,0.0,0.0,loam,early,10,pivot,irrigation_canal,26.2,0
farm_6,farm_6_field_2,2026-04-17,60.2,initial,sugar_beet,11,0.0,1.3,loam,early,11,pivot,irrigation_canal,26.2,0
farm_6,farm_6_field_2,2026-04-18,49.8,initial,sugar_beet,12,0.0,0.4,loam,early,12,pivot,irrigation_canal,26.2,0
farm_6,farm_6_field_2,2026-04-19,57.0,initial,sugar_beet,13,0.0,0.0,loam,early,13,pivot,irrigation_canal,26.2,0
farm_6,farm_6_field_2,2026-04-20,55.4,initial,sugar_beet,14,0.0,0.5,loam,early,14,pivot,irrigation_canal,26.2,0
farm_6,farm_6_field_2,2026-04-21,55.8,initial,sugar_beet,15,0.0,0.6,loam,early,15,pivot,irrigation_canal,26.2,0
farm_6,farm_6_field_2,2026-04-22,58.0,initial,sugar_beet,16,0.0,0.1,loam,early,16,pivot,irrigation_canal,26.2,0
farm_6,farm_6_field_2,2026-04-23,57.4,initial,sugar_beet,17,0.0,0.3,loam,early,17,pivot,irrigation_canal,26.2,0
farm_6,farm_6_field_2,2026-04-24,55.9,initial,sugar_beet,18,0.0,0.0,loam,early,18,pivot,irrigation_canal,26.2,0
farm_6,farm_6_field_2,2026-04-25,50.4,initial,sugar_beet,19,0.0,0.0,loam,early,19,pivot,irrigation_canal,26.2,0
farm_6,farm_6_field_2,2026-04-26,51.6,initial,sugar_beet,20,0.0,0.2,loam,early,20,pivot,irrigation_canal,26.2,0
farm_6,farm_6_field_2,2026-04-27,49.8,development,sugar_beet,21,0.0,0.0,loam,early,21,pivot,irrigation_canal,26.2,0
farm_6,farm_6_field_2,2026-04-28,51.6,development,sugar_beet,22,0.0,0.0,loam,early,22,pivot,irrigation_canal,26.2,0
farm_6,farm_6_field_2,2026-04-29,53.5,development,sugar_beet,23,0.0,0.0,loam,early,23,pivot,irrigation_canal,26.2,0
farm_6,farm_6_field_2,2026-04-30,51.2,development,sugar_beet,24,0.0,0.2,loam,early,24,pivot,irrigation_canal,26.2,1
farm_6,farm_6_field_2,2026-05-01,46.2,development,sugar_beet,25,0.0,0.6,loam,early,25,pivot,irrigation_canal,26.2,1
farm_6,farm_6_field_2,2026-05-02,44.9,development,sugar_beet,26,0.0,0.0,loam,early,26,pivot,irrigation_canal,26.2,1
farm_6,farm_6_field_2,2026-05-03,42.1,development,sugar_beet,27,0.0,9.9,loam,early,27,pivot,irrigation_canal,26.2,1
farm_6,farm_6_field_2,2026-05-04,52.6,development,sugar_beet,28,0.0,0.0,loam,early,28,pivot,irrigation_canal,26.2,0
farm_6,farm_6_field_2,2026-05-05,50.1,development,sugar_beet,29,0.0,5.2,loam,early,29,pivot,irrigation_canal,26.2,1
farm_6,farm_6_field_2,2026-05-06,44.1,development,sugar_beet,30,0.0,0.0,loam,early,30,pivot,irrigation_canal,26.2,0
farm_6,farm_6_field_2,2026-05-07,48.2,development,sugar_beet,31,0.0,7.9,loam,early,31,pivot,irrigation_canal,26.2,1
farm_6,farm_6_field_2,2026-05-08,51.7,development,sugar_beet,32,0.0,0.5,loam,early,32,pivot,irrigation_canal,26.2,0
farm_6,farm_6_field_2,2026-05-09,53.3,development,sugar_beet,33,0.0,0.3,loam,early,33,pivot,irrigation_canal,26.2,0
farm_6,farm_6_field_2,2026-05-10,48.5,development,sugar_beet,34,0.0,0.0,loam,early,34,pivot,irrigation_canal,26.2,0
farm_6,farm_6_field_2,2026-05-11,50.2,development,sugar_beet,35,0.0,0.0,loam,early,35,pivot,irrigation_canal,26.2,1
farm_6,farm_6_field_2,2026-05-12,46.8,development,sugar_beet,36,0.0,0.0,loam,early,36,pivot,irrigation_canal,26.2,1
farm_6,farm_6_field_2,2026-05-13,47.6,development,sugar_beet,37,0.0,2.8,loam,early,37,pivot,irrigation_canal,26.2,1
farm_6,farm_6_field_2,2026-05-14,43.3,development,sugar_beet,38,0.0,0.0,loam,early,38,pivot,irrigation_canal,26.2,1
farm_6,farm_6_field_2,2026-05-15,63.3,development,sugar_beet,1,30.0,0.0,loam,early,39,pivot,irrigation_canal,26.2,0
farm_6,farm_6_field_2,2026-05-16,67.8,development,sugar_beet,2,30.0,0.0,loam,early,40,pivot,irrigation_canal,26.2,0
farm_6,farm_6_field_2,2026-05-17,58.2,development,sugar_beet,3,30.0,0.0,loam,early,41,pivot,irrigation_canal,26.2,0
farm_6,farm_6_field_2,2026-05-18,65.3,development,sugar_beet,4,30.0,0.1,loam,early,42,pivot,irrigation_canal,26.2,0
farm_6,farm_6_field_2,2026-05-19,55.9,development,sugar_beet,5,30.0,0.0,loam,early,43,pivot,irrigation_canal,26.2,0
farm_6,farm_6_field_2,2026-05-20,55.2,development,sugar_beet,6,30.0,0.0,loam,early,44,pivot,irrigation_canal,26.2,0
farm_6,farm_6_field_2,2026-05-21,54.6,development,sugar_beet,7,30.0,16.4,loam,early,45,pivot,irrigation_canal,26.2,0
farm_6,farm_6_field_2,2026-05-22,61.7,development,sugar_beet,8,30.0,5.3,loam,early,46,pivot,irrigation_canal,26.2,0
farm_6,farm_6_field_2,2026-05-23,64.4,development,sugar_beet,9,30.0,0.0,loam,early,47,pivot,irrigation_canal,26.2,0
farm_6,farm_6_field_2,2026-05-24,62.2,development,sugar_beet,10,30.0,0.4,loam,early,48,pivot,irrigation_canal,26.2,0
farm_6,farm_6_field_2,2026-05-25,57.7,development,sugar_beet,11,30.0,0.0,loam,early,49,pivot,irrigation_canal,26.2,0
farm_6,farm_6_field_2,2026-05-26,56.3,development,sugar_beet,12,30.0,0.0,loam,early,50,pivot,irrigation_canal,26.2,0
farm_6,farm_6_field_2,2026-05-27,56.8,sensitive,sugar_beet,13,30.0,0.1,loam,early,51,pivot,irrigation_canal,26.2,0
farm_6,farm_6_field_2,2026-05-28,54.3,sensitive,sugar_beet,14,30.0,0.0,loam,early,52,pivot,irrigation_canal,26.2,1
farm_6,farm_6_field_2,2026-05-29,73.7,sensitive,sugar_beet,1,30.0,0.0,loam,early,53,pivot,irrigation_canal,26.2,0
farm_6,farm_6_field_2,2026-05-30,71.7,sensitive,sugar_beet,2,30.0,0.4,loam,early,54,pivot,irrigation_canal,26.2,0
farm_6,farm_6_field_2,2026-05-31,66.7,sensitive,sugar_beet,3,30.0,0.0,loam,early,55,pivot,irrigation_canal,26.2,0
farm_6,farm_6_field_2,2026-06-01,56.8,sensitive,sugar_beet,4,30.0,0.0,loam,early,56,pivot,irrigation_canal,26.2,0
farm_6,farm_6_field_2,2026-06-02,64.9,sensitive,sugar_beet,5,30.0,0.3,loam,early,57,pivot,irrigation_canal,26.2,0
farm_6,farm_6_field_2,2026-06-03,,sensitive,sugar_beet,6,30.0,0.0,loam,early,58,pivot,irrigation_canal,26.2,0
farm_6,farm_6_field_2,2026-06-04,55.1,sensitive,sugar_beet,7,30.0,0.1,loam,early,59,pivot,irrigation_canal,26.2,0
farm_6,farm_6_field_2,2026-06-05,52.6,sensitive,sugar_beet,8,30.0,0.2,loam,early,60,pivot,irrigation_canal,26.2,1
farm_6,farm_6_field_2,2026-06-06,51.5,sensitive,sugar_beet,9,30.0,4.6,loam,early,61,pivot,irrigation_canal,26.2,1
farm_6,farm_6_field_2,2026-06-07,69.0,sensitive,sugar_beet,1,30.0,0.0,loam,early,62,pivot,irrigation_canal,26.2,0
farm_6,farm_6_field_2,2026-06-08,67.7,sensitive,sugar_beet,2,30.0,0.1,loam,early,63,pivot,irrigation_canal,26.2,0
farm_6,farm_6_field_2,2026-06-09,62.7,sensitive,sugar_beet,3,30.0,0.3,loam,early,64,pivot,irrigation_canal,26.2,0
farm_6,farm_6_field_2,2026-06-10,53.1,sensitive,sugar_beet,4,30.0,0.2,loam,early,65,pivot,irrigation_canal,26.2,0
farm_6,farm_6_field_2,2026-06-11,54.8,sensitive,sugar_beet,5,30.0,0.0,loam,early,66,pivot,irrigation_canal,26.2,1
farm_6,farm_6_field_2,2026-06-12,43.1,sensitive,sugar_beet,6,30.0,0.4,loam,early,67,pivot,irrigation_canal,26.2,1
farm_6,farm_6_field_2,2026-06-13,68.5,sensitive,sugar_beet,1,30.0,0.5,loam,early,68,pivot,irrigation_canal,26.2,0
farm_6,farm_6_field_2,2026-06-14,59.4,sensitive,sugar_beet,2,30.0,0.0,loam,early,69,pivot,irrigation_canal,26.2,0
farm_6,farm_6_field_2,2026-06-15,52.4,sensitive,sugar_beet,3,30.0,0.0,loam,early,70,pivot,irrigation_canal,26.2,0
farm_6,farm_6_field_2,2026-06-16,51.5,sensitive,sugar_beet,4,30.0,0.0,loam,early,71,pivot,irrigation_canal,26.2,1
farm_6,farm_6_field_2,2026-06-17,61.4,sensitive,sugar_beet,1,30.0,0.1,loam,early,72,pivot,irrigation_canal,26.2,0
farm_6,farm_6_field_2,2026-06-18,58.7,sensitive,sugar_beet,2,30.0,0.0,loam,early,73,pivot,irrigation_canal,26.2,0
farm_6,farm_6_field_2,2026-06-19,56.9,sensitive,sugar_beet,3,30.0,0.0,loam,early,74,pivot,irrigation_canal,26.2,0
farm_6,farm_6_field_2,2026-06-20,48.9,sensitive,sugar_beet,4,30.0,0.0,loam,early,75,pivot,irrigation_canal,26.2,1
farm_6,farm_6_field_2,2026-06-21,66.5,sensitive,sugar_beet,1,30.0,0.0,loam,early,76,pivot,irrigation_canal,26.2,0
farm_6,farm_6_field_2,2026-06-22,62.7,sensitive,sugar_beet,2,30.0,0.1,loam,early,77,pivot,irrigation_canal,26.2,0
farm_6,farm_6_field_2,2026-06-23,60.1,sensitive,sugar_beet,3,30.0,0.3,loam,early,78,pivot,irrigation_canal,26.2,0
farm_6,farm_6_field_2,2026-06-24,50.1,sensitive,sugar_beet,4,30.0,0.0,loam,early,79,pivot,irrigation_canal,26.2,1
farm_6,farm_6_field_2,2026-06-25,70.4,sensitive,sugar_beet,1,30.0,1.4,loam,early,80,pivot,irrigation_canal,26.2,0
farm_6,farm_6_field_2,2026-06-26,68.2,sensitive,sugar_beet,2,30.0,0.0,loam,early,81,pivot,irrigation_canal,26.2,0
farm_6,farm_6_field_2,2026-06-27,56.0,sensitive,sugar_beet,3,30.0,0.0,loam,early,82,pivot,irrigation_canal,26.2,0
farm_6,farm_6_field_2,2026-06-28,54.1,sensitive,sugar_beet,4,30.0,0.0,loam,early,83,pivot,irrigation_canal,26.2,1
farm_6,farm_6_field_2,2026-06-29,68.8,sensitive,sugar_beet,1,30.0,0.0,loam,early,84,pivot,irrigation_canal,26.2,0
farm_6,farm_6_field_2,2026-06-30,63.1,sensitive,sugar_beet,2,30.0,0.2,loam,early,85,pivot,irrigation_canal,26.2,0
farm_6,farm_6_field_2,2026-07-01,55.1,sensitive,sugar_beet,3,30.0,0.0,loam,early,86,pivot,irrigation_canal,26.2,0
farm_6,farm_6_field_2,2026-07-02,45.4,sensitive,sugar_beet,4,30.0,0.0,loam,early,87,pivot,irrigation_canal,26.2,1
farm_6,farm_6_field_2,2026-07-03,43.7,sensitive,sugar_beet,5,30.0,0.4,loam,early,88,pivot,irrigation_canal,26.2,1
farm_6,farm_6_field_2,2026-07-04,33.2,sensitive,sugar_beet,6,30.0,0.0,loam,early,89,pivot,irrigation_canal,26.2,2
farm_6,farm_6_field_2,2026-07-05,54.4,sensitive,sugar_beet,1,30.0,0.2,loam,early,90,pivot,irrigation_canal,26.2,1
farm_6,farm_6_field_2,2026-07-06,49.8,sensitive,sugar_beet,2,30.0,0.7,loam,early,91,pivot,irrigation_canal,26.2,1
farm_6,farm_6_field_2,2026-07-07,41.6,sensitive,sugar_beet,3,30.0,0.0,loam,early,92,pivot,irrigation_canal,26.2,1
farm_6,farm_6_field_2,2026-07-08,40.6,late,sugar_beet,4,30.0,0.9,loam,early,93,pivot,irrigation_canal,26.2,1
farm_6,farm_6_field_2,2026-07-09,53.4,late,sugar_beet,1,30.0,0.0,loam,early,94,pivot,irrigation_canal,26.2,0
farm_6,farm_6_field_2,2026-07-10,52.3,late,sugar_beet,2,30.0,0.0,loam,early,95,pivot,irrigation_canal,26.2,0
farm_6,farm_6_field_2,2026-07-11,52.4,late,sugar_beet,3,30.0,1.2,loam,early,96,pivot,irrigation_canal,26.2,0
farm_6,farm_6_field_2,2026-07-12,46.7,late,sugar_beet,4,30.0,0.0,loam,early,97,pivot,irrigation_canal,26.2,0
farm_6,farm_6_field_2,2026-07-13,39.5,late,sugar_beet,5,30.0,0.0,loam,early,98,pivot,irrigation_canal,26.2,0
farm_6,farm_6_field_2,2026-07-14,45.5,late,sugar_beet,6,30.0,0.0,loam,early,99,pivot,irrigation_canal,26.2,0
farm_6,farm_6_field_2,2026-07-15,43.6,late,sugar_beet,7,30.0,0.0,loam,early,100,pivot,irrigation_canal,26.2,1
farm_6,farm_6_field_2,2026-07-16,59.1,late,sugar_beet,1,30.0,0.0,loam,early,101,pivot,irrigation_canal,26.2,0
farm_6,farm_6_field_2,2026-07-17,55.7,late,sugar_beet,2,30.0,0.0,loam,early,102,pivot,irrigation_canal,26.2,0
farm_6,farm_6_field_2,2026-07-18,47.9,late,sugar_beet,3,30.0,0.4,loam,early,103,pivot,irrigation_canal,26.2,0
farm_6,farm_6_field_2,2026-07-19,48.5,late,sugar_beet,4,30.0,0.0,loam,early,104,pivot,irrigation_canal,26.2,0
farm_6,farm_6_field_2,2026-07-20,48.7,late,sugar_beet,5,30.0,0.0,loam,early,105,pivot,irrigation_canal,26.2,0
farm_6,farm_6_field_2,2026-07-21,40.0,late,sugar_beet,6,30.0,0.0,loam,early,106,pivot,irrigation_canal,26.2,0
farm_6,farm_6_field_2,2026-07-22,41.7,late,sugar_beet,7,30.0,0.0,loam,early,107,pivot,irrigation_canal,26.2,1
farm_6,farm_6_field_2,2026-07-23,36.6,late,sugar_beet,8,30.0,0.6,loam,early,108,pivot,irrigation_canal,26.2,1
farm_6,farm_6_field_2,2026-07-24,29.8,late,sugar_beet,9,30.0,1.1,loam,early,109,pivot,irrigation_canal,26.2,1
farm_6,farm_6_field_2,2026-07-25,51.4,late,sugar_beet,1,30.0,0.4,loam,early,110,pivot,irrigation_canal,26.2,0
farm_6,farm_6_field_2,2026-07-26,49.8,late,sugar_beet,2,30.0,0.4,loam,early,111,pivot,irrigation_canal,26.2,0
farm_6,farm_6_field_2,2026-07-27,46.4,late,sugar_beet,3,30.0,0.0,loam,early,112,pivot,irrigation_canal,26.2,0
farm_6,farm_6_field_2,2026-07-28,45.3,late,sugar_beet,4,30.0,0.0,loam,early,113,pivot,irrigation_canal,26.2,0
farm_6,farm_6_field_2,2026-07-29,36.7,late,sugar_beet,5,30.0,0.0,loam,early,114,pivot,irrigation_canal,26.2,0
farm_6,farm_6_field_2,2026-07-30,37.9,late,sugar_beet,6,30.0,0.0,loam,early,115,pivot,irrigation_canal,26.2,1
farm_6,farm_6_field_2,2026-07-31,36.3,late,sugar_beet,7,30.0,7.6,loam,early,116,pivot,irrigation_canal,26.2,1
farm_6,farm_6_field_2,2026-08-01,40.3,late,sugar_beet,8,30.0,0.1,loam,early,117,pivot,irrigation_canal,26.2,1
farm_6,farm_6_field_2,2026-08-02,36.9,late,sugar_beet,9,30.0,0.0,loam,early,118,pivot,irrigation_canal,26.2,1
farm_6,farm_6_field_2,2026-08-03,38.0,late,sugar_beet,10,30.0,8.4,loam,early,119,pivot,irrigation_canal,26.2,1
farm_6,farm_6_field_2,2026-08-04,36.0,late,sugar_beet,11,30.0,0.4,loam,early,120,pivot,irrigation_canal,26.2,1
farm_6,farm_6_field_2,2026-08-05,29.5,late,sugar_beet,12,30.0,0.1,loam,early,121,pivot,irrigation_canal,26.2,1
farm_6,farm_6_field_2,2026-08-06,26.9,late,sugar_beet,13,30.0,0.4,loam,early,122,pivot,irrigation_canal,26.2,1
farm_6,farm_6_field_2,2026-08-07,53.2,late,sugar_beet,1,30.0,0.8,loam,early,123,pivot,irrigation_canal,26.2,0
farm_6,farm_6_field_2,2026-08-08,48.2,late,sugar_beet,2,30.0,0.0,loam,early,124,pivot,irrigation_canal,26.2,0
farm_6,farm_6_field_2,2026-08-09,47.7,late,sugar_beet,3,30.0,0.0,loam,early,125,pivot,irrigation_canal,26.2,0
farm_6,farm_6_field_2,2026-08-10,39.3,late,sugar_beet,4,30.0,1.6,loam,early,126,pivot,irrigation_canal,26.2,0
farm_6,farm_6_field_2,2026-08-11,36.5,late,sugar_beet,5,30.0,0.0,loam,early,127,pivot,irrigation_canal,26.2,0
farm_6,farm_6_field_2,2026-08-12,45.5,late,sugar_beet,6,30.0,0.1,loam,early,128,pivot,irrigation_canal,26.2,1
farm_6,farm_6_field_2,2026-08-13,35.3,late,sugar_beet,7,30.0,0.6,loam,early,129,pivot,irrigation_canal,26.2,1
farm_6,farm_6_field_2,2026-08-14,32.9,late,sugar_beet,8,30.0,0.0,loam,early,130,pivot,irrigation_canal,26.2,1
farm_6,farm_6_field_2,2026-08-15,,late,sugar_beet,1,30.0,0.7,loam,early,131,pivot,irrigation_canal,26.2,0
farm_6,farm_6_field_2,2026-08-16,54.6,late,sugar_beet,2,30.0,0.8,loam,early,132,pivot,irrigation_canal,26.2,0
farm_6,farm_6_field_2,2026-08-17,43.8,late,sugar_beet,3,30.0,0.0,loam,early,133,pivot,irrigation_canal,26.2,0
farm_6,farm_6_field_2,2026-08-18,46.9,late,sugar_beet,4,30.0,0.6,loam,early,134,pivot,irrigation_canal,26.2,0
farm_6,farm_6_field_2,2026-08-19,44.9,late,sugar_beet,5,30.0,0.0,loam,early,135,pivot,irrigation_canal,26.2,0
farm_6,farm_6_field_2,2026-08-20,44.8,late,sugar_beet,6,30.0,2.0,loam,early,136,pivot,irrigation_canal,26.2,0
farm_6,farm_6_field_2,2026-08-21,37.0,late,sugar_beet,7,30.0,0.0,loam,early,137,pivot,irrigation_canal,26.2,0
farm_6,farm_6_field_2,2026-08-22,43.5,late,sugar_beet,8,30.0,0.2,loam,early,138,pivot,irrigation_canal,26.2,1
farm_6,farm_6_field_2,2026-08-23,39.6,late,sugar_beet,9,30.0,0.6,loam,early,139,pivot,irrigation_canal,26.2,1
farm_6,farm_6_field_2,2026-08-24,35.2,late,sugar_beet,10,30.0,0.0,loam,early,140,pivot,irrigation_canal,26.2,1
farm_6,farm_6_field_2,2026-08-25,35.0,late,sugar_beet,11,30.0,0.0,loam,early,141,pivot,irrigation_canal,26.2,1
farm_6,farm_6_field_2,2026-08-26,24.6,late,sugar_beet,12,30.0,0.0,loam,early,142,pivot,irrigation_canal,26.2,1
farm_6,farm_6_field_2,2026-08-27,25.2,late,sugar_beet,13,30.0,0.0,loam,early,143,pivot,irrigation_canal,26.2,1
farm_6,farm_6_field_2,2026-08-28,29.0,late,sugar_beet,14,30.0,3.6,loam,early,144,pivot,irrigation_canal,26.2,1
farm_6,farm_6_field_2,2026-08-29,27.4,late,sugar_beet,15,30.0,0.1,loam,early,145,pivot,irrigation_canal,26.2,1
farm_6,farm_6_field_2,2026-08-30,48.8,late,sugar_beet,1,30.0,0.1,loam,early,146,pivot,irrigation_canal,26.2,0
farm_6,farm_6_field_2,2026-08-31,45.1,late,sugar_beet,2,30.0,0.0,loam,early,147,pivot,irrigation_canal,26.2,0
farm_6,farm_6_field_2,2026-09-01,44.0,late,sugar_beet,3,30.0,0.0,loam,early,148,pivot,irrigation_canal,26.2,0
farm_6,farm_6_field_2,2026-09-02,45.7,late,sugar_beet,4,30.0,0.3,loam,early,149,pivot,irrigation_canal,26.2,0
farm_6,farm_6_field_2,2026-09-03,47.2,late,sugar_beet,5,30.0,0.5,loam,early,150,pivot,irrigation_canal,26.2,0
farm_6,farm_6_field_2,2026-09-04,40.7,late,sugar_beet,6,30.0,0.0,loam,early,151,pivot,irrigation_canal,26.2,1
farm_6,farm_6_field_2,2026-09-05,60.7,late,sugar_beet,1,30.0,0.0,loam,early,152,pivot,irrigation_canal,26.2,0
farm_6,farm_6_field_2,2026-09-06,53.8,late,sugar_beet,2,30.0,0.0,loam,early,153,pivot,irrigation_canal,26.2,0
farm_6,farm_6_field_2,2026-09-07,56.9,late,sugar_beet,3,30.0,0.0,loam,early,154,pivot,irrigation_canal,26.2,0
farm_6,farm_6_field_2,2026-09-08,51.3,late,sugar_beet,4,30.0,0.0,loam,early,155,pivot,irrigation_canal,26.2,0
farm_6,farm_6_field_2,2026-09-09,52.9,late,sugar_beet,5,30.0,0.0,loam,early,156,pivot,irrigation_canal,26.2,0
farm_6,farm_6_field_2,2026-09-10,50.1,late,sugar_beet,6,30.0,0.0,loam,early,157,pivot,irrigation_canal,26.2,0
farm_6,farm_6_field_2,2026-09-11,44.6,late,sugar_beet,7,30.0,0.0,loam,early,158,pivot,irrigation_canal,26.2,0
farm_6,farm_6_field_2,2026-09-12,47.3,late,sugar_beet,8,30.0,0.5,loam,early,159,pivot,irrigation_canal,26.2,0
farm_6,farm_6_field_2,2026-09-13,,late,sugar_beet,9,30.0,0.0,loam,early,160,pivot,irrigation_canal,26.2,0
farm_6,farm_6_field_2,2026-09-14,37.3,late,sugar_beet,10,30.0,0.2,loam,early,161,pivot,irrigation_canal,26.2,0
farm_6,farm_6_field_2,2026-09-15,45.9,late,sugar_beet,11,30.0,0.4,loam,early,162,pivot,irrigation_canal,26.2,0
farm_6,farm_6_field_2,2026-09-16,40.3,late,sugar_beet,12,30.0,0.0,loam,early,163,pivot,irrigation_canal,26.2,0
farm_6,farm_6_field_2,2026-09-17,38.6,late,sugar_beet,13,30.0,0.0,loam,early,164,pivot,irrigation_canal,26.2,1
farm_6,farm_6_field_2,2026-09-18,61.3,late,sugar_beet,1,30.0,0.4,loam,early,165,pivot,irrigation_canal,26.2,0
farm_6,farm_6_field_2,2026-09-19,60.8,late,sugar_beet,2,30.0,0.0,loam,early,166,pivot,irrigation_canal,26.2,0
farm_6,farm_6_field_2,2026-09-20,54.3,late,sugar_beet,3,30.0,0.0,loam,early,167,pivot,irrigation_canal,26.2,0
farm_6,farm_6_field_2,2026-09-21,50.8,late,sugar_beet,4,30.0,0.1,loam,early,168,pivot,irrigation_canal,26.2,0
farm_6,farm_6_field_2,2026-09-22,52.0,late,sugar_beet,5,30.0,0.5,loam,early,169,pivot,irrigation_canal,26.2,0
farm_6,farm_6_field_2,2026-09-23,52.6,late,sugar_beet,6,30.0,0.0,loam,early,170,pivot,irrigation_canal,26.2,0
farm_6,farm_6_field_2,2026-09-24,47.2,late,sugar_beet,7,30.0,0.0,loam,early,171,pivot,irrigation_canal,26.2,0
farm_6,farm_6_field_2,2026-09-25,53.4,late,sugar_beet,8,30.0,0.3,loam,early,172,pivot,irrigation_canal,26.2,0
farm_6,farm_6_field_2,2026-09-26,52.0,late,sugar_beet,9,30.0,0.1,loam,early,173,pivot,irrigation_canal,26.2,0
farm_6,farm_6_field_2,2026-09-27,,late,sugar_beet,10,30.0,3.1,loam,early,174,pivot,irrigation_canal,26.2,0
farm_6,farm_6_field_2,2026-09-28,51.3,late,sugar_beet,11,30.0,0.0,loam,early,175,pivot,irrigation_canal,26.2,0
farm_6,farm_6_field_2,2026-09-29,51.2,late,sugar_beet,12,30.0,0.2,loam,early,176,pivot,irrigation_canal,26.2,0
farm_6,farm_6_field_2,2026-09-30,53.5,late,sugar_beet,13,30.0,0.0,loam,early,177,pivot,irrigation_canal,26.2,0
farm_6,farm_6_field_3,2025-04-15,63.2,initial,sugar_beet,3,0.0,0.2,loam,medium,3,pivot,irrigation_canal,41.9,0
farm_6,farm_6_field_3,2025-04-16,62.2,initial,sugar_beet,4,0.0,4.3,loam,medium,4,pivot,irrigation_canal,41.9,0
farm_6,farm_6_field_3,2025-04-17,68.9,initial,sugar_beet,5,0.0,0.0,loam,medium,5,pivot,irrigation_canal,41.9,0
farm_6,farm_6_field_3,2025-04-18,66.0,initial,sugar_beet,6,0.0,0.0,loam,medium,6,pivot,irrigation_canal,41.9,0
farm_6,farm_6_field_3,2025-04-19,59.5,initial,sugar_beet,7,0.0,0.3,loam,medium,7,pivot,irrigation_canal,41.9,0
farm_6,farm_6_field_3,2025-04-20,64.3,initial,sugar_beet,8,0.0,0.0,loam,medium,8,pivot,irrigation_canal,41.9,0
farm_6,farm_6_field_3,2025-04-21,62.3,initial,sugar_beet,9,0.0,0.4,loam,medium,9,pivot,irrigation_canal,41.9,0
farm_6,farm_6_field_3,2025-04-22,67.7,initial,sugar_beet,10,0.0,4.6,loam,medium,10,pivot,irrigation_canal,41.9,0
farm_6,farm_6_field_3,2025-04-23,65.4,initial,sugar_beet,11,0.0,0.0,loam,medium,11,pivot,irrigation_canal,41.9,0
farm_6,farm_6_field_3,2025-04-24,64.9,initial,sugar_beet,12,0.0,0.0,loam,medium,12,pivot,irrigation_canal,41.9,0
farm_6,farm_6_field_3,2025-04-25,66.2,initial,sugar_beet,13,0.0,0.0,loam,medium,13,pivot,irrigation_canal,41.9,0
farm_6,farm_6_field_3,2025-04-26,60.8,initial,sugar_beet,14,0.0,0.2,loam,medium,14,pivot,irrigation_canal,41.9,0
farm_6,farm_6_field_3,2025-04-27,69.0,initial,sugar_beet,15,0.0,4.9,loam,medium,15,pivot,irrigation_canal,41.9,0
farm_6,farm_6_field_3,2025-04-28,67.8,initial,sugar_beet,16,0.0,0.0,loam,medium,16,pivot,irrigation_canal,41.9,0
farm_6,farm_6_field_3,2025-04-29,67.8,initial,sugar_beet,17,0.0,0.0,loam,medium,17,pivot,irrigation_canal,41.9,0
farm_6,farm_6_field_3,2025-04-30,,initial,sugar_beet,18,0.0,1.5,loam,medium,18,pivot,irrigation_canal,41.9,0
farm_6,farm_6_field_3,2025-05-01,67.8,initial,sugar_beet,19,0.0,0.1,loam,medium,19,pivot,irrigation_canal,41.9,0
farm_6,farm_6_field_3,2025-05-02,67.8,initial,sugar_beet,20,0.0,0.2,loam,medium,20,pivot,irrigation_canal,41.9,0
farm_6,farm_6_field_3,2025-05-03,67.8,initial,sugar_beet,21,0.0,3.9,loam,medium,21,pivot,irrigation_canal,41.9,0
farm_6,farm_6_field_3,2025-05-04,63.6,initial,sugar_beet,22,0.0,0.0,loam,medium,22,pivot,irrigation_canal,41.9,0
farm_6,farm_6_field_3,2025-05-05,67.5,initial,sugar_beet,23,0.0,0.0,loam,medium,23,pivot,irrigation_canal,41.9,0
farm_6,farm_6_field_3,2025-05-06,67.6,initial,sugar_beet,24,0.0,0.1,loam,medium,24,pivot,irrigation_canal,41.9,0
farm_6,farm_6_field_3,2025-05-07,65.7,development,sugar_beet,25,0.0,0.0,loam,medium,25,pivot,irrigation_canal,41.9,0
farm_6,farm_6_field_3,2025-05-08,67.1,development,sugar_beet,26,0.0,0.2,loam,medium,26,pivot,irrigation_canal,41.9,0
farm_6,farm_6_field_3,2025-05-09,64.9,development,sugar_beet,27,0.0,0.9,loam,medium,27,pivot,irrigation_canal,41.9,0
farm_6,farm_6_field_3,2025-05-10,65.6,development,sugar_beet,28,0.0,0.0,loam,medium,28,pivot,irrigation_canal,41.9,0
farm_6,farm_6_field_3,2025-05-11,63.8,development,sugar_beet,29,0.0,0.0,loam,medium,29,pivot,irrigation_canal,41.9,0
farm_6,farm_6_field_3,2025-05-12,57.7,development,sugar_beet,30,0.0,0.2,loam,medium,30,pivot,irrigation_canal,41.9,0
farm_6,farm_6_field_3,2025-05-13,60.3,development,sugar_beet,31,0.0,0.1,loam,medium,31,pivot,irrigation_canal,41.9,0
farm_6,farm_6_field_3,2025-05-14,54.3,development,sugar_beet,32,0.0,0.3,loam,medium,32,pivot,irrigation_canal,41.9,0
farm_6,farm_6_field_3,2025-05-15,53.6,development,sugar_beet,33,0.0,0.2,loam,medium,33,pivot,irrigation_canal,41.9,0
farm_6,farm_6_field_3,2025-05-16,55.1,development,sugar_beet,34,0.0,0.2,loam,medium,34,pivot,irrigation_canal,41.9,0
farm_6,farm_6_field_3,2025-05-17,49.7,development,sugar_beet,35,0.0,8.4,loam,medium,35,pivot,irrigation_canal,41.9,0
farm_6,farm_6_field_3,2025-05-18,53.6,development,sugar_beet,36,0.0,0.4,loam,medium,36,pivot,irrigation_canal,41.9,0
farm_6,farm_6_field_3,2025-05-19,53.8,development,sugar_beet,37,0.0,9.8,loam,medium,37,pivot,irrigation_canal,41.9,0
farm_6,farm_6_field_3,2025-05-20,59.7,development,sugar_beet,38,0.0,0.0,loam,medium,38,pivot,irrigation_canal,41.9,0
farm_6,farm_6_field_3,2025-05-21,54.8,development,sugar_beet,39,0.0,6.3,loam,medium,39,pivot,irrigation_canal,41.9,0
farm_6,farm_6_field_3,2025-05-22,58.7,development,sugar_beet,40,0.0,0.0,loam,medium,40,pivot,irrigation_canal,41.9,0
farm_6,farm_6_field_3,2025-05-23,60.3,development,sugar_beet,41,0.0,0.0,loam,medium,41,pivot,irrigation_canal,41.9,0
farm_6,farm_6_field_3,2025-05-24,61.6,development,sugar_beet,42,0.0,0.0,loam,medium,42,pivot,irrigation_canal,41.9,0
farm_6,farm_6_field_3,2025-05-25,52.0,development,sugar_beet,43,0.0,4.5,loam,medium,43,pivot,irrigation_canal,41.9,0
farm_6,farm_6_field_3,2025-05-26,60.4,development,sugar_beet,44,0.0,0.0,loam,medium,44,pivot,irrigation_canal,41.9,0
farm_6,farm_6_field_3,2025-05-27,54.4,development,sugar_beet,45,0.0,0.6,loam,medium,45,pivot,irrigation_canal,41.9,0
farm_6,farm_6_field_3,2025-05-28,52.5,development,sugar_beet,46,0.0,0.0,loam,medium,46,pivot,irrigation_canal,41.9,0
farm_6,farm_6_field_3,2025-05-29,42.2,development,sugar_beet,47,0.0,0.0,loam,medium,47,pivot,irrigation_canal,41.9,0
farm_6,farm_6_field_3,2025-05-30,51.5,development,sugar_beet,48,0.0,0.0,loam,medium,48,pivot,irrigation_canal,41.9,1
farm_6,farm_6_field_3,2025-05-31,49.1,development,sugar_beet,49,0.0,0.0,loam,medium,49,pivot,irrigation_canal,41.9,1
farm_6,farm_6_field_3,2025-06-01,64.0,development,sugar_beet,1,30.0,0.6,loam,medium,50,pivot,irrigation_canal,41.9,0
farm_6,farm_6_field_3,2025-06-02,65.8,development,sugar_beet,2,30.0,0.4,loam,medium,51,pivot,irrigation_canal,41.9,0
farm_6,farm_6_field_3,2025-06-03,62.9,development,sugar_beet,3,30.0,0.0,loam,medium,52,pivot,irrigation_canal,41.9,0
farm_6,farm_6_field_3,2025-06-04,63.8,development,sugar_beet,4,30.0,0.5,loam,medium,53,pivot,irrigation_canal,41.9,0
farm_6,farm_6_field_3,2025-06-05,55.8,development,sugar_beet,5,30.0,0.0,loam,medium,54,pivot,irrigation_canal,41.9,0
farm_6,farm_6_field_3,2025-06-06,55.1,development,sugar_beet,6,30.0,0.0,loam,medium,55,pivot,irrigation_canal,41.9,0
farm_6,farm_6_field_3,2025-06-07,50.7,development,sugar_beet,7,30.0,21.5,loam,medium,56,pivot,irrigation_canal,41.9,0
farm_6,farm_6_field_3,2025-06-08,69.7,development,sugar_beet,8,30.0,20.1,loam,medium,57,pivot,irrigation_canal,41.9,0
farm_6,farm_6_field_3,2025-06-09,77.4,development,sugar_beet,9,30.0,0.1,loam,medium,58,pivot,irrigation_canal,41.9,0
farm_6,farm_6_field_3,2025-06-10,69.9,development,sugar_beet,10,30.0,0.0,loam,medium,59,pivot,irrigation_canal,41.9,0
farm_6,farm_6_field_3,2025-06-11,77.2,sensitive,sugar_beet,11,30.0,0.0,loam,medium,60,pivot,irrigation_canal,41.9,0
farm_6,farm_6_field_3,2025-06-12,73.9,sensitive,sugar_beet,12,30.0,0.2,loam,medium,61,pivot,irrigation_canal,41.9,0
farm_6,farm_6_field_3,2025-06-13,68.5,sensitive,sugar_beet,13,30.0,0.1,loam,medium,62,pivot,irrigation_canal,41.9,0
farm_6,farm_6_field_3,2025-06-14,64.1,sensitive,sugar_beet,14,30.0,0.8,loam,medium,63,pivot,irrigation_canal,41.9,0
farm_6,farm_6_field_3,2025-06-15,62.8,sensitive,sugar_beet,15,30.0,0.2,loam,medium,64,pivot,irrigation_canal,41.9,0
farm_6,farm_6_field_3,2025-06-16,60.9,sensitive,sugar_beet,16,30.0,0.3,loam,medium,65,pivot,irrigation_canal,41.9,0
farm_6,farm_6_field_3,2025-06-17,53.6,sensitive,sugar_beet,17,30.0,0.8,loam,medium,66,pivot,irrigation_canal,41.9,0
farm_6,farm_6_field_3,2025-06-18,50.2,sensitive,sugar_beet,18,30.0,26.5,loam,medium,67,pivot,irrigation_canal,41.9,0
farm_6,farm_6_field_3,2025-06-19,66.5,sensitive,sugar_beet,19,30.0,0.0,loam,medium,68,pivot,irrigation_canal,41.9,0
farm_6,farm_6_field_3,2025-06-20,64.2,sensitive,sugar_beet,20,30.0,0.0,loam,medium,69,pivot,irrigation_canal,41.9,0
farm_6,farm_6_field_3,2025-06-21,64.5,sensitive,sugar_beet,21,30.0,0.7,loam,medium,70,pivot,irrigation_canal,41.9,0
farm_6,farm_6_field_3,2025-06-22,60.7,sensitive,sugar_beet,22,30.0,0.8,loam,medium,71,pivot,irrigation_canal,41.9,0
farm_6,farm_6_field_3,2025-06-23,60.5,sensitive,sugar_beet,23,30.0,0.1,loam,medium,72,pivot,irrigation_canal,41.9,0
farm_6,farm_6_field_3,2025-06-24,53.5,sensitive,sugar_beet,24,30.0,0.6,loam,medium,73,pivot,irrigation_canal,41.9,1
farm_6,farm_6_field_3,2025-06-25,50.8,sensitive,sugar_beet,25,30.0,0.0,loam,medium,74,pivot,irrigation_canal,41.9,1
farm_6,farm_6_field_3,2025-06-26,50.9,sensitive,sugar_beet,26,30.0,0.3,loam,medium,75,pivot,irrigation_canal,41.9,1
farm_6,farm_6_field_3,2025-06-27,43.9,sensitive,sugar_beet,27,30.0,0.0,loam,medium,76,pivot,irrigation_canal,41.9,1
farm_6,farm_6_field_3,2025-06-28,57.2,sensitive,sugar_beet,1,30.0,3.3,loam,medium,77,pivot,irrigation_canal,41.9,0
farm_6,farm_6_field_3,2025-06-29,61.5,sensitive,sugar_beet,2,30.0,0.2,loam,medium,78,pivot,irrigation_canal,41.9,0
farm_6,farm_6_field_3,2025-06-30,58.5,sensitive,sugar_beet,3,30.0,0.0,loam,medium,79,pivot,irrigation_canal,41.9,0
farm_6,farm_6_field_3,2025-07-01,53.6,sensitive,sugar_beet,4,30.0,0.0,loam,medium,80,pivot,irrigation_canal,41.9,0
farm_6,farm_6_field_3,2025-07-02,44.4,sensitive,sugar_beet,5,30.0,0.0,loam,medium,81,pivot,irrigation_canal,41.9,1
farm_6,farm_6_field_3,2025-07-03,48.0,sensitive,sugar_beet,6,30.0,1.1,loam,medium,82,pivot,irrigation_canal,41.9,1
farm_6,farm_6_field_3,2025-07-04,36.7,sensitive,sugar_beet,7,30.0,0.5,loam,medium,83,pivot,irrigation_canal,41.9,1
farm_6,farm_6_field_3,2025-07-05,57.2,sensitive,sugar_beet,1,30.0,0.0,loam,medium,84,pivot,irrigation_canal,41.9,0
farm_6,farm_6_field_3,2025-07-06,52.5,sensitive,sugar_beet,2,30.0,0.2,loam,medium,85,pivot,irrigation_canal,41.9,0
farm_6,farm_6_field_3,2025-07-07,49.4,sensitive,sugar_beet,3,30.0,0.1,loam,medium,86,pivot,irrigation_canal,41.9,1
farm_6,farm_6_field_3,2025-07-08,47.6,sensitive,sugar_beet,4,30.0,0.1,loam,medium,87,pivot,irrigation_canal,41.9,1
farm_6,farm_6_field_3,2025-07-09,41.9,sensitive,sugar_beet,5,30.0,0.1,loam,medium,88,pivot,irrigation_canal,41.9,1
farm_6,farm_6_field_3,2025-07-10,58.3,sensitive,sugar_beet,1,30.0,0.0,loam,medium,89,pivot,irrigation_canal,41.9,0
farm_6,farm_6_field_3,2025-07-11,49.3,sensitive,sugar_beet,2,30.0,0.1,loam,medium,90,pivot,irrigation_canal,41.9,0
farm_6,farm_6_field_3,2025-07-12,49.5,sensitive,sugar_beet,3,30.0,0.0,loam,medium,91,pivot,irrigation_canal,41.9,1
farm_6,farm_6_field_3,2025-07-13,45.1,sensitive,sugar_beet,4,30.0,0.3,loam,medium,92,pivot,irrigation_canal,41.9,1
farm_6,farm_6_field_3,2025-07-14,38.9,sensitive,sugar_beet,5,30.0,0.3,loam,medium,93,pivot,irrigation_canal,41.9,1
farm_6,farm_6_field_3,2025-07-15,60.8,sensitive,sugar_beet,1,30.0,0.1,loam,medium,94,pivot,irrigation_canal,41.9,0
farm_6,farm_6_field_3,2025-07-16,62.4,sensitive,sugar_beet,2,30.0,0.5,loam,medium,95,pivot,irrigation_canal,41.9,0
farm_6,farm_6_field_3,2025-07-17,49.9,sensitive,sugar_beet,3,30.0,0.2,loam,medium,96,pivot,irrigation_canal,41.9,1
farm_6,farm_6_field_3,2025-07-18,72.1,sensitive,sugar_beet,1,30.0,2.7,loam,medium,97,pivot,irrigation_canal,41.9,0
farm_6,farm_6_field_3,2025-07-19,73.3,sensitive,sugar_beet,2,30.0,11.8,loam,medium,98,pivot,irrigation_canal,41.9,0
farm_6,farm_6_field_3,2025-07-20,78.1,sensitive,sugar_beet,3,30.0,0.2,loam,medium,99,pivot,irrigation_canal,41.9,0
farm_6,farm_6_field_3,2025-07-21,66.3,sensitive,sugar_beet,4,30.0,0.1,loam,medium,100,pivot,irrigation_canal,41.9,0
farm_6,farm_6_field_3,2025-07-22,65.4,sensitive,sugar_beet,5,30.0,0.1,loam,medium,101,pivot,irrigation_canal,41.9,0
farm_6,farm_6_field_3,2025-07-23,67.3,sensitive,sugar_beet,6,30.0,0.0,loam,medium,102,pivot,irrigation_canal,41.9,0
farm_6,farm_6_field_3,2025-07-24,63.4,sensitive,sugar_beet,7,30.0,0.0,loam,medium,103,pivot,irrigation_canal,41.9,0
farm_6,farm_6_field_3,2025-07-25,57.3,sensitive,sugar_beet,8,30.0,0.0,loam,medium,104,pivot,irrigation_canal,41.9,0
farm_6,farm_6_field_3,2025-07-26,52.3,sensitive,sugar_beet,9,30.0,0.4,loam,medium,105,pivot,irrigation_canal,41.9,1
farm_6,farm_6_field_3,2025-07-27,53.2,sensitive,sugar_beet,10,30.0,2.3,loam,medium,106,pivot,irrigation_canal,41.9,1
farm_6,farm_6_field_3,2025-07-28,74.8,sensitive,sugar_beet,1,30.0,0.5,loam,medium,107,pivot,irrigation_canal,41.9,0
farm_6,farm_6_field_3,2025-07-29,64.8,sensitive,sugar_beet,2,30.0,7.8,loam,medium,108,pivot,irrigation_canal,41.9,0
farm_6,farm_6_field_3,2025-07-30,68.0,sensitive,sugar_beet,3,30.0,0.1,loam,medium,109,pivot,irrigation_canal,41.9,0
farm_6,farm_6_field_3,2025-07-31,67.0,late,sugar_beet,4,30.0,0.0,loam,medium,110,pivot,irrigation_canal,41.9,0
farm_6,farm_6_field_3,2025-08-01,63.6,late,sugar_beet,5,30.0,0.0,loam,medium,111,pivot,irrigation_canal,41.9,0
farm_6,farm_6_field_3,2025-08-02,61.3,late,sugar_beet,6,30.0,0.0,loam,medium,112,pivot,irrigation_canal,41.9,0
farm_6,farm_6_field_3,2025-08-03,59.3,late,sugar_beet,7,30.0,0.2,loam,medium,113,pivot,irrigation_canal,41.9,0
farm_6,farm_6_field_3,2025-08-04,51.2,late,sugar_beet,8,30.0,0.0,loam,medium,114,pivot,irrigation_canal,41.9,0
farm_6,farm_6_field_3,2025-08-05,56.8,late,sugar_beet,9,30.0,0.0,loam,medium,115,pivot,irrigation_canal,41.9,0
farm_6,farm_6_field_3,2025-08-06,53.8,late,sugar_beet,10,30.0,9.9,loam,medium,116,pivot,irrigation_canal,41.9,0
farm_6,farm_6_field_3,2025-08-07,57.5,late,sugar_beet,11,30.0,0.0,loam,medium,117,pivot,irrigation_canal,41.9,0
farm_6,farm_6_field_3,2025-08-08,56.5,late,sugar_beet,12,30.0,0.4,loam,medium,118,pivot,irrigation_canal,41.9,0
farm_6,farm_6_field_3,2025-08-09,53.4,late,sugar_beet,13,30.0,0.0,loam,medium,119,pivot,irrigation_canal,41.9,0
farm_6,farm_6_field_3,2025-08-10,50.0,late,sugar_beet,14,30.0,0.2,loam,medium,120,pivot,irrigation_canal,41.9,0
farm_6,farm_6_field_3,2025-08-11,50.0,late,sugar_beet,15,30.0,2.5,loam,medium,121,pivot,irrigation_canal,41.9,0
farm_6,farm_6_field_3,2025-08-12,50.7,late,sugar_beet,16,30.0,0.1,loam,medium,122,pivot,irrigation_canal,41.9,0
farm_6,farm_6_field_3,2025-08-13,45.5,late,sugar_beet,17,30.0,0.0,loam,medium,123,pivot,irrigation_canal,41.9,0
farm_6,farm_6_field_3,2025-08-14,40.3,late,sugar_beet,18,30.0,0.0,loam,medium,124,pivot,irrigation_canal,41.9,0
farm_6,farm_6_field_3,2025-08-15,43.3,late,sugar_beet,19,30.0,0.0,loam,medium,125,pivot,irrigation_canal,41.9,0
farm_6,farm_6_field_3,2025-08-16,43.5,late,sugar_beet,20,30.0,0.4,loam,medium,126,pivot,irrigation_canal,41.9,0
farm_6,farm_6_field_3,2025-08-17,39.1,late,sugar_beet,21,30.0,0.0,loam,medium,127,pivot,irrigation_canal,41.9,0
farm_6,farm_6_field_3,2025-08-18,42.3,late,sugar_beet,22,30.0,0.0,loam,medium,128,pivot,irrigation_canal,41.9,1
farm_6,farm_6_field_3,2025-08-19,30.3,late,sugar_beet,23,30.0,0.0,loam,medium,129,pivot,irrigation_canal,41.9,1
farm_6,farm_6_field_3,2025-08-20,30.2,late,sugar_beet,24,30.0,0.4,loam,medium,130,pivot,irrigation_canal,41.9,1
farm_6,farm_6_field_3,2025-08-21,30.9,late,sugar_beet,25,30.0,0.1,loam,medium,131,pivot,irrigation_canal,41.9,1
farm_6,farm_6_field_3,2025-08-22,30.6,late,sugar_beet,26,30.0,0.0,loam,medium,132,pivot,irrigation_canal,41.9,1
farm_6,farm_6_field_3,2025-08-23,28.4,late,sugar_beet,27,30.0,0.0,loam,medium,133,pivot,irrigation_canal,41.9,1
farm_6,farm_6_field_3,2025-08-24,21.7,late,sugar_beet,28,30.0,0.0,loam,medium,134,pivot,irrigation_canal,41.9,1
farm_6,farm_6_field_3,2025-08-25,29.5,late,sugar_beet,29,30.0,0.4,loam,medium,135,pivot,irrigation_canal,41.9,1
farm_6,farm_6_field_3,2025-08-26,20.9,late,sugar_beet,30,30.0,0.0,loam,medium,136,pivot,irrigation_canal,41.9,2
farm_6,farm_6_field_3,2025-08-27,38.6,late,sugar_beet,1,30.0,0.0,loam,medium,137,pivot,irrigation_canal,41.9,0
farm_6,farm_6_field_3,2025-08-28,37.9,late,sugar_beet,2,30.0,17.8,loam,medium,138,pivot,irrigation_canal,41.9,0
farm_6,farm_6_field_3,2025-08-29,48.2,late,sugar_beet,3,30.0,0.0,loam,medium,139,pivot,irrigation_canal,41.9,0
farm_6,farm_6_field_3,2025-08-30,46.7,late,sugar_beet,4,30.0,0.3,loam,medium,140,pivot,irrigation_canal,41.9,0
farm_6,farm_6_field_3,2025-08-31,47.9,late,sugar_beet,5,30.0,0.0,loam,medium,141,pivot,irrigation_canal,41.9,0
farm_6,farm_6_field_3,2025-09-01,43.7,late,sugar_beet,6,30.0,0.2,loam,medium,142,pivot,irrigation_canal,41.9,0
farm_6,farm_6_field_3,2025-09-02,44.6,late,sugar_beet,7,30.0,0.3,loam,medium,143,pivot,irrigation_canal,41.9,0
farm_6,farm_6_field_3,2025-09-03,38.1,late,sugar_beet,8,30.0,0.0,loam,medium,144,pivot,irrigation_canal,41.9,0
farm_6,farm_6_field_3,2025-09-04,40.7,late,sugar_beet,9,30.0,0.0,loam,medium,145,pivot,irrigation_canal,41.9,0
farm_6,farm_6_field_3,2025-09-05,41.3,late,sugar_beet,10,30.0,0.6,loam,medium,146,pivot,irrigation_canal,41.9,0
farm_6,farm_6_field_3,2025-09-06,39.0,late,sugar_beet,11,30.0,0.0,loam,medium,147,pivot,irrigation_canal,41.9,1
farm_6,farm_6_field_3,2025-09-07,34.9,late,sugar_beet,12,30.0,0.0,loam,medium,148,pivot,irrigation_canal,41.9,1
farm_6,farm_6_field_3,2025-09-08,35.2,late,sugar_beet,13,30.0,0.0,loam,medium,149,pivot,irrigation_canal,41.9,1
farm_6,farm_6_field_3,2025-09-09,52.7,late,sugar_beet,1,30.0,0.4,loam,medium,150,pivot,irrigation_canal,41.9,0
farm_6,farm_6_field_3,2025-09-10,51.6,late,sugar_beet,2,30.0,0.0,loam,medium,151,pivot,irrigation_canal,41.9,0
farm_6,farm_6_field_3,2025-09-11,52.9,late,sugar_beet,3,30.0,0.1,loam,medium,152,pivot,irrigation_canal,41.9,0
farm_6,farm_6_field_3,2025-09-12,44.7,late,sugar_beet,4,30.0,0.0,loam,medium,153,pivot,irrigation_canal,41.9,0
farm_6,farm_6_field_3,2025-09-13,48.2,late,sugar_beet,5,30.0,0.2,loam,medium,154,pivot,irrigation_canal,41.9,0
farm_6,farm_6_field_3,2025-09-14,42.8,late,sugar_beet,6,30.0,2.6,loam,medium,155,pivot,irrigation_canal,41.9,0
farm_6,farm_6_field_3,2025-09-15,42.6,late,sugar_beet,7,30.0,0.0,loam,medium,156,pivot,irrigation_canal,41.9,0
farm_6,farm_6_field_3,2025-09-16,40.6,late,sugar_beet,8,30.0,5.6,loam,medium,157,pivot,irrigation_canal,41.9,0
farm_6,farm_6_field_3,2025-09-17,47.7,late,sugar_beet,9,30.0,1.8,loam,medium,158,pivot,irrigation_canal,41.9,0
farm_6,farm_6_field_3,2025-09-18,47.1,late,sugar_beet,10,30.0,0.0,loam,medium,159,pivot,irrigation_canal,41.9,0
farm_6,farm_6_field_3,2025-09-19,47.3,late,sugar_beet,11,30.0,0.8,loam,medium,160,pivot,irrigation_canal,41.9,0
farm_6,farm_6_field_3,2025-09-20,45.7,late,sugar_beet,12,30.0,0.0,loam,medium,161,pivot,irrigation_canal,41.9,0
farm_6,farm_6_field_3,2025-09-21,40.3,late,sugar_beet,13,30.0,0.0,loam,medium,162,pivot,irrigation_canal,41.9,0
farm_6,farm_6_field_3,2025-09-22,44.9,late,sugar_beet,14,30.0,0.0,loam,medium,163,pivot,irrigation_canal,41.9,0
farm_6,farm_6_field_3,2025-09-23,40.4,late,sugar_beet,15,30.0,0.4,loam,medium,164,pivot,irrigation_canal,41.9,0
farm_6,farm_6_field_3,2025-09-24,,late,sugar_beet,16,30.0,0.0,loam,medium,165,pivot,irrigation_canal,41.9,0
farm_6,farm_6_field_3,2025-09-25,36.7,late,sugar_beet,17,30.0,0.6,loam,medium,166,pivot,irrigation_canal,41.9,0
farm_6,farm_6_field_3,2025-09-26,36.1,late,sugar_beet,18,30.0,0.0,loam,medium,167,pivot,irrigation_canal,41.9,1
farm_6,farm_6_field_3,2025-09-27,56.5,late,sugar_beet,1,30.0,0.0,loam,medium,168,pivot,irrigation_canal,41.9,0
farm_6,farm_6_field_3,2025-09-28,55.2,late,sugar_beet,2,30.0,0.1,loam,medium,169,pivot,irrigation_canal,41.9,0
farm_6,farm_6_field_3,2025-09-29,56.8,late,sugar_beet,3,30.0,0.7,loam,medium,170,pivot,irrigation_canal,41.9,0
farm_6,farm_6_field_3,2025-09-30,54.2,late,sugar_beet,4,30.0,0.4,loam,medium,171,pivot,irrigation_canal,41.9,0
farm_6,farm_6_field_3,2026-04-15,,initial,sugar_beet,3,0.0,0.3,loam,medium,3,pivot,irrigation_canal,41.9,0
farm_6,farm_6_field_3,2026-04-16,66.0,initial,sugar_beet,4,0.0,0.0,loam,medium,4,pivot,irrigation_canal,41.9,0
farm_6,farm_6_field_3,2026-04-17,66.8,initial,sugar_beet,5,0.0,1.3,loam,medium,5,pivot,irrigation_canal,41.9,0
farm_6,farm_6_field_3,2026-04-18,70.8,initial,sugar_beet,6,0.0,0.4,loam,medium,6,pivot,irrigation_canal,41.9,0
farm_6,farm_6_field_3,2026-04-19,67.2,initial,sugar_beet,7,0.0,0.0,loam,medium,7,pivot,irrigation_canal,41.9,0
farm_6,farm_6_field_3,2026-04-20,67.9,initial,sugar_beet,8,0.0,0.5,loam,medium,8,pivot,irrigation_canal,41.9,0
farm_6,farm_6_field_3,2026-04-21,66.9,initial,sugar_beet,9,0.0,0.6,loam,medium,9,pivot,irrigation_canal,41.9,0
farm_6,farm_6_field_3,2026-04-22,64.6,initial,sugar_beet,10,0.0,0.1,loam,medium,10,pivot,irrigation_canal,41.9,0
farm_6,farm_6_field_3,2026-04-23,68.9,initial,sugar_beet,11,0.0,0.3,loam,medium,11,pivot,irrigation_canal,41.9,0
farm_6,farm_6_field_3,2026-04-24,64.6,initial,sugar_beet,12,0.0,0.0,loam,medium,12,pivot,irrigation_canal,41.9,0
farm_6,farm_6_field_3,2026-04-25,64.6,initial,sugar_beet,13,0.0,0.0,loam,medium,13,pivot,irrigation_canal,41.9,0
farm_6,farm_6_field_3,2026-04-26,64.6,initial,sugar_beet,14,0.0,0.2,loam,medium,14,pivot,irrigation_canal,41.9,0
farm_6,farm_6_field_3,2026-04-27,64.6,initial,sugar_beet,15,0.0,0.0,loam,medium,15,pivot,irrigation_canal,41.9,0
farm_6,farm_6_field_3,2026-04-28,64.6,initial,sugar_beet,16,0.0,0.0,loam,medium,16,pivot,irrigation_canal,41.9,0
farm_6,farm_6_field_3,2026-04-29,64.6,initial,sugar_beet,17,0.0,0.0,loam,medium,17,pivot,irrigation_canal,41.9,0
farm_6,farm_6_field_3,2026-04-30,64.6,initial,sugar_beet,18,0.0,0.2,loam,medium,18,pivot,irrigation_canal,41.9,0
farm_6,farm_6_field_3,2026-05-01,64.6,initial,sugar_beet,19,0.0,0.6,loam,medium,19,pivot,irrigation_canal,41.9,0
farm_6,farm_6_field_3,2026-05-02,59.0,initial,sugar_beet,20,0.0,0.0,loam,medium,20,pivot,irrigation_canal,41.9,0
farm_6,farm_6_field_3,2026-05-03,63.2,initial,sugar_beet,21,0.0,9.9,loam,medium,21,pivot,irrigation_canal,41.9,0
farm_6,farm_6_field_3,2026-05-04,66.8,initial,sugar_beet,22,0.0,0.0,loam,medium,22,pivot,irrigation_canal,41.9,0
farm_6,farm_6_field_3,2026-05-05,71.1,initial,sugar_beet,23,0.0,5.2,loam,medium,23,pivot,irrigation_canal,41.9,0
farm_6,farm_6_field_3,2026-05-06,68.9,initial,sugar_beet,24,0.0,0.0,loam,medium,24,pivot,irrigation_canal,41.9,0
farm_6,farm_6_field_3,2026-05-07,69.0,development,sugar_beet,25,0.0,7.9,loam,medium,25,pivot,irrigation_canal,41.9,0
farm_6,farm_6_field_3,2026-05-08,72.7,development,sugar_beet,26,0.0,0.5,loam,medium,26,pivot,irrigation_canal,41.9,0
farm_6,farm_6_field_3,2026-05-09,73.7,development,sugar_beet,27,0.0,0.3,loam,medium,27,pivot,irrigation_canal,41.9,0
farm_6,farm_6_field_3,2026-05-10,66.6,development,sugar_beet,28,0.0,0.0,loam,medium,28,pivot,irrigation_canal,41.9,0
farm_6,farm_6_field_3,2026-05-11,69.7,development,sugar_beet,29,0.0,0.0,loam,medium,29,pivot,irrigation_canal,41.9,0
farm_6,farm_6_field_3,2026-05-12,69.5,development,sugar_beet,30,0.0,0.0,loam,medium,30,pivot,irrigation_canal,41.9,0
farm_6,farm_6_field_3,2026-05-13,67.6,development,sugar_beet,31,0.0,2.8,loam,medium,31,pivot,irrigation_canal,41.9,0
farm_6,farm_6_field_3,2026-05-14,61.4,development,sugar_beet,32,0.0,0.0,loam,medium,32,pivot,irrigation_canal,41.9,0
farm_6,farm_6_field_3,2026-05-15,59.5,development,sugar_beet,33,0.0,0.0,loam,medium,33,pivot,irrigation_canal,41.9,0
farm_6,farm_6_field_3,2026-05-16,68.9,development,sugar_beet,34,0.0,0.0,loam,medium,34,pivot,irrigation_canal,41.9,0
farm_6,farm_6_field_3,2026-05-17,57.8,development,sugar_beet,35,0.0,0.0,loam,medium,35,pivot,irrigation_canal,41.9,0
farm_6,farm_6_field_3,2026-05-18,54.5,development,sugar_beet,36,0.0,0.1,loam,medium,36,pivot,irrigation_canal,41.9,0
farm_6,farm_6_field_3,2026-05-19,47.8,development,sugar_beet,37,0.0,0.0,loam,medium,37,pivot,irrigation_canal,41.9,0
farm_6,farm_6_field_3,2026-05-20,51.2,development,sugar_beet,38,0.0,0.0,loam,medium,38,pivot,irrigation_canal,41.9,0
farm_6,farm_6_field_3,2026-05-21,49.8,development,sugar_beet,39,0.0,16.4,loam,medium,39,pivot,irrigation_canal,41.9,0
farm_6,farm_6_field_3,2026-05-22,64.8,development,sugar_beet,40,0.0,5.3,loam,medium,40,pivot,irrigation_canal,41.9,0
farm_6,farm_6_field_3,2026-05-23,72.0,development,sugar_beet,41,0.0,0.0,loam,medium,41,pivot,irrigation_canal,41.9,0
farm_6,farm_6_field_3,2026-05-24,59.3,development,sugar_beet,42,0.0,0.4,loam,medium,42,pivot,irrigation_canal,41.9,0
farm_6,farm_6_field_3,2026-05-25,65.3,development,sugar_beet,43,0.0,0.0,loam,medium,43,pivot,irrigation_canal,41.9,0
farm_6,farm_6_field_3,2026-05-26,55.4,development,sugar_beet,44,0.0,0.0,loam,medium,44,pivot,irrigation_canal,41.9,0
farm_6,farm_6_field_3,2026-05-27,53.8,development,sugar_beet,45,0.0,0.1,loam,medium,45,pivot,irrigation_canal,41.9,0
farm_6,farm_6_field_3,2026-05-28,55.1,development,sugar_beet,46,0.0,0.0,loam,medium,46,pivot,irrigation_canal,41.9,0
farm_6,farm_6_field_3,2026-05-29,53.4,development,sugar_beet,47,0.0,0.0,loam,medium,47,pivot,irrigation_canal,41.9,0
farm_6,farm_6_field_3,2026-05-30,52.1,development,sugar_beet,48,0.0,0.4,loam,medium,48,pivot,irrigation_canal,41.9,0
farm_6,farm_6_field_3,2026-05-31,52.3,development,sugar_beet,49,0.0,0.0,loam,medium,49,pivot,irrigation_canal,41.9,0
farm_6,farm_6_field_3,2026-06-01,49.2,development,sugar_beet,50,0.0,0.0,loam,medium,50,pivot,irrigation_canal,41.9,0
farm_6,farm_6_field_3,2026-06-02,49.1,development,sugar_beet,51,0.0,0.3,loam,medium,51,pivot,irrigation_canal,41.9,1
farm_6,farm_6_field_3,2026-06-03,49.3,development,sugar_beet,52,0.0,0.0,loam,medium,52,pivot,irrigation_canal,41.9,1
farm_6,farm_6_field_3,2026-06-04,41.5,development,sugar_beet,53,0.0,0.1,loam,medium,53,pivot,irrigation_canal,41.9,1
farm_6,farm_6_field_3,2026-06-05,39.0,development,sugar_beet,54,0.0,0.2,loam,medium,54,pivot,irrigation_canal,41.9,1
farm_6,farm_6_field_3,2026-06-06,39.2,development,sugar_beet,55,0.0,4.6,loam,medium,55,pivot,irrigation_canal,41.9,1
farm_6,farm_6_field_3,2026-06-07,39.8,development,sugar_beet,56,0.0,0.0,loam,medium,56,pivot,irrigation_canal,41.9,1
farm_6,farm_6_field_3,2026-06-08,38.2,development,sugar_beet,57,0.0,0.1,loam,medium,57,pivot,irrigation_canal,41.9,1
farm_6,farm_6_field_3,2026-06-09,31.7,development,sugar_beet,58,0.0,0.3,loam,medium,58,pivot,irrigation_canal,41.9,1
farm_6,farm_6_field_3,2026-06-10,33.3,development,sugar_beet,59,0.0,0.2,loam,medium,59,pivot,irrigation_canal,41.9,2
farm_6,farm_6_field_3,2026-06-11,49.7,sensitive,sugar_beet,1,30.0,0.0,loam,medium,60,pivot,irrigation_canal,41.9,1
farm_6,farm_6_field_3,2026-06-12,73.6,sensitive,sugar_beet,1,30.0,0.4,loam,medium,61,pivot,irrigation_canal,41.9,0
farm_6,farm_6_field_3,2026-06-13,73.6,sensitive,sugar_beet,2,30.0,0.5,loam,medium,62,pivot,irrigation_canal,41.9,0
farm_6,farm_6_field_3,2026-06-14,73.6,sensitive,sugar_beet,3,30.0,0.0,loam,medium,63,pivot,irrigation_canal,41.9,0
farm_6,farm_6_field_3,2026-06-15,73.6,sensitive,sugar_beet,4,30.0,0.0,loam,medium,64,pivot,irrigation_canal,41.9,0
farm_6,farm_6_field_3,2026-06-16,73.6,sensitive,sugar_beet,5,30.0,0.0,loam,medium,65,pivot,irrigation_canal,41.9,1
farm_6,farm_6_field_3,2026-06-17,73.6,sensitive,sugar_beet,1,30.0,0.1,loam,medium,66,pivot,irrigation_canal,41.9,0
farm_6,farm_6_field_3,2026-06-18,73.6,sensitive,sugar_beet,2,30.0,0.0,loam,medium,67,pivot,irrigation_canal,41.9,0
farm_6,farm_6_field_3,2026-06-19,73.6,sensitive,sugar_beet,3,30.0,0.0,loam,medium,68,pivot,irrigation_canal,41.9,0
farm_6,farm_6_field_3,2026-06-20,73.6,sensitive,sugar_beet,4,30.0,0.0,loam,medium,69,pivot,irrigation_canal,41.9,1
farm_6,farm_6_field_3,2026-06-21,73.6,sensitive,sugar_beet,5,30.0,0.0,loam,medium,70,pivot,irrigation_canal,41.9,1
farm_6,farm_6_field_3,2026-06-22,37.6,sensitive,sugar_beet,6,30.0,0.1,loam,medium,71,pivot,irrigation_canal,41.9,1
farm_6,farm_6_field_3,2026-06-23,41.3,sensitive,sugar_beet,7,30.0,0.3,loam,medium,72,pivot,irrigation_canal,41.9,2
farm_6,farm_6_field_3,2026-06-24,56.6,sensitive,sugar_beet,1,30.0,0.0,loam,medium,73,pivot,irrigation_canal,41.9,1
farm_6,farm_6_field_3,2026-06-25,64.7,sensitive,sugar_beet,1,30.0,1.4,loam,medium,74,pivot,irrigation_canal,41.9,0
farm_6,farm_6_field_3,2026-06-26,66.7,sensitive,sugar_beet,2,30.0,0.0,loam,medium,75,pivot,irrigation_canal,41.9,0
farm_6,farm_6_field_3,2026-06-27,56.6,sensitive,sugar_beet,3,30.0,0.0,loam,medium,76,pivot,irrigation_canal,41.9,0
farm_6,farm_6_field_3,2026-06-28,49.9,sensitive,sugar_beet,4,30.0,0.0,loam,medium,77,pivot,irrigation_canal,41.9,0
farm_6,farm_6_field_3,2026-06-29,46.5,sensitive,sugar_beet,5,30.0,0.0,loam,medium,78,pivot,irrigation_canal,41.9,1
farm_6,farm_6_field_3,2026-06-30,64.3,sensitive,sugar_beet,1,30.0,0.2,loam,medium,79,pivot,irrigation_canal,41.9,0
farm_6,farm_6_field_3,2026-07-01,60.7,sensitive,sugar_beet,2,30.0,0.0,loam,medium,80,pivot,irrigation_canal,41.9,0
farm_6,farm_6_field_3,2026-07-02,44.7,sensitive,sugar_beet,3,30.0,0.0,loam,medium,81,pivot,irrigation_canal,41.9,1
farm_6,farm_6_field_3,2026-07-03,48.5,sensitive,sugar_beet,4,30.0,0.4,loam,medium,82,pivot,irrigation_canal,41.9,1
farm_6,farm_6_field_3,2026-07-04,70.6,sensitive,sugar_beet,1,30.0,0.0,loam,medium,83,pivot,irrigation_canal,41.9,0
farm_6,farm_6_field_3,2026-07-05,53.3,sensitive,sugar_beet,2,30.0,0.2,loam,medium,84,pivot,irrigation_canal,41.9,0
farm_6,farm_6_field_3,2026-07-06,54.3,sensitive,sugar_beet,3,30.0,0.7,loam,medium,85,pivot,irrigation_canal,41.9,1
farm_6,farm_6_field_3,2026-07-07,50.8,sensitive,sugar_beet,4,30.0,0.0,loam,medium,86,pivot,irrigation_canal,41.9,1
farm_6,farm_6_field_3,2026-07-08,44.8,sensitive,sugar_beet,5,30.0,0.9,loam,medium,87,pivot,irrigation_canal,41.9,1
farm_6,farm_6_field_3,2026-07-09,54.4,sensitive,sugar_beet,1,30.0,0.0,loam,medium,88,pivot,irrigation_canal,41.9,0
farm_6,farm_6_field_3,2026-07-10,55.2,sensitive,sugar_beet,2,30.0,0.0,loam,medium,89,pivot,irrigation_canal,41.9,1
farm_6,farm_6_field_3,2026-07-11,48.6,sensitive,sugar_beet,3,30.0,1.2,loam,medium,90,pivot,irrigation_canal,41.9,1
farm_6,farm_6_field_3,2026-07-12,43.0,sensitive,sugar_beet,4,30.0,0.0,loam,medium,91,pivot,irrigation_canal,41.9,1
farm_6,farm_6_field_3,2026-07-13,37.8,sensitive,sugar_beet,5,30.0,0.0,loam,medium,92,pivot,irrigation_canal,41.9,2
farm_6,farm_6_field_3,2026-07-14,53.3,sensitive,sugar_beet,1,30.0,0.0,loam,medium,93,pivot,irrigation_canal,41.9,0
farm_6,farm_6_field_3,2026-07-15,48.2,sensitive,sugar_beet,2,30.0,0.0,loam,medium,94,pivot,irrigation_canal,41.9,1
farm_6,farm_6_field_3,2026-07-16,39.3,sensitive,sugar_beet,3,30.0,0.0,loam,medium,95,pivot,irrigation_canal,41.9,1
farm_6,farm_6_field_3,2026-07-17,36.5,sensitive,sugar_beet,4,30.0,0.0,loam,medium,96,pivot,irrigation_canal,41.9,2
farm_6,farm_6_field_3,2026-07-18,54.7,sensitive,sugar_beet,1,30.0,0.4,loam,medium,97,pivot,irrigation_canal,41.9,0
farm_6,farm_6_field_3,2026-07-19,53.5,sensitive,sugar_beet,2,30.0,0.0,loam,medium,98,pivot,irrigation_canal,41.9,1
farm_6,farm_6_field_3,2026-07-20,44.0,sensitive,sugar_beet,3,30.0,0.0,loam,medium,99,pivot,irrigation_canal,41.9,1
farm_6,farm_6_field_3,2026-07-21,35.9,sensitive,sugar_beet,4,30.0,0.0,loam,medium,100,pivot,irrigation_canal,41.9,1
farm_6,farm_6_field_3,2026-07-22,34.0,sensitive,sugar_beet,5,30.0,0.0,loam,medium,101,pivot,irrigation_canal,41.9,2
farm_6,farm_6_field_3,2026-07-23,54.0,sensitive,sugar_beet,1,30.0,0.6,loam,medium,102,pivot,irrigation_canal,41.9,1
farm_6,farm_6_field_3,2026-07-24,45.7,sensitive,sugar_beet,2,30.0,1.1,loam,medium,103,pivot,irrigation_canal,41.9,1
farm_6,farm_6_field_3,2026-07-25,43.1,sensitive,sugar_beet,3,30.0,0.4,loam,medium,104,pivot,irrigation_canal,41.9,1
farm_6,farm_6_field_3,2026-07-26,35.9,sensitive,sugar_beet,4,30.0,0.4,loam,medium,105,pivot,irrigation_canal,41.9,2
farm_6,farm_6_field_3,2026-07-27,52.6,sensitive,sugar_beet,1,30.0,0.0,loam,medium,106,pivot,irrigation_canal,41.9,0
farm_6,farm_6_field_3,2026-07-28,47.9,sensitive,sugar_beet,2,30.0,0.0,loam,medium,107,pivot,irrigation_canal,41.9,1
farm_6,farm_6_field_3,2026-07-29,44.3,sensitive,sugar_beet,3,30.0,0.0,loam,medium,108,pivot,irrigation_canal,41.9,1
farm_6,farm_6_field_3,2026-07-30,41.6,sensitive,sugar_beet,4,30.0,0.0,loam,medium,109,pivot,irrigation_canal,41.9,1
farm_6,farm_6_field_3,2026-07-31,33.0,late,sugar_beet,5,30.0,7.6,loam,medium,110,pivot,irrigation_canal,41.9,1
farm_6,farm_6_field_3,2026-08-01,40.7,late,sugar_beet,6,30.0,0.1,loam,medium,111,pivot,irrigation_canal,41.9,0
farm_6,farm_6_field_3,2026-08-02,31.9,late,sugar_beet,7,30.0,0.0,loam,medium,112,pivot,irrigation_canal,41.9,1
farm_6,farm_6_field_3,2026-08-03,57.1,late,sugar_beet,1,30.0,8.4,loam,medium,113,pivot,irrigation_canal,41.9,0
farm_6,farm_6_field_3,2026-08-04,58.4,late,sugar_beet,2,30.0,0.4,loam,medium,114,pivot,irrigation_canal,41.9,0
farm_6,farm_6_field_3,2026-08-05,55.1,late,sugar_beet,3,30.0,0.1,loam,medium,115,pivot,irrigation_canal,41.9,0
farm_6,farm_6_field_3,2026-08-06,52.7,late,sugar_beet,4,30.0,0.4,loam,medium,116,pivot,irrigation_canal,41.9,0
farm_6,farm_6_field_3,2026-08-07,48.3,late,sugar_beet,5,30.0,0.8,loam,medium,117,pivot,irrigation_canal,41.9,0
farm_6,farm_6_field_3,2026-08-08,46.9,late,sugar_beet,6,30.0,0.0,loam,medium,118,pivot,irrigation_canal,41.9,0
farm_6,farm_6_field_3,2026-08-09,49.8,late,sugar_beet,7,30.0,0.0,loam,medium,119,pivot,irrigation_canal,41.9,0
farm_6,farm_6_field_3,2026-08-10,51.7,late,sugar_beet,8,30.0,1.6,loam,medium,120,pivot,irrigation_canal,41.9,0
farm_6,farm_6_field_3,2026-08-11,45.7,late,sugar_beet,9,30.0,0.0,loam,medium,121,pivot,irrigation_canal,41.9,0
farm_6,farm_6_field_3,2026-08-12,35.2,late,sugar_beet,10,30.0,0.1,loam,medium,122,pivot,irrigation_canal,41.9,0
farm_6,farm_6_field_3,2026-08-13,35.5,late,sugar_beet,11,30.0,0.6,loam,medium,123,pivot,irrigation_canal,41.9,1
farm_6,farm_6_field_3,2026-08-14,59.3,late,sugar_beet,1,30.0,0.0,loam,medium,124,pivot,irrigation_canal,41.9,0
farm_6,farm_6_field_3,2026-08-15,55.5,late,sugar_beet,2,30.0,0.7,loam,medium,125,pivot,irrigation_canal,41.9,0
farm_6,farm_6_field_3,2026-08-16,53.5,late,sugar_beet,3,30.0,0.8,loam,medium,126,pivot,irrigation_canal,41.9,0
farm_6,farm_6_field_3,2026-08-17,50.6,late,sugar_beet,4,30.0,0.0,loam,medium,127,pivot,irrigation_canal,41.9,0
farm_6,farm_6_field_3,2026-08-18,50.9,late,sugar_beet,5,30.0,0.6,loam,medium,128,pivot,irrigation_canal,41.9,0
farm_6,farm_6_field_3,2026-08-19,47.4,late,sugar_beet,6,30.0,0.0,loam,medium,129,pivot,irrigation_canal,41.9,0
farm_6,farm_6_field_3,2026-08-20,44.0,late,sugar_beet,7,30.0,2.0,loam,medium,130,pivot,irrigation_canal,41.9,0
farm_6,farm_6_field_3,2026-08-21,40.4,late,sugar_beet,8,30.0,0.0,loam,medium,131,pivot,irrigation_canal,41.9,0
farm_6,farm_6_field_3,2026-08-22,39.9,late,sugar_beet,9,30.0,0.2,loam,medium,132,pivot,irrigation_canal,41.9,0
farm_6,farm_6_field_3,2026-08-23,41.2,late,sugar_beet,10,30.0,0.6,loam,medium,133,pivot,irrigation_canal,41.9,0
farm_6,farm_6_field_3,2026-08-24,41.8,late,sugar_beet,11,30.0,0.0,loam,medium,134,pivot,irrigation_canal,41.9,0
farm_6,farm_6_field_3,2026-08-25,35.8,late,sugar_beet,12,30.0,0.0,loam,medium,135,pivot,irrigation_canal,41.9,1
farm_6,farm_6_field_3,2026-08-26,38.5,late,sugar_beet,13,30.0,0.0,loam,medium,136,pivot,irrigation_canal,41.9,1
farm_6,farm_6_field_3,2026-08-27,27.5,late,sugar_beet,14,30.0,0.0,loam,medium,137,pivot,irrigation_canal,41.9,1
farm_6,farm_6_field_3,2026-08-28,29.7,late,sugar_beet,15,30.0,3.6,loam,medium,138,pivot,irrigation_canal,41.9,1
farm_6,farm_6_field_3,2026-08-29,35.3,late,sugar_beet,16,30.0,0.1,loam,medium,139,pivot,irrigation_canal,41.9,1
farm_6,farm_6_field_3,2026-08-30,33.9,late,sugar_beet,17,30.0,0.1,loam,medium,140,pivot,irrigation_canal,41.9,1
farm_6,farm_6_field_3,2026-08-31,52.3,late,sugar_beet,1,30.0,0.0,loam,medium,141,pivot,irrigation_canal,41.9,0
farm_6,farm_6_field_3,2026-09-01,51.4,late,sugar_beet,2,30.0,0.0,loam,medium,142,pivot,irrigation_canal,41.9,0
farm_6,farm_6_field_3,2026-09-02,44.4,late,sugar_beet,3,30.0,0.3,loam,medium,143,pivot,irrigation_canal,41.9,0
farm_6,farm_6_field_3,2026-09-03,46.4,late,sugar_beet,4,30.0,0.5,loam,medium,144,pivot,irrigation_canal,41.9,0
farm_6,farm_6_field_3,2026-09-04,40.8,late,sugar_beet,5,30.0,0.0,loam,medium,145,pivot,irrigation_canal,41.9,0
farm_6,farm_6_field_3,2026-09-05,39.5,late,sugar_beet,6,30.0,0.0,loam,medium,146,pivot,irrigation_canal,41.9,0
farm_6,farm_6_field_3,2026-09-06,41.5,late,sugar_beet,7,30.0,0.0,loam,medium,147,pivot,irrigation_canal,41.9,0
farm_6,farm_6_field_3,2026-09-07,37.8,late,sugar_beet,8,30.0,0.0,loam,medium,148,pivot,irrigation_canal,41.9,1
farm_6,farm_6_field_3,2026-09-08,36.3,late,sugar_beet,9,30.0,0.0,loam,medium,149,pivot,irrigation_canal,41.9,1
farm_6,farm_6_field_3,2026-09-09,56.5,late,sugar_beet,1,30.0,0.0,loam,medium,150,pivot,irrigation_canal,41.9,0
farm_6,farm_6_field_3,2026-09-10,50.7,late,sugar_beet,2,30.0,0.0,loam,medium,151,pivot,irrigation_canal,41.9,0
farm_6,farm_6_field_3,2026-09-11,55.7,late,sugar_beet,3,30.0,0.0,loam,medium,152,pivot,irrigation_canal,41.9,0
farm_6,farm_6_field_3,2026-09-12,51.8,late,sugar_beet,4,30.0,0.5,loam,medium,153,pivot,irrigation_canal,41.9,0
farm_6,farm_6_field_3,2026-09-13,52.0,late,sugar_beet,5,30.0,0.0,loam,medium,154,pivot,irrigation_canal,41.9,0
farm_6,farm_6_field_3,2026-09-14,45.2,late,sugar_beet,6,30.0,0.2,loam,medium,155,pivot,irrigation_canal,41.9,0
farm_6,farm_6_field_3,2026-09-15,49.3,late,sugar_beet,7,30.0,0.4,loam,medium,156,pivot,irrigation_canal,41.9,0
farm_6,farm_6_field_3,2026-09-16,44.4,late,sugar_beet,8,30.0,0.0,loam,medium,157,pivot,irrigation_canal,41.9,0
farm_6,farm_6_field_3,2026-09-17,42.7,late,sugar_beet,9,30.0,0.0,loam,medium,158,pivot,irrigation_canal,41.9,0
farm_6,farm_6_field_3,2026-09-18,37.1,late,sugar_beet,10,30.0,0.4,loam,medium,159,pivot,irrigation_canal,41.9,0
farm_6,farm_6_field_3,2026-09-19,37.1,late,sugar_beet,11,30.0,0.0,loam,medium,160,pivot,irrigation_canal,41.9,0
farm_6,farm_6_field_3,2026-09-20,41.6,late,sugar_beet,12,30.0,0.0,loam,medium,161,pivot,irrigation_canal,41.9,0
farm_6,farm_6_field_3,2026-09-21,41.6,late,sugar_beet,13,30.0,0.1,loam,medium,162,pivot,irrigation_canal,41.9,1
farm_6,farm_6_field_3,2026-09-22,41.6,late,sugar_beet,14,30.0,0.5,loam,medium,163,pivot,irrigation_canal,41.9,1
farm_6,farm_6_field_3,2026-09-23,41.6,late,sugar_beet,15,30.0,0.0,loam,medium,164,pivot,irrigation_canal,41.9,1
farm_6,farm_6_field_3,2026-09-24,41.6,late,sugar_beet,1,30.0,0.0,loam,medium,165,pivot,irrigation_canal,41.9,0
farm_6,farm_6_field_3,2026-09-25,41.6,late,sugar_beet,2,30.0,0.3,loam,medium,166,pivot,irrigation_canal,41.9,0
farm_6,farm_6_field_3,2026-09-26,41.6,late,sugar_beet,3,30.0,0.1,loam,medium,167,pivot,irrigation_canal,41.9,0
farm_6,farm_6_field_3,2026-09-27,54.6,late,sugar_beet,4,30.0,3.1,loam,medium,168,pivot,irrigation_canal,41.9,0
farm_6,farm_6_field_3,2026-09-28,52.7,late,sugar_beet,5,30.0,0.0,loam,medium,169,pivot,irrigation_canal,41.9,0
farm_6,farm_6_field_3,2026-09-29,52.7,late,sugar_beet,6,30.0,0.2,loam,medium,170,pivot,irrigation_canal,41.9,0
farm_6,farm_6_field_3,2026-09-30,52.7,late,sugar_beet,7,30.0,0.0,loam,medium,171,pivot,irrigation_canal,41.9,0
farm_6,farm_6_field_4,2025-04-17,77.2,initial,sugar_beet,0,0.0,0.0,loam,late,0,pivot,irrigation_canal,41.0,0
farm_6,farm_6_field_4,2025-04-18,73.2,initial,sugar_beet,1,0.0,0.0,loam,late,1,pivot,irrigation_canal,41.0,0
farm_6,farm_6_field_4,2025-04-19,69.1,initial,sugar_beet,2,0.0,0.3,loam,late,2,pivot,irrigation_canal,41.0,0
farm_6,farm_6_field_4,2025-04-20,72.7,initial,sugar_beet,3,0.0,0.0,loam,late,3,pivot,irrigation_canal,41.0,0
farm_6,farm_6_field_4,2025-04-21,68.9,initial,sugar_beet,4,0.0,0.4,loam,late,4,pivot,irrigation_canal,41.0,0
farm_6,farm_6_field_4,2025-04-22,71.7,initial,sugar_beet,5,0.0,4.6,loam,late,5,pivot,irrigation_canal,41.0,0
farm_6,farm_6_field_4,2025-04-23,76.4,initial,sugar_beet,6,0.0,0.0,loam,late,6,pivot,irrigation_canal,41.0,0
farm_6,farm_6_field_4,2025-04-24,71.1,initial,sugar_beet,7,0.0,0.0,loam,late,7,pivot,irrigation_canal,41.0,0
farm_6,farm_6_field_4,2025-04-25,,initial,sugar_beet,8,0.0,0.0,loam,late,8,pivot,irrigation_canal,41.0,0
farm_6,farm_6_field_4,2025-04-26,75.9,initial,sugar_beet,9,0.0,0.2,loam,late,9,pivot,irrigation_canal,41.0,0
farm_6,farm_6_field_4,2025-04-27,69.6,initial,sugar_beet,10,0.0,4.9,loam,late,10,pivot,irrigation_canal,41.0,0
farm_6,farm_6_field_4,2025-04-28,73.9,initial,sugar_beet,11,0.0,0.0,loam,late,11,pivot,irrigation_canal,41.0,0
farm_6,farm_6_field_4,2025-04-29,75.6,initial,sugar_beet,12,0.0,0.0,loam,late,12,pivot,irrigation_canal,41.0,0
farm_6,farm_6_field_4,2025-04-30,77.2,initial,sugar_beet,13,0.0,1.5,loam,late,13,pivot,irrigation_canal,41.0,0
farm_6,farm_6_field_4,2025-05-01,74.4,initial,sugar_beet,14,0.0,0.1,loam,late,14,pivot,irrigation_canal,41.0,0
farm_6,farm_6_field_4,2025-05-02,72.5,initial,sugar_beet,15,0.0,0.2,loam,late,15,pivot,irrigation_canal,41.0,0
farm_6,farm_6_field_4,2025-05-03,72.6,initial,sugar_beet,16,0.0,3.9,loam,late,16,pivot,irrigation_canal,41.0,0
farm_6,farm_6_field_4,2025-05-04,72.8,initial,sugar_beet,17,0.0,0.0,loam,late,17,pivot,irrigation_canal,41.0,0
farm_6,farm_6_field_4,2025-05-05,73.3,initial,sugar_beet,18,0.0,0.0,loam,late,18,pivot,irrigation_canal,41.0,0
farm_6,farm_6_field_4,2025-05-06,75.8,initial,sugar_beet,19,0.0,0.1,loam,late,19,pivot,irrigation_canal,41.0,0
farm_6,farm_6_field_4,2025-05-07,71.3,initial,sugar_beet,20,0.0,0.0,loam,late,20,pivot,irrigation_canal,41.0,0
farm_6,farm_6_field_4,2025-05-08,75.0,initial,sugar_beet,21,0.0,0.2,loam,late,21,pivot,irrigation_canal,41.0,0
farm_6,farm_6_field_4,2025-05-09,76.0,initial,sugar_beet,22,0.0,0.9,loam,late,22,pivot,irrigation_canal,41.0,0
farm_6,farm_6_field_4,2025-05-10,73.3,initial,sugar_beet,23,0.0,0.0,loam,late,23,pivot,irrigation_canal,41.0,0
farm_6,farm_6_field_4,2025-05-11,71.2,initial,sugar_beet,24,0.0,0.0,loam,late,24,pivot,irrigation_canal,41.0,0
farm_6,farm_6_field_4,2025-05-12,69.2,initial,sugar_beet,25,0.0,0.2,loam,late,25,pivot,irrigation_canal,41.0,0
farm_6,farm_6_field_4,2025-05-13,68.9,initial,sugar_beet,26,0.0,0.1,loam,late,26,pivot,irrigation_canal,41.0,0
farm_6,farm_6_field_4,2025-05-14,68.8,initial,sugar_beet,27,0.0,0.3,loam,late,27,pivot,irrigation_canal,41.0,0
farm_6,farm_6_field_4,2025-05-15,70.3,initial,sugar_beet,28,0.0,0.2,loam,late,28,pivot,irrigation_canal,41.0,0
farm_6,farm_6_field_4,2025-05-16,72.0,development,sugar_beet,29,0.0,0.2,loam,late,29,pivot,irrigation_canal,41.0,0
farm_6,farm_6_field_4,2025-05-17,71.8,development,sugar_beet,30,0.0,8.4,loam,late,30,pivot,irrigation_canal,41.0,0
farm_6,farm_6_field_4,2025-05-18,70.0,development,sugar_beet,31,0.0,0.4,loam,late,31,pivot,irrigation_canal,41.0,0
farm_6,farm_6_field_4,2025-05-19,67.2,development,sugar_beet,32,0.0,9.8,loam,late,32,pivot,irrigation_canal,41.0,0
farm_6,farm_6_field_4,2025-05-20,77.5,development,sugar_beet,33,0.0,0.0,loam,late,33,pivot,irrigation_canal,41.0,0
farm_6,farm_6_field_4,2025-05-21,69.4,development,sugar_beet,34,0.0,6.3,loam,late,34,pivot,irrigation_canal,41.0,0
farm_6,farm_6_field_4,2025-05-22,80.1,development,sugar_beet,35,0.0,0.0,loam,late,35,pivot,irrigation_canal,41.0,0
farm_6,farm_6_field_4,2025-05-23,73.3,development,sugar_beet,36,0.0,0.0,loam,late,36,pivot,irrigation_canal,41.0,0
farm_6,farm_6_field_4,2025-05-24,69.2,development,sugar_beet,37,0.0,0.0,loam,late,37,pivot,irrigation_canal,41.0,0
farm_6,farm_6_field_4,2025-05-25,69.8,development,sugar_beet,38,0.0,4.5,loam,late,38,pivot,irrigation_canal,41.0,0
farm_6,farm_6_field_4,2025-05-26,74.0,development,sugar_beet,39,0.0,0.0,loam,late,39,pivot,irrigation_canal,41.0,0
farm_6,farm_6_field_4,2025-05-27,71.2,development,sugar_beet,40,0.0,0.6,loam,late,40,pivot,irrigation_canal,41.0,0
farm_6,farm_6_field_4,2025-05-28,69.4,development,sugar_beet,41,0.0,0.0,loam,late,41,pivot,irrigation_canal,41.0,0
farm_6,farm_6_field_4,2025-05-29,70.6,development,sugar_beet,42,0.0,0.0,loam,late,42,pivot,irrigation_canal,41.0,0
farm_6,farm_6_field_4,2025-05-30,63.6,development,sugar_beet,43,0.0,0.0,loam,late,43,pivot,irrigation_canal,41.0,0
farm_6,farm_6_field_4,2025-05-31,59.7,development,sugar_beet,44,0.0,0.0,loam,late,44,pivot,irrigation_canal,41.0,0
farm_6,farm_6_field_4,2025-06-01,61.2,development,sugar_beet,45,0.0,0.6,loam,late,45,pivot,irrigation_canal,41.0,0
farm_6,farm_6_field_4,2025-06-02,52.2,development,sugar_beet,46,0.0,0.4,loam,late,46,pivot,irrigation_canal,41.0,0
farm_6,farm_6_field_4,2025-06-03,57.1,development,sugar_beet,47,0.0,0.0,loam,late,47,pivot,irrigation_canal,41.0,0
farm_6,farm_6_field_4,2025-06-04,49.4,development,sugar_beet,48,0.0,0.5,loam,late,48,pivot,irrigation_canal,41.0,0
farm_6,farm_6_field_4,2025-06-05,51.2,development,sugar_beet,49,0.0,0.0,loam,late,49,pivot,irrigation_canal,41.0,0
farm_6,farm_6_field_4,2025-06-06,48.0,development,sugar_beet,50,0.0,0.0,loam,late,50,pivot,irrigation_canal,41.0,1
farm_6,farm_6_field_4,2025-06-07,44.8,development,sugar_beet,51,0.0,21.5,loam,late,51,pivot,irrigation_canal,41.0,1
farm_6,farm_6_field_4,2025-06-08,59.5,development,sugar_beet,52,0.0,20.1,loam,late,52,pivot,irrigation_canal,41.0,0
farm_6,farm_6_field_4,2025-06-09,75.9,development,sugar_beet,53,0.0,0.1,loam,late,53,pivot,irrigation_canal,41.0,0
farm_6,farm_6_field_4,2025-06-10,69.5,development,sugar_beet,54,0.0,0.0,loam,late,54,pivot,irrigation_canal,41.0,0
farm_6,farm_6_field_4,2025-06-11,72.1,development,sugar_beet,55,0.0,0.0,loam,late,55,pivot,irrigation_canal,41.0,0
farm_6,farm_6_field_4,2025-06-12,68.1,development,sugar_beet,56,0.0,0.2,loam,late,56,pivot,irrigation_canal,41.0,0
farm_6,farm_6_field_4,2025-06-13,62.6,development,sugar_beet,57,0.0,0.1,loam,late,57,pivot,irrigation_canal,41.0,0
farm_6,farm_6_field_4,2025-06-14,60.3,development,sugar_beet,58,0.0,0.8,loam,late,58,pivot,irrigation_canal,41.0,0
farm_6,farm_6_field_4,2025-06-15,60.6,development,sugar_beet,59,0.0,0.2,loam,late,59,pivot,irrigation_canal,41.0,0
farm_6,farm_6_field_4,2025-06-16,59.9,development,sugar_beet,60,0.0,0.3,loam,late,60,pivot,irrigation_canal,41.0,0
farm_6,farm_6_field_4,2025-06-17,60.3,development,sugar_beet,61,0.0,0.8,loam,late,61,pivot,irrigation_canal,41.0,0
farm_6,farm_6_field_4,2025-06-18,52.4,development,sugar_beet,62,0.0,26.5,loam,late,62,pivot,irrigation_canal,41.0,0
farm_6,farm_6_field_4,2025-06-19,73.9,development,sugar_beet,63,0.0,0.0,loam,late,63,pivot,irrigation_canal,41.0,0
farm_6,farm_6_field_4,2025-06-20,75.5,development,sugar_beet,64,0.0,0.0,loam,late,64,pivot,irrigation_canal,41.0,0
farm_6,farm_6_field_4,2025-06-21,70.0,development,sugar_beet,65,0.0,0.7,loam,late,65,pivot,irrigation_canal,41.0,0
farm_6,farm_6_field_4,2025-06-22,62.3,development,sugar_beet,66,0.0,0.8,loam,late,66,pivot,irrigation_canal,41.0,0
farm_6,farm_6_field_4,2025-06-23,62.9,development,sugar_beet,67,0.0,0.1,loam,late,67,pivot,irrigation_canal,41.0,0
farm_6,farm_6_field_4,2025-06-24,61.0,development,sugar_beet,68,0.0,0.6,loam,late,68,pivot,irrigation_canal,41.0,0
farm_6,farm_6_field_4,2025-06-25,62.8,sensitive,sugar_beet,69,0.0,0.0,loam,late,69,pivot,irrigation_canal,41.0,0
farm_6,farm_6_field_4,2025-06-26,57.5,sensitive,sugar_beet,70,0.0,0.3,loam,late,70,pivot,irrigation_canal,41.0,0
farm_6,farm_6_field_4,2025-06-27,54.3,sensitive,sugar_beet,71,0.0,0.0,loam,late,71,pivot,irrigation_canal,41.0,1
farm_6,farm_6_field_4,2025-06-28,52.5,sensitive,sugar_beet,72,0.0,3.3,loam,late,72,pivot,irrigation_canal,41.0,1
farm_6,farm_6_field_4,2025-06-29,52.5,sensitive,sugar_beet,73,0.0,0.2,loam,late,73,pivot,irrigation_canal,41.0,1
farm_6,farm_6_field_4,2025-06-30,70.6,sensitive,sugar_beet,1,30.0,0.0,loam,late,74,pivot,irrigation_canal,41.0,0
farm_6,farm_6_field_4,2025-07-01,61.6,sensitive,sugar_beet,2,30.0,0.0,loam,late,75,pivot,irrigation_canal,41.0,0
farm_6,farm_6_field_4,2025-07-02,58.5,sensitive,sugar_beet,3,30.0,0.0,loam,late,76,pivot,irrigation_canal,41.0,0
farm_6,farm_6_field_4,2025-07-03,58.7,sensitive,sugar_beet,4,30.0,1.1,loam,late,77,pivot,irrigation_canal,41.0,1
farm_6,farm_6_field_4,2025-07-04,53.8,sensitive,sugar_beet,5,30.0,0.5,loam,late,78,pivot,irrigation_canal,41.0,1
farm_6,farm_6_field_4,2025-07-05,48.2,sensitive,sugar_beet,6,30.0,0.0,loam,late,79,pivot,irrigation_canal,41.0,1
farm_6,farm_6_field_4,2025-07-06,59.4,sensitive,sugar_beet,1,30.0,0.2,loam,late,80,pivot,irrigation_canal,41.0,0
farm_6,farm_6_field_4,2025-07-07,60.2,sensitive,sugar_beet,2,30.0,0.1,loam,late,81,pivot,irrigation_canal,41.0,0
farm_6,farm_6_field_4,2025-07-08,58.0,sensitive,sugar_beet,3,30.0,0.1,loam,late,82,pivot,irrigation_canal,41.0,1
farm_6,farm_6_field_4,2025-07-09,72.0,sensitive,sugar_beet,1,30.0,0.1,loam,late,83,pivot,irrigation_canal,41.0,0
farm_6,farm_6_field_4,2025-07-10,69.1,sensitive,sugar_beet,2,30.0,0.0,loam,late,84,pivot,irrigation_canal,41.0,0
farm_6,farm_6_field_4,2025-07-11,65.5,sensitive,sugar_beet,3,30.0,0.1,loam,late,85,pivot,irrigation_canal,41.0,0
farm_6,farm_6_field_4,2025-07-12,62.6,sensitive,sugar_beet,4,30.0,0.0,loam,late,86,pivot,irrigation_canal,41.0,0
farm_6,farm_6_field_4,2025-07-13,54.9,sensitive,sugar_beet,5,30.0,0.3,loam,late,87,pivot,irrigation_canal,41.0,1
farm_6,farm_6_field_4,2025-07-14,48.4,sensitive,sugar_beet,6,30.0,0.3,loam,late,88,pivot,irrigation_canal,41.0,1
farm_6,farm_6_field_4,2025-07-15,,sensitive,sugar_beet,1,30.0,0.1,loam,late,89,pivot,irrigation_canal,41.0,0
farm_6,farm_6_field_4,2025-07-16,64.8,sensitive,sugar_beet,2,30.0,0.5,loam,late,90,pivot,irrigation_canal,41.0,0
farm_6,farm_6_field_4,2025-07-17,64.1,sensitive,sugar_beet,3,30.0,0.2,loam,late,91,pivot,irrigation_canal,41.0,0
farm_6,farm_6_field_4,2025-07-18,58.5,sensitive,sugar_beet,4,30.0,2.7,loam,late,92,pivot,irrigation_canal,41.0,0
farm_6,farm_6_field_4,2025-07-19,56.9,sensitive,sugar_beet,5,30.0,11.8,loam,late,93,pivot,irrigation_canal,41.0,0
farm_6,farm_6_field_4,2025-07-20,65.4,sensitive,sugar_beet,6,30.0,0.2,loam,late,94,pivot,irrigation_canal,41.0,0
farm_6,farm_6_field_4,2025-07-21,63.1,sensitive,sugar_beet,7,30.0,0.1,loam,late,95,pivot,irrigation_canal,41.0,0
farm_6,farm_6_field_4,2025-07-22,52.9,sensitive,sugar_beet,8,30.0,0.1,loam,late,96,pivot,irrigation_canal,41.0,1
farm_6,farm_6_field_4,2025-07-23,70.8,sensitive,sugar_beet,1,30.0,0.0,loam,late,97,pivot,irrigation_canal,41.0,0
farm_6,farm_6_field_4,2025-07-24,68.9,sensitive,sugar_beet,2,30.0,0.0,loam,late,98,pivot,irrigation_canal,41.0,0
farm_6,farm_6_field_4,2025-07-25,68.2,sensitive,sugar_beet,3,30.0,0.0,loam,late,99,pivot,irrigation_canal,41.0,0
farm_6,farm_6_field_4,2025-07-26,64.4,sensitive,sugar_beet,4,30.0,0.4,loam,late,100,pivot,irrigation_canal,41.0,0
farm_6,farm_6_field_4,2025-07-27,62.2,sensitive,sugar_beet,5,30.0,2.3,loam,late,101,pivot,irrigation_canal,41.0,0
farm_6,farm_6_field_4,2025-07-28,53.8,sensitive,sugar_beet,6,30.0,0.5,loam,late,102,pivot,irrigation_canal,41.0,1
farm_6,farm_6_field_4,2025-07-29,50.4,sensitive,sugar_beet,7,30.0,7.8,loam,late,103,pivot,irrigation_canal,41.0,1
farm_6,farm_6_field_4,2025-07-30,75.5,sensitive,sugar_beet,1,30.0,0.1,loam,late,104,pivot,irrigation_canal,41.0,0
farm_6,farm_6_field_4,2025-07-31,78.2,sensitive,sugar_beet,2,30.0,0.0,loam,late,105,pivot,irrigation_canal,41.0,0
farm_6,farm_6_field_4,2025-08-01,70.5,sensitive,sugar_beet,3,30.0,0.0,loam,late,106,pivot,irrigation_canal,41.0,0
farm_6,farm_6_field_4,2025-08-02,67.4,sensitive,sugar_beet,4,30.0,0.0,loam,late,107,pivot,irrigation_canal,41.0,0
farm_6,farm_6_field_4,2025-08-03,62.0,sensitive,sugar_beet,5,30.0,0.2,loam,late,108,pivot,irrigation_canal,41.0,0
farm_6,farm_6_field_4,2025-08-04,59.0,sensitive,sugar_beet,6,30.0,0.0,loam,late,109,pivot,irrigation_canal,41.0,0
farm_6,farm_6_field_4,2025-08-05,54.2,sensitive,sugar_beet,7,30.0,0.0,loam,late,110,pivot,irrigation_canal,41.0,1
farm_6,farm_6_field_4,2025-08-06,77.1,sensitive,sugar_beet,1,30.0,9.9,loam,late,111,pivot,irrigation_canal,41.0,0
farm_6,farm_6_field_4,2025-08-07,72.1,sensitive,sugar_beet,2,30.0,0.0,loam,late,112,pivot,irrigation_canal,41.0,0
farm_6,farm_6_field_4,2025-08-08,77.7,sensitive,sugar_beet,3,30.0,0.4,loam,late,113,pivot,irrigation_canal,41.0,0
farm_6,farm_6_field_4,2025-08-09,71.5,sensitive,sugar_beet,4,30.0,0.0,loam,late,114,pivot,irrigation_canal,41.0,0
farm_6,farm_6_field_4,2025-08-10,66.8,sensitive,sugar_beet,5,30.0,0.2,loam,late,115,pivot,irrigation_canal,41.0,0
farm_6,farm_6_field_4,2025-08-11,61.5,sensitive,sugar_beet,6,30.0,2.5,loam,late,116,pivot,irrigation_canal,41.0,0
farm_6,farm_6_field_4,2025-08-12,61.9,sensitive,sugar_beet,7,30.0,0.1,loam,late,117,pivot,irrigation_canal,41.0,0
farm_6,farm_6_field_4,2025-08-13,54.3,sensitive,sugar_beet,8,30.0,0.0,loam,late,118,pivot,irrigation_canal,41.0,0
farm_6,farm_6_field_4,2025-08-14,50.2,sensitive,sugar_beet,9,30.0,0.0,loam,late,119,pivot,irrigation_canal,41.0,1
farm_6,farm_6_field_4,2025-08-15,52.3,sensitive,sugar_beet,10,30.0,0.0,loam,late,120,pivot,irrigation_canal,41.0,1
farm_6,farm_6_field_4,2025-08-16,67.7,sensitive,sugar_beet,1,30.0,0.4,loam,late,121,pivot,irrigation_canal,41.0,0
farm_6,farm_6_field_4,2025-08-17,63.2,sensitive,sugar_beet,2,30.0,0.0,loam,late,122,pivot,irrigation_canal,41.0,0
farm_6,farm_6_field_4,2025-08-18,68.0,sensitive,sugar_beet,3,30.0,0.0,loam,late,123,pivot,irrigation_canal,41.0,0
farm_6,farm_6_field_4,2025-08-19,58.4,sensitive,sugar_beet,4,30.0,0.0,loam,late,124,pivot,irrigation_canal,41.0,0
farm_6,farm_6_field_4,2025-08-20,58.1,sensitive,sugar_beet,5,30.0,0.4,loam,late,125,pivot,irrigation_canal,41.0,1
farm_6,farm_6_field_4,2025-08-21,69.9,late,sugar_beet,1,30.0,0.1,loam,late,126,pivot,irrigation_canal,41.0,0
farm_6,farm_6_field_4,2025-08-22,72.2,late,sugar_beet,2,30.0,0.0,loam,late,127,pivot,irrigation_canal,41.0,0
farm_6,farm_6_field_4,2025-08-23,67.4,late,sugar_beet,3,30.0,0.0,loam,late,128,pivot,irrigation_canal,41.0,0
farm_6,farm_6_field_4,2025-08-24,65.4,late,sugar_beet,4,30.0,0.0,loam,late,129,pivot,irrigation_canal,41.0,0
farm_6,farm_6_field_4,2025-08-25,65.0,late,sugar_beet,5,30.0,0.4,loam,late,130,pivot,irrigation_canal,41.0,0
farm_6,farm_6_field_4,2025-08-26,62.4,late,sugar_beet,6,30.0,0.0,loam,late,131,pivot,irrigation_canal,41.0,0
farm_6,farm_6_field_4,2025-08-27,67.6,late,sugar_beet,7,30.0,0.0,loam,late,132,pivot,irrigation_canal,41.0,0
farm_6,farm_6_field_4,2025-08-28,57.8,late,sugar_beet,8,30.0,17.8,loam,late,133,pivot,irrigation_canal,41.0,0
farm_6,farm_6_field_4,2025-08-29,72.6,late,sugar_beet,9,30.0,0.0,loam,late,134,pivot,irrigation_canal,41.0,0
farm_6,farm_6_field_4,2025-08-30,72.0,late,sugar_beet,10,30.0,0.3,loam,late,135,pivot,irrigation_canal,41.0,0
farm_6,farm_6_field_4,2025-08-31,65.2,late,sugar_beet,11,30.0,0.0,loam,late,136,pivot,irrigation_canal,41.0,0
farm_6,farm_6_field_4,2025-09-01,67.8,late,sugar_beet,12,30.0,0.2,loam,late,137,pivot,irrigation_canal,41.0,0
farm_6,farm_6_field_4,2025-09-02,63.9,late,sugar_beet,13,30.0,0.3,loam,late,138,pivot,irrigation_canal,41.0,0
farm_6,farm_6_field_4,2025-09-03,56.4,late,sugar_beet,14,30.0,0.0,loam,late,139,pivot,irrigation_canal,41.0,0
farm_6,farm_6_field_4,2025-09-04,55.6,late,sugar_beet,15,30.0,0.0,loam,late,140,pivot,irrigation_canal,41.0,0
farm_6,farm_6_field_4,2025-09-05,59.6,late,sugar_beet,16,30.0,0.6,loam,late,141,pivot,irrigation_canal,41.0,0
farm_6,farm_6_field_4,2025-09-06,60.6,late,sugar_beet,17,30.0,0.0,loam,late,142,pivot,irrigation_canal,41.0,0
farm_6,farm_6_field_4,2025-09-07,61.1,late,sugar_beet,18,30.0,0.0,loam,late,143,pivot,irrigation_canal,41.0,0
farm_6,farm_6_field_4,2025-09-08,55.7,late,sugar_beet,19,30.0,0.0,loam,late,144,pivot,irrigation_canal,41.0,0
farm_6,farm_6_field_4,2025-09-09,46.1,late,sugar_beet,20,30.0,0.4,loam,late,145,pivot,irrigation_canal,41.0,0
farm_6,farm_6_field_4,2025-09-10,52.2,late,sugar_beet,21,30.0,0.0,loam,late,146,pivot,irrigation_canal,41.0,0
farm_6,farm_6_field_4,2025-09-11,47.3,late,sugar_beet,22,30.0,0.1,loam,late,147,pivot,irrigation_canal,41.0,0
farm_6,farm_6_field_4,2025-09-12,49.1,late,sugar_beet,23,30.0,0.0,loam,late,148,pivot,irrigation_canal,41.0,0
farm_6,farm_6_field_4,2025-09-13,50.7,late,sugar_beet,24,30.0,0.2,loam,late,149,pivot,irrigation_canal,41.0,0
farm_6,farm_6_field_4,2025-09-14,51.0,late,sugar_beet,25,30.0,2.6,loam,late,150,pivot,irrigation_canal,41.0,0
farm_6,farm_6_field_4,2025-09-15,37.0,late,sugar_beet,26,30.0,0.0,loam,late,151,pivot,irrigation_canal,41.0,0
farm_6,farm_6_field_4,2025-09-16,,late,sugar_beet,27,30.0,5.6,loam,late,152,pivot,irrigation_canal,41.0,0
farm_6,farm_6_field_4,2025-09-17,42.8,late,sugar_beet,28,30.0,1.8,loam,late,153,pivot,irrigation_canal,41.0,0
farm_6,farm_6_field_4,2025-09-18,41.9,late,sugar_beet,29,30.0,0.0,loam,late,154,pivot,irrigation_canal,41.0,0
farm_6,farm_6_field_4,2025-09-19,36.7,late,sugar_beet,30,30.0,0.8,loam,late,155,pivot,irrigation_canal,41.0,0
farm_6,farm_6_field_4,2025-09-20,41.0,late,sugar_beet,31,30.0,0.0,loam,late,156,pivot,irrigation_canal,41.0,0
farm_6,farm_6_field_4,2025-09-21,40.8,late,sugar_beet,32,30.0,0.0,loam,late,157,pivot,irrigation_canal,41.0,1
farm_6,farm_6_field_4,2025-09-22,37.2,late,sugar_beet,33,30.0,0.0,loam,late,158,pivot,irrigation_canal,41.0,1
farm_6,farm_6_field_4,2025-09-23,35.6,late,sugar_beet,34,30.0,0.4,loam,late,159,pivot,irrigation_canal,41.0,1
farm_6,farm_6_field_4,2025-09-24,36.3,late,sugar_beet,35,30.0,0.0,loam,late,160,pivot,irrigation_canal,41.0,1
farm_6,farm_6_field_4,2025-09-25,36.1,late,sugar_beet,36,30.0,0.6,loam,late,161,pivot,irrigation_canal,41.0,1
farm_6,farm_6_field_4,2025-09-26,37.1,late,sugar_beet,37,30.0,0.0,loam,late,162,pivot,irrigation_canal,41.0,1
farm_6,farm_6_field_4,2025-09-27,36.0,late,sugar_beet,38,30.0,0.0,loam,late,163,pivot,irrigation_canal,41.0,1
farm_6,farm_6_field_4,2025-09-28,58.2,late,sugar_beet,1,30.0,0.1,loam,late,164,pivot,irrigation_canal,41.0,0
farm_6,farm_6_field_4,2025-09-29,55.5,late,sugar_beet,2,30.0,0.7,loam,late,165,pivot,irrigation_canal,41.0,0
farm_6,farm_6_field_4,2025-09-30,55.4,late,sugar_beet,3,30.0,0.4,loam,late,166,pivot,irrigation_canal,41.0,0
farm_6,farm_6_field_4,2026-04-17,72.2,initial,sugar_beet,0,0.0,1.3,loam,late,0,pivot,irrigation_canal,41.0,0
farm_6,farm_6_field_4,2026-04-18,69.6,initial,sugar_beet,1,0.0,0.4,loam,late,1,pivot,irrigation_canal,41.0,0
farm_6,farm_6_field_4,2026-04-19,75.1,initial,sugar_beet,2,0.0,0.0,loam,late,2,pivot,irrigation_canal,41.0,0
farm_6,farm_6_field_4,2026-04-20,62.8,initial,sugar_beet,3,0.0,0.5,loam,late,3,pivot,irrigation_canal,41.0,0
farm_6,farm_6_field_4,2026-04-21,69.0,initial,sugar_beet,4,0.0,0.6,loam,late,4,pivot,irrigation_canal,41.0,0
farm_6,farm_6_field_4,2026-04-22,70.1,initial,sugar_beet,5,0.0,0.1,loam,late,5,pivot,irrigation_canal,41.0,0
farm_6,farm_6_field_4,2026-04-23,69.1,initial,sugar_beet,6,0.0,0.3,loam,late,6,pivot,irrigation_canal,41.0,0
farm_6,farm_6_field_4,2026-04-24,62.4,initial,sugar_beet,7,0.0,0.0,loam,late,7,pivot,irrigation_canal,41.0,0
farm_6,farm_6_field_4,2026-04-25,70.9,initial,sugar_beet,8,0.0,0.0,loam,late,8,pivot,irrigation_canal,41.0,0
farm_6,farm_6_field_4,2026-04-26,67.2,initial,sugar_beet,9,0.0,0.2,loam,late,9,pivot,irrigation_canal,41.0,0
farm_6,farm_6_field_4,2026-04-27,70.2,initial,sugar_beet,10,0.0,0.0,loam,late,10,pivot,irrigation_canal,41.0,0
farm_6,farm_6_field_4,2026-04-28,60.9,initial,sugar_beet,11,0.0,0.0,loam,late,11,pivot,irrigation_canal,41.0,0
farm_6,farm_6_field_4,2026-04-29,65.8,initial,sugar_beet,12,0.0,0.0,loam,late,12,pivot,irrigation_canal,41.0,0
farm_6,farm_6_field_4,2026-04-30,69.3,initial,sugar_beet,13,0.0,0.2,loam,late,13,pivot,irrigation_canal,41.0,0
farm_6,farm_6_field_4,2026-05-01,63.8,initial,sugar_beet,14,0.0,0.6,loam,late,14,pivot,irrigation_canal,41.0,0
farm_6,farm_6_field_4,2026-05-02,,initial,sugar_beet,15,0.0,0.0,loam,late,15,pivot,irrigation_canal,41.0,0
farm_6,farm_6_field_4,2026-05-03,65.5,initial,sugar_beet,16,0.0,9.9,loam,late,16,pivot,irrigation_canal,41.0,0
farm_6,farm_6_field_4,2026-05-04,71.8,initial,sugar_beet,17,0.0,0.0,loam,late,17,pivot,irrigation_canal,41.0,0
farm_6,farm_6_field_4,2026-05-05,66.8,initial,sugar_beet,18,0.0,5.2,loam,late,18,pivot,irrigation_canal,41.0,0
farm_6,farm_6_field_4,2026-05-06,67.2,initial,sugar_beet,19,0.0,0.0,loam,late,19,pivot,irrigation_canal,41.0,0
farm_6,farm_6_field_4,2026-05-07,69.5,initial,sugar_beet,20,0.0,7.9,loam,late,20,pivot,irrigation_canal,41.0,0
farm_6,farm_6_field_4,2026-05-08,74.1,initial,sugar_beet,21,0.0,0.5,loam,late,21,pivot,irrigation_canal,41.0,0
farm_6,farm_6_field_4,2026-05-09,75.2,initial,sugar_beet,22,0.0,0.3,loam,late,22,pivot,irrigation_canal,41.0,0
farm_6,farm_6_field_4,2026-05-10,75.0,initial,sugar_beet,23,0.0,0.0,loam,late,23,pivot,irrigation_canal,41.0,0
farm_6,farm_6_field_4,2026-05-11,73.4,initial,sugar_beet,24,0.0,0.0,loam,late,24,pivot,irrigation_canal,41.0,0
farm_6,farm_6_field_4,2026-05-12,73.0,initial,sugar_beet,25,0.0,0.0,loam,late,25,pivot,irrigation_canal,41.0,0
farm_6,farm_6_field_4,2026-05-13,72.2,initial,sugar_beet,26,0.0,2.8,loam,late,26,pivot,irrigation_canal,41.0,0
farm_6,farm_6_field_4,2026-05-14,70.0,initial,sugar_beet,27,0.0,0.0,loam,late,27,pivot,irrigation_canal,41.0,0
farm_6,farm_6_field_4,2026-05-15,72.0,initial,sugar_beet,28,0.0,0.0,loam,late,28,pivot,irrigation_canal,41.0,0
farm_6,farm_6_field_4,2026-05-16,72.2,development,sugar_beet,29,0.0,0.0,loam,late,29,pivot,irrigation_canal,41.0,0
farm_6,farm_6_field_4,2026-05-17,69.6,development,sugar_beet,30,0.0,0.0,loam,late,30,pivot,irrigation_canal,41.0,0
farm_6,farm_6_field_4,2026-05-18,69.1,development,sugar_beet,31,0.0,0.1,loam,late,31,pivot,irrigation_canal,41.0,0
farm_6,farm_6_field_4,2026-05-19,66.7,development,sugar_beet,32,0.0,0.0,loam,late,32,pivot,irrigation_canal,41.0,0
farm_6,farm_6_field_4,2026-05-20,64.2,development,sugar_beet,33,0.0,0.0,loam,late,33,pivot,irrigation_canal,41.0,0
farm_6,farm_6_field_4,2026-05-21,60.3,development,sugar_beet,34,0.0,16.4,loam,late,34,pivot,irrigation_canal,41.0,0
farm_6,farm_6_field_4,2026-05-22,76.5,development,sugar_beet,35,0.0,5.3,loam,late,35,pivot,irrigation_canal,41.0,0
farm_6,farm_6_field_4,2026-05-23,69.3,development,sugar_beet,36,0.0,0.0,loam,late,36,pivot,irrigation_canal,41.0,0
farm_6,farm_6_field_4,2026-05-24,72.8,development,sugar_beet,37,0.0,0.4,loam,late,37,pivot,irrigation_canal,41.0,0
farm_6,farm_6_field_4,2026-05-25,69.4,development,sugar_beet,38,0.0,0.0,loam,late,38,pivot,irrigation_canal,41.0,0
farm_6,farm_6_field_4,2026-05-26,69.4,development,sugar_beet,39,0.0,0.0,loam,late,39,pivot,irrigation_canal,41.0,0
farm_6,farm_6_field_4,2026-05-27,68.7,development,sugar_beet,40,0.0,0.1,loam,late,40,pivot,irrigation_canal,41.0,0
farm_6,farm_6_field_4,2026-05-28,66.3,development,sugar_beet,41,0.0,0.0,loam,late,41,pivot,irrigation_canal,41.0,0
farm_6,farm_6_field_4,2026-05-29,67.1,development,sugar_beet,42,0.0,0.0,loam,late,42,pivot,irrigation_canal,41.0,0
farm_6,farm_6_field_4,2026-05-30,58.9,development,sugar_beet,43,0.0,0.4,loam,late,43,pivot,irrigation_canal,41.0,0
farm_6,farm_6_field_4,2026-05-31,61.9,development,sugar_beet,44,0.0,0.0,loam,late,44,pivot,irrigation_canal,41.0,0
farm_6,farm_6_field_4,2026-06-01,55.9,development,sugar_beet,45,0.0,0.0,loam,late,45,pivot,irrigation_canal,41.0,0
farm_6,farm_6_field_4,2026-06-02,53.6,development,sugar_beet,46,0.0,0.3,loam,late,46,pivot,irrigation_canal,41.0,0
farm_6,farm_6_field_4,2026-06-03,50.0,development,sugar_beet,47,0.0,0.0,loam,late,47,pivot,irrigation_canal,41.0,0
farm_6,farm_6_field_4,2026-06-04,51.7,development,sugar_beet,48,0.0,0.1,loam,late,48,pivot,irrigation_canal,41.0,0
farm_6,farm_6_field_4,2026-06-05,51.7,development,sugar_beet,49,0.0,0.2,loam,late,49,pivot,irrigation_canal,41.0,1
farm_6,farm_6_field_4,2026-06-06,52.8,development,sugar_beet,50,0.0,4.6,loam,late,50,pivot,irrigation_canal,41.0,1
farm_6,farm_6_field_4,2026-06-07,52.9,development,sugar_beet,51,0.0,0.0,loam,late,51,pivot,irrigation_canal,41.0,1
farm_6,farm_6_field_4,2026-06-08,50.1,development,sugar_beet,52,0.0,0.1,loam,late,52,pivot,irrigation_canal,41.0,1
farm_6,farm_6_field_4,2026-06-09,66.1,development,sugar_beet,1,30.0,0.3,loam,late,53,pivot,irrigation_canal,41.0,0
farm_6,farm_6_field_4,2026-06-10,60.2,development,sugar_beet,2,30.0,0.2,loam,late,54,pivot,irrigation_canal,41.0,0
farm_6,farm_6_field_4,2026-06-11,62.9,development,sugar_beet,3,30.0,0.0,loam,late,55,pivot,irrigation_canal,41.0,0
farm_6,farm_6_field_4,2026-06-12,60.2,development,sugar_beet,4,30.0,0.4,loam,late,56,pivot,irrigation_canal,41.0,0
farm_6,farm_6_field_4,2026-06-13,55.4,development,sugar_beet,5,30.0,0.5,loam,late,57,pivot,irrigation_canal,41.0,0
farm_6,farm_6_field_4,2026-06-14,51.0,development,sugar_beet,6,30.0,0.0,loam,late,58,pivot,irrigation_canal,41.0,0
farm_6,farm_6_field_4,2026-06-15,47.1,development,sugar_beet,7,30.0,0.0,loam,late,59,pivot,irrigation_canal,41.0,1
farm_6,farm_6_field_4,2026-06-16,46.5,development,sugar_beet,8,30.0,0.0,loam,late,60,pivot,irrigation_canal,41.0,1
farm_6,farm_6_field_4,2026-06-17,43.3,development,sugar_beet,9,30.0,0.1,loam,late,61,pivot,irrigation_canal,41.0,1
farm_6,farm_6_field_4,2026-06-18,57.7,development,sugar_beet,1,30.0,0.0,loam,late,62,pivot,irrigation_canal,41.0,0
farm_6,farm_6_field_4,2026-06-19,55.4,development,sugar_beet,2,30.0,0.0,loam,late,63,pivot,irrigation_canal,41.0,0
farm_6,farm_6_field_4,2026-06-20,51.6,development,sugar_beet,3,30.0,0.0,loam,late,64,pivot,irrigation_canal,41.0,0
farm_6,farm_6_field_4,2026-06-21,51.3,development,sugar_beet,4,30.0,0.0,loam,late,65,pivot,irrigation_canal,41.0,1
farm_6,farm_6_field_4,2026-06-22,44.3,development,sugar_beet,5,30.0,0.1,loam,late,66,pivot,irrigation_canal,41.0,1
farm_6,farm_6_field_4,2026-06-23,60.7,development,sugar_beet,1,30.0,0.3,loam,late,67,pivot,irrigation_canal,41.0,0
farm_6,farm_6_field_4,2026-06-24,59.5,development,sugar_beet,2,30.0,0.0,loam,late,68,pivot,irrigation_canal,41.0,0
farm_6,farm_6_field_4,2026-06-25,61.8,sensitive,sugar_beet,3,30.0,1.4,loam,late,69,pivot,irrigation_canal,41.0,0
farm_6,farm_6_field_4,2026-06-26,52.1,sensitive,sugar_beet,4,30.0,0.0,loam,late,70,pivot,irrigation_canal,41.0,1
farm_6,farm_6_field_4,2026-06-27,69.5,sensitive,sugar_beet,1,30.0,0.0,loam,late,71,pivot,irrigation_canal,41.0,0
farm_6,farm_6_field_4,2026-06-28,66.7,sensitive,sugar_beet,2,30.0,0.0,loam,late,72,pivot,irrigation_canal,41.0,0
farm_6,farm_6_field_4,2026-06-29,59.1,sensitive,sugar_beet,3,30.0,0.0,loam,late,73,pivot,irrigation_canal,41.0,0
farm_6,farm_6_field_4,2026-06-30,55.8,sensitive,sugar_beet,4,30.0,0.2,loam,late,74,pivot,irrigation_canal,41.0,1
farm_6,farm_6_field_4,2026-07-01,44.8,sensitive,sugar_beet,5,30.0,0.0,loam,late,75,pivot,irrigation_canal,41.0,1
farm_6,farm_6_field_4,2026-07-02,40.9,sensitive,sugar_beet,6,30.0,0.0,loam,late,76,pivot,irrigation_canal,41.0,1
farm_6,farm_6_field_4,2026-07-03,34.7,sensitive,sugar_beet,7,30.0,0.4,loam,late,77,pivot,irrigation_canal,41.0,2
farm_6,farm_6_field_4,2026-07-04,53.3,sensitive,sugar_beet,1,30.0,0.0,loam,late,78,pivot,irrigation_canal,41.0,1
farm_6,farm_6_field_4,2026-07-05,45.7,sensitive,sugar_beet,2,30.0,0.2,loam,late,79,pivot,irrigation_canal,41.0,1
farm_6,farm_6_field_4,2026-07-06,60.2,sensitive,sugar_beet,1,30.0,0.7,loam,late,80,pivot,irrigation_canal,41.0,0
farm_6,farm_6_field_4,2026-07-07,53.4,sensitive,sugar_beet,2,30.0,0.0,loam,late,81,pivot,irrigation_canal,41.0,0
farm_6,farm_6_field_4,2026-07-08,56.1,sensitive,sugar_beet,3,30.0,0.9,loam,late,82,pivot,irrigation_canal,41.0,1
farm_6,farm_6_field_4,2026-07-09,43.1,sensitive,sugar_beet,4,30.0,0.0,loam,late,83,pivot,irrigation_canal,41.0,1
farm_6,farm_6_field_4,2026-07-10,43.7,sensitive,sugar_beet,5,30.0,0.0,loam,late,84,pivot,irrigation_canal,41.0,2
farm_6,farm_6_field_4,2026-07-11,54.1,sensitive,sugar_beet,1,30.0,1.2,loam,late,85,pivot,irrigation_canal,41.0,1
farm_6,farm_6_field_4,2026-07-12,50.0,sensitive,sugar_beet,2,30.0,0.0,loam,late,86,pivot,irrigation_canal,41.0,1
farm_6,farm_6_field_4,2026-07-13,45.3,sensitive,sugar_beet,3,30.0,0.0,loam,late,87,pivot,irrigation_canal,41.0,1
farm_6,farm_6_field_4,2026-07-14,47.8,sensitive,sugar_beet,4,30.0,0.0,loam,late,88,pivot,irrigation_canal,41.0,1
farm_6,farm_6_field_4,2026-07-15,44.2,sensitive,sugar_beet,5,30.0,0.0,loam,late,89,pivot,irrigation_canal,41.0,2
farm_6,farm_6_field_4,2026-07-16,52.5,sensitive,sugar_beet,1,30.0,0.0,loam,late,90,pivot,irrigation_canal,41.0,1
farm_6,farm_6_field_4,2026-07-17,68.5,sensitive,sugar_beet,1,30.0,0.0,loam,late,91,pivot,irrigation_canal,41.0,0
farm_6,farm_6_field_4,2026-07-18,61.7,sensitive,sugar_beet,2,30.0,0.4,loam,late,92,pivot,irrigation_canal,41.0,0
farm_6,farm_6_field_4,2026-07-19,56.1,sensitive,sugar_beet,3,30.0,0.0,loam,late,93,pivot,irrigation_canal,41.0,0
farm_6,farm_6_field_4,2026-07-20,51.9,sensitive,sugar_beet,4,30.0,0.0,loam,late,94,pivot,irrigation_canal,41.0,1
farm_6,farm_6_field_4,2026-07-21,48.2,sensitive,sugar_beet,5,30.0,0.0,loam,late,95,pivot,irrigation_canal,41.0,1
farm_6,farm_6_field_4,2026-07-22,45.9,sensitive,sugar_beet,6,30.0,0.0,loam,late,96,pivot,irrigation_canal,41.0,1
farm_6,farm_6_field_4,2026-07-23,30.4,sensitive,sugar_beet,7,30.0,0.6,loam,late,97,pivot,irrigation_canal,41.0,2
farm_6,farm_6_field_4,2026-07-24,54.3,sensitive,sugar_beet,1,30.0,1.1,loam,late,98,pivot,irrigation_canal,41.0,1
farm_6,farm_6_field_4,2026-07-25,69.1,sensitive,sugar_beet,1,30.0,0.4,loam,late,99,pivot,irrigation_canal,41.0,0
farm_6,farm_6_field_4,2026-07-26,68.7,sensitive,sugar_beet,2,30.0,0.4,loam,late,100,pivot,irrigation_canal,41.0,0
farm_6,farm_6_field_4,2026-07-27,58.9,sensitive,sugar_beet,3,30.0,0.0,loam,late,101,pivot,irrigation_canal,41.0,0
farm_6,farm_6_field_4,2026-07-28,61.5,sensitive,sugar_beet,4,30.0,0.0,loam,late,102,pivot,irrigation_canal,41.0,0
farm_6,farm_6_field_4,2026-07-29,55.0,sensitive,sugar_beet,5,30.0,0.0,loam,late,103,pivot,irrigation_canal,41.0,1
farm_6,farm_6_field_4,2026-07-30,50.4,sensitive,sugar_beet,6,30.0,0.0,loam,late,104,pivot,irrigation_canal,41.0,1
farm_6,farm_6_field_4,2026-07-31,62.3,sensitive,sugar_beet,1,30.0,7.6,loam,late,105,pivot,irrigation_canal,41.0,0
farm_6,farm_6_field_4,2026-08-01,67.9,sensitive,sugar_beet,2,30.0,0.1,loam,late,106,pivot,irrigation_canal,41.0,0
farm_6,farm_6_field_4,2026-08-02,69.2,sensitive,sugar_beet,3,30.0,0.0,loam,late,107,pivot,irrigation_canal,41.0,0
farm_6,farm_6_field_4,2026-08-03,57.7,sensitive,sugar_beet,4,30.0,8.4,loam,late,108,pivot,irrigation_canal,41.0,0
farm_6,farm_6_field_4,2026-08-04,58.9,sensitive,sugar_beet,5,30.0,0.4,loam,late,109,pivot,irrigation_canal,41.0,0
farm_6,farm_6_field_4,2026-08-05,59.1,sensitive,sugar_beet,6,30.0,0.1,loam,late,110,pivot,irrigation_canal,41.0,1
farm_6,farm_6_field_4,2026-08-06,50.2,sensitive,sugar_beet,7,30.0,0.4,loam,late,111,pivot,irrigation_canal,41.0,1
farm_6,farm_6_field_4,2026-08-07,47.5,sensitive,sugar_beet,8,30.0,0.8,loam,late,112,pivot,irrigation_canal,41.0,1
farm_6,farm_6_field_4,2026-08-08,43.7,sensitive,sugar_beet,9,30.0,0.0,loam,late,113,pivot,irrigation_canal,41.0,1
farm_6,farm_6_field_4,2026-08-09,41.4,sensitive,sugar_beet,10,30.0,0.0,loam,late,114,pivot,irrigation_canal,41.0,2
farm_6,farm_6_field_4,2026-08-10,56.6,sensitive,sugar_beet,1,30.0,1.6,loam,late,115,pivot,irrigation_canal,41.0,1
farm_6,farm_6_field_4,2026-08-11,47.3,sensitive,sugar_beet,2,30.0,0.0,loam,late,116,pivot,irrigation_canal,41.0,1
farm_6,farm_6_field_4,2026-08-12,49.9,sensitive,sugar_beet,3,30.0,0.1,loam,late,117,pivot,irrigation_canal,41.0,1
farm_6,farm_6_field_4,2026-08-13,48.7,sensitive,sugar_beet,4,30.0,0.6,loam,late,118,pivot,irrigation_canal,41.0,1
farm_6,farm_6_field_4,2026-08-14,40.7,sensitive,sugar_beet,5,30.0,0.0,loam,late,119,pivot,irrigation_canal,41.0,2
farm_6,farm_6_field_4,2026-08-15,53.5,sensitive,sugar_beet,1,30.0,0.7,loam,late,120,pivot,irrigation_canal,41.0,1
farm_6,farm_6_field_4,2026-08-16,79.4,sensitive,sugar_beet,1,30.0,0.8,loam,late,121,pivot,irrigation_canal,41.0,0
farm_6,farm_6_field_4,2026-08-17,68.9,sensitive,sugar_beet,2,30.0,0.0,loam,late,122,pivot,irrigation_canal,41.0,0
farm_6,farm_6_field_4,2026-08-18,63.3,sensitive,sugar_beet,3,30.0,0.6,loam,late,123,pivot,irrigation_canal,41.0,0
farm_6,farm_6_field_4,2026-08-19,62.3,sensitive,sugar_beet,4,30.0,0.0,loam,late,124,pivot,irrigation_canal,41.0,0
farm_6,farm_6_field_4,2026-08-20,59.0,sensitive,sugar_beet,5,30.0,2.0,loam,late,125,pivot,irrigation_canal,41.0,0
farm_6,farm_6_field_4,2026-08-21,51.5,late,sugar_beet,6,30.0,0.0,loam,late,126,pivot,irrigation_canal,41.0,0
farm_6,farm_6_field_4,2026-08-22,56.0,late,sugar_beet,7,30.0,0.2,loam,late,127,pivot,irrigation_canal,41.0,0
farm_6,farm_6_field_4,2026-08-23,54.3,late,sugar_beet,8,30.0,0.6,loam,late,128,pivot,irrigation_canal,41.0,0
farm_6,farm_6_field_4,2026-08-24,52.6,late,sugar_beet,9,30.0,0.0,loam,late,129,pivot,irrigation_canal,41.0,0
farm_6,farm_6_field_4,2026-08-25,47.9,late,sugar_beet,10,30.0,0.0,loam,late,130,pivot,irrigation_canal,41.0,0
farm_6,farm_6_field_4,2026-08-26,50.7,late,sugar_beet,11,30.0,0.0,loam,late,131,pivot,irrigation_canal,41.0,0
farm_6,farm_6_field_4,2026-08-27,,late,sugar_beet,12,30.0,0.0,loam,late,132,pivot,irrigation_canal,41.0,0
farm_6,farm_6_field_4,2026-08-28,43.2,late,sugar_beet,13,30.0,3.6,loam,late,133,pivot,irrigation_canal,41.0,0
farm_6,farm_6_field_4,2026-08-29,49.1,late,sugar_beet,14,30.0,0.1,loam,late,134,pivot,irrigation_canal,41.0,0
farm_6,farm_6_field_4,2026-08-30,43.0,late,sugar_beet,15,30.0,0.1,loam,late,135,pivot,irrigation_canal,41.0,0
farm_6,farm_6_field_4,2026-08-31,40.4,late,sugar_beet,16,30.0,0.0,loam,late,136,pivot,irrigation_canal,41.0,1
farm_6,farm_6_field_4,2026-09-01,39.3,late,sugar_beet,17,30.0,0.0,loam,late,137,pivot,irrigation_canal,41.0,1
farm_6,farm_6_field_4,2026-09-02,31.6,late,sugar_beet,18,30.0,0.3,loam,late,138,pivot,irrigation_canal,41.0,1
farm_6,farm_6_field_4,2026-09-03,38.9,late,sugar_beet,19,30.0,0.5,loam,late,139,pivot,irrigation_canal,41.0,1
farm_6,farm_6_field_4,2026-09-04,33.3,late,sugar_beet,20,30.0,0.0,loam,late,140,pivot,irrigation_canal,41.0,1
farm_6,farm_6_field_4,2026-09-05,31.7,late,sugar_beet,21,30.0,0.0,loam,late,141,pivot,irrigation_canal,41.0,1
farm_6,farm_6_field_4,2026-09-06,30.4,late,sugar_beet,22,30.0,0.0,loam,late,142,pivot,irrigation_canal,41.0,1
farm_6,farm_6_field_4,2026-09-07,26.8,late,sugar_beet,23,30.0,0.0,loam,late,143,pivot,irrigation_canal,41.0,1
farm_6,farm_6_field_4,2026-09-08,25.5,late,sugar_beet,24,30.0,0.0,loam,late,144,pivot,irrigation_canal,41.0,1
farm_6,farm_6_field_4,2026-09-09,27.9,late,sugar_beet,25,30.0,0.0,loam,late,145,pivot,irrigation_canal,41.0,2
farm_6,farm_6_field_4,2026-09-10,47.6,late,sugar_beet,1,30.0,0.0,loam,late,146,pivot,irrigation_canal,41.0,0
farm_6,farm_6_field_4,2026-09-11,45.6,late,sugar_beet,2,30.0,0.0,loam,late,147,pivot,irrigation_canal,41.0,0
farm_6,farm_6_field_4,2026-09-12,42.0,late,sugar_beet,3,30.0,0.5,loam,late,148,pivot,irrigation_canal,41.0,1
farm_6,farm_6_field_4,2026-09-13,37.9,late,sugar_beet,4,30.0,0.0,loam,late,149,pivot,irrigation_canal,41.0,1
farm_6,farm_6_field_4,2026-09-14,38.0,late,sugar_beet,5,30.0,0.2,loam,late,150,pivot,irrigation_canal,41.0,1
farm_6,farm_6_field_4,2026-09-15,56.2,late,sugar_beet,1,30.0,0.4,loam,late,151,pivot,irrigation_canal,41.0,0
farm_6,farm_6_field_4,2026-09-16,62.2,late,sugar_beet,2,30.0,0.0,loam,late,152,pivot,irrigation_canal,41.0,0
farm_6,farm_6_field_4,2026-09-17,53.9,late,sugar_beet,3,30.0,0.0,loam,late,153,pivot,irrigation_canal,41.0,0
farm_6,farm_6_field_4,2026-09-18,53.8,late,sugar_beet,4,30.0,0.4,loam,late,154,pivot,irrigation_canal,41.0,0
farm_6,farm_6_field_4,2026-09-19,53.0,late,sugar_beet,5,30.0,0.0,loam,late,155,pivot,irrigation_canal,41.0,0
farm_6,farm_6_field_4,2026-09-20,47.8,late,sugar_beet,6,30.0,0.0,loam,late,156,pivot,irrigation_canal,41.0,0
farm_6,farm_6_field_4,2026-09-21,47.0,late,sugar_beet,7,30.0,0.1,loam,late,157,pivot,irrigation_canal,41.0,0
farm_6,farm_6_field_4,2026-09-22,54.4,late,sugar_beet,8,30.0,0.5,loam,late,158,pivot,irrigation_canal,41.0,0
farm_6,farm_6_field_4,2026-09-23,50.0,late,sugar_beet,9,30.0,0.0,loam,late,159,pivot,irrigation_canal,41.0,0
farm_6,farm_6_field_4,2026-09-24,45.8,late,sugar_beet,10,30.0,0.0,loam,late,160,pivot,irrigation_canal,41.0,0
farm_6,farm_6_field_4,2026-09-25,46.1,late,sugar_beet,11,30.0,0.3,loam,late,161,pivot,irrigation_canal,41.0,0
farm_6,farm_6_field_4,2026-09-26,43.2,late,sugar_beet,12,30.0,0.1,loam,late,162,pivot,irrigation_canal,41.0,0
farm_6,farm_6_field_4,2026-09-27,42.7,late,sugar_beet,13,30.0,3.1,loam,late,163,pivot,irrigation_canal,41.0,1
farm_6,farm_6_field_4,2026-09-28,62.8,late,sugar_beet,1,30.0,0.0,loam,late,164,pivot,irrigation_canal,41.0,0
farm_6,farm_6_field_4,2026-09-29,62.0,late,sugar_beet,2,30.0,0.2,loam,late,165,pivot,irrigation_canal,41.0,0
farm_6,farm_6_field_4,2026-09-30,,late,sugar_beet,3,30.0,0.0,loam,late,166,pivot,irrigation_canal,41.0,0
