farm_id,field_id,date,soil_moisture_pct_nfk,growth_stage,crop_type,days_since_last_irrigation,previous_irrigation_mm,onfarm_rain_gauge_mm,soil_type,crop_variety_maturity,days_after_planting,irrigation_type,water_source,field_area_ha,irrigation_need
farm_5,farm_5_field_1,2025-04-15,56.2,initial,sugar_beet,14,0.0,0.4,loam,medium,14,drip,groundwater_well,23.5,0
farm_5,farm_5_field_1,2025-04-16,65.7,initial,sugar_beet,15,0.0,4.9,loam,medium,15,drip,groundwater_well,23.5,0
farm_5,farm_5_field_1,2025-04-17,57.9,initial,sugar_beet,16,0.0,0.1,loam,medium,16,drip,groundwater_well,23.5,0
farm_5,farm_5_field_1,2025-04-18,59.2,initial,sugar_beet,17,0.0,0.0,loam,medium,17,drip,groundwater_well,23.5,0
farm_5,farm_5_field_1,2025-04-19,67.1,initial,sugar_beet,18,0.0,0.0,loam,medium,18,drip,groundwater_well,23.5,0
farm_5,farm_5_field_1,2025-04-20,60.6,initial,sugar_beet,19,0.0,0.7,loam,medium,19,drip,groundwater_well,23.5,0
farm_5,farm_5_field_1,2025-04-21,60.0,initial,sugar_beet,20,0.0,0.0,loam,medium,20,drip,groundwater_well,23.5,0
farm_5,farm_5_field_1,2025-04-22,55.2,initial,sugar_beet,21,0.0,5.3,loam,medium,21,drip,groundwater_well,23.5,0
farm_5,farm_5_field_1,2025-04-23,65.1,initial,sugar_beet,22,0.0,0.5,loam,medium,22,drip,groundwater_well,23.5,0
farm_5,farm_5_field_1,2025-04-24,64.4,initial,sugar_beet,23,0.0,0.8,loam,medium,23,drip,groundwater_well,23.5,0
farm_5,farm_5_field_1,2025-04-25,60.0,initial,sugar_beet,24,0.0,0.0,loam,medium,24,drip,groundwater_well,23.5,0
farm_5,farm_5_field_1,2025-04-26,62.5,development,sugar_beet,25,0.0,0.1,loam,medium,25,drip,groundwater_well,23.5,0
farm_5,farm_5_field_1,2025-04-27,62.9,development,sugar_beet,26,0.0,6.1,loam,medium,26,drip,groundwater_well,23.5,0
farm_5,farm_5_field_1,2025-04-28,64.0,development,sugar_beet,27,0.0,0.5,loam,medium,27,drip,groundwater_well,23.5,0
farm_5,farm_5_field_1,2025-04-29,64.4,development,sugar_beet,28,0.0,0.2,loam,medium,28,drip,groundwater_well,23.5,0
farm_5,farm_5_field_1,2025-04-30,63.9,development,sugar_beet,29,0.0,1.0,loam,medium,29,drip,groundwater_well,23.5,0
farm_5,farm_5_field_1,2025-05-01,60.8,development,sugar_beet,30,0.0,0.0,loam,medium,30,drip,groundwater_well,23.5,0
farm_5,farm_5_field_1,2025-05-02,61.2,development,sugar_beet,31,0.0,0.0,loam,medium,31,drip,groundwater_well,23.5,0
farm_5,farm_5_field_1,2025-05-03,57.6,development,sugar_beet,32,0.0,3.5,loam,medium,32,drip,groundwater_well,23.5,0
farm_5,farm_5_field_1,2025-05-04,61.8,development,sugar_beet,33,0.0,0.0,loam,medium,33,drip,groundwater_well,23.5,0
farm_5,farm_5_field_1,2025-05-05,56.0,development,sugar_beet,34,0.0,0.0,loam,medium,34,drip,groundwater_well,23.5,0
farm_5,farm_5_field_1,2025-05-06,54.0,development,sugar_beet,35,0.0,0.0,loam,medium,35,drip,groundwater_well,23.5,0
farm_5,farm_5_field_1,2025-05-07,53.8,development,sugar_beet,36,0.0,0.2,loam,medium,36,drip,groundwater_well,23.5,0
farm_5,farm_5_field_1,2025-05-08,51.3,development,sugar_beet,37,0.0,0.0,loam,medium,37,drip,groundwater_well,23.5,0
farm_5,farm_5_field_1,2025-05-09,49.0,development,sugar_beet,38,0.0,0.8,loam,medium,38,drip,groundwater_well,23.5,1
farm_5,farm_5_field_1,2025-05-10,62.1,development,sugar_beet,1,18.0,0.2,loam,medium,39,drip,groundwater_well,23.5,0
farm_5,farm_5_field_1,2025-05-11,62.4,development,sugar_beet,2,18.0,0.6,loam,medium,40,drip,groundwater_well,23.5,0
farm_5,farm_5_field_1,2025-05-12,58.2,development,sugar_beet,3,18.0,0.7,loam,medium,41,drip,groundwater_well,23.5,0
farm_5,farm_5_field_1,2025-05-13,49.7,development,sugar_beet,4,18.0,0.6,loam,medium,42,drip,groundwater_well,23.5,0
farm_5,farm_5_field_1,2025-05-14,54.1,development,sugar_beet,5,18.0,0.0,loam,medium,43,drip,groundwater_well,23.5,0
farm_5,farm_5_field_1,2025-05-15,53.9,development,sugar_beet,6,18.0,1.0,loam,medium,44,drip,groundwater_well,23.5,0
farm_5,farm_5_field_1,2025-05-16,52.7,development,sugar_beet,7,18.0,0.0,loam,medium,45,drip,groundwater_well,23.5,0
farm_5,farm_5_field_1,2025-05-17,54.4,development,sugar_beet,8,18.0,8.6,loam,medium,46,drip,groundwater_well,23.5,1
farm_5,farm_5_field_1,2025-05-18,50.5,development,sugar_beet,9,18.0,0.9,loam,medium,47,drip,groundwater_well,23.5,0
farm_5,farm_5_field_1,2025-05-19,51.1,development,sugar_beet,10,18.0,11.6,loam,medium,48,drip,groundwater_well,23.5,0
farm_5,farm_5_field_1,2025-05-20,57.0,development,sugar_beet,11,18.0,0.1,loam,medium,49,drip,groundwater_well,23.5,0
farm_5,farm_5_field_1,2025-05-21,55.0,development,sugar_beet,12,18.0,7.0,loam,medium,50,drip,groundwater_well,23.5,0
farm_5,farm_5_field_1,2025-05-22,56.7,development,sugar_beet,13,18.0,0.2,loam,medium,51,drip,groundwater_well,23.5,0
farm_5,farm_5_field_1,2025-05-23,53.2,development,sugar_beet,14,18.0,0.4,loam,medium,52,drip,groundwater_well,23.5,0
farm_5,farm_5_field_1,2025-05-24,51.6,development,sugar_beet,15,18.0,0.0,loam,medium,53,drip,groundwater_well,23.5,0
farm_5,farm_5_field_1,2025-05-25,51.7,development,sugar_beet,16,18.0,5.1,loam,medium,54,drip,groundwater_well,23.5,0
farm_5,farm_5_field_1,2025-05-26,53.3,development,sugar_beet,17,18.0,0.5,loam,medium,55,drip,groundwater_well,23.5,0
farm_5,farm_5_field_1,2025-05-27,55.1,development,sugar_beet,18,18.0,0.3,loam,medium,56,drip,groundwater_well,23.5,0
farm_5,farm_5_field_1,2025-05-28,48.0,development,sugar_beet,19,18.0,0.0,loam,medium,57,drip,groundwater_well,23.5,1
farm_5,farm_5_field_1,2025-05-29,59.1,development,sugar_beet,1,18.0,0.5,loam,medium,58,drip,groundwater_well,23.5,0
farm_5,farm_5_field_1,2025-05-30,56.2,development,sugar_beet,2,18.0,0.1,loam,medium,59,drip,groundwater_well,23.5,0
farm_5,farm_5_field_1,2025-05-31,54.3,sensitive,sugar_beet,3,18.0,0.0,loam,medium,60,drip,groundwater_well,23.5,1
farm_5,farm_5_field_1,2025-06-01,63.5,sensitive,sugar_beet,1,18.0,0.0,loam,medium,61,drip,groundwater_well,23.5,0
farm_5,farm_5_field_1,2025-06-02,63.6,sensitive,sugar_beet,2,18.0,0.4,loam,medium,62,drip,groundwater_well,23.5,0
farm_5,farm_5_field_1,2025-06-03,49.3,sensitive,sugar_beet,3,18.0,0.1,loam,medium,63,drip,groundwater_well,23.5,0
farm_5,farm_5_field_1,2025-06-04,52.4,sensitive,sugar_beet,4,18.0,0.0,loam,medium,64,drip,groundwater_well,23.5,1
farm_5,farm_5_field_1,2025-06-05,65.1,sensitive,sugar_beet,1,18.0,0.3,loam,medium,65,drip,groundwater_well,23.5,0
farm_5,farm_5_field_1,2025-06-06,54.3,sensitive,sugar_beet,2,18.0,0.2,loam,medium,66,drip,groundwater_well,23.5,0
farm_5,farm_5_field_1,2025-06-07,,sensitive,sugar_beet,3,18.0,26.0,loam,medium,67,drip,groundwater_well,23.5,1
farm_5,farm_5_field_1,2025-06-08,82.0,sensitive,sugar_beet,1,18.0,24.6,loam,medium,68,drip,groundwater_well,23.5,0
farm_5,farm_5_field_1,2025-06-09,,sensitive,sugar_beet,2,18.0,0.3,loam,medium,69,drip,groundwater_well,23.5,0
farm_5,farm_5_field_1,2025-06-10,97.3,sensitive,sugar_beet,3,18.0,0.3,loam,medium,70,drip,groundwater_well,23.5,0
farm_5,farm_5_field_1,2025-06-11,92.4,sensitive,sugar_beet,4,18.0,0.0,loam,medium,71,drip,groundwater_well,23.5,0
farm_5,farm_5_field_1,2025-06-12,85.0,sensitive,sugar_beet,5,18.0,0.0,loam,medium,72,drip,groundwater_well,23.5,0
farm_5,farm_5_field_1,2025-06-13,78.1,sensitive,sugar_beet,6,18.0,0.0,loam,medium,73,drip,groundwater_well,23.5,0
farm_5,farm_5_field_1,2025-06-14,78.0,sensitive,sugar_beet,7,18.0,0.3,loam,medium,74,drip,groundwater_well,23.5,0
farm_5,farm_5_field_1,2025-06-15,71.6,sensitive,sugar_beet,8,18.0,0.0,loam,medium,75,drip,groundwater_well,23.5,0
farm_5,farm_5_field_1,2025-06-16,69.2,sensitive,sugar_beet,9,18.0,0.0,loam,medium,76,drip,groundwater_well,23.5,0
farm_5,farm_5_field_1,2025-06-17,65.2,sensitive,sugar_beet,10,18.0,3.1,loam,medium,77,drip,groundwater_well,23.5,0
farm_5,farm_5_field_1,2025-06-18,69.3,sensitive,sugar_beet,11,18.0,31.2,loam,medium,78,drip,groundwater_well,23.5,0
farm_5,farm_5_field_1,2025-06-19,82.9,sensitive,sugar_beet,12,18.0,0.0,loam,medium,79,drip,groundwater_well,23.5,0
farm_5,farm_5_field_1,2025-06-20,78.7,sensitive,sugar_beet,13,18.0,0.6,loam,medium,80,drip,groundwater_well,23.5,0
farm_5,farm_5_field_1,2025-06-21,70.6,sensitive,sugar_beet,14,18.0,0.5,loam,medium,81,drip,groundwater_well,23.5,0
farm_5,farm_5_field_1,2025-06-22,72.0,sensitive,sugar_beet,15,18.0,0.0,loam,medium,82,drip,groundwater_well,23.5,0
farm_5,farm_5_field_1,2025-06-23,65.9,sensitive,sugar_beet,16,18.0,0.0,loam,medium,83,drip,groundwater_well,23.5,0
farm_5,farm_5_field_1,2025-06-24,63.7,sensitive,sugar_beet,17,18.0,0.0,loam,medium,84,drip,groundwater_well,23.5,0
farm_5,farm_5_field_1,2025-06-25,56.8,sensitive,sugar_beet,18,18.0,0.2,loam,medium,85,drip,groundwater_well,23.5,0
farm_5,farm_5_field_1,2025-06-26,52.0,sensitive,sugar_beet,19,18.0,0.1,loam,medium,86,drip,groundwater_well,23.5,1
farm_5,farm_5_field_1,2025-06-27,52.8,sensitive,sugar_beet,20,18.0,0.0,loam,medium,87,drip,groundwater_well,23.5,1
farm_5,farm_5_field_1,2025-06-28,45.9,sensitive,sugar_beet,21,18.0,4.4,loam,medium,88,drip,groundwater_well,23.5,1
farm_5,farm_5_field_1,2025-06-29,48.0,sensitive,sugar_beet,22,18.0,0.0,loam,medium,89,drip,groundwater_well,23.5,1
farm_5,farm_5_field_1,2025-06-30,56.3,sensitive,sugar_beet,1,18.0,0.7,loam,medium,90,drip,groundwater_well,23.5,1
farm_5,farm_5_field_1,2025-07-01,64.9,sensitive,sugar_beet,1,18.0,0.0,loam,medium,91,drip,groundwater_well,23.5,0
farm_5,farm_5_field_1,2025-07-02,58.3,sensitive,sugar_beet,2,18.0,0.1,loam,medium,92,drip,groundwater_well,23.5,0
farm_5,farm_5_field_1,2025-07-03,51.9,sensitive,sugar_beet,3,18.0,0.6,loam,medium,93,drip,groundwater_well,23.5,1
farm_5,farm_5_field_1,2025-07-04,51.7,sensitive,sugar_beet,4,18.0,0.1,loam,medium,94,drip,groundwater_well,23.5,1
farm_5,farm_5_field_1,2025-07-05,44.1,sensitive,sugar_beet,5,18.0,0.6,loam,medium,95,drip,groundwater_well,23.5,1
farm_5,farm_5_field_1,2025-07-06,36.3,sensitive,sugar_beet,6,18.0,0.7,loam,medium,96,drip,groundwater_well,23.5,2
farm_5,farm_5_field_1,2025-07-07,49.3,sensitive,sugar_beet,1,18.0,0.6,loam,medium,97,drip,groundwater_well,23.5,1
farm_5,farm_5_field_1,2025-07-08,55.2,sensitive,sugar_beet,1,18.0,0.2,loam,medium,98,drip,groundwater_well,23.5,1
farm_5,farm_5_field_1,2025-07-09,46.5,sensitive,sugar_beet,2,18.0,0.5,loam,medium,99,drip,groundwater_well,23.5,1
farm_5,farm_5_field_1,2025-07-10,54.1,sensitive,sugar_beet,1,18.0,0.0,loam,medium,100,drip,groundwater_well,23.5,0
farm_5,farm_5_field_1,2025-07-11,53.6,sensitive,sugar_beet,2,18.0,0.0,loam,medium,101,drip,groundwater_well,23.5,1
farm_5,farm_5_field_1,2025-07-12,60.5,sensitive,sugar_beet,1,18.0,0.0,loam,medium,102,drip,groundwater_well,23.5,0
farm_5,farm_5_field_1,2025-07-13,56.7,sensitive,sugar_beet,2,18.0,1.0,loam,medium,103,drip,groundwater_well,23.5,1
farm_5,farm_5_field_1,2025-07-14,71.8,sensitive,sugar_beet,1,18.0,0.0,loam,medium,104,drip,groundwater_well,23.5,0
farm_5,farm_5_field_1,2025-07-15,59.4,sensitive,sugar_beet,2,18.0,0.2,loam,medium,105,drip,groundwater_well,23.5,0
farm_5,farm_5_field_1,2025-07-16,55.9,sensitive,sugar_beet,3,18.0,1.1,loam,medium,106,drip,groundwater_well,23.5,0
farm_5,farm_5_field_1,2025-07-17,50.8,sensitive,sugar_beet,4,18.0,0.1,loam,medium,107,drip,groundwater_well,23.5,1
farm_5,farm_5_field_1,2025-07-18,53.8,sensitive,sugar_beet,5,18.0,3.2,loam,medium,108,drip,groundwater_well,23.5,1
farm_5,farm_5_field_1,2025-07-19,43.9,sensitive,sugar_beet,6,18.0,14.4,loam,medium,109,drip,groundwater_well,23.5,1
farm_5,farm_5_field_1,2025-07-20,64.6,late,sugar_beet,1,18.0,0.1,loam,medium,110,drip,groundwater_well,23.5,0
farm_5,farm_5_field_1,2025-07-21,58.4,late,sugar_beet,2,18.0,0.2,loam,medium,111,drip,groundwater_well,23.5,0
farm_5,farm_5_field_1,2025-07-22,64.5,late,sugar_beet,3,18.0,0.6,loam,medium,112,drip,groundwater_well,23.5,0
farm_5,farm_5_field_1,2025-07-23,57.6,late,sugar_beet,4,18.0,0.1,loam,medium,113,drip,groundwater_well,23.5,0
farm_5,farm_5_field_1,2025-07-24,58.8,late,sugar_beet,5,18.0,0.6,loam,medium,114,drip,groundwater_well,23.5,0
farm_5,farm_5_field_1,2025-07-25,52.2,late,sugar_beet,6,18.0,0.0,loam,medium,115,drip,groundwater_well,23.5,0
farm_5,farm_5_field_1,2025-07-26,47.0,late,sugar_beet,7,18.0,0.0,loam,medium,116,drip,groundwater_well,23.5,0
farm_5,farm_5_field_1,2025-07-27,51.6,late,sugar_beet,8,18.0,3.3,loam,medium,117,drip,groundwater_well,23.5,0
farm_5,farm_5_field_1,2025-07-28,50.6,late,sugar_beet,9,18.0,0.1,loam,medium,118,drip,groundwater_well,23.5,0
farm_5,farm_5_field_1,2025-07-29,47.7,late,sugar_beet,10,18.0,9.6,loam,medium,119,drip,groundwater_well,23.5,0
farm_5,farm_5_field_1,2025-07-30,43.2,late,sugar_beet,11,18.0,0.2,loam,medium,120,drip,groundwater_well,23.5,0
farm_5,farm_5_field_1,2025-07-31,51.4,late,sugar_beet,12,18.0,0.9,loam,medium,121,drip,groundwater_well,23.5,0
farm_5,farm_5_field_1,2025-08-01,42.1,late,sugar_beet,13,18.0,0.0,loam,medium,122,drip,groundwater_well,23.5,0
farm_5,farm_5_field_1,2025-08-02,48.0,late,sugar_beet,14,18.0,0.2,loam,medium,123,drip,groundwater_well,23.5,0
farm_5,farm_5_field_1,2025-08-03,39.6,late,sugar_beet,15,18.0,0.0,loam,medium,124,drip,groundwater_well,23.5,0
farm_5,farm_5_field_1,2025-08-04,41.8,late,sugar_beet,16,18.0,1.1,loam,medium,125,drip,groundwater_well,23.5,1
farm_5,farm_5_field_1,2025-08-05,49.6,late,sugar_beet,1,18.0,0.0,loam,medium,126,drip,groundwater_well,23.5,0
farm_5,farm_5_field_1,2025-08-06,49.9,late,sugar_beet,2,18.0,11.1,loam,medium,127,drip,groundwater_well,23.5,0
farm_5,farm_5_field_1,2025-08-07,51.3,late,sugar_beet,3,18.0,0.0,loam,medium,128,drip,groundwater_well,23.5,0
farm_5,farm_5_field_1,2025-08-08,50.7,late,sugar_beet,4,18.0,0.0,loam,medium,129,drip,groundwater_well,23.5,0
farm_5,farm_5_field_1,2025-08-09,,late,sugar_beet,5,18.0,0.4,loam,medium,130,drip,groundwater_well,23.5,0
farm_5,farm_5_field_1,2025-08-10,45.7,late,sugar_beet,6,18.0,0.0,loam,medium,131,drip,groundwater_well,23.5,0
farm_5,farm_5_field_1,2025-08-11,41.1,late,sugar_beet,7,18.0,2.2,loam,medium,132,drip,groundwater_well,23.5,0
farm_5,farm_5_field_1,2025-08-12,43.1,late,sugar_beet,8,18.0,0.0,loam,medium,133,drip,groundwater_well,23.5,0
farm_5,farm_5_field_1,2025-08-13,39.7,late,sugar_beet,9,18.0,0.6,loam,medium,134,drip,groundwater_well,23.5,1
farm_5,farm_5_field_1,2025-08-14,46.4,late,sugar_beet,1,18.0,0.6,loam,medium,135,drip,groundwater_well,23.5,0
farm_5,farm_5_field_1,2025-08-15,47.8,late,sugar_beet,2,18.0,0.0,loam,medium,136,drip,groundwater_well,23.5,0
farm_5,farm_5_field_1,2025-08-16,49.2,late,sugar_beet,3,18.0,0.0,loam,medium,137,drip,groundwater_well,23.5,0
farm_5,farm_5_field_1,2025-08-17,42.0,late,sugar_beet,4,18.0,0.4,loam,medium,138,drip,groundwater_well,23.5,0
farm_5,farm_5_field_1,2025-08-18,36.2,late,sugar_beet,5,18.0,0.0,loam,medium,139,drip,groundwater_well,23.5,0
farm_5,farm_5_field_1,2025-08-19,43.2,late,sugar_beet,6,18.0,0.1,loam,medium,140,drip,groundwater_well,23.5,1
farm_5,farm_5_field_1,2025-08-20,43.3,late,sugar_beet,1,18.0,0.5,loam,medium,141,drip,groundwater_well,23.5,0
farm_5,farm_5_field_1,2025-08-21,41.9,late,sugar_beet,2,18.0,0.0,loam,medium,142,drip,groundwater_well,23.5,0
farm_5,farm_5_field_1,2025-08-22,44.0,late,sugar_beet,3,18.0,0.5,loam,medium,143,drip,groundwater_well,23.5,0
farm_5,farm_5_field_1,2025-08-23,45.0,late,sugar_beet,4,18.0,0.5,loam,medium,144,drip,groundwater_well,23.5,0
farm_5,farm_5_field_1,2025-08-24,41.1,late,sugar_beet,5,18.0,0.0,loam,medium,145,drip,groundwater_well,23.5,0
farm_5,farm_5_field_1,2025-08-25,39.1,late,sugar_beet,6,18.0,0.0,loam,medium,146,drip,groundwater_well,23.5,1
farm_5,farm_5_field_1,2025-08-26,,late,sugar_beet,7,18.0,0.0,loam,medium,147,drip,groundwater_well,23.5,1
farm_5,farm_5_field_1,2025-08-27,35.9,late,sugar_beet,8,18.0,0.0,loam,medium,148,drip,groundwater_well,23.5,1
farm_5,farm_5_field_1,2025-08-28,47.5,late,sugar_beet,1,18.0,21.6,loam,medium,149,drip,groundwater_well,23.5,0
farm_5,farm_5_field_1,2025-08-29,54.3,late,sugar_beet,2,18.0,0.0,loam,medium,150,drip,groundwater_well,23.5,0
farm_5,farm_5_field_1,2025-08-30,54.1,late,sugar_beet,3,18.0,0.5,loam,medium,151,drip,groundwater_well,23.5,0
farm_5,farm_5_field_1,2025-08-31,53.6,late,sugar_beet,4,18.0,0.1,loam,medium,152,drip,groundwater_well,23.5,0
farm_5,farm_5_field_1,2025-09-01,56.1,late,sugar_beet,5,18.0,0.3,loam,medium,153,drip,groundwater_well,23.5,0
farm_5,farm_5_field_1,2025-09-02,47.5,late,sugar_beet,6,18.0,0.0,loam,medium,154,drip,groundwater_well,23.5,0
farm_5,farm_5_field_1,2025-09-03,46.4,late,sugar_beet,7,18.0,0.4,loam,medium,155,drip,groundwater_well,23.5,0
farm_5,farm_5_field_1,2025-09-04,51.5,late,sugar_beet,8,18.0,0.0,loam,medium,156,drip,groundwater_well,23.5,0
farm_5,farm_5_field_1,2025-09-05,43.5,late,sugar_beet,9,18.0,0.1,loam,medium,157,drip,groundwater_well,23.5,0
farm_5,farm_5_field_1,2025-09-06,45.3,late,sugar_beet,10,18.0,0.2,loam,medium,158,drip,groundwater_well,23.5,0
farm_5,farm_5_field_1,2025-09-07,44.1,late,sugar_beet,11,18.0,0.0,loam,medium,159,drip,groundwater_well,23.5,0
farm_5,farm_5_field_1,2025-09-08,40.6,late,sugar_beet,12,18.0,0.0,loam,medium,160,drip,groundwater_well,23.5,0
farm_5,farm_5_field_1,2025-09-09,39.8,late,sugar_beet,13,18.0,0.3,loam,medium,161,drip,groundwater_well,23.5,1
farm_5,farm_5_field_1,2025-09-10,,late,sugar_beet,14,18.0,0.1,loam,medium,162,drip,groundwater_well,23.5,1
farm_5,farm_5_field_1,2025-09-11,35.6,late,sugar_beet,15,18.0,0.0,loam,medium,163,drip,groundwater_well,23.5,1
farm_5,farm_5_field_1,2025-09-12,29.4,late,sugar_beet,16,18.0,0.6,loam,medium,164,drip,groundwater_well,23.5,1
farm_5,farm_5_field_1,2025-09-13,30.8,late,sugar_beet,17,18.0,0.0,loam,medium,165,drip,groundwater_well,23.5,1
farm_5,farm_5_field_1,2025-09-14,36.9,late,sugar_beet,18,18.0,1.9,loam,medium,166,drip,groundwater_well,23.5,1
farm_5,farm_5_field_1,2025-09-15,43.4,late,sugar_beet,1,18.0,0.5,loam,medium,167,drip,groundwater_well,23.5,0
farm_5,farm_5_field_1,2025-09-16,39.6,late,sugar_beet,2,18.0,6.1,loam,medium,168,drip,groundwater_well,23.5,1
farm_5,farm_5_field_1,2025-09-17,48.3,late,sugar_beet,3,18.0,2.5,loam,medium,169,drip,groundwater_well,23.5,0
farm_5,farm_5_field_1,2025-09-18,37.6,late,sugar_beet,4,18.0,0.0,loam,medium,170,drip,groundwater_well,23.5,0
farm_5,farm_5_field_1,2025-09-19,43.8,late,sugar_beet,5,18.0,0.0,loam,medium,171,drip,groundwater_well,23.5,0
farm_5,farm_5_field_1,2025-09-20,38.6,late,sugar_beet,6,18.0,0.5,loam,medium,172,drip,groundwater_well,23.5,1
farm_5,farm_5_field_1,2025-09-21,51.7,late,sugar_beet,1,18.0,0.0,loam,medium,173,drip,groundwater_well,23.5,0
farm_5,farm_5_field_1,2025-09-22,47.5,late,sugar_beet,2,18.0,0.4,loam,medium,174,drip,groundwater_well,23.5,0
farm_5,farm_5_field_1,2025-09-23,53.8,late,sugar_beet,3,18.0,0.0,loam,medium,175,drip,groundwater_well,23.5,0
farm_5,farm_5_field_1,2025-09-24,41.9,late,sugar_beet,4,18.0,1.0,loam,medium,176,drip,groundwater_well,23.5,0
farm_5,farm_5_field_1,2025-09-25,48.8,late,sugar_beet,5,18.0,0.0,loam,medium,177,drip,groundwater_well,23.5,0
farm_5,farm_5_field_1,2025-09-26,43.3,late,sugar_beet,6,18.0,0.1,loam,medium,178,drip,groundwater_well,23.5,0
farm_5,farm_5_field_1,2025-09-27,40.1,late,sugar_beet,7,18.0,0.0,loam,medium,179,drip,groundwater_well,23.5,0
farm_5,farm_5_field_1,2025-09-28,37.1,late,sugar_beet,8,18.0,0.0,loam,medium,180,drip,groundwater_well,23.5,0
farm_5,farm_5_field_1,2025-09-29,39.8,late,sugar_beet,9,18.0,0.0,loam,medium,181,drip,groundwater_well,23.5,1
farm_5,farm_5_field_1,2025-09-30,39.2,late,sugar_beet,10,18.0,0.2,loam,medium,182,drip,groundwater_well,23.5,1
farm_5,farm_5_field_1,2026-04-15,53.6,initial,sugar_beet,14,0.0,0.3,loam,medium,14,drip,groundwater_well,23.5,0
farm_5,farm_5_field_1,2026-04-16,53.6,initial,sugar_beet,15,0.0,0.0,loam,medium,15,drip,groundwater_well,23.5,0
farm_5,farm_5_field_1,2026-04-17,61.6,initial,sugar_beet,16,0.0,1.7,loam,medium,16,drip,groundwater_well,23.5,0
farm_5,farm_5_field_1,2026-04-18,57.3,initial,sugar_beet,17,0.0,0.8,loam,medium,17,drip,groundwater_well,23.5,0
farm_5,farm_5_field_1,2026-04-19,58.0,initial,sugar_beet,18,0.0,0.3,loam,medium,18,drip,groundwater_well,23.5,0
farm_5,farm_5_field_1,2026-04-20,54.2,initial,sugar_beet,19,0.0,0.0,loam,medium,19,drip,groundwater_well,23.5,0
farm_5,farm_5_field_1,2026-04-21,56.2,initial,sugar_beet,20,0.0,0.0,loam,medium,20,drip,groundwater_well,23.5,0
farm_5,farm_5_field_1,2026-04-22,56.0,initial,sugar_beet,21,0.0,0.7,loam,medium,21,drip,groundwater_well,23.5,0
farm_5,farm_5_field_1,2026-04-23,54.3,initial,sugar_beet,22,0.0,0.1,loam,medium,22,drip,groundwater_well,23.5,0
farm_5,farm_5_field_1,2026-04-24,50.8,initial,sugar_beet,23,0.0,0.2,loam,medium,23,drip,groundwater_well,23.5,0
farm_5,farm_5_field_1,2026-04-25,53.5,initial,sugar_beet,24,0.0,0.0,loam,medium,24,drip,groundwater_well,23.5,0
farm_5,farm_5_field_1,2026-04-26,50.3,development,sugar_beet,25,0.0,0.0,loam,medium,25,drip,groundwater_well,23.5,0
farm_5,farm_5_field_1,2026-04-27,51.0,development,sugar_beet,26,0.0,0.3,loam,medium,26,drip,groundwater_well,23.5,1
farm_5,farm_5_field_1,2026-04-28,62.4,development,sugar_beet,1,18.0,0.7,loam,medium,27,drip,groundwater_well,23.5,0
farm_5,farm_5_field_1,2026-04-29,57.8,development,sugar_beet,2,18.0,0.4,loam,medium,28,drip,groundwater_well,23.5,0
farm_5,farm_5_field_1,2026-04-30,60.6,development,sugar_beet,3,18.0,0.0,loam,medium,29,drip,groundwater_well,23.5,0
farm_5,farm_5_field_1,2026-05-01,57.2,development,sugar_beet,4,18.0,0.5,loam,medium,30,drip,groundwater_well,23.5,0
farm_5,farm_5_field_1,2026-05-02,55.8,development,sugar_beet,5,18.0,0.2,loam,medium,31,drip,groundwater_well,23.5,0
farm_5,farm_5_field_1,2026-05-03,52.2,development,sugar_beet,6,18.0,11.8,loam,medium,32,drip,groundwater_well,23.5,0
farm_5,farm_5_field_1,2026-05-04,61.1,development,sugar_beet,7,18.0,0.0,loam,medium,33,drip,groundwater_well,23.5,0
farm_5,farm_5_field_1,2026-05-05,58.4,development,sugar_beet,8,18.0,5.9,loam,medium,34,drip,groundwater_well,23.5,0
farm_5,farm_5_field_1,2026-05-06,59.8,development,sugar_beet,9,18.0,0.1,loam,medium,35,drip,groundwater_well,23.5,0
farm_5,farm_5_field_1,2026-05-07,57.6,development,sugar_beet,10,18.0,10.0,loam,medium,36,drip,groundwater_well,23.5,0
farm_5,farm_5_field_1,2026-05-08,64.2,development,sugar_beet,11,18.0,0.0,loam,medium,37,drip,groundwater_well,23.5,0
farm_5,farm_5_field_1,2026-05-09,61.4,development,sugar_beet,12,18.0,0.0,loam,medium,38,drip,groundwater_well,23.5,0
farm_5,farm_5_field_1,2026-05-10,62.9,development,sugar_beet,13,18.0,0.0,loam,medium,39,drip,groundwater_well,23.5,0
farm_5,farm_5_field_1,2026-05-11,56.6,development,sugar_beet,14,18.0,0.1,loam,medium,40,drip,groundwater_well,23.5,0
farm_5,farm_5_field_1,2026-05-12,57.0,development,sugar_beet,15,18.0,0.1,loam,medium,41,drip,groundwater_well,23.5,0
farm_5,farm_5_field_1,2026-05-13,51.1,development,sugar_beet,16,18.0,3.4,loam,medium,42,drip,groundwater_well,23.5,0
farm_5,farm_5_field_1,2026-05-14,55.5,development,sugar_beet,17,18.0,0.6,loam,medium,43,drip,groundwater_well,23.5,0
farm_5,farm_5_field_1,2026-05-15,56.1,development,sugar_beet,18,18.0,0.0,loam,medium,44,drip,groundwater_well,23.5,0
farm_5,farm_5_field_1,2026-05-16,47.9,development,sugar_beet,19,18.0,0.1,loam,medium,45,drip,groundwater_well,23.5,0
farm_5,farm_5_field_1,2026-05-17,48.9,development,sugar_beet,20,18.0,0.1,loam,medium,46,drip,groundwater_well,23.5,1
farm_5,farm_5_field_1,2026-05-18,60.4,development,sugar_beet,1,18.0,0.5,loam,medium,47,drip,groundwater_well,23.5,0
farm_5,farm_5_field_1,2026-05-19,52.3,development,sugar_beet,2,18.0,0.0,loam,medium,48,drip,groundwater_well,23.5,0
farm_5,farm_5_field_1,2026-05-20,51.7,development,sugar_beet,3,18.0,0.0,loam,medium,49,drip,groundwater_well,23.5,0
farm_5,farm_5_field_1,2026-05-21,53.5,development,sugar_beet,4,18.0,19.1,loam,medium,50,drip,groundwater_well,23.5,0
farm_5,farm_5_field_1,2026-05-22,64.1,development,sugar_beet,5,18.0,7.0,loam,medium,51,drip,groundwater_well,23.5,0
farm_5,farm_5_field_1,2026-05-23,73.0,development,sugar_beet,6,18.0,0.0,loam,medium,52,drip,groundwater_well,23.5,0
farm_5,farm_5_field_1,2026-05-24,68.3,development,sugar_beet,7,18.0,0.9,loam,medium,53,drip,groundwater_well,23.5,0
farm_5,farm_5_field_1,2026-05-25,66.3,development,sugar_beet,8,18.0,0.0,loam,medium,54,drip,groundwater_well,23.5,0
farm_5,farm_5_field_1,2026-05-26,54.6,development,sugar_beet,9,18.0,0.0,loam,medium,55,drip,groundwater_well,23.5,0
farm_5,farm_5_field_1,2026-05-27,59.6,development,sugar_beet,10,18.0,0.2,loam,medium,56,drip,groundwater_well,23.5,0
farm_5,farm_5_field_1,2026-05-28,57.7,development,sugar_beet,11,18.0,0.0,loam,medium,57,drip,groundwater_well,23.5,0
farm_5,farm_5_field_1,2026-05-29,55.2,development,sugar_beet,12,18.0,0.0,loam,medium,58,drip,groundwater_well,23.5,0
farm_5,farm_5_field_1,2026-05-30,52.6,development,sugar_beet,13,18.0,0.0,loam,medium,59,drip,groundwater_well,23.5,0
farm_5,farm_5_field_1,2026-05-31,46.7,sensitive,sugar_beet,14,18.0,0.0,loam,medium,60,drip,groundwater_well,23.5,1
farm_5,farm_5_field_1,2026-06-01,59.4,sensitive,sugar_beet,1,18.0,0.0,loam,medium,61,drip,groundwater_well,23.5,0
farm_5,farm_5_field_1,2026-06-02,59.9,sensitive,sugar_beet,2,18.0,0.0,loam,medium,62,drip,groundwater_well,23.5,0
farm_5,farm_5_field_1,2026-06-03,56.7,sensitive,sugar_beet,3,18.0,0.2,loam,medium,63,drip,groundwater_well,23.5,1
farm_5,farm_5_field_1,2026-06-04,68.2,sensitive,sugar_beet,1,18.0,0.0,loam,medium,64,drip,groundwater_well,23.5,0
farm_5,farm_5_field_1,2026-06-05,56.9,sensitive,sugar_beet,2,18.0,0.2,loam,medium,65,drip,groundwater_well,23.5,0
farm_5,farm_5_field_1,2026-06-06,56.9,sensitive,sugar_beet,3,18.0,5.8,loam,medium,66,drip,groundwater_well,23.5,0
farm_5,farm_5_field_1,2026-06-07,58.1,sensitive,sugar_beet,4,18.0,0.0,loam,medium,67,drip,groundwater_well,23.5,0
farm_5,farm_5_field_1,2026-06-08,54.4,sensitive,sugar_beet,5,18.0,0.0,loam,medium,68,drip,groundwater_well,23.5,1
farm_5,farm_5_field_1,2026-06-09,62.0,sensitive,sugar_beet,1,18.0,0.0,loam,medium,69,drip,groundwater_well,23.5,0
farm_5,farm_5_field_1,2026-06-10,53.7,sensitive,sugar_beet,2,18.0,0.3,loam,medium,70,drip,groundwater_well,23.5,1
farm_5,farm_5_field_1,2026-06-11,45.8,sensitive,sugar_beet,3,18.0,0.0,loam,medium,71,drip,groundwater_well,23.5,1
farm_5,farm_5_field_1,2026-06-12,39.9,sensitive,sugar_beet,4,18.0,0.4,loam,medium,72,drip,groundwater_well,23.5,1
farm_5,farm_5_field_1,2026-06-13,38.7,sensitive,sugar_beet,5,18.0,0.0,loam,medium,73,drip,groundwater_well,23.5,2
farm_5,farm_5_field_1,2026-06-14,46.6,sensitive,sugar_beet,1,18.0,0.0,loam,medium,74,drip,groundwater_well,23.5,1
farm_5,farm_5_field_1,2026-06-15,40.6,sensitive,sugar_beet,2,18.0,0.3,loam,medium,75,drip,groundwater_well,23.5,2
farm_5,farm_5_field_1,2026-06-16,43.4,sensitive,sugar_beet,1,18.0,0.0,loam,medium,76,drip,groundwater_well,23.5,1
farm_5,farm_5_field_1,2026-06-17,53.7,sensitive,sugar_beet,1,18.0,0.0,loam,medium,77,drip,groundwater_well,23.5,1
farm_5,farm_5_field_1,2026-06-18,56.5,sensitive,sugar_beet,1,18.0,0.2,loam,medium,78,drip,groundwater_well,23.5,0
farm_5,farm_5_field_1,2026-06-19,51.8,sensitive,sugar_beet,2,18.0,0.0,loam,medium,79,drip,groundwater_well,23.5,1
farm_5,farm_5_field_1,2026-06-20,49.7,sensitive,sugar_beet,3,18.0,0.0,loam,medium,80,drip,groundwater_well,23.5,1
farm_5,farm_5_field_1,2026-06-21,39.0,sensitive,sugar_beet,4,18.0,0.2,loam,medium,81,drip,groundwater_well,23.5,2
farm_5,farm_5_field_1,2026-06-22,48.5,sensitive,sugar_beet,1,18.0,0.2,loam,medium,82,drip,groundwater_well,23.5,1
farm_5,farm_5_field_1,2026-06-23,39.7,sensitive,sugar_beet,2,18.0,0.1,loam,medium,83,drip,groundwater_well,23.5,1
farm_5,farm_5_field_1,2026-06-24,36.8,sensitive,sugar_beet,3,18.0,0.0,loam,medium,84,drip,groundwater_well,23.5,2
farm_5,farm_5_field_1,2026-06-25,41.4,sensitive,sugar_beet,1,18.0,1.6,loam,medium,85,drip,groundwater_well,23.5,1
farm_5,farm_5_field_1,2026-06-26,36.1,sensitive,sugar_beet,2,18.0,0.3,loam,medium,86,drip,groundwater_well,23.5,2
farm_5,farm_5_field_1,2026-06-27,47.0,sensitive,sugar_beet,1,18.0,0.2,loam,medium,87,drip,groundwater_well,23.5,1
farm_5,farm_5_field_1,2026-06-28,36.6,sensitive,sugar_beet,2,18.0,0.1,loam,medium,88,drip,groundwater_well,23.5,2
farm_5,farm_5_field_1,2026-06-29,44.4,sensitive,sugar_beet,1,18.0,0.0,loam,medium,89,drip,groundwater_well,23.5,1
farm_5,farm_5_field_1,2026-06-30,49.9,sensitive,sugar_beet,1,18.0,0.0,loam,medium,90,drip,groundwater_well,23.5,1
farm_5,farm_5_field_1,2026-07-01,43.3,sensitive,sugar_beet,2,18.0,0.3,loam,medium,91,drip,groundwater_well,23.5,1
farm_5,farm_5_field_1,2026-07-02,36.5,sensitive,sugar_beet,3,18.0,0.3,loam,medium,92,drip,groundwater_well,23.5,2
farm_5,farm_5_field_1,2026-07-03,44.5,sensitive,sugar_beet,1,18.0,0.0,loam,medium,93,drip,groundwater_well,23.5,1
farm_5,farm_5_field_1,2026-07-04,45.1,sensitive,sugar_beet,2,18.0,0.0,loam,medium,94,drip,groundwater_well,23.5,2
farm_5,farm_5_field_1,2026-07-05,42.8,sensitive,sugar_beet,1,18.0,0.0,loam,medium,95,drip,groundwater_well,23.5,1
farm_5,farm_5_field_1,2026-07-06,51.3,sensitive,sugar_beet,1,18.0,0.0,loam,medium,96,drip,groundwater_well,23.5,1
farm_5,farm_5_field_1,2026-07-07,46.2,sensitive,sugar_beet,2,18.0,0.4,loam,medium,97,drip,groundwater_well,23.5,1
farm_5,farm_5_field_1,2026-07-08,36.2,sensitive,sugar_beet,3,18.0,0.0,loam,medium,98,drip,groundwater_well,23.5,2
farm_5,farm_5_field_1,2026-07-09,50.2,sensitive,sugar_beet,1,18.0,0.0,loam,medium,99,drip,groundwater_well,23.5,1
farm_5,farm_5_field_1,2026-07-10,50.1,sensitive,sugar_beet,1,18.0,0.0,loam,medium,100,drip,groundwater_well,23.5,1
farm_5,farm_5_field_1,2026-07-11,44.1,sensitive,sugar_beet,2,18.0,0.0,loam,medium,101,drip,groundwater_well,23.5,1
farm_5,farm_5_field_1,2026-07-12,42.5,sensitive,sugar_beet,3,18.0,0.0,loam,medium,102,drip,groundwater_well,23.5,2
farm_5,farm_5_field_1,2026-07-13,50.3,sensitive,sugar_beet,1,18.0,0.2,loam,medium,103,drip,groundwater_well,23.5,1
farm_5,farm_5_field_1,2026-07-14,50.9,sensitive,sugar_beet,1,18.0,0.0,loam,medium,104,drip,groundwater_well,23.5,1
farm_5,farm_5_field_1,2026-07-15,48.5,sensitive,sugar_beet,2,18.0,0.0,loam,medium,105,drip,groundwater_well,23.5,1
farm_5,farm_5_field_1,2026-07-16,37.5,sensitive,sugar_beet,3,18.0,0.0,loam,medium,106,drip,groundwater_well,23.5,2
farm_5,farm_5_field_1,2026-07-17,47.7,sensitive,sugar_beet,1,18.0,0.3,loam,medium,107,drip,groundwater_well,23.5,1
farm_5,farm_5_field_1,2026-07-18,53.3,sensitive,sugar_beet,1,18.0,0.7,loam,medium,108,drip,groundwater_well,23.5,1
farm_5,farm_5_field_1,2026-07-19,48.2,sensitive,sugar_beet,2,18.0,0.2,loam,medium,109,drip,groundwater_well,23.5,1
farm_5,farm_5_field_1,2026-07-20,60.1,late,sugar_beet,1,18.0,0.0,loam,medium,110,drip,groundwater_well,23.5,0
farm_5,farm_5_field_1,2026-07-21,50.5,late,sugar_beet,2,18.0,0.2,loam,medium,111,drip,groundwater_well,23.5,0
farm_5,farm_5_field_1,2026-07-22,44.5,late,sugar_beet,3,18.0,0.0,loam,medium,112,drip,groundwater_well,23.5,0
farm_5,farm_5_field_1,2026-07-23,45.7,late,sugar_beet,4,18.0,0.0,loam,medium,113,drip,groundwater_well,23.5,0
farm_5,farm_5_field_1,2026-07-24,35.7,late,sugar_beet,5,18.0,0.0,loam,medium,114,drip,groundwater_well,23.5,1
farm_5,farm_5_field_1,2026-07-25,32.1,late,sugar_beet,6,18.0,0.0,loam,medium,115,drip,groundwater_well,23.5,1
farm_5,farm_5_field_1,2026-07-26,32.1,late,sugar_beet,1,18.0,0.0,loam,medium,116,drip,groundwater_well,23.5,0
farm_5,farm_5_field_1,2026-07-27,32.1,late,sugar_beet,2,18.0,0.1,loam,medium,117,drip,groundwater_well,23.5,0
farm_5,farm_5_field_1,2026-07-28,32.1,late,sugar_beet,3,18.0,0.0,loam,medium,118,drip,groundwater_well,23.5,1
farm_5,farm_5_field_1,2026-07-29,32.1,late,sugar_beet,4,18.0,0.0,loam,medium,119,drip,groundwater_well,23.5,1
farm_5,farm_5_field_1,2026-07-30,32.1,late,sugar_beet,1,18.0,0.1,loam,medium,120,drip,groundwater_well,23.5,0
farm_5,farm_5_field_1,2026-07-31,32.1,late,sugar_beet,2,18.0,9.6,loam,medium,121,drip,groundwater_well,23.5,0
farm_5,farm_5_field_1,2026-08-01,32.1,late,sugar_beet,3,18.0,0.2,loam,medium,122,drip,groundwater_well,23.5,0
farm_5,farm_5_field_1,2026-08-02,32.1,late,sugar_beet,4,18.0,0.0,loam,medium,123,drip,groundwater_well,23.5,0
farm_5,farm_5_field_1,2026-08-03,47.5,late,sugar_beet,5,18.0,11.8,loam,medium,124,drip,groundwater_well,23.5,0
farm_5,farm_5_field_1,2026-08-04,48.6,late,sugar_beet,6,18.0,0.0,loam,medium,125,drip,groundwater_well,23.5,0
farm_5,farm_5_field_1,2026-08-05,38.7,late,sugar_beet,7,18.0,0.9,loam,medium,126,drip,groundwater_well,23.5,0
farm_5,farm_5_field_1,2026-08-06,37.1,late,sugar_beet,8,18.0,0.1,loam,medium,127,drip,groundwater_well,23.5,0
farm_5,farm_5_field_1,2026-08-07,41.1,late,sugar_beet,9,18.0,0.0,loam,medium,128,drip,groundwater_well,23.5,1
farm_5,farm_5_field_1,2026-08-08,47.2,late,sugar_beet,1,18.0,0.0,loam,medium,129,drip,groundwater_well,23.5,0
farm_5,farm_5_field_1,2026-08-09,47.3,late,sugar_beet,2,18.0,0.0,loam,medium,130,drip,groundwater_well,23.5,0
farm_5,farm_5_field_1,2026-08-10,44.7,late,sugar_beet,3,18.0,2.3,loam,medium,131,drip,groundwater_well,23.5,0
farm_5,farm_5_field_1,2026-08-11,41.2,late,sugar_beet,4,18.0,0.0,loam,medium,132,drip,groundwater_well,23.5,0
farm_5,farm_5_field_1,2026-08-12,35.0,late,sugar_beet,5,18.0,0.0,loam,medium,133,drip,groundwater_well,23.5,1
farm_5,farm_5_field_1,2026-08-13,32.2,late,sugar_beet,6,18.0,0.0,loam,medium,134,drip,groundwater_well,23.5,1
farm_5,farm_5_field_1,2026-08-14,23.6,late,sugar_beet,7,18.0,0.3,loam,medium,135,drip,groundwater_well,23.5,1
farm_5,farm_5_field_1,2026-08-15,25.9,late,sugar_beet,8,18.0,0.6,loam,medium,136,drip,groundwater_well,23.5,1
farm_5,farm_5_field_1,2026-08-16,40.4,late,sugar_beet,1,18.0,0.2,loam,medium,137,drip,groundwater_well,23.5,1
farm_5,farm_5_field_1,2026-08-17,36.3,late,sugar_beet,2,18.0,0.8,loam,medium,138,drip,groundwater_well,23.5,1
farm_5,farm_5_field_1,2026-08-18,35.2,late,sugar_beet,3,18.0,0.0,loam,medium,139,drip,groundwater_well,23.5,1
farm_5,farm_5_field_1,2026-08-19,44.2,late,sugar_beet,1,18.0,0.5,loam,medium,140,drip,groundwater_well,23.5,0
farm_5,farm_5_field_1,2026-08-20,40.9,late,sugar_beet,2,18.0,3.5,loam,medium,141,drip,groundwater_well,23.5,0
farm_5,farm_5_field_1,2026-08-21,33.2,late,sugar_beet,3,18.0,0.0,loam,medium,142,drip,groundwater_well,23.5,0
farm_5,farm_5_field_1,2026-08-22,40.2,late,sugar_beet,4,18.0,0.2,loam,medium,143,drip,groundwater_well,23.5,1
farm_5,farm_5_field_1,2026-08-23,40.5,late,sugar_beet,5,18.0,0.2,loam,medium,144,drip,groundwater_well,23.5,1
farm_5,farm_5_field_1,2026-08-24,50.6,late,sugar_beet,1,18.0,0.0,loam,medium,145,drip,groundwater_well,23.5,0
farm_5,farm_5_field_1,2026-08-25,43.4,late,sugar_beet,2,18.0,0.0,loam,medium,146,drip,groundwater_well,23.5,0
farm_5,farm_5_field_1,2026-08-26,44.5,late,sugar_beet,3,18.0,0.2,loam,medium,147,drip,groundwater_well,23.5,0
farm_5,farm_5_field_1,2026-08-27,46.0,late,sugar_beet,4,18.0,0.0,loam,medium,148,drip,groundwater_well,23.5,0
farm_5,farm_5_field_1,2026-08-28,33.8,late,sugar_beet,5,18.0,4.8,loam,medium,149,drip,groundwater_well,23.5,1
farm_5,farm_5_field_1,2026-08-29,39.9,late,sugar_beet,6,18.0,0.4,loam,medium,150,drip,groundwater_well,23.5,1
farm_5,farm_5_field_1,2026-08-30,38.7,late,sugar_beet,7,18.0,0.0,loam,medium,151,drip,groundwater_well,23.5,1
farm_5,farm_5_field_1,2026-08-31,35.1,late,sugar_beet,8,18.0,0.0,loam,medium,152,drip,groundwater_well,23.5,1
farm_5,farm_5_field_1,2026-09-01,47.1,late,sugar_beet,1,18.0,0.5,loam,medium,153,drip,groundwater_well,23.5,0
farm_5,farm_5_field_1,2026-09-02,51.2,late,sugar_beet,2,18.0,0.2,loam,medium,154,drip,groundwater_well,23.5,0
farm_5,farm_5_field_1,2026-09-03,52.9,late,sugar_beet,3,18.0,0.5,loam,medium,155,drip,groundwater_well,23.5,0
farm_5,farm_5_field_1,2026-09-04,40.0,late,sugar_beet,4,18.0,0.0,loam,medium,156,drip,groundwater_well,23.5,0
farm_5,farm_5_field_1,2026-09-05,41.7,late,sugar_beet,5,18.0,0.0,loam,medium,157,drip,groundwater_well,23.5,1
farm_5,farm_5_field_1,2026-09-06,52.9,late,sugar_beet,1,18.0,0.0,loam,medium,158,drip,groundwater_well,23.5,0
farm_5,farm_5_field_1,2026-09-07,52.6,late,sugar_beet,2,18.0,0.4,loam,medium,159,drip,groundwater_well,23.5,0
farm_5,farm_5_field_1,2026-09-08,46.6,late,sugar_beet,3,18.0,0.8,loam,medium,160,drip,groundwater_well,23.5,0
farm_5,farm_5_field_1,2026-09-09,43.2,late,sugar_beet,4,18.0,0.0,loam,medium,161,drip,groundwater_well,23.5,0
farm_5,farm_5_field_1,2026-09-10,51.5,late,sugar_beet,5,18.0,0.0,loam,medium,162,drip,groundwater_well,23.5,0
farm_5,farm_5_field_1,2026-09-11,38.4,late,sugar_beet,6,18.0,0.1,loam,medium,163,drip,groundwater_well,23.5,1
farm_5,farm_5_field_1,2026-09-12,38.3,late,sugar_beet,7,18.0,0.0,loam,medium,164,drip,groundwater_well,23.5,1
farm_5,farm_5_field_1,2026-09-13,,late,sugar_beet,8,18.0,0.3,loam,medium,165,drip,groundwater_well,23.5,1
farm_5,farm_5_field_1,2026-09-14,49.2,late,sugar_beet,1,18.0,0.0,loam,medium,166,drip,groundwater_well,23.5,0
farm_5,farm_5_field_1,2026-09-15,43.6,late,sugar_beet,2,18.0,0.0,loam,medium,167,drip,groundwater_well,23.5,0
farm_5,farm_5_field_1,2026-09-16,,late,sugar_beet,3,18.0,0.4,loam,medium,168,drip,groundwater_well,23.5,0
farm_5,farm_5_field_1,2026-09-17,44.3,late,sugar_beet,4,18.0,0.0,loam,medium,169,drip,groundwater_well,23.5,0
farm_5,farm_5_field_1,2026-09-18,40.2,late,sugar_beet,5,18.0,0.0,loam,medium,170,drip,groundwater_well,23.5,0
farm_5,farm_5_field_1,2026-09-19,38.6,late,sugar_beet,6,18.0,0.7,loam,medium,171,drip,groundwater_well,23.5,1
farm_5,farm_5_field_1,2026-09-20,53.3,late,sugar_beet,1,18.0,0.2,loam,medium,172,drip,groundwater_well,23.5,0
farm_5,farm_5_field_1,2026-09-21,48.5,late,sugar_beet,2,18.0,0.0,loam,medium,173,drip,groundwater_well,23.5,0
farm_5,farm_5_field_1,2026-09-22,53.0,late,sugar_beet,3,18.0,0.8,loam,medium,174,drip,groundwater_well,23.5,0
farm_5,farm_5_field_1,2026-09-23,45.3,late,sugar_beet,4,18.0,0.0,loam,medium,175,drip,groundwater_well,23.5,0
farm_5,farm_5_field_1,2026-09-24,43.2,late,sugar_beet,5,18.0,0.4,loam,medium,176,drip,groundwater_well,23.5,0
farm_5,farm_5_field_1,2026-09-25,39.5,late,sugar_beet,6,18.0,0.2,loam,medium,177,drip,groundwater_well,23.5,0
farm_5,farm_5_field_1,2026-09-26,38.3,late,sugar_beet,7,18.0,0.0,loam,medium,178,drip,groundwater_well,23.5,0
farm_5,farm_5_field_1,2026-09-27,35.1,late,sugar_beet,8,18.0,3.1,loam,medium,179,drip,groundwater_well,23.5,1
farm_5,farm_5_field_1,2026-09-28,58.4,late,sugar_beet,1,18.0,0.0,loam,medium,180,drip,groundwater_well,23.5,0
farm_5,farm_5_field_1,2026-09-29,54.6,late,sugar_beet,2,18.0,0.2,loam,medium,181,drip,groundwater_well,23.5,0
farm_5,farm_5_field_1,2026-09-30,48.9,late,sugar_beet,3,18.0,0.0,loam,medium,182,drip,groundwater_well,23.5,0
farm_5,farm_5_field_2,2025-04-15,77.4,initial,sugar_beet,9,0.0,0.4,loam,early,9,drip,groundwater_well,16.0,0
farm_5,farm_5_field_2,2025-04-16,77.2,initial,sugar_beet,10,0.0,4.9,loam,early,10,drip,groundwater_well,16.0,0
farm_5,farm_5_field_2,2025-04-17,82.5,initial,sugar_beet,11,0.0,0.1,loam,early,11,drip,groundwater_well,16.0,0
farm_5,farm_5_field_2,2025-04-18,73.3,initial,sugar_beet,12,0.0,0.0,loam,early,12,drip,groundwater_well,16.0,0
farm_5,farm_5_field_2,2025-04-19,78.8,initial,sugar_beet,13,0.0,0.0,loam,early,13,drip,groundwater_well,16.0,0
farm_5,farm_5_field_2,2025-04-20,84.3,initial,sugar_beet,14,0.0,0.7,loam,early,14,drip,groundwater_well,16.0,0
farm_5,farm_5_field_2,2025-04-21,83.2,initial,sugar_beet,15,0.0,0.0,loam,early,15,drip,groundwater_well,16.0,0
farm_5,farm_5_field_2,2025-04-22,74.4,initial,sugar_beet,16,0.0,5.3,loam,early,16,drip,groundwater_well,16.0,0
farm_5,farm_5_field_2,2025-04-23,76.5,initial,sugar_beet,17,0.0,0.5,loam,early,17,drip,groundwater_well,16.0,0
farm_5,farm_5_field_2,2025-04-24,80.4,initial,sugar_beet,18,0.0,0.8,loam,early,18,drip,groundwater_well,16.0,0
farm_5,farm_5_field_2,2025-04-25,82.6,initial,sugar_beet,19,0.0,0.0,loam,early,19,drip,groundwater_well,16.0,0
farm_5,farm_5_field_2,2025-04-26,74.8,initial,sugar_beet,20,0.0,0.1,loam,early,20,drip,groundwater_well,16.0,0
farm_5,farm_5_field_2,2025-04-27,82.3,development,sugar_beet,21,0.0,6.1,loam,early,21,drip,groundwater_well,16.0,0
farm_5,farm_5_field_2,2025-04-28,81.1,development,sugar_beet,22,0.0,0.5,loam,early,22,drip,groundwater_well,16.0,0
farm_5,farm_5_field_2,2025-04-29,85.1,development,sugar_beet,23,0.0,0.2,loam,early,23,drip,groundwater_well,16.0,0
farm_5,farm_5_field_2,2025-04-30,79.7,development,sugar_beet,24,0.0,1.0,loam,early,24,drip,groundwater_well,16.0,0
farm_5,farm_5_field_2,2025-05-01,76.3,development,sugar_beet,25,0.0,0.0,loam,early,25,drip,groundwater_well,16.0,0
farm_5,farm_5_field_2,2025-05-02,74.6,development,sugar_beet,26,0.0,0.0,loam,early,26,drip,groundwater_well,16.0,0
farm_5,farm_5_field_2,2025-05-03,81.5,development,sugar_beet,27,0.0,3.5,loam,early,27,drip,groundwater_well,16.0,0
farm_5,farm_5_field_2,2025-05-04,85.6,development,sugar_beet,28,0.0,0.0,loam,early,28,drip,groundwater_well,16.0,0
farm_5,farm_5_field_2,2025-05-05,75.4,development,sugar_beet,29,0.0,0.0,loam,early,29,drip,groundwater_well,16.0,0
farm_5,farm_5_field_2,2025-05-06,71.2,development,sugar_beet,30,0.0,0.0,loam,early,30,drip,groundwater_well,16.0,0
farm_5,farm_5_field_2,2025-05-07,72.4,development,sugar_beet,31,0.0,0.2,loam,early,31,drip,groundwater_well,16.0,0
farm_5,farm_5_field_2,2025-05-08,73.0,development,sugar_beet,32,0.0,0.0,loam,early,32,drip,groundwater_well,16.0,0
farm_5,farm_5_field_2,2025-05-09,69.9,development,sugar_beet,33,0.0,0.8,loam,early,33,drip,groundwater_well,16.0,0
farm_5,farm_5_field_2,2025-05-10,66.9,development,sugar_beet,34,0.0,0.2,loam,early,34,drip,groundwater_well,16.0,0
farm_5,farm_5_field_2,2025-05-11,65.2,development,sugar_beet,35,0.0,0.6,loam,early,35,drip,groundwater_well,16.0,0
farm_5,farm_5_field_2,2025-05-12,64.0,development,sugar_beet,36,0.0,0.7,loam,early,36,drip,groundwater_well,16.0,0
farm_5,farm_5_field_2,2025-05-13,63.5,development,sugar_beet,37,0.0,0.6,loam,early,37,drip,groundwater_well,16.0,0
farm_5,farm_5_field_2,2025-05-14,61.0,development,sugar_beet,38,0.0,0.0,loam,early,38,drip,groundwater_well,16.0,0
farm_5,farm_5_field_2,2025-05-15,54.9,development,sugar_beet,39,0.0,1.0,loam,early,39,drip,groundwater_well,16.0,0
farm_5,farm_5_field_2,2025-05-16,57.2,development,sugar_beet,40,0.0,0.0,loam,early,40,drip,groundwater_well,16.0,0
farm_5,farm_5_field_2,2025-05-17,56.3,development,sugar_beet,41,0.0,8.6,loam,early,41,drip,groundwater_well,16.0,0
farm_5,farm_5_field_2,2025-05-18,61.2,development,sugar_beet,42,0.0,0.9,loam,early,42,drip,groundwater_well,16.0,0
farm_5,farm_5_field_2,2025-05-19,58.6,development,sugar_beet,43,0.0,11.6,loam,early,43,drip,groundwater_well,16.0,0
farm_5,farm_5_field_2,2025-05-20,61.7,development,sugar_beet,44,0.0,0.1,loam,early,44,drip,groundwater_well,16.0,0
farm_5,farm_5_field_2,2025-05-21,67.9,development,sugar_beet,45,0.0,7.0,loam,early,45,drip,groundwater_well,16.0,0
farm_5,farm_5_field_2,2025-05-22,70.8,development,sugar_beet,46,0.0,0.2,loam,early,46,drip,groundwater_well,16.0,0
farm_5,farm_5_field_2,2025-05-23,66.6,development,sugar_beet,47,0.0,0.4,loam,early,47,drip,groundwater_well,16.0,0
farm_5,farm_5_field_2,2025-05-24,58.8,development,sugar_beet,48,0.0,0.0,loam,early,48,drip,groundwater_well,16.0,0
farm_5,farm_5_field_2,2025-05-25,60.7,development,sugar_beet,49,0.0,5.1,loam,early,49,drip,groundwater_well,16.0,0
farm_5,farm_5_field_2,2025-05-26,60.8,development,sugar_beet,50,0.0,0.5,loam,early,50,drip,groundwater_well,16.0,0
farm_5,farm_5_field_2,2025-05-27,59.9,sensitive,sugar_beet,51,0.0,0.3,loam,early,51,drip,groundwater_well,16.0,0
farm_5,farm_5_field_2,2025-05-28,61.3,sensitive,sugar_beet,52,0.0,0.0,loam,early,52,drip,groundwater_well,16.0,0
farm_5,farm_5_field_2,2025-05-29,60.1,sensitive,sugar_beet,53,0.0,0.5,loam,early,53,drip,groundwater_well,16.0,1
farm_5,farm_5_field_2,2025-05-30,59.1,sensitive,sugar_beet,1,18.0,0.1,loam,early,54,drip,groundwater_well,16.0,0
farm_5,farm_5_field_2,2025-05-31,60.7,sensitive,sugar_beet,2,18.0,0.0,loam,early,55,drip,groundwater_well,16.0,0
farm_5,farm_5_field_2,2025-06-01,64.2,sensitive,sugar_beet,3,18.0,0.0,loam,early,56,drip,groundwater_well,16.0,0
farm_5,farm_5_field_2,2025-06-02,53.4,sensitive,sugar_beet,4,18.0,0.4,loam,early,57,drip,groundwater_well,16.0,1
farm_5,farm_5_field_2,2025-06-03,64.8,sensitive,sugar_beet,1,18.0,0.1,loam,early,58,drip,groundwater_well,16.0,0
farm_5,farm_5_field_2,2025-06-04,,sensitive,sugar_beet,2,18.0,0.0,loam,early,59,drip,groundwater_well,16.0,0
farm_5,farm_5_field_2,2025-06-05,55.2,sensitive,sugar_beet,3,18.0,0.3,loam,early,60,drip,groundwater_well,16.0,0
farm_5,farm_5_field_2,2025-06-06,52.9,sensitive,sugar_beet,4,18.0,0.2,loam,early,61,drip,groundwater_well,16.0,1
farm_5,farm_5_field_2,2025-06-07,49.9,sensitive,sugar_beet,5,18.0,26.0,loam,early,62,drip,groundwater_well,16.0,1
farm_5,farm_5_field_2,2025-06-08,61.7,sensitive,sugar_beet,6,18.0,24.6,loam,early,63,drip,groundwater_well,16.0,0
farm_5,farm_5_field_2,2025-06-09,79.5,sensitive,sugar_beet,7,18.0,0.3,loam,early,64,drip,groundwater_well,16.0,0
farm_5,farm_5_field_2,2025-06-10,76.5,sensitive,sugar_beet,8,18.0,0.3,loam,early,65,drip,groundwater_well,16.0,0
farm_5,farm_5_field_2,2025-06-11,75.1,sensitive,sugar_beet,9,18.0,0.0,loam,early,66,drip,groundwater_well,16.0,0
farm_5,farm_5_field_2,2025-06-12,73.7,sensitive,sugar_beet,10,18.0,0.0,loam,early,67,drip,groundwater_well,16.0,0
farm_5,farm_5_field_2,2025-06-13,66.7,sensitive,sugar_beet,11,18.0,0.0,loam,early,68,drip,groundwater_well,16.0,0
farm_5,farm_5_field_2,2025-06-14,68.1,sensitive,sugar_beet,12,18.0,0.3,loam,early,69,drip,groundwater_well,16.0,0
farm_5,farm_5_field_2,2025-06-15,57.6,sensitive,sugar_beet,13,18.0,0.0,loam,early,70,drip,groundwater_well,16.0,0
farm_5,farm_5_field_2,2025-06-16,54.6,sensitive,sugar_beet,14,18.0,0.0,loam,early,71,drip,groundwater_well,16.0,1
farm_5,farm_5_field_2,2025-06-17,70.5,sensitive,sugar_beet,1,18.0,3.1,loam,early,72,drip,groundwater_well,16.0,0
farm_5,farm_5_field_2,2025-06-18,62.5,sensitive,sugar_beet,2,18.0,31.2,loam,early,73,drip,groundwater_well,16.0,0
farm_5,farm_5_field_2,2025-06-19,85.1,sensitive,sugar_beet,3,18.0,0.0,loam,early,74,drip,groundwater_well,16.0,0
farm_5,farm_5_field_2,2025-06-20,76.9,sensitive,sugar_beet,4,18.0,0.6,loam,early,75,drip,groundwater_well,16.0,0
farm_5,farm_5_field_2,2025-06-21,81.3,sensitive,sugar_beet,5,18.0,0.5,loam,early,76,drip,groundwater_well,16.0,0
farm_5,farm_5_field_2,2025-06-22,72.8,sensitive,sugar_beet,6,18.0,0.0,loam,early,77,drip,groundwater_well,16.0,0
farm_5,farm_5_field_2,2025-06-23,68.5,sensitive,sugar_beet,7,18.0,0.0,loam,early,78,drip,groundwater_well,16.0,0
farm_5,farm_5_field_2,2025-06-24,67.2,sensitive,sugar_beet,8,18.0,0.0,loam,early,79,drip,groundwater_well,16.0,0
farm_5,farm_5_field_2,2025-06-25,61.6,sensitive,sugar_beet,9,18.0,0.2,loam,early,80,drip,groundwater_well,16.0,0
farm_5,farm_5_field_2,2025-06-26,59.1,sensitive,sugar_beet,10,18.0,0.1,loam,early,81,drip,groundwater_well,16.0,0
farm_5,farm_5_field_2,2025-06-27,56.4,sensitive,sugar_beet,11,18.0,0.0,loam,early,82,drip,groundwater_well,16.0,1
farm_5,farm_5_field_2,2025-06-28,52.9,sensitive,sugar_beet,12,18.0,4.4,loam,early,83,drip,groundwater_well,16.0,1
farm_5,farm_5_field_2,2025-06-29,51.6,sensitive,sugar_beet,13,18.0,0.0,loam,early,84,drip,groundwater_well,16.0,1
farm_5,farm_5_field_2,2025-06-30,51.9,sensitive,sugar_beet,14,18.0,0.7,loam,early,85,drip,groundwater_well,16.0,1
farm_5,farm_5_field_2,2025-07-01,45.4,sensitive,sugar_beet,15,18.0,0.0,loam,early,86,drip,groundwater_well,16.0,1
farm_5,farm_5_field_2,2025-07-02,42.0,sensitive,sugar_beet,16,18.0,0.1,loam,early,87,drip,groundwater_well,16.0,2
farm_5,farm_5_field_2,2025-07-03,50.6,sensitive,sugar_beet,1,18.0,0.6,loam,early,88,drip,groundwater_well,16.0,1
farm_5,farm_5_field_2,2025-07-04,46.5,sensitive,sugar_beet,2,18.0,0.1,loam,early,89,drip,groundwater_well,16.0,1
farm_5,farm_5_field_2,2025-07-05,41.0,sensitive,sugar_beet,3,18.0,0.6,loam,early,90,drip,groundwater_well,16.0,2
farm_5,farm_5_field_2,2025-07-06,50.2,sensitive,sugar_beet,1,18.0,0.7,loam,early,91,drip,groundwater_well,16.0,1
farm_5,farm_5_field_2,2025-07-07,44.0,sensitive,sugar_beet,2,18.0,0.6,loam,early,92,drip,groundwater_well,16.0,1
farm_5,farm_5_field_2,2025-07-08,39.7,late,sugar_beet,3,18.0,0.2,loam,early,93,drip,groundwater_well,16.0,1
farm_5,farm_5_field_2,2025-07-09,39.7,late,sugar_beet,4,18.0,0.5,loam,early,94,drip,groundwater_well,16.0,1
farm_5,farm_5_field_2,2025-07-10,32.4,late,sugar_beet,5,18.0,0.0,loam,early,95,drip,groundwater_well,16.0,1
farm_5,farm_5_field_2,2025-07-11,29.1,late,sugar_beet,6,18.0,0.0,loam,early,96,drip,groundwater_well,16.0,1
farm_5,farm_5_field_2,2025-07-12,43.0,late,sugar_beet,1,18.0,0.0,loam,early,97,drip,groundwater_well,16.0,1
farm_5,farm_5_field_2,2025-07-13,37.8,late,sugar_beet,2,18.0,1.0,loam,early,98,drip,groundwater_well,16.0,1
farm_5,farm_5_field_2,2025-07-14,54.5,late,sugar_beet,1,18.0,0.0,loam,early,99,drip,groundwater_well,16.0,0
farm_5,farm_5_field_2,2025-07-15,49.8,late,sugar_beet,2,18.0,0.2,loam,early,100,drip,groundwater_well,16.0,0
farm_5,farm_5_field_2,2025-07-16,55.0,late,sugar_beet,3,18.0,1.1,loam,early,101,drip,groundwater_well,16.0,0
farm_5,farm_5_field_2,2025-07-17,38.8,late,sugar_beet,4,18.0,0.1,loam,early,102,drip,groundwater_well,16.0,0
farm_5,farm_5_field_2,2025-07-18,44.8,late,sugar_beet,5,18.0,3.2,loam,early,103,drip,groundwater_well,16.0,0
farm_5,farm_5_field_2,2025-07-19,44.7,late,sugar_beet,6,18.0,14.4,loam,early,104,drip,groundwater_well,16.0,0
farm_5,farm_5_field_2,2025-07-20,54.4,late,sugar_beet,7,18.0,0.1,loam,early,105,drip,groundwater_well,16.0,0
farm_5,farm_5_field_2,2025-07-21,47.9,late,sugar_beet,8,18.0,0.2,loam,early,106,drip,groundwater_well,16.0,0
farm_5,farm_5_field_2,2025-07-22,52.4,late,sugar_beet,9,18.0,0.6,loam,early,107,drip,groundwater_well,16.0,0
farm_5,farm_5_field_2,2025-07-23,40.3,late,sugar_beet,10,18.0,0.1,loam,early,108,drip,groundwater_well,16.0,0
farm_5,farm_5_field_2,2025-07-24,43.1,late,sugar_beet,11,18.0,0.6,loam,early,109,drip,groundwater_well,16.0,0
farm_5,farm_5_field_2,2025-07-25,40.0,late,sugar_beet,12,18.0,0.0,loam,early,110,drip,groundwater_well,16.0,1
farm_5,farm_5_field_2,2025-07-26,53.1,late,sugar_beet,1,18.0,0.0,loam,early,111,drip,groundwater_well,16.0,0
farm_5,farm_5_field_2,2025-07-27,48.9,late,sugar_beet,2,18.0,3.3,loam,early,112,drip,groundwater_well,16.0,0
farm_5,farm_5_field_2,2025-07-28,50.9,late,sugar_beet,3,18.0,0.1,loam,early,113,drip,groundwater_well,16.0,0
farm_5,farm_5_field_2,2025-07-29,47.1,late,sugar_beet,4,18.0,9.6,loam,early,114,drip,groundwater_well,16.0,0
farm_5,farm_5_field_2,2025-07-30,52.5,late,sugar_beet,5,18.0,0.2,loam,early,115,drip,groundwater_well,16.0,0
farm_5,farm_5_field_2,2025-07-31,51.0,late,sugar_beet,6,18.0,0.9,loam,early,116,drip,groundwater_well,16.0,0
farm_5,farm_5_field_2,2025-08-01,49.6,late,sugar_beet,7,18.0,0.0,loam,early,117,drip,groundwater_well,16.0,0
farm_5,farm_5_field_2,2025-08-02,51.7,late,sugar_beet,8,18.0,0.2,loam,early,118,drip,groundwater_well,16.0,0
farm_5,farm_5_field_2,2025-08-03,46.5,late,sugar_beet,9,18.0,0.0,loam,early,119,drip,groundwater_well,16.0,0
farm_5,farm_5_field_2,2025-08-04,39.3,late,sugar_beet,10,18.0,1.1,loam,early,120,drip,groundwater_well,16.0,1
farm_5,farm_5_field_2,2025-08-05,47.1,late,sugar_beet,1,18.0,0.0,loam,early,121,drip,groundwater_well,16.0,0
farm_5,farm_5_field_2,2025-08-06,44.6,late,sugar_beet,2,18.0,11.1,loam,early,122,drip,groundwater_well,16.0,0
farm_5,farm_5_field_2,2025-08-07,53.7,late,sugar_beet,3,18.0,0.0,loam,early,123,drip,groundwater_well,16.0,0
farm_5,farm_5_field_2,2025-08-08,58.7,late,sugar_beet,4,18.0,0.0,loam,early,124,drip,groundwater_well,16.0,0
farm_5,farm_5_field_2,2025-08-09,48.8,late,sugar_beet,5,18.0,0.4,loam,early,125,drip,groundwater_well,16.0,0
farm_5,farm_5_field_2,2025-08-10,50.6,late,sugar_beet,6,18.0,0.0,loam,early,126,drip,groundwater_well,16.0,0
farm_5,farm_5_field_2,2025-08-11,48.3,late,sugar_beet,7,18.0,2.2,loam,early,127,drip,groundwater_well,16.0,0
farm_5,farm_5_field_2,2025-08-12,48.9,late,sugar_beet,8,18.0,0.0,loam,early,128,drip,groundwater_well,16.0,0
farm_5,farm_5_field_2,2025-08-13,48.0,late,sugar_beet,9,18.0,0.6,loam,early,129,drip,groundwater_well,16.0,0
farm_5,farm_5_field_2,2025-08-14,43.8,late,sugar_beet,10,18.0,0.6,loam,early,130,drip,groundwater_well,16.0,0
farm_5,farm_5_field_2,2025-08-15,42.6,late,sugar_beet,11,18.0,0.0,loam,early,131,drip,groundwater_well,16.0,1
farm_5,farm_5_field_2,2025-08-16,50.1,late,sugar_beet,1,18.0,0.0,loam,early,132,drip,groundwater_well,16.0,0
farm_5,farm_5_field_2,2025-08-17,54.2,late,sugar_beet,2,18.0,0.4,loam,early,133,drip,groundwater_well,16.0,0
farm_5,farm_5_field_2,2025-08-18,52.3,late,sugar_beet,3,18.0,0.0,loam,early,134,drip,groundwater_well,16.0,0
farm_5,farm_5_field_2,2025-08-19,53.8,late,sugar_beet,4,18.0,0.1,loam,early,135,drip,groundwater_well,16.0,0
farm_5,farm_5_field_2,2025-08-20,45.2,late,sugar_beet,5,18.0,0.5,loam,early,136,drip,groundwater_well,16.0,0
farm_5,farm_5_field_2,2025-08-21,44.4,late,sugar_beet,6,18.0,0.0,loam,early,137,drip,groundwater_well,16.0,0
farm_5,farm_5_field_2,2025-08-22,44.0,late,sugar_beet,7,18.0,0.5,loam,early,138,drip,groundwater_well,16.0,1
farm_5,farm_5_field_2,2025-08-23,39.6,late,sugar_beet,8,18.0,0.5,loam,early,139,drip,groundwater_well,16.0,1
farm_5,farm_5_field_2,2025-08-24,41.1,late,sugar_beet,9,18.0,0.0,loam,early,140,drip,groundwater_well,16.0,1
farm_5,farm_5_field_2,2025-08-25,31.2,late,sugar_beet,10,18.0,0.0,loam,early,141,drip,groundwater_well,16.0,1
farm_5,farm_5_field_2,2025-08-26,31.2,late,sugar_beet,11,18.0,0.0,loam,early,142,drip,groundwater_well,16.0,1
farm_5,farm_5_field_2,2025-08-27,28.7,late,sugar_beet,12,18.0,0.0,loam,early,143,drip,groundwater_well,16.0,1
farm_5,farm_5_field_2,2025-08-28,40.4,late,sugar_beet,1,18.0,21.6,loam,early,144,drip,groundwater_well,16.0,1
farm_5,farm_5_field_2,2025-08-29,66.6,late,sugar_beet,1,18.0,0.0,loam,early,145,drip,groundwater_well,16.0,0
farm_5,farm_5_field_2,2025-08-30,66.1,late,sugar_beet,2,18.0,0.5,loam,early,146,drip,groundwater_well,16.0,0
farm_5,farm_5_field_2,2025-08-31,66.0,late,sugar_beet,3,18.0,0.1,loam,early,147,drip,groundwater_well,16.0,0
farm_5,farm_5_field_2,2025-09-01,59.8,late,sugar_beet,4,18.0,0.3,loam,early,148,drip,groundwater_well,16.0,0
farm_5,farm_5_field_2,2025-09-02,57.1,late,sugar_beet,5,18.0,0.0,loam,early,149,drip,groundwater_well,16.0,0
farm_5,farm_5_field_2,2025-09-03,63.9,late,sugar_beet,6,18.0,0.4,loam,early,150,drip,groundwater_well,16.0,0
farm_5,farm_5_field_2,2025-09-04,53.8,late,sugar_beet,7,18.0,0.0,loam,early,151,drip,groundwater_well,16.0,0
farm_5,farm_5_field_2,2025-09-05,52.1,late,sugar_beet,8,18.0,0.1,loam,early,152,drip,groundwater_well,16.0,0
farm_5,farm_5_field_2,2025-09-06,47.3,late,sugar_beet,9,18.0,0.2,loam,early,153,drip,groundwater_well,16.0,0
farm_5,farm_5_field_2,2025-09-07,57.6,late,sugar_beet,10,18.0,0.0,loam,early,154,drip,groundwater_well,16.0,0
farm_5,farm_5_field_2,2025-09-08,45.6,late,sugar_beet,11,18.0,0.0,loam,early,155,drip,groundwater_well,16.0,0
farm_5,farm_5_field_2,2025-09-09,51.8,late,sugar_beet,12,18.0,0.3,loam,early,156,drip,groundwater_well,16.0,0
farm_5,farm_5_field_2,2025-09-10,50.9,late,sugar_beet,13,18.0,0.1,loam,early,157,drip,groundwater_well,16.0,0
farm_5,farm_5_field_2,2025-09-11,51.9,late,sugar_beet,14,18.0,0.0,loam,early,158,drip,groundwater_well,16.0,0
farm_5,farm_5_field_2,2025-09-12,45.8,late,sugar_beet,15,18.0,0.6,loam,early,159,drip,groundwater_well,16.0,0
farm_5,farm_5_field_2,2025-09-13,44.3,late,sugar_beet,16,18.0,0.0,loam,early,160,drip,groundwater_well,16.0,0
farm_5,farm_5_field_2,2025-09-14,42.0,late,sugar_beet,17,18.0,1.9,loam,early,161,drip,groundwater_well,16.0,1
farm_5,farm_5_field_2,2025-09-15,39.0,late,sugar_beet,18,18.0,0.5,loam,early,162,drip,groundwater_well,16.0,1
farm_5,farm_5_field_2,2025-09-16,36.8,late,sugar_beet,19,18.0,6.1,loam,early,163,drip,groundwater_well,16.0,1
farm_5,farm_5_field_2,2025-09-17,55.0,late,sugar_beet,1,18.0,2.5,loam,early,164,drip,groundwater_well,16.0,0
farm_5,farm_5_field_2,2025-09-18,56.5,late,sugar_beet,2,18.0,0.0,loam,early,165,drip,groundwater_well,16.0,0
farm_5,farm_5_field_2,2025-09-19,54.0,late,sugar_beet,3,18.0,0.0,loam,early,166,drip,groundwater_well,16.0,0
farm_5,farm_5_field_2,2025-09-20,55.5,late,sugar_beet,4,18.0,0.5,loam,early,167,drip,groundwater_well,16.0,0
farm_5,farm_5_field_2,2025-09-21,55.5,late,sugar_beet,5,18.0,0.0,loam,early,168,drip,groundwater_well,16.0,0
farm_5,farm_5_field_2,2025-09-22,55.5,late,sugar_beet,6,18.0,0.4,loam,early,169,drip,groundwater_well,16.0,0
farm_5,farm_5_field_2,2025-09-23,55.5,late,sugar_beet,7,18.0,0.0,loam,early,170,drip,groundwater_well,16.0,0
farm_5,farm_5_field_2,2025-09-24,55.5,late,sugar_beet,8,18.0,1.0,loam,early,171,drip,groundwater_well,16.0,0
farm_5,farm_5_field_2,2025-09-25,55.5,late,sugar_beet,9,18.0,0.0,loam,early,172,drip,groundwater_well,16.0,0
farm_5,farm_5_field_2,2025-09-26,43.1,late,sugar_beet,10,18.0,0.1,loam,early,173,drip,groundwater_well,16.0,0
farm_5,farm_5_field_2,2025-09-27,41.8,late,sugar_beet,11,18.0,0.0,loam,early,174,drip,groundwater_well,16.0,0
farm_5,farm_5_field_2,2025-09-28,43.6,late,sugar_beet,12,18.0,0.0,loam,early,175,drip,groundwater_well,16.0,0
farm_5,farm_5_field_2,2025-09-29,43.7,late,sugar_beet,13,18.0,0.0,loam,early,176,drip,groundwater_well,16.0,1
farm_5,farm_5_field_2,2025-09-30,39.7,late,sugar_beet,14,18.0,0.2,loam,early,177,drip,groundwater_well,16.0,1
farm_5,farm_5_field_2,2026-04-15,64.8,initial,sugar_beet,9,0.0,0.3,loam,early,9,drip,groundwater_well,16.0,0
farm_5,farm_5_field_2,2026-04-16,62.8,initial,sugar_beet,10,0.0,0.0,loam,early,10,drip,groundwater_well,16.0,0
farm_5,farm_5_field_2,2026-04-17,60.2,initial,sugar_beet,11,0.0,1.7,loam,early,11,drip,groundwater_well,16.0,0
farm_5,farm_5_field_2,2026-04-18,56.8,initial,sugar_beet,12,0.0,0.8,loam,early,12,drip,groundwater_well,16.0,0
farm_5,farm_5_field_2,2026-04-19,56.2,initial,sugar_beet,13,0.0,0.3,loam,early,13,drip,groundwater_well,16.0,0
farm_5,farm_5_field_2,2026-04-20,64.4,initial,sugar_beet,14,0.0,0.0,loam,early,14,drip,groundwater_well,16.0,0
farm_5,farm_5_field_2,2026-04-21,57.5,initial,sugar_beet,15,0.0,0.0,loam,early,15,drip,groundwater_well,16.0,0
farm_5,farm_5_field_2,2026-04-22,55.9,initial,sugar_beet,16,0.0,0.7,loam,early,16,drip,groundwater_well,16.0,0
farm_5,farm_5_field_2,2026-04-23,57.9,initial,sugar_beet,17,0.0,0.1,loam,early,17,drip,groundwater_well,16.0,0
farm_5,farm_5_field_2,2026-04-24,63.9,initial,sugar_beet,18,0.0,0.2,loam,early,18,drip,groundwater_well,16.0,0
farm_5,farm_5_field_2,2026-04-25,60.3,initial,sugar_beet,19,0.0,0.0,loam,early,19,drip,groundwater_well,16.0,0
farm_5,farm_5_field_2,2026-04-26,52.0,initial,sugar_beet,20,0.0,0.0,loam,early,20,drip,groundwater_well,16.0,0
farm_5,farm_5_field_2,2026-04-27,51.3,development,sugar_beet,21,0.0,0.3,loam,early,21,drip,groundwater_well,16.0,0
farm_5,farm_5_field_2,2026-04-28,57.2,development,sugar_beet,22,0.0,0.7,loam,early,22,drip,groundwater_well,16.0,0
farm_5,farm_5_field_2,2026-04-29,50.1,development,sugar_beet,23,0.0,0.4,loam,early,23,drip,groundwater_well,16.0,0
farm_5,farm_5_field_2,2026-04-30,48.4,development,sugar_beet,24,0.0,0.0,loam,early,24,drip,groundwater_well,16.0,1
farm_5,farm_5_field_2,2026-05-01,60.1,development,sugar_beet,1,18.0,0.5,loam,early,25,drip,groundwater_well,16.0,0
farm_5,farm_5_field_2,2026-05-02,68.2,development,sugar_beet,2,18.0,0.2,loam,early,26,drip,groundwater_well,16.0,0
farm_5,farm_5_field_2,2026-05-03,58.3,development,sugar_beet,3,18.0,11.8,loam,early,27,drip,groundwater_well,16.0,0
farm_5,farm_5_field_2,2026-05-04,64.3,development,sugar_beet,4,18.0,0.0,loam,early,28,drip,groundwater_well,16.0,0
farm_5,farm_5_field_2,2026-05-05,66.6,development,sugar_beet,5,18.0,5.9,loam,early,29,drip,groundwater_well,16.0,0
farm_5,farm_5_field_2,2026-05-06,69.1,development,sugar_beet,6,18.0,0.1,loam,early,30,drip,groundwater_well,16.0,0
farm_5,farm_5_field_2,2026-05-07,66.7,development,sugar_beet,7,18.0,10.0,loam,early,31,drip,groundwater_well,16.0,0
farm_5,farm_5_field_2,2026-05-08,69.0,development,sugar_beet,8,18.0,0.0,loam,early,32,drip,groundwater_well,16.0,0
farm_5,farm_5_field_2,2026-05-09,65.2,development,sugar_beet,9,18.0,0.0,loam,early,33,drip,groundwater_well,16.0,0
farm_5,farm_5_field_2,2026-05-10,68.7,development,sugar_beet,10,18.0,0.0,loam,early,34,drip,groundwater_well,16.0,0
farm_5,farm_5_field_2,2026-05-11,65.3,development,sugar_beet,11,18.0,0.1,loam,early,35,drip,groundwater_well,16.0,0
farm_5,farm_5_field_2,2026-05-12,62.3,development,sugar_beet,12,18.0,0.1,loam,early,36,drip,groundwater_well,16.0,0
farm_5,farm_5_field_2,2026-05-13,65.9,development,sugar_beet,13,18.0,3.4,loam,early,37,drip,groundwater_well,16.0,0
farm_5,farm_5_field_2,2026-05-14,67.7,development,sugar_beet,14,18.0,0.6,loam,early,38,drip,groundwater_well,16.0,0
farm_5,farm_5_field_2,2026-05-15,59.4,development,sugar_beet,15,18.0,0.0,loam,early,39,drip,groundwater_well,16.0,0
farm_5,farm_5_field_2,2026-05-16,60.7,development,sugar_beet,16,18.0,0.1,loam,early,40,drip,groundwater_well,16.0,0
farm_5,farm_5_field_2,2026-05-17,59.5,development,sugar_beet,17,18.0,0.1,loam,early,41,drip,groundwater_well,16.0,0
farm_5,farm_5_field_2,2026-05-18,50.1,development,sugar_beet,18,18.0,0.5,loam,early,42,drip,groundwater_well,16.0,0
farm_5,farm_5_field_2,2026-05-19,56.7,development,sugar_beet,19,18.0,0.0,loam,early,43,drip,groundwater_well,16.0,0
farm_5,farm_5_field_2,2026-05-20,52.8,development,sugar_beet,20,18.0,0.0,loam,early,44,drip,groundwater_well,16.0,0
farm_5,farm_5_field_2,2026-05-21,57.6,development,sugar_beet,21,18.0,19.1,loam,early,45,drip,groundwater_well,16.0,1
farm_5,farm_5_field_2,2026-05-22,81.3,development,sugar_beet,1,18.0,7.0,loam,early,46,drip,groundwater_well,16.0,0
farm_5,farm_5_field_2,2026-05-23,83.3,development,sugar_beet,2,18.0,0.0,loam,early,47,drip,groundwater_well,16.0,0
farm_5,farm_5_field_2,2026-05-24,79.2,development,sugar_beet,3,18.0,0.9,loam,early,48,drip,groundwater_well,16.0,0
farm_5,farm_5_field_2,2026-05-25,71.8,development,sugar_beet,4,18.0,0.0,loam,early,49,drip,groundwater_well,16.0,0
farm_5,farm_5_field_2,2026-05-26,77.3,development,sugar_beet,5,18.0,0.0,loam,early,50,drip,groundwater_well,16.0,0
farm_5,farm_5_field_2,2026-05-27,78.8,sensitive,sugar_beet,6,18.0,0.2,loam,early,51,drip,groundwater_well,16.0,0
farm_5,farm_5_field_2,2026-05-28,73.3,sensitive,sugar_beet,7,18.0,0.0,loam,early,52,drip,groundwater_well,16.0,0
farm_5,farm_5_field_2,2026-05-29,68.5,sensitive,sugar_beet,8,18.0,0.0,loam,early,53,drip,groundwater_well,16.0,0
farm_5,farm_5_field_2,2026-05-30,65.7,sensitive,sugar_beet,9,18.0,0.0,loam,early,54,drip,groundwater_well,16.0,0
farm_5,farm_5_field_2,2026-05-31,55.9,sensitive,sugar_beet,10,18.0,0.0,loam,early,55,drip,groundwater_well,16.0,0
farm_5,farm_5_field_2,2026-06-01,62.6,sensitive,sugar_beet,11,18.0,0.0,loam,early,56,drip,groundwater_well,16.0,1
farm_5,farm_5_field_2,2026-06-02,66.1,sensitive,sugar_beet,1,18.0,0.0,loam,early,57,drip,groundwater_well,16.0,0
farm_5,farm_5_field_2,2026-06-03,61.6,sensitive,sugar_beet,2,18.0,0.2,loam,early,58,drip,groundwater_well,16.0,0
farm_5,farm_5_field_2,2026-06-04,57.3,sensitive,sugar_beet,3,18.0,0.0,loam,early,59,drip,groundwater_well,16.0,0
farm_5,farm_5_field_2,2026-06-05,59.5,sensitive,sugar_beet,4,18.0,0.2,loam,early,60,drip,groundwater_well,16.0,1
farm_5,farm_5_field_2,2026-06-06,54.0,sensitive,sugar_beet,5,18.0,5.8,loam,early,61,drip,groundwater_well,16.0,1
farm_5,farm_5_field_2,2026-06-07,67.3,sensitive,sugar_beet,1,18.0,0.0,loam,early,62,drip,groundwater_well,16.0,0
farm_5,farm_5_field_2,2026-06-08,62.0,sensitive,sugar_beet,2,18.0,0.0,loam,early,63,drip,groundwater_well,16.0,0
farm_5,farm_5_field_2,2026-06-09,57.8,sensitive,sugar_beet,3,18.0,0.0,loam,early,64,drip,groundwater_well,16.0,0
farm_5,farm_5_field_2,2026-06-10,59.6,sensitive,sugar_beet,4,18.0,0.3,loam,early,65,drip,groundwater_well,16.0,1
farm_5,farm_5_field_2,2026-06-11,55.8,sensitive,sugar_beet,1,18.0,0.0,loam,early,66,drip,groundwater_well,16.0,0
farm_5,farm_5_field_2,2026-06-12,55.8,sensitive,sugar_beet,2,18.0,0.4,loam,early,67,drip,groundwater_well,16.0,1
farm_5,farm_5_field_2,2026-06-13,,sensitive,sugar_beet,1,18.0,0.0,loam,early,68,drip,groundwater_well,16.0,0
farm_5,farm_5_field_2,2026-06-14,55.8,sensitive,sugar_beet,2,18.0,0.0,loam,early,69,drip,groundwater_well,16.0,0
farm_5,farm_5_field_2,2026-06-15,55.8,sensitive,sugar_beet,3,18.0,0.3,loam,early,70,drip,groundwater_well,16.0,1
farm_5,farm_5_field_2,2026-06-16,65.0,sensitive,sugar_beet,1,18.0,0.0,loam,early,71,drip,groundwater_well,16.0,0
farm_5,farm_5_field_2,2026-06-17,57.1,sensitive,sugar_beet,2,18.0,0.0,loam,early,72,drip,groundwater_well,16.0,1
farm_5,farm_5_field_2,2026-06-18,64.8,sensitive,sugar_beet,1,18.0,0.2,loam,early,73,drip,groundwater_well,16.0,0
farm_5,farm_5_field_2,2026-06-19,64.8,sensitive,sugar_beet,2,18.0,0.0,loam,early,74,drip,groundwater_well,16.0,0
farm_5,farm_5_field_2,2026-06-20,64.8,sensitive,sugar_beet,3,18.0,0.0,loam,early,75,drip,groundwater_well,16.0,1
farm_5,farm_5_field_2,2026-06-21,64.8,sensitive,sugar_beet,4,18.0,0.2,loam,early,76,drip,groundwater_well,16.0,1
farm_5,farm_5_field_2,2026-06-22,64.8,sensitive,sugar_beet,5,18.0,0.2,loam,early,77,drip,groundwater_well,16.0,1
farm_5,farm_5_field_2,2026-06-23,64.8,sensitive,sugar_beet,1,18.0,0.1,loam,early,78,drip,groundwater_well,16.0,1
farm_5,farm_5_field_2,2026-06-24,64.8,sensitive,sugar_beet,1,18.0,0.0,loam,early,79,drip,groundwater_well,16.0,0
farm_5,farm_5_field_2,2026-06-25,64.8,sensitive,sugar_beet,2,18.0,1.6,loam,early,80,drip,groundwater_well,16.0,1
farm_5,farm_5_field_2,2026-06-26,63.5,sensitive,sugar_beet,1,18.0,0.3,loam,early,81,drip,groundwater_well,16.0,0
farm_5,farm_5_field_2,2026-06-27,60.1,sensitive,sugar_beet,2,18.0,0.2,loam,early,82,drip,groundwater_well,16.0,0
farm_5,farm_5_field_2,2026-06-28,50.0,sensitive,sugar_beet,3,18.0,0.1,loam,early,83,drip,groundwater_well,16.0,1
farm_5,farm_5_field_2,2026-06-29,46.3,sensitive,sugar_beet,4,18.0,0.0,loam,early,84,drip,groundwater_well,16.0,1
farm_5,farm_5_field_2,2026-06-30,48.9,sensitive,sugar_beet,1,18.0,0.0,loam,early,85,drip,groundwater_well,16.0,1
farm_5,farm_5_field_2,2026-07-01,57.9,sensitive,sugar_beet,1,18.0,0.3,loam,early,86,drip,groundwater_well,16.0,0
farm_5,farm_5_field_2,2026-07-02,50.1,sensitive,sugar_beet,2,18.0,0.3,loam,early,87,drip,groundwater_well,16.0,1
farm_5,farm_5_field_2,2026-07-03,56.5,sensitive,sugar_beet,1,18.0,0.0,loam,early,88,drip,groundwater_well,16.0,0
farm_5,farm_5_field_2,2026-07-04,56.9,sensitive,sugar_beet,2,18.0,0.0,loam,early,89,drip,groundwater_well,16.0,1
farm_5,farm_5_field_2,2026-07-05,47.9,sensitive,sugar_beet,3,18.0,0.0,loam,early,90,drip,groundwater_well,16.0,1
farm_5,farm_5_field_2,2026-07-06,37.6,sensitive,sugar_beet,4,18.0,0.0,loam,early,91,drip,groundwater_well,16.0,2
farm_5,farm_5_field_2,2026-07-07,48.0,sensitive,sugar_beet,1,18.0,0.4,loam,early,92,drip,groundwater_well,16.0,1
farm_5,farm_5_field_2,2026-07-08,41.8,late,sugar_beet,2,18.0,0.0,loam,early,93,drip,groundwater_well,16.0,0
farm_5,farm_5_field_2,2026-07-09,34.4,late,sugar_beet,3,18.0,0.0,loam,early,94,drip,groundwater_well,16.0,1
farm_5,farm_5_field_2,2026-07-10,53.0,late,sugar_beet,1,18.0,0.0,loam,early,95,drip,groundwater_well,16.0,0
farm_5,farm_5_field_2,2026-07-11,50.5,late,sugar_beet,2,18.0,0.0,loam,early,96,drip,groundwater_well,16.0,0
farm_5,farm_5_field_2,2026-07-12,43.3,late,sugar_beet,3,18.0,0.0,loam,early,97,drip,groundwater_well,16.0,0
farm_5,farm_5_field_2,2026-07-13,40.1,late,sugar_beet,4,18.0,0.2,loam,early,98,drip,groundwater_well,16.0,1
farm_5,farm_5_field_2,2026-07-14,49.8,late,sugar_beet,1,18.0,0.0,loam,early,99,drip,groundwater_well,16.0,0
farm_5,farm_5_field_2,2026-07-15,41.1,late,sugar_beet,2,18.0,0.0,loam,early,100,drip,groundwater_well,16.0,0
farm_5,farm_5_field_2,2026-07-16,46.3,late,sugar_beet,3,18.0,0.0,loam,early,101,drip,groundwater_well,16.0,0
farm_5,farm_5_field_2,2026-07-17,39.6,late,sugar_beet,4,18.0,0.3,loam,early,102,drip,groundwater_well,16.0,1
farm_5,farm_5_field_2,2026-07-18,32.7,late,sugar_beet,5,18.0,0.7,loam,early,103,drip,groundwater_well,16.0,1
farm_5,farm_5_field_2,2026-07-19,33.4,late,sugar_beet,6,18.0,0.2,loam,early,104,drip,groundwater_well,16.0,1
farm_5,farm_5_field_2,2026-07-20,33.3,late,sugar_beet,7,18.0,0.0,loam,early,105,drip,groundwater_well,16.0,1
farm_5,farm_5_field_2,2026-07-21,40.3,late,sugar_beet,1,18.0,0.2,loam,early,106,drip,groundwater_well,16.0,1
farm_5,farm_5_field_2,2026-07-22,43.2,late,sugar_beet,2,18.0,0.0,loam,early,107,drip,groundwater_well,16.0,1
farm_5,farm_5_field_2,2026-07-23,49.3,late,sugar_beet,1,18.0,0.0,loam,early,108,drip,groundwater_well,16.0,0
farm_5,farm_5_field_2,2026-07-24,38.9,late,sugar_beet,2,18.0,0.0,loam,early,109,drip,groundwater_well,16.0,0
farm_5,farm_5_field_2,2026-07-25,42.1,late,sugar_beet,3,18.0,0.0,loam,early,110,drip,groundwater_well,16.0,1
farm_5,farm_5_field_2,2026-07-26,33.9,late,sugar_beet,4,18.0,0.0,loam,early,111,drip,groundwater_well,16.0,1
farm_5,farm_5_field_2,2026-07-27,44.3,late,sugar_beet,1,18.0,0.1,loam,early,112,drip,groundwater_well,16.0,0
farm_5,farm_5_field_2,2026-07-28,43.9,late,sugar_beet,2,18.0,0.0,loam,early,113,drip,groundwater_well,16.0,0
farm_5,farm_5_field_2,2026-07-29,41.0,late,sugar_beet,3,18.0,0.0,loam,early,114,drip,groundwater_well,16.0,1
farm_5,farm_5_field_2,2026-07-30,38.0,late,sugar_beet,4,18.0,0.1,loam,early,115,drip,groundwater_well,16.0,1
farm_5,farm_5_field_2,2026-07-31,45.1,late,sugar_beet,1,18.0,9.6,loam,early,116,drip,groundwater_well,16.0,0
farm_5,farm_5_field_2,2026-08-01,59.5,late,sugar_beet,2,18.0,0.2,loam,early,117,drip,groundwater_well,16.0,0
farm_5,farm_5_field_2,2026-08-02,54.0,late,sugar_beet,3,18.0,0.0,loam,early,118,drip,groundwater_well,16.0,0
farm_5,farm_5_field_2,2026-08-03,49.5,late,sugar_beet,4,18.0,11.8,loam,early,119,drip,groundwater_well,16.0,0
farm_5,farm_5_field_2,2026-08-04,55.2,late,sugar_beet,5,18.0,0.0,loam,early,120,drip,groundwater_well,16.0,0
farm_5,farm_5_field_2,2026-08-05,49.6,late,sugar_beet,6,18.0,0.9,loam,early,121,drip,groundwater_well,16.0,0
farm_5,farm_5_field_2,2026-08-06,44.8,late,sugar_beet,7,18.0,0.1,loam,early,122,drip,groundwater_well,16.0,0
farm_5,farm_5_field_2,2026-08-07,45.8,late,sugar_beet,8,18.0,0.0,loam,early,123,drip,groundwater_well,16.0,0
farm_5,farm_5_field_2,2026-08-08,39.1,late,sugar_beet,9,18.0,0.0,loam,early,124,drip,groundwater_well,16.0,0
farm_5,farm_5_field_2,2026-08-09,40.3,late,sugar_beet,10,18.0,0.0,loam,early,125,drip,groundwater_well,16.0,1
farm_5,farm_5_field_2,2026-08-10,52.5,late,sugar_beet,1,18.0,2.3,loam,early,126,drip,groundwater_well,16.0,0
farm_5,farm_5_field_2,2026-08-11,56.8,late,sugar_beet,2,18.0,0.0,loam,early,127,drip,groundwater_well,16.0,0
farm_5,farm_5_field_2,2026-08-12,,late,sugar_beet,3,18.0,0.0,loam,early,128,drip,groundwater_well,16.0,0
farm_5,farm_5_field_2,2026-08-13,44.5,late,sugar_beet,4,18.0,0.0,loam,early,129,drip,groundwater_well,16.0,0
farm_5,farm_5_field_2,2026-08-14,46.1,late,sugar_beet,5,18.0,0.3,loam,early,130,drip,groundwater_well,16.0,1
farm_5,farm_5_field_2,2026-08-15,53.9,late,sugar_beet,1,18.0,0.6,loam,early,131,drip,groundwater_well,16.0,0
farm_5,farm_5_field_2,2026-08-16,55.4,late,sugar_beet,2,18.0,0.2,loam,early,132,drip,groundwater_well,16.0,0
farm_5,farm_5_field_2,2026-08-17,42.0,late,sugar_beet,3,18.0,0.8,loam,early,133,drip,groundwater_well,16.0,0
farm_5,farm_5_field_2,2026-08-18,44.4,late,sugar_beet,4,18.0,0.0,loam,early,134,drip,groundwater_well,16.0,0
farm_5,farm_5_field_2,2026-08-19,37.6,late,sugar_beet,5,18.0,0.5,loam,early,135,drip,groundwater_well,16.0,0
farm_5,farm_5_field_2,2026-08-20,41.1,late,sugar_beet,6,18.0,3.5,loam,early,136,drip,groundwater_well,16.0,1
farm_5,farm_5_field_2,2026-08-21,54.6,late,sugar_beet,1,18.0,0.0,loam,early,137,drip,groundwater_well,16.0,0
farm_5,farm_5_field_2,2026-08-22,55.8,late,sugar_beet,2,18.0,0.2,loam,early,138,drip,groundwater_well,16.0,0
farm_5,farm_5_field_2,2026-08-23,53.9,late,sugar_beet,3,18.0,0.2,loam,early,139,drip,groundwater_well,16.0,0
farm_5,farm_5_field_2,2026-08-24,50.9,late,sugar_beet,4,18.0,0.0,loam,early,140,drip,groundwater_well,16.0,0
farm_5,farm_5_field_2,2026-08-25,44.1,late,sugar_beet,5,18.0,0.0,loam,early,141,drip,groundwater_well,16.0,0
farm_5,farm_5_field_2,2026-08-26,40.6,late,sugar_beet,6,18.0,0.2,loam,early,142,drip,groundwater_well,16.0,0
farm_5,farm_5_field_2,2026-08-27,48.1,late,sugar_beet,7,18.0,0.0,loam,early,143,drip,groundwater_well,16.0,0
farm_5,farm_5_field_2,2026-08-28,36.1,late,sugar_beet,8,18.0,4.8,loam,early,144,drip,groundwater_well,16.0,1
farm_5,farm_5_field_2,2026-08-29,54.3,late,sugar_beet,1,18.0,0.4,loam,early,145,drip,groundwater_well,16.0,0
farm_5,farm_5_field_2,2026-08-30,52.5,late,sugar_beet,2,18.0,0.0,loam,early,146,drip,groundwater_well,16.0,0
farm_5,farm_5_field_2,2026-08-31,57.9,late,sugar_beet,3,18.0,0.0,loam,early,147,drip,groundwater_well,16.0,0
farm_5,farm_5_field_2,2026-09-01,48.6,late,sugar_beet,4,18.0,0.5,loam,early,148,drip,groundwater_well,16.0,0
farm_5,farm_5_field_2,2026-09-02,42.9,late,sugar_beet,5,18.0,0.2,loam,early,149,drip,groundwater_well,16.0,0
farm_5,farm_5_field_2,2026-09-03,45.8,late,sugar_beet,6,18.0,0.5,loam,early,150,drip,groundwater_well,16.0,0
farm_5,farm_5_field_2,2026-09-04,42.9,late,sugar_beet,7,18.0,0.0,loam,early,151,drip,groundwater_well,16.0,0
farm_5,farm_5_field_2,2026-09-05,45.4,late,sugar_beet,8,18.0,0.0,loam,early,152,drip,groundwater_well,16.0,0
farm_5,farm_5_field_2,2026-09-06,43.5,late,sugar_beet,9,18.0,0.0,loam,early,153,drip,groundwater_well,16.0,1
farm_5,farm_5_field_2,2026-09-07,34.3,late,sugar_beet,10,18.0,0.4,loam,early,154,drip,groundwater_well,16.0,1
farm_5,farm_5_field_2,2026-09-08,36.5,late,sugar_beet,11,18.0,0.8,loam,early,155,drip,groundwater_well,16.0,1
farm_5,farm_5_field_2,2026-09-09,49.3,late,sugar_beet,1,18.0,0.0,loam,early,156,drip,groundwater_well,16.0,0
farm_5,farm_5_field_2,2026-09-10,43.2,late,sugar_beet,2,18.0,0.0,loam,early,157,drip,groundwater_well,16.0,0
farm_5,farm_5_field_2,2026-09-11,45.4,late,sugar_beet,3,18.0,0.1,loam,early,158,drip,groundwater_well,16.0,0
farm_5,farm_5_field_2,2026-09-12,41.7,late,sugar_beet,4,18.0,0.0,loam,early,159,drip,groundwater_well,16.0,0
farm_5,farm_5_field_2,2026-09-13,41.8,late,sugar_beet,5,18.0,0.3,loam,early,160,drip,groundwater_well,16.0,1
farm_5,farm_5_field_2,2026-09-14,44.7,late,sugar_beet,6,18.0,0.0,loam,early,161,drip,groundwater_well,16.0,1
farm_5,farm_5_field_2,2026-09-15,,late,sugar_beet,7,18.0,0.0,loam,early,162,drip,groundwater_well,16.0,1
farm_5,farm_5_field_2,2026-09-16,35.0,late,sugar_beet,8,18.0,0.4,loam,early,163,drip,groundwater_well,16.0,1
farm_5,farm_5_field_2,2026-09-17,30.3,late,sugar_beet,9,18.0,0.0,loam,early,164,drip,groundwater_well,16.0,1
farm_5,farm_5_field_2,2026-09-18,31.1,late,sugar_beet,10,18.0,0.0,loam,early,165,drip,groundwater_well,16.0,1
farm_5,farm_5_field_2,2026-09-19,50.4,late,sugar_beet,1,18.0,0.7,loam,early,166,drip,groundwater_well,16.0,0
farm_5,farm_5_field_2,2026-09-20,43.5,late,sugar_beet,2,18.0,0.2,loam,early,167,drip,groundwater_well,16.0,0
farm_5,farm_5_field_2,2026-09-21,40.1,late,sugar_beet,3,18.0,0.0,loam,early,168,drip,groundwater_well,16.0,0
farm_5,farm_5_field_2,2026-09-22,35.8,late,sugar_beet,4,18.0,0.8,loam,early,169,drip,groundwater_well,16.0,1
farm_5,farm_5_field_2,2026-09-23,39.9,late,sugar_beet,5,18.0,0.0,loam,early,170,drip,groundwater_well,16.0,1
farm_5,farm_5_field_2,2026-09-24,51.3,late,sugar_beet,1,18.0,0.4,loam,early,171,drip,groundwater_well,16.0,0
farm_5,farm_5_field_2,2026-09-25,45.9,late,sugar_beet,2,18.0,0.2,loam,early,172,drip,groundwater_well,16.0,0
farm_5,farm_5_field_2,2026-09-26,47.9,late,sugar_beet,3,18.0,0.0,loam,early,173,drip,groundwater_well,16.0,0
farm_5,farm_5_field_2,2026-09-27,44.7,late,sugar_beet,4,18.0,3.1,loam,early,174,drip,groundwater_well,16.0,0
farm_5,farm_5_field_2,2026-09-28,47.7,late,sugar_beet,5,18.0,0.0,loam,early,175,drip,groundwater_well,16.0,0
farm_5,farm_5_field_2,2026-09-29,42.8,late,sugar_beet,6,18.0,0.2,loam,early,176,drip,groundwater_well,16.0,0
farm_5,farm_5_field_2,2026-09-30,38.7,late,sugar_beet,7,18.0,0.0,loam,early,177,drip,groundwater_well,16.0,0
farm_5,farm_5_field_3,2025-04-15,51.7,initial,sugar_beet,3,0.0,0.4,loam,late,3,drip,groundwater_well,45.5,0
farm_5,farm_5_field_3,2025-04-16,51.8,initial,sugar_beet,4,0.0,4.9,loam,late,4,drip,groundwater_well,45.5,0
farm_5,farm_5_field_3,2025-04-17,,initial,sugar_beet,5,0.0,0.1,loam,late,5,drip,groundwater_well,45.5,0
farm_5,farm_5_field_3,2025-04-18,59.9,initial,sugar_beet,6,0.0,0.0,loam,late,6,drip,groundwater_well,45.5,0
farm_5,farm_5_field_3,2025-04-19,61.4,initial,sugar_beet,7,0.0,0.0,loam,late,7,drip,groundwater_well,45.5,0
farm_5,farm_5_field_3,2025-04-20,55.1,initial,sugar_beet,8,0.0,0.7,loam,late,8,drip,groundwater_well,45.5,0
farm_5,farm_5_field_3,2025-04-21,56.9,initial,sugar_beet,9,0.0,0.0,loam,late,9,drip,groundwater_well,45.5,0
farm_5,farm_5_field_3,2025-04-22,59.7,initial,sugar_beet,10,0.0,5.3,loam,late,10,drip,groundwater_well,45.5,0
farm_5,farm_5_field_3,2025-04-23,59.6,initial,sugar_beet,11,0.0,0.5,loam,late,11,drip,groundwater_well,45.5,0
farm_5,farm_5_field_3,2025-04-24,66.2,initial,sugar_beet,12,0.0,0.8,loam,late,12,drip,groundwater_well,45.5,0
farm_5,farm_5_field_3,2025-04-25,57.7,initial,sugar_beet,13,0.0,0.0,loam,late,13,drip,groundwater_well,45.5,0
farm_5,farm_5_field_3,2025-04-26,60.2,initial,sugar_beet,14,0.0,0.1,loam,late,14,drip,groundwater_well,45.5,0
farm_5,farm_5_field_3,2025-04-27,57.7,initial,sugar_beet,15,0.0,6.1,loam,late,15,drip,groundwater_well,45.5,0
farm_5,farm_5_field_3,2025-04-28,63.3,initial,sugar_beet,16,0.0,0.5,loam,late,16,drip,groundwater_well,45.5,0
farm_5,farm_5_field_3,2025-04-29,63.7,initial,sugar_beet,17,0.0,0.2,loam,late,17,drip,groundwater_well,45.5,0
farm_5,farm_5_field_3,2025-04-30,57.5,initial,sugar_beet,18,0.0,1.0,loam,late,18,drip,groundwater_well,45.5,0
farm_5,farm_5_field_3,2025-05-01,61.6,initial,sugar_beet,19,0.0,0.0,loam,late,19,drip,groundwater_well,45.5,0
farm_5,farm_5_field_3,2025-05-02,56.6,initial,sugar_beet,20,0.0,0.0,loam,late,20,drip,groundwater_well,45.5,0
farm_5,farm_5_field_3,2025-05-03,61.2,initial,sugar_beet,21,0.0,3.5,loam,late,21,drip,groundwater_well,45.5,0
farm_5,farm_5_field_3,2025-05-04,61.7,initial,sugar_beet,22,0.0,0.0,loam,late,22,drip,groundwater_well,45.5,0
farm_5,farm_5_field_3,2025-05-05,60.5,initial,sugar_beet,23,0.0,0.0,loam,late,23,drip,groundwater_well,45.5,0
farm_5,farm_5_field_3,2025-05-06,60.5,initial,sugar_beet,24,0.0,0.0,loam,late,24,drip,groundwater_well,45.5,0
farm_5,farm_5_field_3,2025-05-07,64.7,initial,sugar_beet,25,0.0,0.2,loam,late,25,drip,groundwater_well,45.5,0
farm_5,farm_5_field_3,2025-05-08,57.1,initial,sugar_beet,26,0.0,0.0,loam,late,26,drip,groundwater_well,45.5,0
farm_5,farm_5_field_3,2025-05-09,53.6,initial,sugar_beet,27,0.0,0.8,loam,late,27,drip,groundwater_well,45.5,0
farm_5,farm_5_field_3,2025-05-10,55.9,initial,sugar_beet,28,0.0,0.2,loam,late,28,drip,groundwater_well,45.5,0
farm_5,farm_5_field_3,2025-05-11,61.5,development,sugar_beet,29,0.0,0.6,loam,late,29,drip,groundwater_well,45.5,0
farm_5,farm_5_field_3,2025-05-12,57.6,development,sugar_beet,30,0.0,0.7,loam,late,30,drip,groundwater_well,45.5,0
farm_5,farm_5_field_3,2025-05-13,54.8,development,sugar_beet,31,0.0,0.6,loam,late,31,drip,groundwater_well,45.5,0
farm_5,farm_5_field_3,2025-05-14,51.7,development,sugar_beet,32,0.0,0.0,loam,late,32,drip,groundwater_well,45.5,0
farm_5,farm_5_field_3,2025-05-15,57.3,development,sugar_beet,33,0.0,1.0,loam,late,33,drip,groundwater_well,45.5,0
farm_5,farm_5_field_3,2025-05-16,47.6,development,sugar_beet,34,0.0,0.0,loam,late,34,drip,groundwater_well,45.5,0
farm_5,farm_5_field_3,2025-05-17,49.4,development,sugar_beet,35,0.0,8.6,loam,late,35,drip,groundwater_well,45.5,0
farm_5,farm_5_field_3,2025-05-18,55.1,development,sugar_beet,36,0.0,0.9,loam,late,36,drip,groundwater_well,45.5,0
farm_5,farm_5_field_3,2025-05-19,52.9,development,sugar_beet,37,0.0,11.6,loam,late,37,drip,groundwater_well,45.5,0
farm_5,farm_5_field_3,2025-05-20,55.4,development,sugar_beet,38,0.0,0.1,loam,late,38,drip,groundwater_well,45.5,0
farm_5,farm_5_field_3,2025-05-21,59.1,development,sugar_beet,39,0.0,7.0,loam,late,39,drip,groundwater_well,45.5,0
farm_5,farm_5_field_3,2025-05-22,59.9,development,sugar_beet,40,0.0,0.2,loam,late,40,drip,groundwater_well,45.5,0
farm_5,farm_5_field_3,2025-05-23,64.6,development,sugar_beet,41,0.0,0.4,loam,late,41,drip,groundwater_well,45.5,0
farm_5,farm_5_field_3,2025-05-24,57.2,development,sugar_beet,42,0.0,0.0,loam,late,42,drip,groundwater_well,45.5,0
farm_5,farm_5_field_3,2025-05-25,54.8,development,sugar_beet,43,0.0,5.1,loam,late,43,drip,groundwater_well,45.5,0
farm_5,farm_5_field_3,2025-05-26,59.6,development,sugar_beet,44,0.0,0.5,loam,late,44,drip,groundwater_well,45.5,0
farm_5,farm_5_field_3,2025-05-27,58.6,development,sugar_beet,45,0.0,0.3,loam,late,45,drip,groundwater_well,45.5,0
farm_5,farm_5_field_3,2025-05-28,55.9,development,sugar_beet,46,0.0,0.0,loam,late,46,drip,groundwater_well,45.5,0
farm_5,farm_5_field_3,2025-05-29,54.9,development,sugar_beet,47,0.0,0.5,loam,late,47,drip,groundwater_well,45.5,0
farm_5,farm_5_field_3,2025-05-30,57.9,development,sugar_beet,48,0.0,0.1,loam,late,48,drip,groundwater_well,45.5,0
farm_5,farm_5_field_3,2025-05-31,41.7,development,sugar_beet,49,0.0,0.0,loam,late,49,drip,groundwater_well,45.5,1
farm_5,farm_5_field_3,2025-06-01,59.0,development,sugar_beet,1,18.0,0.0,loam,late,50,drip,groundwater_well,45.5,0
farm_5,farm_5_field_3,2025-06-02,56.9,development,sugar_beet,2,18.0,0.4,loam,late,51,drip,groundwater_well,45.5,0
farm_5,farm_5_field_3,2025-06-03,53.0,development,sugar_beet,3,18.0,0.1,loam,late,52,drip,groundwater_well,45.5,0
farm_5,farm_5_field_3,2025-06-04,53.1,development,sugar_beet,4,18.0,0.0,loam,late,53,drip,groundwater_well,45.5,0
farm_5,farm_5_field_3,2025-06-05,52.3,development,sugar_beet,5,18.0,0.3,loam,late,54,drip,groundwater_well,45.5,0
farm_5,farm_5_field_3,2025-06-06,52.3,development,sugar_beet,6,18.0,0.2,loam,late,55,drip,groundwater_well,45.5,1
farm_5,farm_5_field_3,2025-06-07,47.4,development,sugar_beet,7,18.0,26.0,loam,late,56,drip,groundwater_well,45.5,1
farm_5,farm_5_field_3,2025-06-08,64.1,development,sugar_beet,8,18.0,24.6,loam,late,57,drip,groundwater_well,45.5,0
farm_5,farm_5_field_3,2025-06-09,80.8,development,sugar_beet,9,18.0,0.3,loam,late,58,drip,groundwater_well,45.5,0
farm_5,farm_5_field_3,2025-06-10,78.6,development,sugar_beet,10,18.0,0.3,loam,late,59,drip,groundwater_well,45.5,0
farm_5,farm_5_field_3,2025-06-11,78.6,development,sugar_beet,11,18.0,0.0,loam,late,60,drip,groundwater_well,45.5,0
farm_5,farm_5_field_3,2025-06-12,78.6,development,sugar_beet,12,18.0,0.0,loam,late,61,drip,groundwater_well,45.5,0
farm_5,farm_5_field_3,2025-06-13,78.6,development,sugar_beet,13,18.0,0.0,loam,late,62,drip,groundwater_well,45.5,0
farm_5,farm_5_field_3,2025-06-14,78.6,development,sugar_beet,14,18.0,0.3,loam,late,63,drip,groundwater_well,45.5,0
farm_5,farm_5_field_3,2025-06-15,72.3,development,sugar_beet,15,18.0,0.0,loam,late,64,drip,groundwater_well,45.5,0
farm_5,farm_5_field_3,2025-06-16,57.5,development,sugar_beet,16,18.0,0.0,loam,late,65,drip,groundwater_well,45.5,0
farm_5,farm_5_field_3,2025-06-17,60.2,development,sugar_beet,17,18.0,3.1,loam,late,66,drip,groundwater_well,45.5,0
farm_5,farm_5_field_3,2025-06-18,57.9,development,sugar_beet,18,18.0,31.2,loam,late,67,drip,groundwater_well,45.5,0
farm_5,farm_5_field_3,2025-06-19,77.2,development,sugar_beet,19,18.0,0.0,loam,late,68,drip,groundwater_well,45.5,0
farm_5,farm_5_field_3,2025-06-20,77.3,sensitive,sugar_beet,20,18.0,0.6,loam,late,69,drip,groundwater_well,45.5,0
farm_5,farm_5_field_3,2025-06-21,79.6,sensitive,sugar_beet,21,18.0,0.5,loam,late,70,drip,groundwater_well,45.5,0
farm_5,farm_5_field_3,2025-06-22,74.8,sensitive,sugar_beet,22,18.0,0.0,loam,late,71,drip,groundwater_well,45.5,0
farm_5,farm_5_field_3,2025-06-23,71.6,sensitive,sugar_beet,23,18.0,0.0,loam,late,72,drip,groundwater_well,45.5,0
farm_5,farm_5_field_3,2025-06-24,68.4,sensitive,sugar_beet,24,18.0,0.0,loam,late,73,drip,groundwater_well,45.5,0
farm_5,farm_5_field_3,2025-06-25,56.3,sensitive,sugar_beet,25,18.0,0.2,loam,late,74,drip,groundwater_well,45.5,0
farm_5,farm_5_field_3,2025-06-26,58.7,sensitive,sugar_beet,26,18.0,0.1,loam,late,75,drip,groundwater_well,45.5,0
farm_5,farm_5_field_3,2025-06-27,53.4,sensitive,sugar_beet,27,18.0,0.0,loam,late,76,drip,groundwater_well,45.5,0
farm_5,farm_5_field_3,2025-06-28,55.5,sensitive,sugar_beet,28,18.0,4.4,loam,late,77,drip,groundwater_well,45.5,1
farm_5,farm_5_field_3,2025-06-29,68.7,sensitive,sugar_beet,1,18.0,0.0,loam,late,78,drip,groundwater_well,45.5,0
farm_5,farm_5_field_3,2025-06-30,62.5,sensitive,sugar_beet,2,18.0,0.7,loam,late,79,drip,groundwater_well,45.5,0
farm_5,farm_5_field_3,2025-07-01,59.0,sensitive,sugar_beet,3,18.0,0.0,loam,late,80,drip,groundwater_well,45.5,0
farm_5,farm_5_field_3,2025-07-02,55.9,sensitive,sugar_beet,4,18.0,0.1,loam,late,81,drip,groundwater_well,45.5,0
farm_5,farm_5_field_3,2025-07-03,49.3,sensitive,sugar_beet,5,18.0,0.6,loam,late,82,drip,groundwater_well,45.5,1
farm_5,farm_5_field_3,2025-07-04,46.3,sensitive,sugar_beet,6,18.0,0.1,loam,late,83,drip,groundwater_well,45.5,1
farm_5,farm_5_field_3,2025-07-05,43.4,sensitive,sugar_beet,7,18.0,0.6,loam,late,84,drip,groundwater_well,45.5,1
farm_5,farm_5_field_3,2025-07-06,36.7,sensitive,sugar_beet,8,18.0,0.7,loam,late,85,drip,groundwater_well,45.5,2
farm_5,farm_5_field_3,2025-07-07,45.8,sensitive,sugar_beet,1,18.0,0.6,loam,late,86,drip,groundwater_well,45.5,1
farm_5,farm_5_field_3,2025-07-08,42.5,sensitive,sugar_beet,2,18.0,0.2,loam,late,87,drip,groundwater_well,45.5,1
farm_5,farm_5_field_3,2025-07-09,36.1,sensitive,sugar_beet,3,18.0,0.5,loam,late,88,drip,groundwater_well,45.5,2
farm_5,farm_5_field_3,2025-07-10,47.0,sensitive,sugar_beet,1,18.0,0.0,loam,late,89,drip,groundwater_well,45.5,1
farm_5,farm_5_field_3,2025-07-11,48.9,sensitive,sugar_beet,1,18.0,0.0,loam,late,90,drip,groundwater_well,45.5,0
farm_5,farm_5_field_3,2025-07-12,47.4,sensitive,sugar_beet,2,18.0,0.0,loam,late,91,drip,groundwater_well,45.5,1
farm_5,farm_5_field_3,2025-07-13,58.5,sensitive,sugar_beet,1,18.0,1.0,loam,late,92,drip,groundwater_well,45.5,0
farm_5,farm_5_field_3,2025-07-14,60.0,sensitive,sugar_beet,2,18.0,0.0,loam,late,93,drip,groundwater_well,45.5,0
farm_5,farm_5_field_3,2025-07-15,50.0,sensitive,sugar_beet,3,18.0,0.2,loam,late,94,drip,groundwater_well,45.5,1
farm_5,farm_5_field_3,2025-07-16,66.4,sensitive,sugar_beet,1,18.0,1.1,loam,late,95,drip,groundwater_well,45.5,0
farm_5,farm_5_field_3,2025-07-17,59.0,sensitive,sugar_beet,2,18.0,0.1,loam,late,96,drip,groundwater_well,45.5,0
farm_5,farm_5_field_3,2025-07-18,54.7,sensitive,sugar_beet,3,18.0,3.2,loam,late,97,drip,groundwater_well,45.5,0
farm_5,farm_5_field_3,2025-07-19,59.0,sensitive,sugar_beet,4,18.0,14.4,loam,late,98,drip,groundwater_well,45.5,0
farm_5,farm_5_field_3,2025-07-20,61.3,sensitive,sugar_beet,5,18.0,0.1,loam,late,99,drip,groundwater_well,45.5,0
farm_5,farm_5_field_3,2025-07-21,57.9,sensitive,sugar_beet,6,18.0,0.2,loam,late,100,drip,groundwater_well,45.5,0
farm_5,farm_5_field_3,2025-07-22,56.6,sensitive,sugar_beet,7,18.0,0.6,loam,late,101,drip,groundwater_well,45.5,0
farm_5,farm_5_field_3,2025-07-23,57.2,sensitive,sugar_beet,8,18.0,0.1,loam,late,102,drip,groundwater_well,45.5,1
farm_5,farm_5_field_3,2025-07-24,45.0,sensitive,sugar_beet,9,18.0,0.6,loam,late,103,drip,groundwater_well,45.5,1
farm_5,farm_5_field_3,2025-07-25,58.9,sensitive,sugar_beet,1,18.0,0.0,loam,late,104,drip,groundwater_well,45.5,0
farm_5,farm_5_field_3,2025-07-26,50.6,sensitive,sugar_beet,2,18.0,0.0,loam,late,105,drip,groundwater_well,45.5,1
farm_5,farm_5_field_3,2025-07-27,60.8,sensitive,sugar_beet,1,18.0,3.3,loam,late,106,drip,groundwater_well,45.5,0
farm_5,farm_5_field_3,2025-07-28,65.2,sensitive,sugar_beet,2,18.0,0.1,loam,late,107,drip,groundwater_well,45.5,0
farm_5,farm_5_field_3,2025-07-29,50.7,sensitive,sugar_beet,3,18.0,9.6,loam,late,108,drip,groundwater_well,45.5,0
farm_5,farm_5_field_3,2025-07-30,53.1,sensitive,sugar_beet,4,18.0,0.2,loam,late,109,drip,groundwater_well,45.5,0
farm_5,farm_5_field_3,2025-07-31,51.7,sensitive,sugar_beet,5,18.0,0.9,loam,late,110,drip,groundwater_well,45.5,0
farm_5,farm_5_field_3,2025-08-01,56.0,sensitive,sugar_beet,6,18.0,0.0,loam,late,111,drip,groundwater_well,45.5,1
farm_5,farm_5_field_3,2025-08-02,54.1,sensitive,sugar_beet,7,18.0,0.2,loam,late,112,drip,groundwater_well,45.5,1
farm_5,farm_5_field_3,2025-08-03,51.8,sensitive,sugar_beet,8,18.0,0.0,loam,late,113,drip,groundwater_well,45.5,1
farm_5,farm_5_field_3,2025-08-04,53.6,sensitive,sugar_beet,1,18.0,1.1,loam,late,114,drip,groundwater_well,45.5,0
farm_5,farm_5_field_3,2025-08-05,53.6,sensitive,sugar_beet,2,18.0,0.0,loam,late,115,drip,groundwater_well,45.5,1
farm_5,farm_5_field_3,2025-08-06,53.6,sensitive,sugar_beet,1,18.0,11.1,loam,late,116,drip,groundwater_well,45.5,0
farm_5,farm_5_field_3,2025-08-07,53.6,sensitive,sugar_beet,2,18.0,0.0,loam,late,117,drip,groundwater_well,45.5,0
farm_5,farm_5_field_3,2025-08-08,53.6,sensitive,sugar_beet,3,18.0,0.0,loam,late,118,drip,groundwater_well,45.5,0
farm_5,farm_5_field_3,2025-08-09,53.6,sensitive,sugar_beet,4,18.0,0.4,loam,late,119,drip,groundwater_well,45.5,0
farm_5,farm_5_field_3,2025-08-10,53.6,sensitive,sugar_beet,5,18.0,0.0,loam,late,120,drip,groundwater_well,45.5,0
farm_5,farm_5_field_3,2025-08-11,53.6,sensitive,sugar_beet,6,18.0,2.2,loam,late,121,drip,groundwater_well,45.5,1
farm_5,farm_5_field_3,2025-08-12,53.6,sensitive,sugar_beet,1,18.0,0.0,loam,late,122,drip,groundwater_well,45.5,0
farm_5,farm_5_field_3,2025-08-13,58.1,sensitive,sugar_beet,2,18.0,0.6,loam,late,123,drip,groundwater_well,45.5,0
farm_5,farm_5_field_3,2025-08-14,57.0,sensitive,sugar_beet,3,18.0,0.6,loam,late,124,drip,groundwater_well,45.5,0
farm_5,farm_5_field_3,2025-08-15,55.0,sensitive,sugar_beet,4,18.0,0.0,loam,late,125,drip,groundwater_well,45.5,0
farm_5,farm_5_field_3,2025-08-16,46.3,late,sugar_beet,5,18.0,0.0,loam,late,126,drip,groundwater_well,45.5,0
farm_5,farm_5_field_3,2025-08-17,45.9,late,sugar_beet,6,18.0,0.4,loam,late,127,drip,groundwater_well,45.5,0
farm_5,farm_5_field_3,2025-08-18,47.4,late,sugar_beet,7,18.0,0.0,loam,late,128,drip,groundwater_well,45.5,0
farm_5,farm_5_field_3,2025-08-19,39.0,late,sugar_beet,8,18.0,0.1,loam,late,129,drip,groundwater_well,45.5,0
farm_5,farm_5_field_3,2025-08-20,40.5,late,sugar_beet,9,18.0,0.5,loam,late,130,drip,groundwater_well,45.5,0
farm_5,farm_5_field_3,2025-08-21,43.2,late,sugar_beet,10,18.0,0.0,loam,late,131,drip,groundwater_well,45.5,0
farm_5,farm_5_field_3,2025-08-22,39.3,late,sugar_beet,11,18.0,0.5,loam,late,132,drip,groundwater_well,45.5,1
farm_5,farm_5_field_3,2025-08-23,38.4,late,sugar_beet,12,18.0,0.5,loam,late,133,drip,groundwater_well,45.5,1
farm_5,farm_5_field_3,2025-08-24,44.2,late,sugar_beet,1,18.0,0.0,loam,late,134,drip,groundwater_well,45.5,0
farm_5,farm_5_field_3,2025-08-25,49.3,late,sugar_beet,2,18.0,0.0,loam,late,135,drip,groundwater_well,45.5,0
farm_5,farm_5_field_3,2025-08-26,48.5,late,sugar_beet,3,18.0,0.0,loam,late,136,drip,groundwater_well,45.5,0
farm_5,farm_5_field_3,2025-08-27,43.2,late,sugar_beet,4,18.0,0.0,loam,late,137,drip,groundwater_well,45.5,0
farm_5,farm_5_field_3,2025-08-28,42.1,late,sugar_beet,5,18.0,21.6,loam,late,138,drip,groundwater_well,45.5,0
farm_5,farm_5_field_3,2025-08-29,54.0,late,sugar_beet,6,18.0,0.0,loam,late,139,drip,groundwater_well,45.5,0
farm_5,farm_5_field_3,2025-08-30,47.1,late,sugar_beet,7,18.0,0.5,loam,late,140,drip,groundwater_well,45.5,0
farm_5,farm_5_field_3,2025-08-31,52.3,late,sugar_beet,8,18.0,0.1,loam,late,141,drip,groundwater_well,45.5,0
farm_5,farm_5_field_3,2025-09-01,46.9,late,sugar_beet,9,18.0,0.3,loam,late,142,drip,groundwater_well,45.5,0
farm_5,farm_5_field_3,2025-09-02,47.0,late,sugar_beet,10,18.0,0.0,loam,late,143,drip,groundwater_well,45.5,0
farm_5,farm_5_field_3,2025-09-03,41.9,late,sugar_beet,11,18.0,0.4,loam,late,144,drip,groundwater_well,45.5,0
farm_5,farm_5_field_3,2025-09-04,44.8,late,sugar_beet,12,18.0,0.0,loam,late,145,drip,groundwater_well,45.5,0
farm_5,farm_5_field_3,2025-09-05,47.6,late,sugar_beet,13,18.0,0.1,loam,late,146,drip,groundwater_well,45.5,0
farm_5,farm_5_field_3,2025-09-06,43.9,late,sugar_beet,14,18.0,0.2,loam,late,147,drip,groundwater_well,45.5,0
farm_5,farm_5_field_3,2025-09-07,39.1,late,sugar_beet,15,18.0,0.0,loam,late,148,drip,groundwater_well,45.5,0
farm_5,farm_5_field_3,2025-09-08,39.8,late,sugar_beet,16,18.0,0.0,loam,late,149,drip,groundwater_well,45.5,1
farm_5,farm_5_field_3,2025-09-09,50.1,late,sugar_beet,1,18.0,0.3,loam,late,150,drip,groundwater_well,45.5,0
farm_5,farm_5_field_3,2025-09-10,45.5,late,sugar_beet,2,18.0,0.1,loam,late,151,drip,groundwater_well,45.5,0
farm_5,farm_5_field_3,2025-09-11,48.0,late,sugar_beet,3,18.0,0.0,loam,late,152,drip,groundwater_well,45.5,0
farm_5,farm_5_field_3,2025-09-12,45.6,late,sugar_beet,4,18.0,0.6,loam,late,153,drip,groundwater_well,45.5,0
farm_5,farm_5_field_3,2025-09-13,40.1,late,sugar_beet,5,18.0,0.0,loam,late,154,drip,groundwater_well,45.5,0
farm_5,farm_5_field_3,2025-09-14,42.8,late,sugar_beet,6,18.0,1.9,loam,late,155,drip,groundwater_well,45.5,0
farm_5,farm_5_field_3,2025-09-15,47.6,late,sugar_beet,7,18.0,0.5,loam,late,156,drip,groundwater_well,45.5,0
farm_5,farm_5_field_3,2025-09-16,38.6,late,sugar_beet,8,18.0,6.1,loam,late,157,drip,groundwater_well,45.5,0
farm_5,farm_5_field_3,2025-09-17,39.0,late,sugar_beet,9,18.0,2.5,loam,late,158,drip,groundwater_well,45.5,0
farm_5,farm_5_field_3,2025-09-18,47.2,late,sugar_beet,10,18.0,0.0,loam,late,159,drip,groundwater_well,45.5,0
farm_5,farm_5_field_3,2025-09-19,41.6,late,sugar_beet,11,18.0,0.0,loam,late,160,drip,groundwater_well,45.5,0
farm_5,farm_5_field_3,2025-09-20,42.2,late,sugar_beet,12,18.0,0.5,loam,late,161,drip,groundwater_well,45.5,0
farm_5,farm_5_field_3,2025-09-21,45.6,late,sugar_beet,13,18.0,0.0,loam,late,162,drip,groundwater_well,45.5,0
farm_5,farm_5_field_3,2025-09-22,37.0,late,sugar_beet,14,18.0,0.4,loam,late,163,drip,groundwater_well,45.5,1
farm_5,farm_5_field_3,2025-09-23,51.9,late,sugar_beet,1,18.0,0.0,loam,late,164,drip,groundwater_well,45.5,0
farm_5,farm_5_field_3,2025-09-24,46.2,late,sugar_beet,2,18.0,1.0,loam,late,165,drip,groundwater_well,45.5,0
farm_5,farm_5_field_3,2025-09-25,44.3,late,sugar_beet,3,18.0,0.0,loam,late,166,drip,groundwater_well,45.5,0
farm_5,farm_5_field_3,2025-09-26,48.5,late,sugar_beet,4,18.0,0.1,loam,late,167,drip,groundwater_well,45.5,0
farm_5,farm_5_field_3,2025-09-27,46.4,late,sugar_beet,5,18.0,0.0,loam,late,168,drip,groundwater_well,45.5,0
farm_5,farm_5_field_3,2025-09-28,44.8,late,sugar_beet,6,18.0,0.0,loam,late,169,drip,groundwater_well,45.5,0
farm_5,farm_5_field_3,2025-09-29,43.2,late,sugar_beet,7,18.0,0.0,loam,late,170,drip,groundwater_well,45.5,0
farm_5,farm_5_field_3,2025-09-30,45.1,late,sugar_beet,8,18.0,0.2,loam,late,171,drip,groundwater_well,45.5,0
farm_5,farm_5_field_3,2026-04-15,76.7,initial,sugar_beet,3,0.0,0.3,loam,late,3,drip,groundwater_well,45.5,0
farm_5,farm_5_field_3,2026-04-16,81.0,initial,sugar_beet,4,0.0,0.0,loam,late,4,drip,groundwater_well,45.5,0
farm_5,farm_5_field_3,2026-04-17,78.6,initial,sugar_beet,5,0.0,1.7,loam,late,5,drip,groundwater_well,45.5,0
farm_5,farm_5_field_3,2026-04-18,76.4,initial,sugar_beet,6,0.0,0.8,loam,late,6,drip,groundwater_well,45.5,0
farm_5,farm_5_field_3,2026-04-19,76.5,initial,sugar_beet,7,0.0,0.3,loam,late,7,drip,groundwater_well,45.5,0
farm_5,farm_5_field_3,2026-04-20,77.0,initial,sugar_beet,8,0.0,0.0,loam,late,8,drip,groundwater_well,45.5,0
farm_5,farm_5_field_3,2026-04-21,71.4,initial,sugar_beet,9,0.0,0.0,loam,late,9,drip,groundwater_well,45.5,0
farm_5,farm_5_field_3,2026-04-22,71.5,initial,sugar_beet,10,0.0,0.7,loam,late,10,drip,groundwater_well,45.5,0
farm_5,farm_5_field_3,2026-04-23,76.6,initial,sugar_beet,11,0.0,0.1,loam,late,11,drip,groundwater_well,45.5,0
farm_5,farm_5_field_3,2026-04-24,78.0,initial,sugar_beet,12,0.0,0.2,loam,late,12,drip,groundwater_well,45.5,0
farm_5,farm_5_field_3,2026-04-25,75.8,initial,sugar_beet,13,0.0,0.0,loam,late,13,drip,groundwater_well,45.5,0
farm_5,farm_5_field_3,2026-04-26,73.7,initial,sugar_beet,14,0.0,0.0,loam,late,14,drip,groundwater_well,45.5,0
farm_5,farm_5_field_3,2026-04-27,70.5,initial,sugar_beet,15,0.0,0.3,loam,late,15,drip,groundwater_well,45.5,0
farm_5,farm_5_field_3,2026-04-28,68.3,initial,sugar_beet,16,0.0,0.7,loam,late,16,drip,groundwater_well,45.5,0
farm_5,farm_5_field_3,2026-04-29,76.7,initial,sugar_beet,17,0.0,0.4,loam,late,17,drip,groundwater_well,45.5,0
farm_5,farm_5_field_3,2026-04-30,75.1,initial,sugar_beet,18,0.0,0.0,loam,late,18,drip,groundwater_well,45.5,0
farm_5,farm_5_field_3,2026-05-01,71.5,initial,sugar_beet,19,0.0,0.5,loam,late,19,drip,groundwater_well,45.5,0
farm_5,farm_5_field_3,2026-05-02,72.1,initial,sugar_beet,20,0.0,0.2,loam,late,20,drip,groundwater_well,45.5,0
farm_5,farm_5_field_3,2026-05-03,72.4,initial,sugar_beet,21,0.0,11.8,loam,late,21,drip,groundwater_well,45.5,0
farm_5,farm_5_field_3,2026-05-04,,initial,sugar_beet,22,0.0,0.0,loam,late,22,drip,groundwater_well,45.5,0
farm_5,farm_5_field_3,2026-05-05,80.2,initial,sugar_beet,23,0.0,5.9,loam,late,23,drip,groundwater_well,45.5,0
farm_5,farm_5_field_3,2026-05-06,81.4,initial,sugar_beet,24,0.0,0.1,loam,late,24,drip,groundwater_well,45.5,0
farm_5,farm_5_field_3,2026-05-07,82.6,initial,sugar_beet,25,0.0,10.0,loam,late,25,drip,groundwater_well,45.5,0
farm_5,farm_5_field_3,2026-05-08,84.7,initial,sugar_beet,26,0.0,0.0,loam,late,26,drip,groundwater_well,45.5,0
farm_5,farm_5_field_3,2026-05-09,84.1,initial,sugar_beet,27,0.0,0.0,loam,late,27,drip,groundwater_well,45.5,0
farm_5,farm_5_field_3,2026-05-10,82.6,initial,sugar_beet,28,0.0,0.0,loam,late,28,drip,groundwater_well,45.5,0
farm_5,farm_5_field_3,2026-05-11,82.7,development,sugar_beet,29,0.0,0.1,loam,late,29,drip,groundwater_well,45.5,0
farm_5,farm_5_field_3,2026-05-12,80.4,development,sugar_beet,30,0.0,0.1,loam,late,30,drip,groundwater_well,45.5,0
farm_5,farm_5_field_3,2026-05-13,81.2,development,sugar_beet,31,0.0,3.4,loam,late,31,drip,groundwater_well,45.5,0
farm_5,farm_5_field_3,2026-05-14,80.1,development,sugar_beet,32,0.0,0.6,loam,late,32,drip,groundwater_well,45.5,0
farm_5,farm_5_field_3,2026-05-15,75.4,development,sugar_beet,33,0.0,0.0,loam,late,33,drip,groundwater_well,45.5,0
farm_5,farm_5_field_3,2026-05-16,80.0,development,sugar_beet,34,0.0,0.1,loam,late,34,drip,groundwater_well,45.5,0
farm_5,farm_5_field_3,2026-05-17,81.0,development,sugar_beet,35,0.0,0.1,loam,late,35,drip,groundwater_well,45.5,0
farm_5,farm_5_field_3,2026-05-18,73.9,development,sugar_beet,36,0.0,0.5,loam,late,36,drip,groundwater_well,45.5,0
farm_5,farm_5_field_3,2026-05-19,72.8,development,sugar_beet,37,0.0,0.0,loam,late,37,drip,groundwater_well,45.5,0
farm_5,farm_5_field_3,2026-05-20,70.5,development,sugar_beet,38,0.0,0.0,loam,late,38,drip,groundwater_well,45.5,0
farm_5,farm_5_field_3,2026-05-21,68.5,development,sugar_beet,39,0.0,19.1,loam,late,39,drip,groundwater_well,45.5,0
farm_5,farm_5_field_3,2026-05-22,83.1,development,sugar_beet,40,0.0,7.0,loam,late,40,drip,groundwater_well,45.5,0
farm_5,farm_5_field_3,2026-05-23,83.1,development,sugar_beet,41,0.0,0.0,loam,late,41,drip,groundwater_well,45.5,0
farm_5,farm_5_field_3,2026-05-24,83.1,development,sugar_beet,42,0.0,0.9,loam,late,42,drip,groundwater_well,45.5,0
farm_5,farm_5_field_3,2026-05-25,83.1,development,sugar_beet,43,0.0,0.0,loam,late,43,drip,groundwater_well,45.5,0
farm_5,farm_5_field_3,2026-05-26,83.1,development,sugar_beet,44,0.0,0.0,loam,late,44,drip,groundwater_well,45.5,0
farm_5,farm_5_field_3,2026-05-27,83.1,development,sugar_beet,45,0.0,0.2,loam,late,45,drip,groundwater_well,45.5,0
farm_5,farm_5_field_3,2026-05-28,83.1,development,sugar_beet,46,0.0,0.0,loam,late,46,drip,groundwater_well,45.5,0
farm_5,farm_5_field_3,2026-05-29,83.1,development,sugar_beet,47,0.0,0.0,loam,late,47,drip,groundwater_well,45.5,0
farm_5,farm_5_field_3,2026-05-30,83.1,development,sugar_beet,48,0.0,0.0,loam,late,48,drip,groundwater_well,45.5,0
farm_5,farm_5_field_3,2026-05-31,69.8,development,sugar_beet,49,0.0,0.0,loam,late,49,drip,groundwater_well,45.5,0
farm_5,farm_5_field_3,2026-06-01,69.2,development,sugar_beet,50,0.0,0.0,loam,late,50,drip,groundwater_well,45.5,0
farm_5,farm_5_field_3,2026-06-02,62.2,development,sugar_beet,51,0.0,0.0,loam,late,51,drip,groundwater_well,45.5,0
farm_5,farm_5_field_3,2026-06-03,,development,sugar_beet,52,0.0,0.2,loam,late,52,drip,groundwater_well,45.5,0
farm_5,farm_5_field_3,2026-06-04,63.5,development,sugar_beet,53,0.0,0.0,loam,late,53,drip,groundwater_well,45.5,0
farm_5,farm_5_field_3,2026-06-05,57.0,development,sugar_beet,54,0.0,0.2,loam,late,54,drip,groundwater_well,45.5,0
farm_5,farm_5_field_3,2026-06-06,57.5,development,sugar_beet,55,0.0,5.8,loam,late,55,drip,groundwater_well,45.5,0
farm_5,farm_5_field_3,2026-06-07,57.4,development,sugar_beet,56,0.0,0.0,loam,late,56,drip,groundwater_well,45.5,0
farm_5,farm_5_field_3,2026-06-08,,development,sugar_beet,57,0.0,0.0,loam,late,57,drip,groundwater_well,45.5,0
farm_5,farm_5_field_3,2026-06-09,58.8,development,sugar_beet,58,0.0,0.0,loam,late,58,drip,groundwater_well,45.5,0
farm_5,farm_5_field_3,2026-06-10,47.6,development,sugar_beet,59,0.0,0.3,loam,late,59,drip,groundwater_well,45.5,0
farm_5,farm_5_field_3,2026-06-11,44.3,development,sugar_beet,60,0.0,0.0,loam,late,60,drip,groundwater_well,45.5,1
farm_5,farm_5_field_3,2026-06-12,43.9,development,sugar_beet,61,0.0,0.4,loam,late,61,drip,groundwater_well,45.5,1
farm_5,farm_5_field_3,2026-06-13,35.3,development,sugar_beet,62,0.0,0.0,loam,late,62,drip,groundwater_well,45.5,1
farm_5,farm_5_field_3,2026-06-14,56.7,development,sugar_beet,1,18.0,0.0,loam,late,63,drip,groundwater_well,45.5,0
farm_5,farm_5_field_3,2026-06-15,50.6,development,sugar_beet,2,18.0,0.3,loam,late,64,drip,groundwater_well,45.5,0
farm_5,farm_5_field_3,2026-06-16,48.9,development,sugar_beet,3,18.0,0.0,loam,late,65,drip,groundwater_well,45.5,1
farm_5,farm_5_field_3,2026-06-17,53.2,development,sugar_beet,1,18.0,0.0,loam,late,66,drip,groundwater_well,45.5,0
farm_5,farm_5_field_3,2026-06-18,52.4,development,sugar_beet,2,18.0,0.2,loam,late,67,drip,groundwater_well,45.5,0
farm_5,farm_5_field_3,2026-06-19,50.0,development,sugar_beet,3,18.0,0.0,loam,late,68,drip,groundwater_well,45.5,0
farm_5,farm_5_field_3,2026-06-20,43.0,sensitive,sugar_beet,4,18.0,0.0,loam,late,69,drip,groundwater_well,45.5,1
farm_5,farm_5_field_3,2026-06-21,47.8,sensitive,sugar_beet,1,18.0,0.2,loam,late,70,drip,groundwater_well,45.5,1
farm_5,farm_5_field_3,2026-06-22,46.3,sensitive,sugar_beet,2,18.0,0.2,loam,late,71,drip,groundwater_well,45.5,1
farm_5,farm_5_field_3,2026-06-23,42.5,sensitive,sugar_beet,3,18.0,0.1,loam,late,72,drip,groundwater_well,45.5,1
farm_5,farm_5_field_3,2026-06-24,43.9,sensitive,sugar_beet,4,18.0,0.0,loam,late,73,drip,groundwater_well,45.5,1
farm_5,farm_5_field_3,2026-06-25,36.9,sensitive,sugar_beet,5,18.0,1.6,loam,late,74,drip,groundwater_well,45.5,2
farm_5,farm_5_field_3,2026-06-26,48.0,sensitive,sugar_beet,1,18.0,0.3,loam,late,75,drip,groundwater_well,45.5,1
farm_5,farm_5_field_3,2026-06-27,40.8,sensitive,sugar_beet,2,18.0,0.2,loam,late,76,drip,groundwater_well,45.5,2
farm_5,farm_5_field_3,2026-06-28,41.5,sensitive,sugar_beet,1,18.0,0.1,loam,late,77,drip,groundwater_well,45.5,1
farm_5,farm_5_field_3,2026-06-29,,sensitive,sugar_beet,1,18.0,0.0,loam,late,78,drip,groundwater_well,45.5,1
farm_5,farm_5_field_3,2026-06-30,68.7,sensitive,sugar_beet,1,18.0,0.0,loam,late,79,drip,groundwater_well,45.5,0
farm_5,farm_5_field_3,2026-07-01,50.6,sensitive,sugar_beet,2,18.0,0.3,loam,late,80,drip,groundwater_well,45.5,1
farm_5,farm_5_field_3,2026-07-02,44.7,sensitive,sugar_beet,3,18.0,0.3,loam,late,81,drip,groundwater_well,45.5,1
farm_5,farm_5_field_3,2026-07-03,,sensitive,sugar_beet,1,18.0,0.0,loam,late,82,drip,groundwater_well,45.5,0
farm_5,farm_5_field_3,2026-07-04,51.8,sensitive,sugar_beet,2,18.0,0.0,loam,late,83,drip,groundwater_well,45.5,1
farm_5,farm_5_field_3,2026-07-05,55.8,sensitive,sugar_beet,1,18.0,0.0,loam,late,84,drip,groundwater_well,45.5,0
farm_5,farm_5_field_3,2026-07-06,52.7,sensitive,sugar_beet,2,18.0,0.0,loam,late,85,drip,groundwater_well,45.5,1
farm_5,farm_5_field_3,2026-07-07,46.5,sensitive,sugar_beet,3,18.0,0.4,loam,late,86,drip,groundwater_well,45.5,1
farm_5,farm_5_field_3,2026-07-08,51.4,sensitive,sugar_beet,1,18.0,0.0,loam,late,87,drip,groundwater_well,45.5,1
farm_5,farm_5_field_3,2026-07-09,53.3,sensitive,sugar_beet,2,18.0,0.0,loam,late,88,drip,groundwater_well,45.5,1
farm_5,farm_5_field_3,2026-07-10,,sensitive,sugar_beet,1,18.0,0.0,loam,late,89,drip,groundwater_well,45.5,0
farm_5,farm_5_field_3,2026-07-11,47.5,sensitive,sugar_beet,2,18.0,0.0,loam,late,90,drip,groundwater_well,45.5,1
farm_5,farm_5_field_3,2026-07-12,,sensitive,sugar_beet,3,18.0,0.0,loam,late,91,drip,groundwater_well,45.5,1
farm_5,farm_5_field_3,2026-07-13,36.9,sensitive,sugar_beet,4,18.0,0.2,loam,late,92,drip,groundwater_well,45.5,1
farm_5,farm_5_field_3,2026-07-14,36.5,sensitive,sugar_beet,5,18.0,0.0,loam,late,93,drip,groundwater_well,45.5,2
farm_5,farm_5_field_3,2026-07-15,38.1,sensitive,sugar_beet,1,18.0,0.0,loam,late,94,drip,groundwater_well,45.5,1
farm_5,farm_5_field_3,2026-07-16,35.4,sensitive,sugar_beet,2,18.0,0.0,loam,late,95,drip,groundwater_well,45.5,2
farm_5,farm_5_field_3,2026-07-17,39.2,sensitive,sugar_beet,1,18.0,0.3,loam,late,96,drip,groundwater_well,45.5,1
farm_5,farm_5_field_3,2026-07-18,39.2,sensitive,sugar_beet,2,18.0,0.7,loam,late,97,drip,groundwater_well,45.5,1
farm_5,farm_5_field_3,2026-07-19,39.2,sensitive,sugar_beet,3,18.0,0.2,loam,late,98,drip,groundwater_well,45.5,2
farm_5,farm_5_field_3,2026-07-20,39.2,sensitive,sugar_beet,1,18.0,0.0,loam,late,99,drip,groundwater_well,45.5,1
farm_5,farm_5_field_3,2026-07-21,39.2,sensitive,sugar_beet,2,18.0,0.2,loam,late,100,drip,groundwater_well,45.5,2
farm_5,farm_5_field_3,2026-07-22,39.2,sensitive,sugar_beet,1,18.0,0.0,loam,late,101,drip,groundwater_well,45.5,1
farm_5,farm_5_field_3,2026-07-23,51.0,sensitive,sugar_beet,1,18.0,0.0,loam,late,102,drip,groundwater_well,45.5,1
farm_5,farm_5_field_3,2026-07-24,61.3,sensitive,sugar_beet,1,18.0,0.0,loam,late,103,drip,groundwater_well,45.5,0
farm_5,farm_5_field_3,2026-07-25,62.1,sensitive,sugar_beet,2,18.0,0.0,loam,late,104,drip,groundwater_well,45.5,0
farm_5,farm_5_field_3,2026-07-26,45.6,sensitive,sugar_beet,3,18.0,0.0,loam,late,105,drip,groundwater_well,45.5,1
farm_5,farm_5_field_3,2026-07-27,,sensitive,sugar_beet,4,18.0,0.1,loam,late,106,drip,groundwater_well,45.5,1
farm_5,farm_5_field_3,2026-07-28,37.0,sensitive,sugar_beet,5,18.0,0.0,loam,late,107,drip,groundwater_well,45.5,1
farm_5,farm_5_field_3,2026-07-29,46.9,sensitive,sugar_beet,1,18.0,0.0,loam,late,108,drip,groundwater_well,45.5,1
farm_5,farm_5_field_3,2026-07-30,61.7,sensitive,sugar_beet,1,18.0,0.1,loam,late,109,drip,groundwater_well,45.5,0
farm_5,farm_5_field_3,2026-07-31,48.1,sensitive,sugar_beet,2,18.0,9.6,loam,late,110,drip,groundwater_well,45.5,1
farm_5,farm_5_field_3,2026-08-01,70.0,sensitive,sugar_beet,1,18.0,0.2,loam,late,111,drip,groundwater_well,45.5,0
farm_5,farm_5_field_3,2026-08-02,62.8,sensitive,sugar_beet,2,18.0,0.0,loam,late,112,drip,groundwater_well,45.5,0
farm_5,farm_5_field_3,2026-08-03,53.1,sensitive,sugar_beet,3,18.0,11.8,loam,late,113,drip,groundwater_well,45.5,0
farm_5,farm_5_field_3,2026-08-04,64.5,sensitive,sugar_beet,4,18.0,0.0,loam,late,114,drip,groundwater_well,45.5,0
farm_5,farm_5_field_3,2026-08-05,59.1,sensitive,sugar_beet,5,18.0,0.9,loam,late,115,drip,groundwater_well,45.5,0
farm_5,farm_5_field_3,2026-08-06,49.9,sensitive,sugar_beet,6,18.0,0.1,loam,late,116,drip,groundwater_well,45.5,0
farm_5,farm_5_field_3,2026-08-07,50.9,sensitive,sugar_beet,7,18.0,0.0,loam,late,117,drip,groundwater_well,45.5,1
farm_5,farm_5_field_3,2026-08-08,48.1,sensitive,sugar_beet,8,18.0,0.0,loam,late,118,drip,groundwater_well,45.5,1
farm_5,farm_5_field_3,2026-08-09,55.4,sensitive,sugar_beet,1,18.0,0.0,loam,late,119,drip,groundwater_well,45.5,0
farm_5,farm_5_field_3,2026-08-10,51.6,sensitive,sugar_beet,2,18.0,2.3,loam,late,120,drip,groundwater_well,45.5,1
farm_5,farm_5_field_3,2026-08-11,59.2,sensitive,sugar_beet,1,18.0,0.0,loam,late,121,drip,groundwater_well,45.5,0
farm_5,farm_5_field_3,2026-08-12,56.7,sensitive,sugar_beet,2,18.0,0.0,loam,late,122,drip,groundwater_well,45.5,0
farm_5,farm_5_field_3,2026-08-13,51.1,sensitive,sugar_beet,3,18.0,0.0,loam,late,123,drip,groundwater_well,45.5,1
farm_5,farm_5_field_3,2026-08-14,42.8,sensitive,sugar_beet,4,18.0,0.3,loam,late,124,drip,groundwater_well,45.5,1
farm_5,farm_5_field_3,2026-08-15,50.9,sensitive,sugar_beet,1,18.0,0.6,loam,late,125,drip,groundwater_well,45.5,0
farm_5,farm_5_field_3,2026-08-16,56.1,late,sugar_beet,2,18.0,0.2,loam,late,126,drip,groundwater_well,45.5,0
farm_5,farm_5_field_3,2026-08-17,50.4,late,sugar_beet,3,18.0,0.8,loam,late,127,drip,groundwater_well,45.5,0
farm_5,farm_5_field_3,2026-08-18,51.5,late,sugar_beet,4,18.0,0.0,loam,late,128,drip,groundwater_well,45.5,0
farm_5,farm_5_field_3,2026-08-19,43.1,late,sugar_beet,5,18.0,0.5,loam,late,129,drip,groundwater_well,45.5,0
farm_5,farm_5_field_3,2026-08-20,46.1,late,sugar_beet,6,18.0,3.5,loam,late,130,drip,groundwater_well,45.5,0
farm_5,farm_5_field_3,2026-08-21,44.3,late,sugar_beet,7,18.0,0.0,loam,late,131,drip,groundwater_well,45.5,0
farm_5,farm_5_field_3,2026-08-22,47.2,late,sugar_beet,8,18.0,0.2,loam,late,132,drip,groundwater_well,45.5,0
farm_5,farm_5_field_3,2026-08-23,43.8,late,sugar_beet,9,18.0,0.2,loam,late,133,drip,groundwater_well,45.5,0
farm_5,farm_5_field_3,2026-08-24,41.1,late,sugar_beet,10,18.0,0.0,loam,late,134,drip,groundwater_well,45.5,1
farm_5,farm_5_field_3,2026-08-25,38.3,late,sugar_beet,11,18.0,0.0,loam,late,135,drip,groundwater_well,45.5,1
farm_5,farm_5_field_3,2026-08-26,42.0,late,sugar_beet,12,18.0,0.2,loam,late,136,drip,groundwater_well,45.5,1
farm_5,farm_5_field_3,2026-08-27,33.8,late,sugar_beet,13,18.0,0.0,loam,late,137,drip,groundwater_well,45.5,1
farm_5,farm_5_field_3,2026-08-28,51.5,late,sugar_beet,1,18.0,4.8,loam,late,138,drip,groundwater_well,45.5,0
farm_5,farm_5_field_3,2026-08-29,43.8,late,sugar_beet,2,18.0,0.4,loam,late,139,drip,groundwater_well,45.5,0
farm_5,farm_5_field_3,2026-08-30,46.7,late,sugar_beet,3,18.0,0.0,loam,late,140,drip,groundwater_well,45.5,0
farm_5,farm_5_field_3,2026-08-31,41.7,late,sugar_beet,4,18.0,0.0,loam,late,141,drip,groundwater_well,45.5,0
farm_5,farm_5_field_3,2026-09-01,42.1,late,sugar_beet,5,18.0,0.5,loam,late,142,drip,groundwater_well,45.5,0
farm_5,farm_5_field_3,2026-09-02,45.1,late,sugar_beet,6,18.0,0.2,loam,late,143,drip,groundwater_well,45.5,1
farm_5,farm_5_field_3,2026-09-03,50.3,late,sugar_beet,1,18.0,0.5,loam,late,144,drip,groundwater_well,45.5,0
farm_5,farm_5_field_3,2026-09-04,46.8,late,sugar_beet,2,18.0,0.0,loam,late,145,drip,groundwater_well,45.5,0
farm_5,farm_5_field_3,2026-09-05,49.2,late,sugar_beet,3,18.0,0.0,loam,late,146,drip,groundwater_well,45.5,0
farm_5,farm_5_field_3,2026-09-06,43.5,late,sugar_beet,4,18.0,0.0,loam,late,147,drip,groundwater_well,45.5,0
farm_5,farm_5_field_3,2026-09-07,42.7,late,sugar_beet,5,18.0,0.4,loam,late,148,drip,groundwater_well,45.5,0
farm_5,farm_5_field_3,2026-09-08,46.9,late,sugar_beet,6,18.0,0.8,loam,late,149,drip,groundwater_well,45.5,0
farm_5,farm_5_field_3,2026-09-09,38.5,late,sugar_beet,7,18.0,0.0,loam,late,150,drip,groundwater_well,45.5,0
farm_5,farm_5_field_3,2026-09-10,39.0,late,sugar_beet,8,18.0,0.0,loam,late,151,drip,groundwater_well,45.5,1
farm_5,farm_5_field_3,2026-09-11,39.8,late,sugar_beet,9,18.0,0.1,loam,late,152,drip,groundwater_well,45.5,1
farm_5,farm_5_field_3,2026-09-12,48.2,late,sugar_beet,1,18.0,0.0,loam,late,153,drip,groundwater_well,45.5,0
farm_5,farm_5_field_3,2026-09-13,47.4,late,sugar_beet,2,18.0,0.3,loam,late,154,drip,groundwater_well,45.5,0
farm_5,farm_5_field_3,2026-09-14,40.8,late,sugar_beet,3,18.0,0.0,loam,late,155,drip,groundwater_well,45.5,0
farm_5,farm_5_field_3,2026-09-15,41.5,late,sugar_beet,4,18.0,0.0,loam,late,156,drip,groundwater_well,45.5,0
farm_5,farm_5_field_3,2026-09-16,45.3,late,sugar_beet,5,18.0,0.4,loam,late,157,drip,groundwater_well,45.5,0
farm_5,farm_5_field_3,2026-09-17,43.3,late,sugar_beet,6,18.0,0.0,loam,late,158,drip,groundwater_well,45.5,0
farm_5,farm_5_field_3,2026-09-18,39.3,late,sugar_beet,7,18.0,0.0,loam,late,159,drip,groundwater_well,45.5,1
farm_5,farm_5_field_3,2026-09-19,42.8,late,sugar_beet,8,18.0,0.7,loam,late,160,drip,groundwater_well,45.5,1
farm_5,farm_5_field_3,2026-09-20,36.8,late,sugar_beet,9,18.0,0.2,loam,late,161,drip,groundwater_well,45.5,1
farm_5,farm_5_field_3,2026-09-21,33.2,late,sugar_beet,10,18.0,0.0,loam,late,162,drip,groundwater_well,45.5,1
farm_5,farm_5_field_3,2026-09-22,32.8,late,sugar_beet,11,18.0,0.8,loam,late,163,drip,groundwater_well,45.5,1
farm_5,farm_5_field_3,2026-09-23,,late,sugar_beet,1,18.0,0.0,loam,late,164,drip,groundwater_well,45.5,0
farm_5,farm_5_field_3,2026-09-24,42.1,late,sugar_beet,2,18.0,0.4,loam,late,165,drip,groundwater_well,45.5,0
farm_5,farm_5_field_3,2026-09-25,42.5,late,sugar_beet,3,18.0,0.2,loam,late,166,drip,groundwater_well,45.5,0
farm_5,farm_5_field_3,2026-09-26,39.3,late,sugar_beet,4,18.0,0.0,loam,late,167,drip,groundwater_well,45.5,0
farm_5,farm_5_field_3,2026-09-27,44.4,late,sugar_beet,5,18.0,3.1,loam,late,168,drip,groundwater_well,45.5,0
farm_5,farm_5_field_3,2026-09-28,45.3,late,sugar_beet,6,18.0,0.0,loam,late,169,drip,groundwater_well,45.5,0
farm_5,farm_5_field_3,2026-09-29,35.4,late,sugar_beet,7,18.0,0.2,loam,late,170,drip,groundwater_well,45.5,1
farm_5,farm_5_field_3,2026-09-30,52.9,late,sugar_beet,1,18.0,0.0,loam,late,171,drip,groundwater_well,45.5,0
farm_5,farm_5_field_4,2025-04-15,72.5,initial,sugar_beet,3,0.0,0.4,loam,late,3,drip,groundwater_well,46.7,0
farm_5,farm_5_field_4,2025-04-16,65.9,initial,sugar_beet,4,0.0,4.9,loam,late,4,drip,groundwater_well,46.7,0
farm_5,farm_5_field_4,2025-04-17,70.6,initial,sugar_beet,5,0.0,0.1,loam,late,5,drip,groundwater_well,46.7,0
farm_5,farm_5_field_4,2025-04-18,76.6,initial,sugar_beet,6,0.0,0.0,loam,late,6,drip,groundwater_well,46.7,0
farm_5,farm_5_field_4,2025-04-19,72.1,initial,sugar_beet,7,0.0,0.0,loam,late,7,drip,groundwater_well,46.7,0
farm_5,farm_5_field_4,2025-04-20,67.6,initial,sugar_beet,8,0.0,0.7,loam,late,8,drip,groundwater_well,46.7,0
farm_5,farm_5_field_4,2025-04-21,78.6,initial,sugar_beet,9,0.0,0.0,loam,late,9,drip,groundwater_well,46.7,0
farm_5,farm_5_field_4,2025-04-22,78.3,initial,sugar_beet,10,0.0,5.3,loam,late,10,drip,groundwater_well,46.7,0
farm_5,farm_5_field_4,2025-04-23,75.4,initial,sugar_beet,11,0.0,0.5,loam,late,11,drip,groundwater_well,46.7,0
farm_5,farm_5_field_4,2025-04-24,70.7,initial,sugar_beet,12,0.0,0.8,loam,late,12,drip,groundwater_well,46.7,0
farm_5,farm_5_field_4,2025-04-25,74.5,initial,sugar_beet,13,0.0,0.0,loam,late,13,drip,groundwater_well,46.7,0
farm_5,farm_5_field_4,2025-04-26,72.2,initial,sugar_beet,14,0.0,0.1,loam,late,14,drip,groundwater_well,46.7,0
farm_5,farm_5_field_4,2025-04-27,71.8,initial,sugar_beet,15,0.0,6.1,loam,late,15,drip,groundwater_well,46.7,0
farm_5,farm_5_field_4,2025-04-28,82.5,initial,sugar_beet,16,0.0,0.5,loam,late,16,drip,groundwater_well,46.7,0
farm_5,farm_5_field_4,2025-04-29,79.4,initial,sugar_beet,17,0.0,0.2,loam,late,17,drip,groundwater_well,46.7,0
farm_5,farm_5_field_4,2025-04-30,72.3,initial,sugar_beet,18,0.0,1.0,loam,late,18,drip,groundwater_well,46.7,0
farm_5,farm_5_field_4,2025-05-01,74.3,initial,sugar_beet,19,0.0,0.0,loam,late,19,drip,groundwater_well,46.7,0
farm_5,farm_5_field_4,2025-05-02,77.7,initial,sugar_beet,20,0.0,0.0,loam,late,20,drip,groundwater_well,46.7,0
farm_5,farm_5_field_4,2025-05-03,73.4,initial,sugar_beet,21,0.0,3.5,loam,late,21,drip,groundwater_well,46.7,0
farm_5,farm_5_field_4,2025-05-04,76.4,initial,sugar_beet,22,0.0,0.0,loam,late,22,drip,groundwater_well,46.7,0
farm_5,farm_5_field_4,2025-05-05,76.1,initial,sugar_beet,23,0.0,0.0,loam,late,23,drip,groundwater_well,46.7,0
farm_5,farm_5_field_4,2025-05-06,77.1,initial,sugar_beet,24,0.0,0.0,loam,late,24,drip,groundwater_well,46.7,0
farm_5,farm_5_field_4,2025-05-07,77.1,initial,sugar_beet,25,0.0,0.2,loam,late,25,drip,groundwater_well,46.7,0
farm_5,farm_5_field_4,2025-05-08,76.6,initial,sugar_beet,26,0.0,0.0,loam,late,26,drip,groundwater_well,46.7,0
farm_5,farm_5_field_4,2025-05-09,,initial,sugar_beet,27,0.0,0.8,loam,late,27,drip,groundwater_well,46.7,0
farm_5,farm_5_field_4,2025-05-10,71.4,initial,sugar_beet,28,0.0,0.2,loam,late,28,drip,groundwater_well,46.7,0
farm_5,farm_5_field_4,2025-05-11,73.3,development,sugar_beet,29,0.0,0.6,loam,late,29,drip,groundwater_well,46.7,0
farm_5,farm_5_field_4,2025-05-12,71.8,development,sugar_beet,30,0.0,0.7,loam,late,30,drip,groundwater_well,46.7,0
farm_5,farm_5_field_4,2025-05-13,72.2,development,sugar_beet,31,0.0,0.6,loam,late,31,drip,groundwater_well,46.7,0
farm_5,farm_5_field_4,2025-05-14,68.3,development,sugar_beet,32,0.0,0.0,loam,late,32,drip,groundwater_well,46.7,0
farm_5,farm_5_field_4,2025-05-15,66.3,development,sugar_beet,33,0.0,1.0,loam,late,33,drip,groundwater_well,46.7,0
farm_5,farm_5_field_4,2025-05-16,65.3,development,sugar_beet,34,0.0,0.0,loam,late,34,drip,groundwater_well,46.7,0
farm_5,farm_5_field_4,2025-05-17,67.0,development,sugar_beet,35,0.0,8.6,loam,late,35,drip,groundwater_well,46.7,0
farm_5,farm_5_field_4,2025-05-18,68.5,development,sugar_beet,36,0.0,0.9,loam,late,36,drip,groundwater_well,46.7,0
farm_5,farm_5_field_4,2025-05-19,64.3,development,sugar_beet,37,0.0,11.6,loam,late,37,drip,groundwater_well,46.7,0
farm_5,farm_5_field_4,2025-05-20,,development,sugar_beet,38,0.0,0.1,loam,late,38,drip,groundwater_well,46.7,0
farm_5,farm_5_field_4,2025-05-21,73.9,development,sugar_beet,39,0.0,7.0,loam,late,39,drip,groundwater_well,46.7,0
farm_5,farm_5_field_4,2025-05-22,74.7,development,sugar_beet,40,0.0,0.2,loam,late,40,drip,groundwater_well,46.7,0
farm_5,farm_5_field_4,2025-05-23,72.1,development,sugar_beet,41,0.0,0.4,loam,late,41,drip,groundwater_well,46.7,0
farm_5,farm_5_field_4,2025-05-24,69.4,development,sugar_beet,42,0.0,0.0,loam,late,42,drip,groundwater_well,46.7,0
farm_5,farm_5_field_4,2025-05-25,68.5,development,sugar_beet,43,0.0,5.1,loam,late,43,drip,groundwater_well,46.7,0
farm_5,farm_5_field_4,2025-05-26,71.0,development,sugar_beet,44,0.0,0.5,loam,late,44,drip,groundwater_well,46.7,0
farm_5,farm_5_field_4,2025-05-27,64.4,development,sugar_beet,45,0.0,0.3,loam,late,45,drip,groundwater_well,46.7,0
farm_5,farm_5_field_4,2025-05-28,65.1,development,sugar_beet,46,0.0,0.0,loam,late,46,drip,groundwater_well,46.7,0
farm_5,farm_5_field_4,2025-05-29,68.0,development,sugar_beet,47,0.0,0.5,loam,late,47,drip,groundwater_well,46.7,0
farm_5,farm_5_field_4,2025-05-30,61.5,development,sugar_beet,48,0.0,0.1,loam,late,48,drip,groundwater_well,46.7,0
farm_5,farm_5_field_4,2025-05-31,59.5,development,sugar_beet,49,0.0,0.0,loam,late,49,drip,groundwater_well,46.7,0
farm_5,farm_5_field_4,2025-06-01,61.6,development,sugar_beet,50,0.0,0.0,loam,late,50,drip,groundwater_well,46.7,0
farm_5,farm_5_field_4,2025-06-02,60.8,development,sugar_beet,51,0.0,0.4,loam,late,51,drip,groundwater_well,46.7,0
farm_5,farm_5_field_4,2025-06-03,53.1,development,sugar_beet,52,0.0,0.1,loam,late,52,drip,groundwater_well,46.7,0
farm_5,farm_5_field_4,2025-06-04,53.6,development,sugar_beet,53,0.0,0.0,loam,late,53,drip,groundwater_well,46.7,0
farm_5,farm_5_field_4,2025-06-05,51.6,development,sugar_beet,54,0.0,0.3,loam,late,54,drip,groundwater_well,46.7,1
farm_5,farm_5_field_4,2025-06-06,47.1,development,sugar_beet,55,0.0,0.2,loam,late,55,drip,groundwater_well,46.7,1
farm_5,farm_5_field_4,2025-06-07,56.0,development,sugar_beet,1,18.0,26.0,loam,late,56,drip,groundwater_well,46.7,0
farm_5,farm_5_field_4,2025-06-08,73.8,development,sugar_beet,2,18.0,24.6,loam,late,57,drip,groundwater_well,46.7,0
farm_5,farm_5_field_4,2025-06-09,90.5,development,sugar_beet,3,18.0,0.3,loam,late,58,drip,groundwater_well,46.7,0
farm_5,farm_5_field_4,2025-06-10,87.1,development,sugar_beet,4,18.0,0.3,loam,late,59,drip,groundwater_well,46.7,0
farm_5,farm_5_field_4,2025-06-11,86.1,development,sugar_beet,5,18.0,0.0,loam,late,60,drip,groundwater_well,46.7,0
farm_5,farm_5_field_4,2025-06-12,85.4,development,sugar_beet,6,18.0,0.0,loam,late,61,drip,groundwater_well,46.7,0
farm_5,farm_5_field_4,2025-06-13,79.9,development,sugar_beet,7,18.0,0.0,loam,late,62,drip,groundwater_well,46.7,0
farm_5,farm_5_field_4,2025-06-14,80.0,development,sugar_beet,8,18.0,0.3,loam,late,63,drip,groundwater_well,46.7,0
farm_5,farm_5_field_4,2025-06-15,79.1,development,sugar_beet,9,18.0,0.0,loam,late,64,drip,groundwater_well,46.7,0
farm_5,farm_5_field_4,2025-06-16,73.3,development,sugar_beet,10,18.0,0.0,loam,late,65,drip,groundwater_well,46.7,0
farm_5,farm_5_field_4,2025-06-17,65.6,development,sugar_beet,11,18.0,3.1,loam,late,66,drip,groundwater_well,46.7,0
farm_5,farm_5_field_4,2025-06-18,70.8,development,sugar_beet,12,18.0,31.2,loam,late,67,drip,groundwater_well,46.7,0
farm_5,farm_5_field_4,2025-06-19,94.0,development,sugar_beet,13,18.0,0.0,loam,late,68,drip,groundwater_well,46.7,0
farm_5,farm_5_field_4,2025-06-20,90.0,sensitive,sugar_beet,14,18.0,0.6,loam,late,69,drip,groundwater_well,46.7,0
farm_5,farm_5_field_4,2025-06-21,91.4,sensitive,sugar_beet,15,18.0,0.5,loam,late,70,drip,groundwater_well,46.7,0
farm_5,farm_5_field_4,2025-06-22,80.4,sensitive,sugar_beet,16,18.0,0.0,loam,late,71,drip,groundwater_well,46.7,0
farm_5,farm_5_field_4,2025-06-23,74.9,sensitive,sugar_beet,17,18.0,0.0,loam,late,72,drip,groundwater_well,46.7,0
farm_5,farm_5_field_4,2025-06-24,77.0,sensitive,sugar_beet,18,18.0,0.0,loam,late,73,drip,groundwater_well,46.7,0
farm_5,farm_5_field_4,2025-06-25,67.3,sensitive,sugar_beet,19,18.0,0.2,loam,late,74,drip,groundwater_well,46.7,0
farm_5,farm_5_field_4,2025-06-26,70.1,sensitive,sugar_beet,20,18.0,0.1,loam,late,75,drip,groundwater_well,46.7,0
farm_5,farm_5_field_4,2025-06-27,,sensitive,sugar_beet,21,18.0,0.0,loam,late,76,drip,groundwater_well,46.7,0
farm_5,farm_5_field_4,2025-06-28,59.4,sensitive,sugar_beet,22,18.0,4.4,loam,late,77,drip,groundwater_well,46.7,0
farm_5,farm_5_field_4,2025-06-29,61.5,sensitive,sugar_beet,23,18.0,0.0,loam,late,78,drip,groundwater_well,46.7,0
farm_5,farm_5_field_4,2025-06-30,60.5,sensitive,sugar_beet,24,18.0,0.7,loam,late,79,drip,groundwater_well,46.7,0
farm_5,farm_5_field_4,2025-07-01,58.6,sensitive,sugar_beet,25,18.0,0.0,loam,late,80,drip,groundwater_well,46.7,1
farm_5,farm_5_field_4,2025-07-02,47.9,sensitive,sugar_beet,26,18.0,0.1,loam,late,81,drip,groundwater_well,46.7,1
farm_5,farm_5_field_4,2025-07-03,60.8,sensitive,sugar_beet,1,18.0,0.6,loam,late,82,drip,groundwater_well,46.7,0
farm_5,farm_5_field_4,2025-07-04,57.8,sensitive,sugar_beet,2,18.0,0.1,loam,late,83,drip,groundwater_well,46.7,1
farm_5,farm_5_field_4,2025-07-05,57.8,sensitive,sugar_beet,3,18.0,0.6,loam,late,84,drip,groundwater_well,46.7,1
farm_5,farm_5_field_4,2025-07-06,57.8,sensitive,sugar_beet,1,18.0,0.7,loam,late,85,drip,groundwater_well,46.7,0
farm_5,farm_5_field_4,2025-07-07,57.8,sensitive,sugar_beet,2,18.0,0.6,loam,late,86,drip,groundwater_well,46.7,1
farm_5,farm_5_field_4,2025-07-08,,sensitive,sugar_beet,1,18.0,0.2,loam,late,87,drip,groundwater_well,46.7,0
farm_5,farm_5_field_4,2025-07-09,57.8,sensitive,sugar_beet,2,18.0,0.5,loam,late,88,drip,groundwater_well,46.7,0
farm_5,farm_5_field_4,2025-07-10,51.5,sensitive,sugar_beet,3,18.0,0.0,loam,late,89,drip,groundwater_well,46.7,1
farm_5,farm_5_field_4,2025-07-11,58.7,sensitive,sugar_beet,1,18.0,0.0,loam,late,90,drip,groundwater_well,46.7,0
farm_5,farm_5_field_4,2025-07-12,58.8,sensitive,sugar_beet,2,18.0,0.0,loam,late,91,drip,groundwater_well,46.7,0
farm_5,farm_5_field_4,2025-07-13,48.5,sensitive,sugar_beet,3,18.0,1.0,loam,late,92,drip,groundwater_well,46.7,1
farm_5,farm_5_field_4,2025-07-14,59.7,sensitive,sugar_beet,1,18.0,0.0,loam,late,93,drip,groundwater_well,46.7,0
farm_5,farm_5_field_4,2025-07-15,61.1,sensitive,sugar_beet,2,18.0,0.2,loam,late,94,drip,groundwater_well,46.7,0
farm_5,farm_5_field_4,2025-07-16,55.1,sensitive,sugar_beet,3,18.0,1.1,loam,late,95,drip,groundwater_well,46.7,1
farm_5,farm_5_field_4,2025-07-17,56.1,sensitive,sugar_beet,4,18.0,0.1,loam,late,96,drip,groundwater_well,46.7,1
farm_5,farm_5_field_4,2025-07-18,52.2,sensitive,sugar_beet,5,18.0,3.2,loam,late,97,drip,groundwater_well,46.7,1
farm_5,farm_5_field_4,2025-07-19,42.5,sensitive,sugar_beet,6,18.0,14.4,loam,late,98,drip,groundwater_well,46.7,1
farm_5,farm_5_field_4,2025-07-20,56.0,sensitive,sugar_beet,7,18.0,0.1,loam,late,99,drip,groundwater_well,46.7,1
farm_5,farm_5_field_4,2025-07-21,46.5,sensitive,sugar_beet,8,18.0,0.2,loam,late,100,drip,groundwater_well,46.7,1
farm_5,farm_5_field_4,2025-07-22,58.4,sensitive,sugar_beet,1,18.0,0.6,loam,late,101,drip,groundwater_well,46.7,0
farm_5,farm_5_field_4,2025-07-23,52.1,sensitive,sugar_beet,2,18.0,0.1,loam,late,102,drip,groundwater_well,46.7,1
farm_5,farm_5_field_4,2025-07-24,64.0,sensitive,sugar_beet,1,18.0,0.6,loam,late,103,drip,groundwater_well,46.7,0
farm_5,farm_5_field_4,2025-07-25,57.0,sensitive,sugar_beet,2,18.0,0.0,loam,late,104,drip,groundwater_well,46.7,0
farm_5,farm_5_field_4,2025-07-26,54.7,sensitive,sugar_beet,3,18.0,0.0,loam,late,105,drip,groundwater_well,46.7,0
farm_5,farm_5_field_4,2025-07-27,58.8,sensitive,sugar_beet,4,18.0,3.3,loam,late,106,drip,groundwater_well,46.7,1
farm_5,farm_5_field_4,2025-07-28,53.0,sensitive,sugar_beet,5,18.0,0.1,loam,late,107,drip,groundwater_well,46.7,1
farm_5,farm_5_field_4,2025-07-29,,sensitive,sugar_beet,1,18.0,9.6,loam,late,108,drip,groundwater_well,46.7,0
farm_5,farm_5_field_4,2025-07-30,68.4,sensitive,sugar_beet,2,18.0,0.2,loam,late,109,drip,groundwater_well,46.7,0
farm_5,farm_5_field_4,2025-07-31,59.1,sensitive,sugar_beet,3,18.0,0.9,loam,late,110,drip,groundwater_well,46.7,0
farm_5,farm_5_field_4,2025-08-01,57.5,sensitive,sugar_beet,4,18.0,0.0,loam,late,111,drip,groundwater_well,46.7,0
farm_5,farm_5_field_4,2025-08-02,54.8,sensitive,sugar_beet,5,18.0,0.2,loam,late,112,drip,groundwater_well,46.7,1
farm_5,farm_5_field_4,2025-08-03,61.3,sensitive,sugar_beet,1,18.0,0.0,loam,late,113,drip,groundwater_well,46.7,0
farm_5,farm_5_field_4,2025-08-04,60.1,sensitive,sugar_beet,2,18.0,1.1,loam,late,114,drip,groundwater_well,46.7,0
farm_5,farm_5_field_4,2025-08-05,56.5,sensitive,sugar_beet,3,18.0,0.0,loam,late,115,drip,groundwater_well,46.7,1
farm_5,farm_5_field_4,2025-08-06,68.8,sensitive,sugar_beet,1,18.0,11.1,loam,late,116,drip,groundwater_well,46.7,0
farm_5,farm_5_field_4,2025-08-07,62.0,sensitive,sugar_beet,2,18.0,0.0,loam,late,117,drip,groundwater_well,46.7,0
farm_5,farm_5_field_4,2025-08-08,69.2,sensitive,sugar_beet,3,18.0,0.0,loam,late,118,drip,groundwater_well,46.7,0
farm_5,farm_5_field_4,2025-08-09,62.5,sensitive,sugar_beet,4,18.0,0.4,loam,late,119,drip,groundwater_well,46.7,0
farm_5,farm_5_field_4,2025-08-10,59.0,sensitive,sugar_beet,5,18.0,0.0,loam,late,120,drip,groundwater_well,46.7,0
farm_5,farm_5_field_4,2025-08-11,55.0,sensitive,sugar_beet,6,18.0,2.2,loam,late,121,drip,groundwater_well,46.7,1
farm_5,farm_5_field_4,2025-08-12,55.2,sensitive,sugar_beet,7,18.0,0.0,loam,late,122,drip,groundwater_well,46.7,1
farm_5,farm_5_field_4,2025-08-13,51.2,sensitive,sugar_beet,8,18.0,0.6,loam,late,123,drip,groundwater_well,46.7,1
farm_5,farm_5_field_4,2025-08-14,53.4,sensitive,sugar_beet,1,18.0,0.6,loam,late,124,drip,groundwater_well,46.7,0
farm_5,farm_5_field_4,2025-08-15,54.2,sensitive,sugar_beet,2,18.0,0.0,loam,late,125,drip,groundwater_well,46.7,1
farm_5,farm_5_field_4,2025-08-16,66.4,late,sugar_beet,1,18.0,0.0,loam,late,126,drip,groundwater_well,46.7,0
farm_5,farm_5_field_4,2025-08-17,60.8,late,sugar_beet,2,18.0,0.4,loam,late,127,drip,groundwater_well,46.7,0
farm_5,farm_5_field_4,2025-08-18,60.4,late,sugar_beet,3,18.0,0.0,loam,late,128,drip,groundwater_well,46.7,0
farm_5,farm_5_field_4,2025-08-19,57.9,late,sugar_beet,4,18.0,0.1,loam,late,129,drip,groundwater_well,46.7,0
farm_5,farm_5_field_4,2025-08-20,61.0,late,sugar_beet,5,18.0,0.5,loam,late,130,drip,groundwater_well,46.7,0
farm_5,farm_5_field_4,2025-08-21,53.3,late,sugar_beet,6,18.0,0.0,loam,late,131,drip,groundwater_well,46.7,0
farm_5,farm_5_field_4,2025-08-22,49.5,late,sugar_beet,7,18.0,0.5,loam,late,132,drip,groundwater_well,46.7,0
farm_5,farm_5_field_4,2025-08-23,48.7,late,sugar_beet,8,18.0,0.5,loam,late,133,drip,groundwater_well,46.7,0
farm_5,farm_5_field_4,2025-08-24,48.3,late,sugar_beet,9,18.0,0.0,loam,late,134,drip,groundwater_well,46.7,0
farm_5,farm_5_field_4,2025-08-25,44.0,late,sugar_beet,10,18.0,0.0,loam,late,135,drip,groundwater_well,46.7,0
farm_5,farm_5_field_4,2025-08-26,45.2,late,sugar_beet,11,18.0,0.0,loam,late,136,drip,groundwater_well,46.7,0
farm_5,farm_5_field_4,2025-08-27,,late,sugar_beet,12,18.0,0.0,loam,late,137,drip,groundwater_well,46.7,0
farm_5,farm_5_field_4,2025-08-28,37.1,late,sugar_beet,13,18.0,21.6,loam,late,138,drip,groundwater_well,46.7,1
farm_5,farm_5_field_4,2025-08-29,65.5,late,sugar_beet,1,18.0,0.0,loam,late,139,drip,groundwater_well,46.7,0
farm_5,farm_5_field_4,2025-08-30,64.1,late,sugar_beet,2,18.0,0.5,loam,late,140,drip,groundwater_well,46.7,0
farm_5,farm_5_field_4,2025-08-31,68.4,late,sugar_beet,3,18.0,0.1,loam,late,141,drip,groundwater_well,46.7,0
farm_5,farm_5_field_4,2025-09-01,58.2,late,sugar_beet,4,18.0,0.3,loam,late,142,drip,groundwater_well,46.7,0
farm_5,farm_5_field_4,2025-09-02,53.4,late,sugar_beet,5,18.0,0.0,loam,late,143,drip,groundwater_well,46.7,0
farm_5,farm_5_field_4,2025-09-03,55.8,late,sugar_beet,6,18.0,0.4,loam,late,144,drip,groundwater_well,46.7,0
farm_5,farm_5_field_4,2025-09-04,56.7,late,sugar_beet,7,18.0,0.0,loam,late,145,drip,groundwater_well,46.7,0
farm_5,farm_5_field_4,2025-09-05,58.9,late,sugar_beet,8,18.0,0.1,loam,late,146,drip,groundwater_well,46.7,0
farm_5,farm_5_field_4,2025-09-06,,late,sugar_beet,9,18.0,0.2,loam,late,147,drip,groundwater_well,46.7,0
farm_5,farm_5_field_4,2025-09-07,55.8,late,sugar_beet,10,18.0,0.0,loam,late,148,drip,groundwater_well,46.7,0
farm_5,farm_5_field_4,2025-09-08,53.7,late,sugar_beet,11,18.0,0.0,loam,late,149,drip,groundwater_well,46.7,0
farm_5,farm_5_field_4,2025-09-09,49.2,late,sugar_beet,12,18.0,0.3,loam,late,150,drip,groundwater_well,46.7,0
farm_5,farm_5_field_4,2025-09-10,43.7,late,sugar_beet,13,18.0,0.1,loam,late,151,drip,groundwater_well,46.7,0
farm_5,farm_5_field_4,2025-09-11,42.4,late,sugar_beet,14,18.0,0.0,loam,late,152,drip,groundwater_well,46.7,0
farm_5,farm_5_field_4,2025-09-12,43.4,late,sugar_beet,15,18.0,0.6,loam,late,153,drip,groundwater_well,46.7,0
farm_5,farm_5_field_4,2025-09-13,44.8,late,sugar_beet,16,18.0,0.0,loam,late,154,drip,groundwater_well,46.7,0
farm_5,farm_5_field_4,2025-09-14,44.8,late,sugar_beet,17,18.0,1.9,loam,late,155,drip,groundwater_well,46.7,1
farm_5,farm_5_field_4,2025-09-15,44.8,late,sugar_beet,1,18.0,0.5,loam,late,156,drip,groundwater_well,46.7,0
farm_5,farm_5_field_4,2025-09-16,44.8,late,sugar_beet,2,18.0,6.1,loam,late,157,drip,groundwater_well,46.7,0
farm_5,farm_5_field_4,2025-09-17,44.8,late,sugar_beet,3,18.0,2.5,loam,late,158,drip,groundwater_well,46.7,0
farm_5,farm_5_field_4,2025-09-18,44.8,late,sugar_beet,4,18.0,0.0,loam,late,159,drip,groundwater_well,46.7,0
farm_5,farm_5_field_4,2025-09-19,44.8,late,sugar_beet,5,18.0,0.0,loam,late,160,drip,groundwater_well,46.7,0
farm_5,farm_5_field_4,2025-09-20,56.4,late,sugar_beet,6,18.0,0.5,loam,late,161,drip,groundwater_well,46.7,0
farm_5,farm_5_field_4,2025-09-21,50.7,late,sugar_beet,7,18.0,0.0,loam,late,162,drip,groundwater_well,46.7,0
farm_5,farm_5_field_4,2025-09-22,48.0,late,sugar_beet,8,18.0,0.4,loam,late,163,drip,groundwater_well,46.7,0
farm_5,farm_5_field_4,2025-09-23,47.1,late,sugar_beet,9,18.0,0.0,loam,late,164,drip,groundwater_well,46.7,0
farm_5,farm_5_field_4,2025-09-24,49.3,late,sugar_beet,10,18.0,1.0,loam,late,165,drip,groundwater_well,46.7,0
farm_5,farm_5_field_4,2025-09-25,43.9,late,sugar_beet,11,18.0,0.0,loam,late,166,drip,groundwater_well,46.7,0
farm_5,farm_5_field_4,2025-09-26,44.5,late,sugar_beet,12,18.0,0.1,loam,late,167,drip,groundwater_well,46.7,0
farm_5,farm_5_field_4,2025-09-27,39.6,late,sugar_beet,13,18.0,0.0,loam,late,168,drip,groundwater_well,46.7,0
farm_5,farm_5_field_4,2025-09-28,48.2,late,sugar_beet,14,18.0,0.0,loam,late,169,drip,groundwater_well,46.7,0
farm_5,farm_5_field_4,2025-09-29,39.8,late,sugar_beet,15,18.0,0.0,loam,late,170,drip,groundwater_well,46.7,1
farm_5,farm_5_field_4,2025-09-30,39.7,late,sugar_beet,16,18.0,0.2,loam,late,171,drip,groundwater_well,46.7,1
farm_5,farm_5_field_4,2026-04-15,76.2,initial,sugar_beet,3,0.0,0.3,loam,late,3,drip,groundwater_well,46.7,0
farm_5,farm_5_field_4,2026-04-16,82.8,initial,sugar_beet,4,0.0,0.0,loam,late,4,drip,groundwater_well,46.7,0
farm_5,farm_5_field_4,2026-04-17,75.4,initial,sugar_beet,5,0.0,1.7,loam,late,5,drip,groundwater_well,46.7,0
farm_5,farm_5_field_4,2026-04-18,80.7,initial,sugar_beet,6,0.0,0.8,loam,late,6,drip,groundwater_well,46.7,0
farm_5,farm_5_field_4,2026-04-19,82.6,initial,sugar_beet,7,0.0,0.3,loam,late,7,drip,groundwater_well,46.7,0
farm_5,farm_5_field_4,2026-04-20,76.2,initial,sugar_beet,8,0.0,0.0,loam,late,8,drip,groundwater_well,46.7,0
farm_5,farm_5_field_4,2026-04-21,77.1,initial,sugar_beet,9,0.0,0.0,loam,late,9,drip,groundwater_well,46.7,0
farm_5,farm_5_field_4,2026-04-22,76.9,initial,sugar_beet,10,0.0,0.7,loam,late,10,drip,groundwater_well,46.7,0
farm_5,farm_5_field_4,2026-04-23,76.8,initial,sugar_beet,11,0.0,0.1,loam,late,11,drip,groundwater_well,46.7,0
farm_5,farm_5_field_4,2026-04-24,76.8,initial,sugar_beet,12,0.0,0.2,loam,late,12,drip,groundwater_well,46.7,0
farm_5,farm_5_field_4,2026-04-25,76.8,initial,sugar_beet,13,0.0,0.0,loam,late,13,drip,groundwater_well,46.7,0
farm_5,farm_5_field_4,2026-04-26,76.8,initial,sugar_beet,14,0.0,0.0,loam,late,14,drip,groundwater_well,46.7,0
farm_5,farm_5_field_4,2026-04-27,76.8,initial,sugar_beet,15,0.0,0.3,loam,late,15,drip,groundwater_well,46.7,0
farm_5,farm_5_field_4,2026-04-28,76.8,initial,sugar_beet,16,0.0,0.7,loam,late,16,drip,groundwater_well,46.7,0
farm_5,farm_5_field_4,2026-04-29,76.8,initial,sugar_beet,17,0.0,0.4,loam,late,17,drip,groundwater_well,46.7,0
farm_5,farm_5_field_4,2026-04-30,76.8,initial,sugar_beet,18,0.0,0.0,loam,late,18,drip,groundwater_well,46.7,0
farm_5,farm_5_field_4,2026-05-01,76.8,initial,sugar_beet,19,0.0,0.5,loam,late,19,drip,groundwater_well,46.7,0
farm_5,farm_5_field_4,2026-05-02,76.8,initial,sugar_beet,20,0.0,0.2,loam,late,20,drip,groundwater_well,46.7,0
farm_5,farm_5_field_4,2026-05-03,68.2,initial,sugar_beet,21,0.0,11.8,loam,late,21,drip,groundwater_well,46.7,0
farm_5,farm_5_field_4,2026-05-04,78.7,initial,sugar_beet,22,0.0,0.0,loam,late,22,drip,groundwater_well,46.7,0
farm_5,farm_5_field_4,2026-05-05,75.7,initial,sugar_beet,23,0.0,5.9,loam,late,23,drip,groundwater_well,46.7,0
farm_5,farm_5_field_4,2026-05-06,77.3,initial,sugar_beet,24,0.0,0.1,loam,late,24,drip,groundwater_well,46.7,0
farm_5,farm_5_field_4,2026-05-07,77.2,initial,sugar_beet,25,0.0,10.0,loam,late,25,drip,groundwater_well,46.7,0
farm_5,farm_5_field_4,2026-05-08,84.4,initial,sugar_beet,26,0.0,0.0,loam,late,26,drip,groundwater_well,46.7,0
farm_5,farm_5_field_4,2026-05-09,83.0,initial,sugar_beet,27,0.0,0.0,loam,late,27,drip,groundwater_well,46.7,0
farm_5,farm_5_field_4,2026-05-10,83.8,initial,sugar_beet,28,0.0,0.0,loam,late,28,drip,groundwater_well,46.7,0
farm_5,farm_5_field_4,2026-05-11,85.2,development,sugar_beet,29,0.0,0.1,loam,late,29,drip,groundwater_well,46.7,0
farm_5,farm_5_field_4,2026-05-12,81.1,development,sugar_beet,30,0.0,0.1,loam,late,30,drip,groundwater_well,46.7,0
farm_5,farm_5_field_4,2026-05-13,83.8,development,sugar_beet,31,0.0,3.4,loam,late,31,drip,groundwater_well,46.7,0
farm_5,farm_5_field_4,2026-05-14,77.5,development,sugar_beet,32,0.0,0.6,loam,late,32,drip,groundwater_well,46.7,0
farm_5,farm_5_field_4,2026-05-15,76.9,development,sugar_beet,33,0.0,0.0,loam,late,33,drip,groundwater_well,46.7,0
farm_5,farm_5_field_4,2026-05-16,81.8,development,sugar_beet,34,0.0,0.1,loam,late,34,drip,groundwater_well,46.7,0
farm_5,farm_5_field_4,2026-05-17,71.7,development,sugar_beet,35,0.0,0.1,loam,late,35,drip,groundwater_well,46.7,0
farm_5,farm_5_field_4,2026-05-18,76.4,development,sugar_beet,36,0.0,0.5,loam,late,36,drip,groundwater_well,46.7,0
farm_5,farm_5_field_4,2026-05-19,72.2,development,sugar_beet,37,0.0,0.0,loam,late,37,drip,groundwater_well,46.7,0
farm_5,farm_5_field_4,2026-05-20,67.3,development,sugar_beet,38,0.0,0.0,loam,late,38,drip,groundwater_well,46.7,0
farm_5,farm_5_field_4,2026-05-21,69.7,development,sugar_beet,39,0.0,19.1,loam,late,39,drip,groundwater_well,46.7,0
farm_5,farm_5_field_4,2026-05-22,81.5,development,sugar_beet,40,0.0,7.0,loam,late,40,drip,groundwater_well,46.7,0
farm_5,farm_5_field_4,2026-05-23,81.3,development,sugar_beet,41,0.0,0.0,loam,late,41,drip,groundwater_well,46.7,0
farm_5,farm_5_field_4,2026-05-24,80.0,development,sugar_beet,42,0.0,0.9,loam,late,42,drip,groundwater_well,46.7,0
farm_5,farm_5_field_4,2026-05-25,75.2,development,sugar_beet,43,0.0,0.0,loam,late,43,drip,groundwater_well,46.7,0
farm_5,farm_5_field_4,2026-05-26,78.4,development,sugar_beet,44,0.0,0.0,loam,late,44,drip,groundwater_well,46.7,0
farm_5,farm_5_field_4,2026-05-27,78.4,development,sugar_beet,45,0.0,0.2,loam,late,45,drip,groundwater_well,46.7,0
farm_5,farm_5_field_4,2026-05-28,74.8,development,sugar_beet,46,0.0,0.0,loam,late,46,drip,groundwater_well,46.7,0
farm_5,farm_5_field_4,2026-05-29,72.9,development,sugar_beet,47,0.0,0.0,loam,late,47,drip,groundwater_well,46.7,0
farm_5,farm_5_field_4,2026-05-30,68.6,development,sugar_beet,48,0.0,0.0,loam,late,48,drip,groundwater_well,46.7,0
farm_5,farm_5_field_4,2026-05-31,,development,sugar_beet,49,0.0,0.0,loam,late,49,drip,groundwater_well,46.7,0
farm_5,farm_5_field_4,2026-06-01,63.7,development,sugar_beet,50,0.0,0.0,loam,late,50,drip,groundwater_well,46.7,0
farm_5,farm_5_field_4,2026-06-02,69.3,development,sugar_beet,51,0.0,0.0,loam,late,51,drip,groundwater_well,46.7,0
farm_5,farm_5_field_4,2026-06-03,,development,sugar_beet,52,0.0,0.2,loam,late,52,drip,groundwater_well,46.7,0
farm_5,farm_5_field_4,2026-06-04,62.7,development,sugar_beet,53,0.0,0.0,loam,late,53,drip,groundwater_well,46.7,0
farm_5,farm_5_field_4,2026-06-05,60.3,development,sugar_beet,54,0.0,0.2,loam,late,54,drip,groundwater_well,46.7,0
farm_5,farm_5_field_4,2026-06-06,53.5,development,sugar_beet,55,0.0,5.8,loam,late,55,drip,groundwater_well,46.7,0
farm_5,farm_5_field_4,2026-06-07,60.8,development,sugar_beet,56,0.0,0.0,loam,late,56,drip,groundwater_well,46.7,0
farm_5,farm_5_field_4,2026-06-08,57.8,development,sugar_beet,57,0.0,0.0,loam,late,57,drip,groundwater_well,46.7,0
farm_5,farm_5_field_4,2026-06-09,50.4,development,sugar_beet,58,0.0,0.0,loam,late,58,drip,groundwater_well,46.7,0
farm_5,farm_5_field_4,2026-06-10,48.5,development,sugar_beet,59,0.0,0.3,loam,late,59,drip,groundwater_well,46.7,1
farm_5,farm_5_field_4,2026-06-11,44.4,development,sugar_beet,60,0.0,0.0,loam,late,60,drip,groundwater_well,46.7,1
farm_5,farm_5_field_4,2026-06-12,53.2,development,sugar_beet,1,18.0,0.4,loam,late,61,drip,groundwater_well,46.7,0
farm_5,farm_5_field_4,2026-06-13,50.5,development,sugar_beet,2,18.0,0.0,loam,late,62,drip,groundwater_well,46.7,0
farm_5,farm_5_field_4,2026-06-14,44.6,development,sugar_beet,3,18.0,0.0,loam,late,63,drip,groundwater_well,46.7,1
farm_5,farm_5_field_4,2026-06-15,57.9,development,sugar_beet,1,18.0,0.3,loam,late,64,drip,groundwater_well,46.7,0
farm_5,farm_5_field_4,2026-06-16,57.7,development,sugar_beet,2,18.0,0.0,loam,late,65,drip,groundwater_well,46.7,0
farm_5,farm_5_field_4,2026-06-17,53.5,development,sugar_beet,3,18.0,0.0,loam,late,66,drip,groundwater_well,46.7,0
farm_5,farm_5_field_4,2026-06-18,44.9,development,sugar_beet,4,18.0,0.2,loam,late,67,drip,groundwater_well,46.7,1
farm_5,farm_5_field_4,2026-06-19,61.3,development,sugar_beet,1,18.0,0.0,loam,late,68,drip,groundwater_well,46.7,0
farm_5,farm_5_field_4,2026-06-20,54.1,sensitive,sugar_beet,2,18.0,0.0,loam,late,69,drip,groundwater_well,46.7,1
farm_5,farm_5_field_4,2026-06-21,46.5,sensitive,sugar_beet,3,18.0,0.2,loam,late,70,drip,groundwater_well,46.7,1
farm_5,farm_5_field_4,2026-06-22,42.0,sensitive,sugar_beet,4,18.0,0.2,loam,late,71,drip,groundwater_well,46.7,1
farm_5,farm_5_field_4,2026-06-23,50.3,sensitive,sugar_beet,1,18.0,0.1,loam,late,72,drip,groundwater_well,46.7,1
farm_5,farm_5_field_4,2026-06-24,51.3,sensitive,sugar_beet,2,18.0,0.0,loam,late,73,drip,groundwater_well,46.7,1
farm_5,farm_5_field_4,2026-06-25,59.7,sensitive,sugar_beet,1,18.0,1.6,loam,late,74,drip,groundwater_well,46.7,1
farm_5,farm_5_field_4,2026-06-26,50.7,sensitive,sugar_beet,2,18.0,0.3,loam,late,75,drip,groundwater_well,46.7,1
farm_5,farm_5_field_4,2026-06-27,49.7,sensitive,sugar_beet,3,18.0,0.2,loam,late,76,drip,groundwater_well,46.7,1
farm_5,farm_5_field_4,2026-06-28,38.1,sensitive,sugar_beet,4,18.0,0.1,loam,late,77,drip,groundwater_well,46.7,2
farm_5,farm_5_field_4,2026-06-29,49.7,sensitive,sugar_beet,1,18.0,0.0,loam,late,78,drip,groundwater_well,46.7,1
farm_5,farm_5_field_4,2026-06-30,37.7,sensitive,sugar_beet,2,18.0,0.0,loam,late,79,drip,groundwater_well,46.7,2
farm_5,farm_5_field_4,2026-07-01,50.0,sensitive,sugar_beet,1,18.0,0.3,loam,late,80,drip,groundwater_well,46.7,1
farm_5,farm_5_field_4,2026-07-02,58.1,sensitive,sugar_beet,1,18.0,0.3,loam,late,81,drip,groundwater_well,46.7,1
farm_5,farm_5_field_4,2026-07-03,49.4,sensitive,sugar_beet,2,18.0,0.0,loam,late,82,drip,groundwater_well,46.7,1
farm_5,farm_5_field_4,2026-07-04,55.2,sensitive,sugar_beet,1,18.0,0.0,loam,late,83,drip,groundwater_well,46.7,1
farm_5,farm_5_field_4,2026-07-05,51.4,sensitive,sugar_beet,2,18.0,0.0,loam,late,84,drip,groundwater_well,46.7,1
farm_5,farm_5_field_4,2026-07-06,47.8,sensitive,sugar_beet,3,18.0,0.0,loam,late,85,drip,groundwater_well,46.7,1
farm_5,farm_5_field_4,2026-07-07,37.7,sensitive,sugar_beet,4,18.0,0.4,loam,late,86,drip,groundwater_well,46.7,2
farm_5,farm_5_field_4,2026-07-08,47.5,sensitive,sugar_beet,1,18.0,0.0,loam,late,87,drip,groundwater_well,46.7,1
farm_5,farm_5_field_4,2026-07-09,36.7,sensitive,sugar_beet,2,18.0,0.0,loam,late,88,drip,groundwater_well,46.7,2
farm_5,farm_5_field_4,2026-07-10,46.9,sensitive,sugar_beet,1,18.0,0.0,loam,late,89,drip,groundwater_well,46.7,1
farm_5,farm_5_field_4,2026-07-11,46.9,sensitive,sugar_beet,2,18.0,0.0,loam,late,90,drip,groundwater_well,46.7,2
farm_5,farm_5_field_4,2026-07-12,46.9,sensitive,sugar_beet,1,18.0,0.0,loam,late,91,drip,groundwater_well,46.7,1
farm_5,farm_5_field_4,2026-07-13,46.9,sensitive,sugar_beet,1,18.0,0.2,loam,late,92,drip,groundwater_well,46.7,1
farm_5,farm_5_field_4,2026-07-14,46.9,sensitive,sugar_beet,2,18.0,0.0,loam,late,93,drip,groundwater_well,46.7,1
farm_5,farm_5_field_4,2026-07-15,46.9,sensitive,sugar_beet,1,18.0,0.0,loam,late,94,drip,groundwater_well,46.7,0
farm_5,farm_5_field_4,2026-07-16,46.9,sensitive,sugar_beet,2,18.0,0.0,loam,late,95,drip,groundwater_well,46.7,1
farm_5,farm_5_field_4,2026-07-17,38.6,sensitive,sugar_beet,3,18.0,0.3,loam,late,96,drip,groundwater_well,46.7,1
farm_5,farm_5_field_4,2026-07-18,44.9,sensitive,sugar_beet,4,18.0,0.7,loam,late,97,drip,groundwater_well,46.7,2
farm_5,farm_5_field_4,2026-07-19,49.2,sensitive,sugar_beet,1,18.0,0.2,loam,late,98,drip,groundwater_well,46.7,1
farm_5,farm_5_field_4,2026-07-20,41.2,sensitive,sugar_beet,2,18.0,0.0,loam,late,99,drip,groundwater_well,46.7,1
farm_5,farm_5_field_4,2026-07-21,40.3,sensitive,sugar_beet,3,18.0,0.2,loam,late,100,drip,groundwater_well,46.7,2
farm_5,farm_5_field_4,2026-07-22,49.4,sensitive,sugar_beet,1,18.0,0.0,loam,late,101,drip,groundwater_well,46.7,1
farm_5,farm_5_field_4,2026-07-23,40.5,sensitive,sugar_beet,2,18.0,0.0,loam,late,102,drip,groundwater_well,46.7,2
farm_5,farm_5_field_4,2026-07-24,46.1,sensitive,sugar_beet,1,18.0,0.0,loam,late,103,drip,groundwater_well,46.7,1
farm_5,farm_5_field_4,2026-07-25,38.5,sensitive,sugar_beet,2,18.0,0.0,loam,late,104,drip,groundwater_well,46.7,1
farm_5,farm_5_field_4,2026-07-26,39.4,sensitive,sugar_beet,3,18.0,0.0,loam,late,105,drip,groundwater_well,46.7,2
farm_5,farm_5_field_4,2026-07-27,44.6,sensitive,sugar_beet,1,18.0,0.1,loam,late,106,drip,groundwater_well,46.7,1
farm_5,farm_5_field_4,2026-07-28,52.1,sensitive,sugar_beet,1,18.0,0.0,loam,late,107,drip,groundwater_well,46.7,1
farm_5,farm_5_field_4,2026-07-29,46.4,sensitive,sugar_beet,2,18.0,0.0,loam,late,108,drip,groundwater_well,46.7,1
farm_5,farm_5_field_4,2026-07-30,51.4,sensitive,sugar_beet,1,18.0,0.1,loam,late,109,drip,groundwater_well,46.7,1
farm_5,farm_5_field_4,2026-07-31,53.1,sensitive,sugar_beet,2,18.0,9.6,loam,late,110,drip,groundwater_well,46.7,1
farm_5,farm_5_field_4,2026-08-01,56.2,sensitive,sugar_beet,3,18.0,0.2,loam,late,111,drip,groundwater_well,46.7,1
farm_5,farm_5_field_4,2026-08-02,65.5,sensitive,sugar_beet,1,18.0,0.0,loam,late,112,drip,groundwater_well,46.7,0
farm_5,farm_5_field_4,2026-08-03,60.5,sensitive,sugar_beet,2,18.0,11.8,loam,late,113,drip,groundwater_well,46.7,0
farm_5,farm_5_field_4,2026-08-04,57.6,sensitive,sugar_beet,3,18.0,0.0,loam,late,114,drip,groundwater_well,46.7,0
farm_5,farm_5_field_4,2026-08-05,58.2,sensitive,sugar_beet,4,18.0,0.9,loam,late,115,drip,groundwater_well,46.7,1
farm_5,farm_5_field_4,2026-08-06,49.5,sensitive,sugar_beet,5,18.0,0.1,loam,late,116,drip,groundwater_well,46.7,1
farm_5,farm_5_field_4,2026-08-07,50.2,sensitive,sugar_beet,6,18.0,0.0,loam,late,117,drip,groundwater_well,46.7,1
farm_5,farm_5_field_4,2026-08-08,44.2,sensitive,sugar_beet,7,18.0,0.0,loam,late,118,drip,groundwater_well,46.7,1
farm_5,farm_5_field_4,2026-08-09,42.4,sensitive,sugar_beet,8,18.0,0.0,loam,late,119,drip,groundwater_well,46.7,2
farm_5,farm_5_field_4,2026-08-10,46.7,sensitive,sugar_beet,1,18.0,2.3,loam,late,120,drip,groundwater_well,46.7,1
farm_5,farm_5_field_4,2026-08-11,46.1,sensitive,sugar_beet,2,18.0,0.0,loam,late,121,drip,groundwater_well,46.7,1
farm_5,farm_5_field_4,2026-08-12,41.1,sensitive,sugar_beet,3,18.0,0.0,loam,late,122,drip,groundwater_well,46.7,2
farm_5,farm_5_field_4,2026-08-13,49.1,sensitive,sugar_beet,1,18.0,0.0,loam,late,123,drip,groundwater_well,46.7,1
farm_5,farm_5_field_4,2026-08-14,40.6,sensitive,sugar_beet,2,18.0,0.3,loam,late,124,drip,groundwater_well,46.7,1
farm_5,farm_5_field_4,2026-08-15,40.0,sensitive,sugar_beet,3,18.0,0.6,loam,late,125,drip,groundwater_well,46.7,2
farm_5,farm_5_field_4,2026-08-16,46.8,late,sugar_beet,1,18.0,0.2,loam,late,126,drip,groundwater_well,46.7,0
farm_5,farm_5_field_4,2026-08-17,41.2,late,sugar_beet,2,18.0,0.8,loam,late,127,drip,groundwater_well,46.7,0
farm_5,farm_5_field_4,2026-08-18,42.4,late,sugar_beet,3,18.0,0.0,loam,late,128,drip,groundwater_well,46.7,0
farm_5,farm_5_field_4,2026-08-19,41.6,late,sugar_beet,4,18.0,0.5,loam,late,129,drip,groundwater_well,46.7,1
farm_5,farm_5_field_4,2026-08-20,36.8,late,sugar_beet,5,18.0,3.5,loam,late,130,drip,groundwater_well,46.7,1
farm_5,farm_5_field_4,2026-08-21,55.8,late,sugar_beet,1,18.0,0.0,loam,late,131,drip,groundwater_well,46.7,0
farm_5,farm_5_field_4,2026-08-22,50.6,late,sugar_beet,2,18.0,0.2,loam,late,132,drip,groundwater_well,46.7,0
farm_5,farm_5_field_4,2026-08-23,44.8,late,sugar_beet,3,18.0,0.2,loam,late,133,drip,groundwater_well,46.7,0
farm_5,farm_5_field_4,2026-08-24,44.9,late,sugar_beet,4,18.0,0.0,loam,late,134,drip,groundwater_well,46.7,0
farm_5,farm_5_field_4,2026-08-25,37.4,late,sugar_beet,5,18.0,0.0,loam,late,135,drip,groundwater_well,46.7,0
farm_5,farm_5_field_4,2026-08-26,,late,sugar_beet,6,18.0,0.2,loam,late,136,drip,groundwater_well,46.7,0
farm_5,farm_5_field_4,2026-08-27,41.6,late,sugar_beet,7,18.0,0.0,loam,late,137,drip,groundwater_well,46.7,1
farm_5,farm_5_field_4,2026-08-28,47.3,late,sugar_beet,1,18.0,4.8,loam,late,138,drip,groundwater_well,46.7,0
farm_5,farm_5_field_4,2026-08-29,53.1,late,sugar_beet,2,18.0,0.4,loam,late,139,drip,groundwater_well,46.7,0
farm_5,farm_5_field_4,2026-08-30,48.0,late,sugar_beet,3,18.0,0.0,loam,late,140,drip,groundwater_well,46.7,0
farm_5,farm_5_field_4,2026-08-31,48.5,late,sugar_beet,4,18.0,0.0,loam,late,141,drip,groundwater_well,46.7,0
farm_5,farm_5_field_4,2026-09-01,47.2,late,sugar_beet,5,18.0,0.5,loam,late,142,drip,groundwater_well,46.7,0
farm_5,farm_5_field_4,2026-09-02,44.0,late,sugar_beet,6,18.0,0.2,loam,late,143,drip,groundwater_well,46.7,0
farm_5,farm_5_field_4,2026-09-03,45.0,late,sugar_beet,7,18.0,0.5,loam,late,144,drip,groundwater_well,46.7,0
farm_5,farm_5_field_4,2026-09-04,43.1,late,sugar_beet,8,18.0,0.0,loam,late,145,drip,groundwater_well,46.7,1
farm_5,farm_5_field_4,2026-09-05,54.9,late,sugar_beet,1,18.0,0.0,loam,late,146,drip,groundwater_well,46.7,0
farm_5,farm_5_field_4,2026-09-06,56.0,late,sugar_beet,2,18.0,0.0,loam,late,147,drip,groundwater_well,46.7,0
farm_5,farm_5_field_4,2026-09-07,46.1,late,sugar_beet,3,18.0,0.4,loam,late,148,drip,groundwater_well,46.7,0
farm_5,farm_5_field_4,2026-09-08,44.0,late,sugar_beet,4,18.0,0.8,loam,late,149,drip,groundwater_well,46.7,0
farm_5,farm_5_field_4,2026-09-09,47.2,late,sugar_beet,5,18.0,0.0,loam,late,150,drip,groundwater_well,46.7,0
farm_5,farm_5_field_4,2026-09-10,44.7,late,sugar_beet,6,18.0,0.0,loam,late,151,drip,groundwater_well,46.7,0
farm_5,farm_5_field_4,2026-09-11,43.3,late,sugar_beet,7,18.0,0.1,loam,late,152,drip,groundwater_well,46.7,0
farm_5,farm_5_field_4,2026-09-12,41.7,late,sugar_beet,8,18.0,0.0,loam,late,153,drip,groundwater_well,46.7,1
farm_5,farm_5_field_4,2026-09-13,39.9,late,sugar_beet,9,18.0,0.3,loam,late,154,drip,groundwater_well,46.7,1
farm_5,farm_5_field_4,2026-09-14,38.2,late,sugar_beet,10,18.0,0.0,loam,late,155,drip,groundwater_well,46.7,1
farm_5,farm_5_field_4,2026-09-15,34.2,late,sugar_beet,11,18.0,0.0,loam,late,156,drip,groundwater_well,46.7,1
farm_5,farm_5_field_4,2026-09-16,48.0,late,sugar_beet,1,18.0,0.4,loam,late,157,drip,groundwater_well,46.7,0
farm_5,farm_5_field_4,2026-09-17,45.6,late,sugar_beet,2,18.0,0.0,loam,late,158,drip,groundwater_well,46.7,0
farm_5,farm_5_field_4,2026-09-18,46.9,late,sugar_beet,3,18.0,0.0,loam,late,159,drip,groundwater_well,46.7,0
farm_5,farm_5_field_4,2026-09-19,44.7,late,sugar_beet,4,18.0,0.7,loam,late,160,drip,groundwater_well,46.7,0
farm_5,farm_5_field_4,2026-09-20,40.2,late,sugar_beet,5,18.0,0.2,loam,late,161,drip,groundwater_well,46.7,1
farm_5,farm_5_field_4,2026-09-21,39.4,late,sugar_beet,6,18.0,0.0,loam,late,162,drip,groundwater_well,46.7,1
farm_5,farm_5_field_4,2026-09-22,48.0,late,sugar_beet,1,18.0,0.8,loam,late,163,drip,groundwater_well,46.7,0
farm_5,farm_5_field_4,2026-09-23,50.0,late,sugar_beet,2,18.0,0.0,loam,late,164,drip,groundwater_well,46.7,0
farm_5,farm_5_field_4,2026-09-24,47.6,late,sugar_beet,3,18.0,0.4,loam,late,165,drip,groundwater_well,46.7,0
farm_5,farm_5_field_4,2026-09-25,45.8,late,sugar_beet,4,18.0,0.2,loam,late,166,drip,groundwater_well,46.7,0
farm_5,farm_5_field_4,2026-09-26,49.3,late,sugar_beet,5,18.0,0.0,loam,late,167,drip,groundwater_well,46.7,0
farm_5,farm_5_field_4,2026-09-27,46.4,late,sugar_beet,6,18.0,3.1,loam,late,168,drip,groundwater_well,46.7,0
farm_5,farm_5_field_4,2026-09-28,45.9,late,sugar_beet,7,18.0,0.0,loam,late,169,drip,groundwater_well,46.7,0
farm_5,farm_5_field_4,2026-09-29,41.5,late,sugar_beet,8,18.0,0.2,loam,late,170,drip,groundwater_well,46.7,0
farm_5,farm_5_field_4,2026-09-30,43.2,late,sugar_beet,9,18.0,0.0,loam,late,171,drip,groundwater_well,46.7,0
