farm_id,field_id,date,soil_moisture_pct_nfk,growth_stage,crop_type,days_since_last_irrigation,previous_irrigation_mm,onfarm_rain_gauge_mm,soil_type,crop_variety_maturity,days_after_planting,irrigation_type,water_source,field_area_ha,irrigation_need
farm_9,farm_9_field_1,2025-04-17,65.1,initial,potato,0,0.0,0.0,loamy_sand,early,0,drip,groundwater_well,21.5,0
farm_9,farm_9_field_1,2025-04-18,69.8,initial,potato,1,0.0,0.5,loamy_sand,early,1,drip,groundwater_well,21.5,0
farm_9,farm_9_field_1,2025-04-19,70.9,initial,potato,2,0.0,0.0,loamy_sand,early,2,drip,groundwater_well,21.5,0
farm_9,farm_9_field_1,2025-04-20,66.1,initial,potato,3,0.0,0.7,loamy_sand,early,3,drip,groundwater_well,21.5,0
farm_9,farm_9_field_1,2025-04-21,61.7,initial,potato,4,0.0,0.5,loamy_sand,early,4,drip,groundwater_well,21.5,0
farm_9,farm_9_field_1,2025-04-22,65.9,initial,potato,5,0.0,5.0,loamy_sand,early,5,drip,groundwater_well,21.5,0
farm_9,farm_9_field_1,2025-04-23,69.7,initial,potato,6,0.0,0.0,loamy_sand,early,6,drip,groundwater_well,21.5,0
farm_9,farm_9_field_1,2025-04-24,60.4,initial,potato,7,0.0,0.3,loamy_sand,early,7,drip,groundwater_well,21.5,0
farm_9,farm_9_field_1,2025-04-25,63.9,initial,potato,8,0.0,0.1,loamy_sand,early,8,drip,groundwater_well,21.5,0
farm_9,farm_9_field_1,2025-04-26,69.8,initial,potato,9,0.0,0.0,loamy_sand,early,9,drip,groundwater_well,21.5,0
farm_9,farm_9_field_1,2025-04-27,61.8,initial,potato,10,0.0,6.2,loamy_sand,early,10,drip,groundwater_well,21.5,0
farm_9,farm_9_field_1,2025-04-28,63.5,initial,potato,11,0.0,0.3,loamy_sand,early,11,drip,groundwater_well,21.5,0
farm_9,farm_9_field_1,2025-04-29,70.2,initial,potato,12,0.0,0.0,loamy_sand,early,12,drip,groundwater_well,21.5,0
farm_9,farm_9_field_1,2025-04-30,73.8,initial,potato,13,0.0,0.9,loamy_sand,early,13,drip,groundwater_well,21.5,0
farm_9,farm_9_field_1,2025-05-01,61.0,initial,potato,14,0.0,0.0,loamy_sand,early,14,drip,groundwater_well,21.5,0
farm_9,farm_9_field_1,2025-05-02,65.3,initial,potato,15,0.0,0.2,loamy_sand,early,15,drip,groundwater_well,21.5,0
farm_9,farm_9_field_1,2025-05-03,62.8,initial,potato,16,0.0,3.3,loamy_sand,early,16,drip,groundwater_well,21.5,0
farm_9,farm_9_field_1,2025-05-04,56.6,initial,potato,17,0.0,0.3,loamy_sand,early,17,drip,groundwater_well,21.5,0
farm_9,farm_9_field_1,2025-05-05,64.7,initial,potato,18,0.0,0.0,loamy_sand,early,18,drip,groundwater_well,21.5,0
farm_9,farm_9_field_1,2025-05-06,66.4,initial,potato,19,0.0,0.0,loamy_sand,early,19,drip,groundwater_well,21.5,0
farm_9,farm_9_field_1,2025-05-07,59.1,initial,potato,20,0.0,0.4,loamy_sand,early,20,drip,groundwater_well,21.5,0
farm_9,farm_9_field_1,2025-05-08,65.1,development,potato,21,0.0,0.0,loamy_sand,early,21,drip,groundwater_well,21.5,0
farm_9,farm_9_field_1,2025-05-09,60.5,development,potato,22,0.0,0.6,loamy_sand,early,22,drip,groundwater_well,21.5,0
farm_9,farm_9_field_1,2025-05-10,53.2,development,potato,23,0.0,0.0,loamy_sand,early,23,drip,groundwater_well,21.5,1
farm_9,farm_9_field_1,2025-05-11,48.0,development,potato,24,0.0,0.4,loamy_sand,early,24,drip,groundwater_well,21.5,1
farm_9,farm_9_field_1,2025-05-12,52.6,development,potato,25,0.0,0.0,loamy_sand,early,25,drip,groundwater_well,21.5,1
farm_9,farm_9_field_1,2025-05-13,60.5,development,potato,1,18.0,0.0,loamy_sand,early,26,drip,groundwater_well,21.5,0
farm_9,farm_9_field_1,2025-05-14,65.1,development,potato,2,18.0,0.1,loamy_sand,early,27,drip,groundwater_well,21.5,0
farm_9,farm_9_field_1,2025-05-15,62.3,development,potato,3,18.0,0.3,loamy_sand,early,28,drip,groundwater_well,21.5,0
farm_9,farm_9_field_1,2025-05-16,62.3,development,potato,4,18.0,0.6,loamy_sand,early,29,drip,groundwater_well,21.5,0
farm_9,farm_9_field_1,2025-05-17,56.8,development,potato,5,18.0,8.9,loamy_sand,early,30,drip,groundwater_well,21.5,0
farm_9,farm_9_field_1,2025-05-18,63.3,development,potato,6,18.0,1.4,loamy_sand,early,31,drip,groundwater_well,21.5,0
farm_9,farm_9_field_1,2025-05-19,56.1,development,potato,7,18.0,10.8,loamy_sand,early,32,drip,groundwater_well,21.5,0
farm_9,farm_9_field_1,2025-05-20,72.9,development,potato,8,18.0,0.0,loamy_sand,early,33,drip,groundwater_well,21.5,0
farm_9,farm_9_field_1,2025-05-21,61.7,development,potato,9,18.0,7.3,loamy_sand,early,34,drip,groundwater_well,21.5,0
farm_9,farm_9_field_1,2025-05-22,76.2,development,potato,10,18.0,0.0,loamy_sand,early,35,drip,groundwater_well,21.5,0
farm_9,farm_9_field_1,2025-05-23,67.7,development,potato,11,18.0,0.0,loamy_sand,early,36,drip,groundwater_well,21.5,0
farm_9,farm_9_field_1,2025-05-24,63.8,development,potato,12,18.0,0.0,loamy_sand,early,37,drip,groundwater_well,21.5,0
farm_9,farm_9_field_1,2025-05-25,64.5,development,potato,13,18.0,4.1,loamy_sand,early,38,drip,groundwater_well,21.5,0
farm_9,farm_9_field_1,2025-05-26,62.4,development,potato,14,18.0,0.0,loamy_sand,early,39,drip,groundwater_well,21.5,0
farm_9,farm_9_field_1,2025-05-27,61.3,development,potato,15,18.0,0.0,loamy_sand,early,40,drip,groundwater_well,21.5,0
farm_9,farm_9_field_1,2025-05-28,59.1,development,potato,16,18.0,0.0,loamy_sand,early,41,drip,groundwater_well,21.5,0
farm_9,farm_9_field_1,2025-05-29,59.1,development,potato,17,18.0,0.0,loamy_sand,early,42,drip,groundwater_well,21.5,1
farm_9,farm_9_field_1,2025-05-30,69.0,development,potato,1,18.0,0.0,loamy_sand,early,43,drip,groundwater_well,21.5,0
farm_9,farm_9_field_1,2025-05-31,59.9,development,potato,2,18.0,0.0,loamy_sand,early,44,drip,groundwater_well,21.5,0
farm_9,farm_9_field_1,2025-06-01,57.1,development,potato,3,18.0,0.5,loamy_sand,early,45,drip,groundwater_well,21.5,0
farm_9,farm_9_field_1,2025-06-02,64.4,development,potato,4,18.0,0.0,loamy_sand,early,46,drip,groundwater_well,21.5,0
farm_9,farm_9_field_1,2025-06-03,52.0,sensitive,potato,5,18.0,0.0,loamy_sand,early,47,drip,groundwater_well,21.5,1
farm_9,farm_9_field_1,2025-06-04,66.8,sensitive,potato,1,18.0,0.0,loamy_sand,early,48,drip,groundwater_well,21.5,0
farm_9,farm_9_field_1,2025-06-05,66.8,sensitive,potato,2,18.0,0.0,loamy_sand,early,49,drip,groundwater_well,21.5,1
farm_9,farm_9_field_1,2025-06-06,66.8,sensitive,potato,3,18.0,0.5,loamy_sand,early,50,drip,groundwater_well,21.5,1
farm_9,farm_9_field_1,2025-06-07,66.8,sensitive,potato,1,18.0,23.9,loamy_sand,early,51,drip,groundwater_well,21.5,0
farm_9,farm_9_field_1,2025-06-08,66.8,sensitive,potato,2,18.0,23.4,loamy_sand,early,52,drip,groundwater_well,21.5,0
farm_9,farm_9_field_1,2025-06-09,,sensitive,potato,3,18.0,0.0,loamy_sand,early,53,drip,groundwater_well,21.5,0
farm_9,farm_9_field_1,2025-06-10,66.8,sensitive,potato,4,18.0,0.3,loamy_sand,early,54,drip,groundwater_well,21.5,0
farm_9,farm_9_field_1,2025-06-11,66.8,sensitive,potato,5,18.0,0.0,loamy_sand,early,55,drip,groundwater_well,21.5,0
farm_9,farm_9_field_1,2025-06-12,66.8,sensitive,potato,6,18.0,0.0,loamy_sand,early,56,drip,groundwater_well,21.5,0
farm_9,farm_9_field_1,2025-06-13,66.8,sensitive,potato,7,18.0,0.0,loamy_sand,early,57,drip,groundwater_well,21.5,0
farm_9,farm_9_field_1,2025-06-14,77.2,sensitive,potato,8,18.0,0.0,loamy_sand,early,58,drip,groundwater_well,21.5,0
farm_9,farm_9_field_1,2025-06-15,68.5,sensitive,potato,9,18.0,0.9,loamy_sand,early,59,drip,groundwater_well,21.5,0
farm_9,farm_9_field_1,2025-06-16,68.5,sensitive,potato,10,18.0,0.7,loamy_sand,early,60,drip,groundwater_well,21.5,0
farm_9,farm_9_field_1,2025-06-17,68.5,sensitive,potato,11,18.0,3.0,loamy_sand,early,61,drip,groundwater_well,21.5,1
farm_9,farm_9_field_1,2025-06-18,68.5,sensitive,potato,1,18.0,28.4,loamy_sand,early,62,drip,groundwater_well,21.5,0
farm_9,farm_9_field_1,2025-06-19,68.5,sensitive,potato,2,18.0,0.1,loamy_sand,early,63,drip,groundwater_well,21.5,0
farm_9,farm_9_field_1,2025-06-20,68.5,sensitive,potato,3,18.0,0.6,loamy_sand,early,64,drip,groundwater_well,21.5,0
farm_9,farm_9_field_1,2025-06-21,68.5,sensitive,potato,4,18.0,0.6,loamy_sand,early,65,drip,groundwater_well,21.5,0
farm_9,farm_9_field_1,2025-06-22,68.5,sensitive,potato,5,18.0,0.0,loamy_sand,early,66,drip,groundwater_well,21.5,0
farm_9,farm_9_field_1,2025-06-23,75.1,sensitive,potato,6,18.0,0.0,loamy_sand,early,67,drip,groundwater_well,21.5,0
farm_9,farm_9_field_1,2025-06-24,73.8,sensitive,potato,7,18.0,0.0,loamy_sand,early,68,drip,groundwater_well,21.5,0
farm_9,farm_9_field_1,2025-06-25,67.0,sensitive,potato,8,18.0,0.0,loamy_sand,early,69,drip,groundwater_well,21.5,0
farm_9,farm_9_field_1,2025-06-26,66.8,sensitive,potato,9,18.0,0.0,loamy_sand,early,70,drip,groundwater_well,21.5,1
farm_9,farm_9_field_1,2025-06-27,56.4,sensitive,potato,10,18.0,0.1,loamy_sand,early,71,drip,groundwater_well,21.5,1
farm_9,farm_9_field_1,2025-06-28,53.8,sensitive,potato,11,18.0,2.9,loamy_sand,early,72,drip,groundwater_well,21.5,1
farm_9,farm_9_field_1,2025-06-29,48.6,sensitive,potato,12,18.0,0.0,loamy_sand,early,73,drip,groundwater_well,21.5,1
farm_9,farm_9_field_1,2025-06-30,50.5,sensitive,potato,13,18.0,0.0,loamy_sand,early,74,drip,groundwater_well,21.5,2
farm_9,farm_9_field_1,2025-07-01,55.4,sensitive,potato,1,18.0,0.6,loamy_sand,early,75,drip,groundwater_well,21.5,1
farm_9,farm_9_field_1,2025-07-02,56.1,sensitive,potato,2,18.0,0.8,loamy_sand,early,76,drip,groundwater_well,21.5,1
farm_9,farm_9_field_1,2025-07-03,46.4,sensitive,potato,3,18.0,0.0,loamy_sand,early,77,drip,groundwater_well,21.5,2
farm_9,farm_9_field_1,2025-07-04,59.8,sensitive,potato,1,18.0,0.6,loamy_sand,early,78,drip,groundwater_well,21.5,1
farm_9,farm_9_field_1,2025-07-05,74.7,sensitive,potato,1,18.0,0.2,loamy_sand,early,79,drip,groundwater_well,21.5,0
farm_9,farm_9_field_1,2025-07-06,60.8,sensitive,potato,2,18.0,0.0,loamy_sand,early,80,drip,groundwater_well,21.5,1
farm_9,farm_9_field_1,2025-07-07,54.1,sensitive,potato,3,18.0,0.1,loamy_sand,early,81,drip,groundwater_well,21.5,1
farm_9,farm_9_field_1,2025-07-08,50.4,sensitive,potato,4,18.0,1.0,loamy_sand,early,82,drip,groundwater_well,21.5,1
farm_9,farm_9_field_1,2025-07-09,51.5,sensitive,potato,5,18.0,0.0,loamy_sand,early,83,drip,groundwater_well,21.5,2
farm_9,farm_9_field_1,2025-07-10,58.8,sensitive,potato,1,18.0,0.0,loamy_sand,early,84,drip,groundwater_well,21.5,1
farm_9,farm_9_field_1,2025-07-11,65.5,late,potato,1,18.0,0.0,loamy_sand,early,85,drip,groundwater_well,21.5,0
farm_9,farm_9_field_1,2025-07-12,62.0,late,potato,2,18.0,0.0,loamy_sand,early,86,drip,groundwater_well,21.5,0
farm_9,farm_9_field_1,2025-07-13,61.4,late,potato,3,18.0,0.0,loamy_sand,early,87,drip,groundwater_well,21.5,0
farm_9,farm_9_field_1,2025-07-14,56.7,late,potato,4,18.0,0.0,loamy_sand,early,88,drip,groundwater_well,21.5,0
farm_9,farm_9_field_1,2025-07-15,56.7,late,potato,5,18.0,0.0,loamy_sand,early,89,drip,groundwater_well,21.5,0
farm_9,farm_9_field_1,2025-07-16,56.7,late,potato,6,18.0,0.2,loamy_sand,early,90,drip,groundwater_well,21.5,0
farm_9,farm_9_field_1,2025-07-17,56.7,late,potato,7,18.0,0.8,loamy_sand,early,91,drip,groundwater_well,21.5,0
farm_9,farm_9_field_1,2025-07-18,56.7,late,potato,8,18.0,2.6,loamy_sand,early,92,drip,groundwater_well,21.5,0
farm_9,farm_9_field_1,2025-07-19,56.7,late,potato,9,18.0,13.0,loamy_sand,early,93,drip,groundwater_well,21.5,0
farm_9,farm_9_field_1,2025-07-20,56.7,late,potato,10,18.0,0.1,loamy_sand,early,94,drip,groundwater_well,21.5,0
farm_9,farm_9_field_1,2025-07-21,56.7,late,potato,11,18.0,0.2,loamy_sand,early,95,drip,groundwater_well,21.5,0
farm_9,farm_9_field_1,2025-07-22,56.7,late,potato,12,18.0,0.2,loamy_sand,early,96,drip,groundwater_well,21.5,0
farm_9,farm_9_field_1,2025-07-23,50.2,late,potato,13,18.0,0.0,loamy_sand,early,97,drip,groundwater_well,21.5,0
farm_9,farm_9_field_1,2025-07-24,44.9,late,potato,14,18.0,0.0,loamy_sand,early,98,drip,groundwater_well,21.5,1
farm_9,farm_9_field_1,2025-07-25,57.0,late,potato,1,18.0,0.0,loamy_sand,early,99,drip,groundwater_well,21.5,0
farm_9,farm_9_field_1,2025-07-26,57.9,late,potato,2,18.0,0.0,loamy_sand,early,100,drip,groundwater_well,21.5,0
farm_9,farm_9_field_1,2025-07-27,47.8,late,potato,3,18.0,3.5,loamy_sand,early,101,drip,groundwater_well,21.5,0
farm_9,farm_9_field_1,2025-07-28,46.1,late,potato,4,18.0,0.1,loamy_sand,early,102,drip,groundwater_well,21.5,0
farm_9,farm_9_field_1,2025-07-29,46.9,late,potato,5,18.0,9.1,loamy_sand,early,103,drip,groundwater_well,21.5,0
farm_9,farm_9_field_1,2025-07-30,52.5,late,potato,6,18.0,0.6,loamy_sand,early,104,drip,groundwater_well,21.5,0
farm_9,farm_9_field_1,2025-07-31,49.8,late,potato,7,18.0,0.0,loamy_sand,early,105,drip,groundwater_well,21.5,0
farm_9,farm_9_field_1,2025-08-01,47.6,late,potato,8,18.0,0.3,loamy_sand,early,106,drip,groundwater_well,21.5,0
farm_9,farm_9_field_1,2025-08-02,44.4,late,potato,9,18.0,0.6,loamy_sand,early,107,drip,groundwater_well,21.5,1
farm_9,farm_9_field_1,2025-08-03,54.4,late,potato,1,18.0,0.0,loamy_sand,early,108,drip,groundwater_well,21.5,0
farm_9,farm_9_field_1,2025-08-04,50.3,late,potato,2,18.0,1.0,loamy_sand,early,109,drip,groundwater_well,21.5,0
farm_9,farm_9_field_1,2025-08-05,52.0,late,potato,3,18.0,0.6,loamy_sand,early,110,drip,groundwater_well,21.5,0
farm_9,farm_9_field_1,2025-08-06,46.7,late,potato,4,18.0,10.6,loamy_sand,early,111,drip,groundwater_well,21.5,0
farm_9,farm_9_field_1,2025-08-07,57.7,late,potato,5,18.0,0.0,loamy_sand,early,112,drip,groundwater_well,21.5,0
farm_9,farm_9_field_1,2025-08-08,54.6,late,potato,6,18.0,0.0,loamy_sand,early,113,drip,groundwater_well,21.5,0
farm_9,farm_9_field_1,2025-08-09,52.4,late,potato,7,18.0,0.0,loamy_sand,early,114,drip,groundwater_well,21.5,0
farm_9,farm_9_field_1,2025-08-10,49.6,late,potato,8,18.0,0.0,loamy_sand,early,115,drip,groundwater_well,21.5,0
farm_9,farm_9_field_1,2025-08-11,46.6,late,potato,9,18.0,2.9,loamy_sand,early,116,drip,groundwater_well,21.5,0
farm_9,farm_9_field_1,2025-08-12,43.3,late,potato,10,18.0,0.6,loamy_sand,early,117,drip,groundwater_well,21.5,0
farm_9,farm_9_field_1,2025-08-13,43.4,late,potato,11,18.0,0.0,loamy_sand,early,118,drip,groundwater_well,21.5,1
farm_9,farm_9_field_1,2025-08-14,36.9,late,potato,12,18.0,0.2,loamy_sand,early,119,drip,groundwater_well,21.5,1
farm_9,farm_9_field_1,2025-08-15,56.0,late,potato,1,18.0,0.1,loamy_sand,early,120,drip,groundwater_well,21.5,0
farm_9,farm_9_field_1,2025-08-16,47.3,late,potato,2,18.0,0.0,loamy_sand,early,121,drip,groundwater_well,21.5,0
farm_9,farm_9_field_1,2025-08-17,49.6,late,potato,3,18.0,0.0,loamy_sand,early,122,drip,groundwater_well,21.5,0
farm_9,farm_9_field_1,2025-08-18,42.5,late,potato,4,18.0,0.0,loamy_sand,early,123,drip,groundwater_well,21.5,0
farm_9,farm_9_field_1,2025-08-19,44.6,late,potato,5,18.0,0.0,loamy_sand,early,124,drip,groundwater_well,21.5,1
farm_9,farm_9_field_1,2025-08-20,40.3,late,potato,6,18.0,0.7,loamy_sand,early,125,drip,groundwater_well,21.5,1
farm_9,farm_9_field_1,2025-08-21,55.3,late,potato,1,18.0,0.7,loamy_sand,early,126,drip,groundwater_well,21.5,0
farm_9,farm_9_field_1,2025-08-22,50.7,late,potato,2,18.0,0.8,loamy_sand,early,127,drip,groundwater_well,21.5,0
farm_9,farm_9_field_1,2025-08-23,57.1,late,potato,3,18.0,0.0,loamy_sand,early,128,drip,groundwater_well,21.5,0
farm_9,farm_9_field_1,2025-08-24,46.3,late,potato,4,18.0,0.0,loamy_sand,early,129,drip,groundwater_well,21.5,0
farm_9,farm_9_field_1,2025-08-25,48.2,late,potato,5,18.0,0.9,loamy_sand,early,130,drip,groundwater_well,21.5,1
farm_9,farm_9_field_1,2025-08-26,56.1,late,potato,1,18.0,0.2,loamy_sand,early,131,drip,groundwater_well,21.5,0
farm_9,farm_9_field_1,2025-08-27,59.1,late,potato,2,18.0,0.5,loamy_sand,early,132,drip,groundwater_well,21.5,0
farm_9,farm_9_field_1,2025-08-28,49.4,late,potato,3,18.0,18.8,loamy_sand,early,133,drip,groundwater_well,21.5,0
farm_9,farm_9_field_1,2025-08-29,70.5,late,potato,4,18.0,0.3,loamy_sand,early,134,drip,groundwater_well,21.5,0
farm_9,farm_9_field_1,2025-08-30,66.1,late,potato,5,18.0,0.0,loamy_sand,early,135,drip,groundwater_well,21.5,0
farm_9,farm_9_field_1,2025-08-31,64.2,late,potato,6,18.0,0.0,loamy_sand,early,136,drip,groundwater_well,21.5,0
farm_9,farm_9_field_1,2025-09-01,58.5,late,potato,7,18.0,0.0,loamy_sand,early,137,drip,groundwater_well,21.5,0
farm_9,farm_9_field_1,2025-09-02,57.9,late,potato,8,18.0,0.2,loamy_sand,early,138,drip,groundwater_well,21.5,0
farm_9,farm_9_field_1,2025-09-03,56.3,late,potato,9,18.0,0.0,loamy_sand,early,139,drip,groundwater_well,21.5,0
farm_9,farm_9_field_1,2025-09-04,50.5,late,potato,10,18.0,0.4,loamy_sand,early,140,drip,groundwater_well,21.5,0
farm_9,farm_9_field_1,2025-09-05,48.7,late,potato,11,18.0,0.5,loamy_sand,early,141,drip,groundwater_well,21.5,0
farm_9,farm_9_field_1,2025-09-06,52.6,late,potato,12,18.0,0.0,loamy_sand,early,142,drip,groundwater_well,21.5,0
farm_9,farm_9_field_1,2025-09-07,50.0,late,potato,13,18.0,0.0,loamy_sand,early,143,drip,groundwater_well,21.5,0
farm_9,farm_9_field_1,2025-09-08,40.5,late,potato,14,18.0,0.3,loamy_sand,early,144,drip,groundwater_well,21.5,1
farm_9,farm_9_field_1,2025-09-09,57.2,late,potato,1,18.0,0.4,loamy_sand,early,145,drip,groundwater_well,21.5,0
farm_9,farm_9_field_1,2025-09-10,55.6,late,potato,2,18.0,0.0,loamy_sand,early,146,drip,groundwater_well,21.5,0
farm_9,farm_9_field_1,2025-09-11,53.2,late,potato,3,18.0,0.0,loamy_sand,early,147,drip,groundwater_well,21.5,0
farm_9,farm_9_field_1,2025-09-12,49.9,late,potato,4,18.0,0.0,loamy_sand,early,148,drip,groundwater_well,21.5,0
farm_9,farm_9_field_1,2025-09-13,48.9,late,potato,5,18.0,0.3,loamy_sand,early,149,drip,groundwater_well,21.5,0
farm_9,farm_9_field_1,2025-09-14,44.0,late,potato,6,18.0,2.2,loamy_sand,early,150,drip,groundwater_well,21.5,0
farm_9,farm_9_field_1,2025-09-15,48.2,late,potato,7,18.0,0.0,loamy_sand,early,151,drip,groundwater_well,21.5,0
farm_9,farm_9_field_1,2025-09-16,41.2,late,potato,8,18.0,5.7,loamy_sand,early,152,drip,groundwater_well,21.5,1
farm_9,farm_9_field_1,2025-09-17,58.6,late,potato,1,18.0,2.3,loamy_sand,early,153,drip,groundwater_well,21.5,0
farm_9,farm_9_field_1,2025-09-18,63.9,late,potato,2,18.0,0.0,loamy_sand,early,154,drip,groundwater_well,21.5,0
farm_9,farm_9_field_1,2025-09-19,60.5,late,potato,3,18.0,0.8,loamy_sand,early,155,drip,groundwater_well,21.5,0
farm_9,farm_9_field_1,2025-09-20,61.1,late,potato,4,18.0,0.0,loamy_sand,early,156,drip,groundwater_well,21.5,0
farm_9,farm_9_field_1,2025-09-21,62.9,late,potato,5,18.0,0.0,loamy_sand,early,157,drip,groundwater_well,21.5,0
farm_9,farm_9_field_1,2025-09-22,60.0,late,potato,6,18.0,0.0,loamy_sand,early,158,drip,groundwater_well,21.5,0
farm_9,farm_9_field_1,2025-09-23,52.7,late,potato,7,18.0,0.2,loamy_sand,early,159,drip,groundwater_well,21.5,0
farm_9,farm_9_field_1,2025-09-24,50.2,late,potato,8,18.0,0.0,loamy_sand,early,160,drip,groundwater_well,21.5,0
farm_9,farm_9_field_1,2025-09-25,48.8,late,potato,9,18.0,0.8,loamy_sand,early,161,drip,groundwater_well,21.5,0
farm_9,farm_9_field_1,2025-09-26,51.4,late,potato,10,18.0,0.0,loamy_sand,early,162,drip,groundwater_well,21.5,0
farm_9,farm_9_field_1,2025-09-27,44.7,late,potato,11,18.0,0.0,loamy_sand,early,163,drip,groundwater_well,21.5,0
farm_9,farm_9_field_1,2025-09-28,43.0,late,potato,12,18.0,0.1,loamy_sand,early,164,drip,groundwater_well,21.5,0
farm_9,farm_9_field_1,2025-09-29,39.4,late,potato,13,18.0,0.5,loamy_sand,early,165,drip,groundwater_well,21.5,1
farm_9,farm_9_field_1,2025-09-30,33.7,late,potato,14,18.0,0.0,loamy_sand,early,166,drip,groundwater_well,21.5,1
farm_9,farm_9_field_1,2026-04-17,70.9,initial,potato,0,0.0,0.9,loamy_sand,early,0,drip,groundwater_well,21.5,0
farm_9,farm_9_field_1,2026-04-18,60.9,initial,potato,1,0.0,0.0,loamy_sand,early,1,drip,groundwater_well,21.5,0
farm_9,farm_9_field_1,2026-04-19,62.4,initial,potato,2,0.0,0.3,loamy_sand,early,2,drip,groundwater_well,21.5,0
farm_9,farm_9_field_1,2026-04-20,66.1,initial,potato,3,0.0,0.0,loamy_sand,early,3,drip,groundwater_well,21.5,0
farm_9,farm_9_field_1,2026-04-21,64.8,initial,potato,4,0.0,0.0,loamy_sand,early,4,drip,groundwater_well,21.5,0
farm_9,farm_9_field_1,2026-04-22,57.8,initial,potato,5,0.0,0.3,loamy_sand,early,5,drip,groundwater_well,21.5,0
farm_9,farm_9_field_1,2026-04-23,60.5,initial,potato,6,0.0,0.0,loamy_sand,early,6,drip,groundwater_well,21.5,0
farm_9,farm_9_field_1,2026-04-24,54.0,initial,potato,7,0.0,0.0,loamy_sand,early,7,drip,groundwater_well,21.5,0
farm_9,farm_9_field_1,2026-04-25,57.3,initial,potato,8,0.0,0.0,loamy_sand,early,8,drip,groundwater_well,21.5,0
farm_9,farm_9_field_1,2026-04-26,,initial,potato,9,0.0,0.0,loamy_sand,early,9,drip,groundwater_well,21.5,0
farm_9,farm_9_field_1,2026-04-27,57.5,initial,potato,10,0.0,0.2,loamy_sand,early,10,drip,groundwater_well,21.5,0
farm_9,farm_9_field_1,2026-04-28,59.6,initial,potato,11,0.0,0.0,loamy_sand,early,11,drip,groundwater_well,21.5,0
farm_9,farm_9_field_1,2026-04-29,53.6,initial,potato,12,0.0,0.0,loamy_sand,early,12,drip,groundwater_well,21.5,0
farm_9,farm_9_field_1,2026-04-30,47.6,initial,potato,13,0.0,0.1,loamy_sand,early,13,drip,groundwater_well,21.5,0
farm_9,farm_9_field_1,2026-05-01,50.7,initial,potato,14,0.0,1.0,loamy_sand,early,14,drip,groundwater_well,21.5,1
farm_9,farm_9_field_1,2026-05-02,52.3,initial,potato,15,0.0,0.1,loamy_sand,early,15,drip,groundwater_well,21.5,1
farm_9,farm_9_field_1,2026-05-03,65.3,initial,potato,1,18.0,11.0,loamy_sand,early,16,drip,groundwater_well,21.5,0
farm_9,farm_9_field_1,2026-05-04,78.0,initial,potato,2,18.0,0.2,loamy_sand,early,17,drip,groundwater_well,21.5,0
farm_9,farm_9_field_1,2026-05-05,66.9,initial,potato,3,18.0,5.5,loamy_sand,early,18,drip,groundwater_well,21.5,0
farm_9,farm_9_field_1,2026-05-06,80.7,initial,potato,4,18.0,0.3,loamy_sand,early,19,drip,groundwater_well,21.5,0
farm_9,farm_9_field_1,2026-05-07,77.5,initial,potato,5,18.0,8.5,loamy_sand,early,20,drip,groundwater_well,21.5,0
farm_9,farm_9_field_1,2026-05-08,83.8,development,potato,6,18.0,0.0,loamy_sand,early,21,drip,groundwater_well,21.5,0
farm_9,farm_9_field_1,2026-05-09,70.6,development,potato,7,18.0,0.0,loamy_sand,early,22,drip,groundwater_well,21.5,0
farm_9,farm_9_field_1,2026-05-10,77.3,development,potato,8,18.0,1.1,loamy_sand,early,23,drip,groundwater_well,21.5,0
farm_9,farm_9_field_1,2026-05-11,78.9,development,potato,9,18.0,0.0,loamy_sand,early,24,drip,groundwater_well,21.5,0
farm_9,farm_9_field_1,2026-05-12,72.6,development,potato,10,18.0,0.0,loamy_sand,early,25,drip,groundwater_well,21.5,0
farm_9,farm_9_field_1,2026-05-13,74.9,development,potato,11,18.0,3.0,loamy_sand,early,26,drip,groundwater_well,21.5,0
farm_9,farm_9_field_1,2026-05-14,74.9,development,potato,12,18.0,0.5,loamy_sand,early,27,drip,groundwater_well,21.5,0
farm_9,farm_9_field_1,2026-05-15,74.9,development,potato,13,18.0,0.0,loamy_sand,early,28,drip,groundwater_well,21.5,0
farm_9,farm_9_field_1,2026-05-16,74.9,development,potato,14,18.0,0.0,loamy_sand,early,29,drip,groundwater_well,21.5,0
farm_9,farm_9_field_1,2026-05-17,74.9,development,potato,15,18.0,0.5,loamy_sand,early,30,drip,groundwater_well,21.5,0
farm_9,farm_9_field_1,2026-05-18,60.4,development,potato,16,18.0,0.0,loamy_sand,early,31,drip,groundwater_well,21.5,0
farm_9,farm_9_field_1,2026-05-19,52.9,development,potato,17,18.0,0.0,loamy_sand,early,32,drip,groundwater_well,21.5,0
farm_9,farm_9_field_1,2026-05-20,56.2,development,potato,18,18.0,0.0,loamy_sand,early,33,drip,groundwater_well,21.5,0
farm_9,farm_9_field_1,2026-05-21,50.2,development,potato,19,18.0,17.7,loamy_sand,early,34,drip,groundwater_well,21.5,1
farm_9,farm_9_field_1,2026-05-22,82.7,development,potato,1,18.0,6.0,loamy_sand,early,35,drip,groundwater_well,21.5,0
farm_9,farm_9_field_1,2026-05-23,91.5,development,potato,2,18.0,0.1,loamy_sand,early,36,drip,groundwater_well,21.5,0
farm_9,farm_9_field_1,2026-05-24,82.7,development,potato,3,18.0,0.0,loamy_sand,early,37,drip,groundwater_well,21.5,0
farm_9,farm_9_field_1,2026-05-25,82.6,development,potato,4,18.0,0.1,loamy_sand,early,38,drip,groundwater_well,21.5,0
farm_9,farm_9_field_1,2026-05-26,82.9,development,potato,5,18.0,0.0,loamy_sand,early,39,drip,groundwater_well,21.5,0
farm_9,farm_9_field_1,2026-05-27,75.8,development,potato,6,18.0,0.4,loamy_sand,early,40,drip,groundwater_well,21.5,0
farm_9,farm_9_field_1,2026-05-28,73.5,development,potato,7,18.0,0.0,loamy_sand,early,41,drip,groundwater_well,21.5,0
farm_9,farm_9_field_1,2026-05-29,71.9,development,potato,8,18.0,0.3,loamy_sand,early,42,drip,groundwater_well,21.5,0
farm_9,farm_9_field_1,2026-05-30,63.1,development,potato,9,18.0,0.6,loamy_sand,early,43,drip,groundwater_well,21.5,0
farm_9,farm_9_field_1,2026-05-31,64.7,development,potato,10,18.0,0.3,loamy_sand,early,44,drip,groundwater_well,21.5,0
farm_9,farm_9_field_1,2026-06-01,69.0,development,potato,11,18.0,0.0,loamy_sand,early,45,drip,groundwater_well,21.5,0
farm_9,farm_9_field_1,2026-06-02,,development,potato,12,18.0,0.2,loamy_sand,early,46,drip,groundwater_well,21.5,0
farm_9,farm_9_field_1,2026-06-03,54.8,sensitive,potato,13,18.0,0.0,loamy_sand,early,47,drip,groundwater_well,21.5,1
farm_9,farm_9_field_1,2026-06-04,54.1,sensitive,potato,14,18.0,0.0,loamy_sand,early,48,drip,groundwater_well,21.5,1
farm_9,farm_9_field_1,2026-06-05,48.6,sensitive,potato,15,18.0,0.5,loamy_sand,early,49,drip,groundwater_well,21.5,1
farm_9,farm_9_field_1,2026-06-06,43.8,sensitive,potato,16,18.0,5.6,loamy_sand,early,50,drip,groundwater_well,21.5,2
farm_9,farm_9_field_1,2026-06-07,60.6,sensitive,potato,1,18.0,0.0,loamy_sand,early,51,drip,groundwater_well,21.5,0
farm_9,farm_9_field_1,2026-06-08,59.9,sensitive,potato,2,18.0,0.0,loamy_sand,early,52,drip,groundwater_well,21.5,1
farm_9,farm_9_field_1,2026-06-09,72.4,sensitive,potato,1,18.0,0.1,loamy_sand,early,53,drip,groundwater_well,21.5,0
farm_9,farm_9_field_1,2026-06-10,60.7,sensitive,potato,2,18.0,0.6,loamy_sand,early,54,drip,groundwater_well,21.5,0
farm_9,farm_9_field_1,2026-06-11,59.5,sensitive,potato,3,18.0,0.0,loamy_sand,early,55,drip,groundwater_well,21.5,1
farm_9,farm_9_field_1,2026-06-12,59.5,sensitive,potato,4,18.0,0.1,loamy_sand,early,56,drip,groundwater_well,21.5,1
farm_9,farm_9_field_1,2026-06-13,59.5,sensitive,potato,5,18.0,0.6,loamy_sand,early,57,drip,groundwater_well,21.5,2
farm_9,farm_9_field_1,2026-06-14,59.5,sensitive,potato,1,18.0,0.0,loamy_sand,early,58,drip,groundwater_well,21.5,1
farm_9,farm_9_field_1,2026-06-15,59.5,sensitive,potato,1,18.0,0.0,loamy_sand,early,59,drip,groundwater_well,21.5,0
farm_9,farm_9_field_1,2026-06-16,59.5,sensitive,potato,2,18.0,0.5,loamy_sand,early,60,drip,groundwater_well,21.5,1
farm_9,farm_9_field_1,2026-06-17,59.5,sensitive,potato,1,18.0,0.6,loamy_sand,early,61,drip,groundwater_well,21.5,0
farm_9,farm_9_field_1,2026-06-18,68.2,sensitive,potato,2,18.0,0.4,loamy_sand,early,62,drip,groundwater_well,21.5,0
farm_9,farm_9_field_1,2026-06-19,62.8,sensitive,potato,3,18.0,0.0,loamy_sand,early,63,drip,groundwater_well,21.5,1
farm_9,farm_9_field_1,2026-06-20,61.4,sensitive,potato,1,18.0,0.1,loamy_sand,early,64,drip,groundwater_well,21.5,0
farm_9,farm_9_field_1,2026-06-21,64.5,sensitive,potato,2,18.0,0.1,loamy_sand,early,65,drip,groundwater_well,21.5,1
farm_9,farm_9_field_1,2026-06-22,78.2,sensitive,potato,1,18.0,0.2,loamy_sand,early,66,drip,groundwater_well,21.5,0
farm_9,farm_9_field_1,2026-06-23,60.3,sensitive,potato,2,18.0,0.0,loamy_sand,early,67,drip,groundwater_well,21.5,0
farm_9,farm_9_field_1,2026-06-24,56.2,sensitive,potato,3,18.0,0.0,loamy_sand,early,68,drip,groundwater_well,21.5,1
farm_9,farm_9_field_1,2026-06-25,68.7,sensitive,potato,1,18.0,1.9,loamy_sand,early,69,drip,groundwater_well,21.5,0
farm_9,farm_9_field_1,2026-06-26,62.4,sensitive,potato,2,18.0,0.0,loamy_sand,early,70,drip,groundwater_well,21.5,0
farm_9,farm_9_field_1,2026-06-27,61.1,sensitive,potato,3,18.0,0.0,loamy_sand,early,71,drip,groundwater_well,21.5,1
farm_9,farm_9_field_1,2026-06-28,64.8,sensitive,potato,1,18.0,0.0,loamy_sand,early,72,drip,groundwater_well,21.5,0
farm_9,farm_9_field_1,2026-06-29,56.3,sensitive,potato,2,18.0,0.0,loamy_sand,early,73,drip,groundwater_well,21.5,1
farm_9,farm_9_field_1,2026-06-30,71.8,sensitive,potato,1,18.0,0.0,loamy_sand,early,74,drip,groundwater_well,21.5,0
farm_9,farm_9_field_1,2026-07-01,59.4,sensitive,potato,2,18.0,0.5,loamy_sand,early,75,drip,groundwater_well,21.5,1
farm_9,farm_9_field_1,2026-07-02,56.3,sensitive,potato,3,18.0,0.2,loamy_sand,early,76,drip,groundwater_well,21.5,1
farm_9,farm_9_field_1,2026-07-03,45.8,sensitive,potato,4,18.0,0.3,loamy_sand,early,77,drip,groundwater_well,21.5,2
farm_9,farm_9_field_1,2026-07-04,59.3,sensitive,potato,1,18.0,0.1,loamy_sand,early,78,drip,groundwater_well,21.5,1
farm_9,farm_9_field_1,2026-07-05,52.2,sensitive,potato,2,18.0,0.3,loamy_sand,early,79,drip,groundwater_well,21.5,2
farm_9,farm_9_field_1,2026-07-06,59.6,sensitive,potato,1,18.0,0.2,loamy_sand,early,80,drip,groundwater_well,21.5,1
farm_9,farm_9_field_1,2026-07-07,43.8,sensitive,potato,2,18.0,0.0,loamy_sand,early,81,drip,groundwater_well,21.5,1
farm_9,farm_9_field_1,2026-07-08,44.5,sensitive,potato,3,18.0,0.2,loamy_sand,early,82,drip,groundwater_well,21.5,2
farm_9,farm_9_field_1,2026-07-09,60.1,sensitive,potato,1,18.0,0.3,loamy_sand,early,83,drip,groundwater_well,21.5,1
farm_9,farm_9_field_1,2026-07-10,,sensitive,potato,2,18.0,0.2,loamy_sand,early,84,drip,groundwater_well,21.5,2
farm_9,farm_9_field_1,2026-07-11,56.3,late,potato,1,18.0,0.0,loamy_sand,early,85,drip,groundwater_well,21.5,0
farm_9,farm_9_field_1,2026-07-12,47.5,late,potato,2,18.0,0.3,loamy_sand,early,86,drip,groundwater_well,21.5,0
farm_9,farm_9_field_1,2026-07-13,46.2,late,potato,3,18.0,0.6,loamy_sand,early,87,drip,groundwater_well,21.5,0
farm_9,farm_9_field_1,2026-07-14,42.8,late,potato,4,18.0,0.1,loamy_sand,early,88,drip,groundwater_well,21.5,1
farm_9,farm_9_field_1,2026-07-15,52.2,late,potato,1,18.0,0.0,loamy_sand,early,89,drip,groundwater_well,21.5,0
farm_9,farm_9_field_1,2026-07-16,53.1,late,potato,2,18.0,0.0,loamy_sand,early,90,drip,groundwater_well,21.5,0
farm_9,farm_9_field_1,2026-07-17,46.7,late,potato,3,18.0,0.4,loamy_sand,early,91,drip,groundwater_well,21.5,0
farm_9,farm_9_field_1,2026-07-18,42.0,late,potato,4,18.0,0.0,loamy_sand,early,92,drip,groundwater_well,21.5,1
farm_9,farm_9_field_1,2026-07-19,37.9,late,potato,5,18.0,0.3,loamy_sand,early,93,drip,groundwater_well,21.5,1
farm_9,farm_9_field_1,2026-07-20,31.1,late,potato,6,18.0,0.0,loamy_sand,early,94,drip,groundwater_well,21.5,1
farm_9,farm_9_field_1,2026-07-21,24.4,late,potato,7,18.0,0.0,loamy_sand,early,95,drip,groundwater_well,21.5,2
farm_9,farm_9_field_1,2026-07-22,36.9,late,potato,1,18.0,0.0,loamy_sand,early,96,drip,groundwater_well,21.5,1
farm_9,farm_9_field_1,2026-07-23,37.4,late,potato,2,18.0,0.1,loamy_sand,early,97,drip,groundwater_well,21.5,1
farm_9,farm_9_field_1,2026-07-24,30.3,late,potato,3,18.0,0.0,loamy_sand,early,98,drip,groundwater_well,21.5,1
farm_9,farm_9_field_1,2026-07-25,28.9,late,potato,4,18.0,0.4,loamy_sand,early,99,drip,groundwater_well,21.5,2
farm_9,farm_9_field_1,2026-07-26,45.0,late,potato,1,18.0,0.4,loamy_sand,early,100,drip,groundwater_well,21.5,1
farm_9,farm_9_field_1,2026-07-27,36.9,late,potato,2,18.0,0.2,loamy_sand,early,101,drip,groundwater_well,21.5,1
farm_9,farm_9_field_1,2026-07-28,47.9,late,potato,1,18.0,0.0,loamy_sand,early,102,drip,groundwater_well,21.5,0
farm_9,farm_9_field_1,2026-07-29,48.7,late,potato,2,18.0,0.3,loamy_sand,early,103,drip,groundwater_well,21.5,0
farm_9,farm_9_field_1,2026-07-30,40.3,late,potato,3,18.0,0.0,loamy_sand,early,104,drip,groundwater_well,21.5,1
farm_9,farm_9_field_1,2026-07-31,57.6,late,potato,1,18.0,9.1,loamy_sand,early,105,drip,groundwater_well,21.5,0
farm_9,farm_9_field_1,2026-08-01,61.3,late,potato,2,18.0,1.3,loamy_sand,early,106,drip,groundwater_well,21.5,0
farm_9,farm_9_field_1,2026-08-02,59.9,late,potato,3,18.0,0.6,loamy_sand,early,107,drip,groundwater_well,21.5,0
farm_9,farm_9_field_1,2026-08-03,56.6,late,potato,4,18.0,9.4,loamy_sand,early,108,drip,groundwater_well,21.5,0
farm_9,farm_9_field_1,2026-08-04,64.6,late,potato,5,18.0,0.3,loamy_sand,early,109,drip,groundwater_well,21.5,0
farm_9,farm_9_field_1,2026-08-05,51.9,late,potato,6,18.0,0.5,loamy_sand,early,110,drip,groundwater_well,21.5,0
farm_9,farm_9_field_1,2026-08-06,55.8,late,potato,7,18.0,0.0,loamy_sand,early,111,drip,groundwater_well,21.5,0
farm_9,farm_9_field_1,2026-08-07,52.9,late,potato,8,18.0,0.5,loamy_sand,early,112,drip,groundwater_well,21.5,0
farm_9,farm_9_field_1,2026-08-08,46.2,late,potato,9,18.0,0.0,loamy_sand,early,113,drip,groundwater_well,21.5,0
farm_9,farm_9_field_1,2026-08-09,44.5,late,potato,10,18.0,0.0,loamy_sand,early,114,drip,groundwater_well,21.5,1
farm_9,farm_9_field_1,2026-08-10,37.2,late,potato,11,18.0,1.8,loamy_sand,early,115,drip,groundwater_well,21.5,1
farm_9,farm_9_field_1,2026-08-11,39.0,late,potato,12,18.0,0.0,loamy_sand,early,116,drip,groundwater_well,21.5,1
farm_9,farm_9_field_1,2026-08-12,33.9,late,potato,13,18.0,0.2,loamy_sand,early,117,drip,groundwater_well,21.5,1
farm_9,farm_9_field_1,2026-08-13,25.7,late,potato,14,18.0,0.0,loamy_sand,early,118,drip,groundwater_well,21.5,2
farm_9,farm_9_field_1,2026-08-14,36.7,late,potato,1,18.0,0.0,loamy_sand,early,119,drip,groundwater_well,21.5,1
farm_9,farm_9_field_1,2026-08-15,,late,potato,2,18.0,0.0,loamy_sand,early,120,drip,groundwater_well,21.5,1
farm_9,farm_9_field_1,2026-08-16,31.9,late,potato,3,18.0,0.6,loamy_sand,early,121,drip,groundwater_well,21.5,1
farm_9,farm_9_field_1,2026-08-17,32.8,late,potato,4,18.0,0.1,loamy_sand,early,122,drip,groundwater_well,21.5,1
farm_9,farm_9_field_1,2026-08-18,23.9,late,potato,5,18.0,0.0,loamy_sand,early,123,drip,groundwater_well,21.5,2
farm_9,farm_9_field_1,2026-08-19,42.6,late,potato,1,18.0,0.1,loamy_sand,early,124,drip,groundwater_well,21.5,1
farm_9,farm_9_field_1,2026-08-20,54.8,late,potato,1,18.0,2.6,loamy_sand,early,125,drip,groundwater_well,21.5,0
farm_9,farm_9_field_1,2026-08-21,51.1,late,potato,2,18.0,0.0,loamy_sand,early,126,drip,groundwater_well,21.5,0
farm_9,farm_9_field_1,2026-08-22,48.5,late,potato,3,18.0,0.1,loamy_sand,early,127,drip,groundwater_well,21.5,0
farm_9,farm_9_field_1,2026-08-23,47.0,late,potato,4,18.0,0.9,loamy_sand,early,128,drip,groundwater_well,21.5,0
farm_9,farm_9_field_1,2026-08-24,45.1,late,potato,5,18.0,0.2,loamy_sand,early,129,drip,groundwater_well,21.5,0
farm_9,farm_9_field_1,2026-08-25,41.6,late,potato,6,18.0,0.2,loamy_sand,early,130,drip,groundwater_well,21.5,1
farm_9,farm_9_field_1,2026-08-26,64.1,late,potato,1,18.0,0.2,loamy_sand,early,131,drip,groundwater_well,21.5,0
farm_9,farm_9_field_1,2026-08-27,62.8,late,potato,2,18.0,0.0,loamy_sand,early,132,drip,groundwater_well,21.5,0
farm_9,farm_9_field_1,2026-08-28,54.3,late,potato,3,18.0,4.0,loamy_sand,early,133,drip,groundwater_well,21.5,0
farm_9,farm_9_field_1,2026-08-29,52.0,late,potato,4,18.0,0.2,loamy_sand,early,134,drip,groundwater_well,21.5,0
farm_9,farm_9_field_1,2026-08-30,50.3,late,potato,5,18.0,0.0,loamy_sand,early,135,drip,groundwater_well,21.5,0
farm_9,farm_9_field_1,2026-08-31,49.0,late,potato,6,18.0,1.1,loamy_sand,early,136,drip,groundwater_well,21.5,0
farm_9,farm_9_field_1,2026-09-01,47.5,late,potato,7,18.0,0.0,loamy_sand,early,137,drip,groundwater_well,21.5,0
farm_9,farm_9_field_1,2026-09-02,,late,potato,8,18.0,0.0,loamy_sand,early,138,drip,groundwater_well,21.5,1
farm_9,farm_9_field_1,2026-09-03,43.7,late,potato,9,18.0,0.0,loamy_sand,early,139,drip,groundwater_well,21.5,1
farm_9,farm_9_field_1,2026-09-04,,late,potato,10,18.0,0.4,loamy_sand,early,140,drip,groundwater_well,21.5,1
farm_9,farm_9_field_1,2026-09-05,30.6,late,potato,11,18.0,0.1,loamy_sand,early,141,drip,groundwater_well,21.5,1
farm_9,farm_9_field_1,2026-09-06,36.2,late,potato,12,18.0,0.0,loamy_sand,early,142,drip,groundwater_well,21.5,1
farm_9,farm_9_field_1,2026-09-07,49.2,late,potato,1,18.0,0.0,loamy_sand,early,143,drip,groundwater_well,21.5,0
farm_9,farm_9_field_1,2026-09-08,43.7,late,potato,2,18.0,0.0,loamy_sand,early,144,drip,groundwater_well,21.5,0
farm_9,farm_9_field_1,2026-09-09,42.8,late,potato,3,18.0,0.0,loamy_sand,early,145,drip,groundwater_well,21.5,1
farm_9,farm_9_field_1,2026-09-10,39.2,late,potato,4,18.0,0.0,loamy_sand,early,146,drip,groundwater_well,21.5,1
farm_9,farm_9_field_1,2026-09-11,,late,potato,1,18.0,0.0,loamy_sand,early,147,drip,groundwater_well,21.5,0
farm_9,farm_9_field_1,2026-09-12,53.1,late,potato,2,18.0,0.2,loamy_sand,early,148,drip,groundwater_well,21.5,0
farm_9,farm_9_field_1,2026-09-13,50.6,late,potato,3,18.0,0.1,loamy_sand,early,149,drip,groundwater_well,21.5,0
farm_9,farm_9_field_1,2026-09-14,43.3,late,potato,4,18.0,0.0,loamy_sand,early,150,drip,groundwater_well,21.5,0
farm_9,farm_9_field_1,2026-09-15,49.1,late,potato,5,18.0,0.0,loamy_sand,early,151,drip,groundwater_well,21.5,0
farm_9,farm_9_field_1,2026-09-16,42.5,late,potato,6,18.0,0.1,loamy_sand,early,152,drip,groundwater_well,21.5,1
farm_9,farm_9_field_1,2026-09-17,36.8,late,potato,7,18.0,0.0,loamy_sand,early,153,drip,groundwater_well,21.5,1
farm_9,farm_9_field_1,2026-09-18,50.8,late,potato,1,18.0,0.0,loamy_sand,early,154,drip,groundwater_well,21.5,0
farm_9,farm_9_field_1,2026-09-19,51.6,late,potato,2,18.0,0.2,loamy_sand,early,155,drip,groundwater_well,21.5,0
farm_9,farm_9_field_1,2026-09-20,48.2,late,potato,3,18.0,0.9,loamy_sand,early,156,drip,groundwater_well,21.5,0
farm_9,farm_9_field_1,2026-09-21,47.9,late,potato,4,18.0,0.0,loamy_sand,early,157,drip,groundwater_well,21.5,0
farm_9,farm_9_field_1,2026-09-22,44.6,late,potato,5,18.0,0.0,loamy_sand,early,158,drip,groundwater_well,21.5,0
farm_9,farm_9_field_1,2026-09-23,45.2,late,potato,6,18.0,0.2,loamy_sand,early,159,drip,groundwater_well,21.5,0
farm_9,farm_9_field_1,2026-09-24,42.3,late,potato,7,18.0,0.1,loamy_sand,early,160,drip,groundwater_well,21.5,1
farm_9,farm_9_field_1,2026-09-25,41.1,late,potato,8,18.0,0.0,loamy_sand,early,161,drip,groundwater_well,21.5,1
farm_9,farm_9_field_1,2026-09-26,37.2,late,potato,9,18.0,0.0,loamy_sand,early,162,drip,groundwater_well,21.5,1
farm_9,farm_9_field_1,2026-09-27,51.5,late,potato,1,18.0,3.7,loamy_sand,early,163,drip,groundwater_well,21.5,0
farm_9,farm_9_field_1,2026-09-28,56.7,late,potato,2,18.0,0.0,loamy_sand,early,164,drip,groundwater_well,21.5,0
farm_9,farm_9_field_1,2026-09-29,57.8,late,potato,3,18.0,0.6,loamy_sand,early,165,drip,groundwater_well,21.5,0
farm_9,farm_9_field_1,2026-09-30,52.9,late,potato,4,18.0,0.3,loamy_sand,early,166,drip,groundwater_well,21.5,0
farm_9,farm_9_field_2,2025-04-15,46.1,initial,sugar_beet,4,0.0,0.0,loamy_sand,late,4,hose_reel,groundwater_well,7.4,0
farm_9,farm_9_field_2,2025-04-16,49.8,initial,sugar_beet,5,0.0,4.7,loamy_sand,late,5,hose_reel,groundwater_well,7.4,0
farm_9,farm_9_field_2,2025-04-17,52.3,initial,sugar_beet,6,0.0,0.0,loamy_sand,late,6,hose_reel,groundwater_well,7.4,0
farm_9,farm_9_field_2,2025-04-18,58.3,initial,sugar_beet,7,0.0,0.5,loamy_sand,late,7,hose_reel,groundwater_well,7.4,0
farm_9,farm_9_field_2,2025-04-19,,initial,sugar_beet,8,0.0,0.0,loamy_sand,late,8,hose_reel,groundwater_well,7.4,0
farm_9,farm_9_field_2,2025-04-20,55.8,initial,sugar_beet,9,0.0,0.7,loamy_sand,late,9,hose_reel,groundwater_well,7.4,0
farm_9,farm_9_field_2,2025-04-21,50.7,initial,sugar_beet,10,0.0,0.5,loamy_sand,late,10,hose_reel,groundwater_well,7.4,0
farm_9,farm_9_field_2,2025-04-22,53.1,initial,sugar_beet,11,0.0,5.0,loamy_sand,late,11,hose_reel,groundwater_well,7.4,0
farm_9,farm_9_field_2,2025-04-23,57.5,initial,sugar_beet,12,0.0,0.0,loamy_sand,late,12,hose_reel,groundwater_well,7.4,0
farm_9,farm_9_field_2,2025-04-24,56.4,initial,sugar_beet,13,0.0,0.3,loamy_sand,late,13,hose_reel,groundwater_well,7.4,0
farm_9,farm_9_field_2,2025-04-25,56.7,initial,sugar_beet,14,0.0,0.1,loamy_sand,late,14,hose_reel,groundwater_well,7.4,0
farm_9,farm_9_field_2,2025-04-26,53.0,initial,sugar_beet,15,0.0,0.0,loamy_sand,late,15,hose_reel,groundwater_well,7.4,0
farm_9,farm_9_field_2,2025-04-27,50.9,initial,sugar_beet,16,0.0,6.2,loamy_sand,late,16,hose_reel,groundwater_well,7.4,0
farm_9,farm_9_field_2,2025-04-28,,initial,sugar_beet,17,0.0,0.3,loamy_sand,late,17,hose_reel,groundwater_well,7.4,0
farm_9,farm_9_field_2,2025-04-29,54.7,initial,sugar_beet,18,0.0,0.0,loamy_sand,late,18,hose_reel,groundwater_well,7.4,0
farm_9,farm_9_field_2,2025-04-30,58.6,initial,sugar_beet,19,0.0,0.9,loamy_sand,late,19,hose_reel,groundwater_well,7.4,0
farm_9,farm_9_field_2,2025-05-01,56.9,initial,sugar_beet,20,0.0,0.0,loamy_sand,late,20,hose_reel,groundwater_well,7.4,0
farm_9,farm_9_field_2,2025-05-02,58.2,initial,sugar_beet,21,0.0,0.2,loamy_sand,late,21,hose_reel,groundwater_well,7.4,0
farm_9,farm_9_field_2,2025-05-03,58.1,initial,sugar_beet,22,0.0,3.3,loamy_sand,late,22,hose_reel,groundwater_well,7.4,0
farm_9,farm_9_field_2,2025-05-04,58.9,initial,sugar_beet,23,0.0,0.3,loamy_sand,late,23,hose_reel,groundwater_well,7.4,0
farm_9,farm_9_field_2,2025-05-05,54.1,initial,sugar_beet,24,0.0,0.0,loamy_sand,late,24,hose_reel,groundwater_well,7.4,0
farm_9,farm_9_field_2,2025-05-06,55.0,initial,sugar_beet,25,0.0,0.0,loamy_sand,late,25,hose_reel,groundwater_well,7.4,0
farm_9,farm_9_field_2,2025-05-07,55.6,initial,sugar_beet,26,0.0,0.4,loamy_sand,late,26,hose_reel,groundwater_well,7.4,0
farm_9,farm_9_field_2,2025-05-08,51.3,initial,sugar_beet,27,0.0,0.0,loamy_sand,late,27,hose_reel,groundwater_well,7.4,0
farm_9,farm_9_field_2,2025-05-09,56.2,initial,sugar_beet,28,0.0,0.6,loamy_sand,late,28,hose_reel,groundwater_well,7.4,0
farm_9,farm_9_field_2,2025-05-10,47.7,development,sugar_beet,29,0.0,0.0,loamy_sand,late,29,hose_reel,groundwater_well,7.4,0
farm_9,farm_9_field_2,2025-05-11,46.6,development,sugar_beet,30,0.0,0.4,loamy_sand,late,30,hose_reel,groundwater_well,7.4,0
farm_9,farm_9_field_2,2025-05-12,44.5,development,sugar_beet,31,0.0,0.0,loamy_sand,late,31,hose_reel,groundwater_well,7.4,1
farm_9,farm_9_field_2,2025-05-13,82.4,development,sugar_beet,1,35.7,0.0,loamy_sand,late,32,hose_reel,groundwater_well,7.4,0
farm_9,farm_9_field_2,2025-05-14,80.4,development,sugar_beet,2,35.7,0.1,loamy_sand,late,33,hose_reel,groundwater_well,7.4,0
farm_9,farm_9_field_2,2025-05-15,79.9,development,sugar_beet,3,35.7,0.3,loamy_sand,late,34,hose_reel,groundwater_well,7.4,0
farm_9,farm_9_field_2,2025-05-16,73.1,development,sugar_beet,4,35.7,0.6,loamy_sand,late,35,hose_reel,groundwater_well,7.4,0
farm_9,farm_9_field_2,2025-05-17,73.7,development,sugar_beet,5,35.7,8.9,loamy_sand,late,36,hose_reel,groundwater_well,7.4,0
farm_9,farm_9_field_2,2025-05-18,79.8,development,sugar_beet,6,35.7,1.4,loamy_sand,late,37,hose_reel,groundwater_well,7.4,0
farm_9,farm_9_field_2,2025-05-19,70.3,development,sugar_beet,7,35.7,10.8,loamy_sand,late,38,hose_reel,groundwater_well,7.4,0
farm_9,farm_9_field_2,2025-05-20,86.1,development,sugar_beet,8,35.7,0.0,loamy_sand,late,39,hose_reel,groundwater_well,7.4,0
farm_9,farm_9_field_2,2025-05-21,78.0,development,sugar_beet,9,35.7,7.3,loamy_sand,late,40,hose_reel,groundwater_well,7.4,0
farm_9,farm_9_field_2,2025-05-22,82.6,development,sugar_beet,10,35.7,0.0,loamy_sand,late,41,hose_reel,groundwater_well,7.4,0
farm_9,farm_9_field_2,2025-05-23,82.2,development,sugar_beet,11,35.7,0.0,loamy_sand,late,42,hose_reel,groundwater_well,7.4,0
farm_9,farm_9_field_2,2025-05-24,84.2,development,sugar_beet,12,35.7,0.0,loamy_sand,late,43,hose_reel,groundwater_well,7.4,0
farm_9,farm_9_field_2,2025-05-25,79.3,development,sugar_beet,13,35.7,4.1,loamy_sand,late,44,hose_reel,groundwater_well,7.4,0
farm_9,farm_9_field_2,2025-05-26,77.6,development,sugar_beet,14,35.7,0.0,loamy_sand,late,45,hose_reel,groundwater_well,7.4,0
farm_9,farm_9_field_2,2025-05-27,76.5,development,sugar_beet,15,35.7,0.0,loamy_sand,late,46,hose_reel,groundwater_well,7.4,0
farm_9,farm_9_field_2,2025-05-28,71.6,development,sugar_beet,16,35.7,0.0,loamy_sand,late,47,hose_reel,groundwater_well,7.4,0
farm_9,farm_9_field_2,2025-05-29,67.8,development,sugar_beet,17,35.7,0.0,loamy_sand,late,48,hose_reel,groundwater_well,7.4,0
farm_9,farm_9_field_2,2025-05-30,71.2,development,sugar_beet,18,35.7,0.0,loamy_sand,late,49,hose_reel,groundwater_well,7.4,0
farm_9,farm_9_field_2,2025-05-31,63.0,development,sugar_beet,19,35.7,0.0,loamy_sand,late,50,hose_reel,groundwater_well,7.4,0
farm_9,farm_9_field_2,2025-06-01,62.5,development,sugar_beet,20,35.7,0.5,loamy_sand,late,51,hose_reel,groundwater_well,7.4,0
farm_9,farm_9_field_2,2025-06-02,,development,sugar_beet,21,35.7,0.0,loamy_sand,late,52,hose_reel,groundwater_well,7.4,0
farm_9,farm_9_field_2,2025-06-03,50.5,development,sugar_beet,22,35.7,0.0,loamy_sand,late,53,hose_reel,groundwater_well,7.4,0
farm_9,farm_9_field_2,2025-06-04,48.3,development,sugar_beet,23,35.7,0.0,loamy_sand,late,54,hose_reel,groundwater_well,7.4,0
farm_9,farm_9_field_2,2025-06-05,45.7,development,sugar_beet,24,35.7,0.0,loamy_sand,late,55,hose_reel,groundwater_well,7.4,1
farm_9,farm_9_field_2,2025-06-06,81.0,development,sugar_beet,1,38.4,0.5,loamy_sand,late,56,hose_reel,groundwater_well,7.4,0
farm_9,farm_9_field_2,2025-06-07,80.3,development,sugar_beet,2,38.4,23.9,loamy_sand,late,57,hose_reel,groundwater_well,7.4,0
farm_9,farm_9_field_2,2025-06-08,100.0,development,sugar_beet,3,38.4,23.4,loamy_sand,late,58,hose_reel,groundwater_well,7.4,0
farm_9,farm_9_field_2,2025-06-09,100.0,development,sugar_beet,4,38.4,0.0,loamy_sand,late,59,hose_reel,groundwater_well,7.4,0
farm_9,farm_9_field_2,2025-06-10,89.3,development,sugar_beet,5,38.4,0.3,loamy_sand,late,60,hose_reel,groundwater_well,7.4,0
farm_9,farm_9_field_2,2025-06-11,93.6,development,sugar_beet,6,38.4,0.0,loamy_sand,late,61,hose_reel,groundwater_well,7.4,0
farm_9,farm_9_field_2,2025-06-12,91.7,development,sugar_beet,7,38.4,0.0,loamy_sand,late,62,hose_reel,groundwater_well,7.4,0
farm_9,farm_9_field_2,2025-06-13,88.8,development,sugar_beet,8,38.4,0.0,loamy_sand,late,63,hose_reel,groundwater_well,7.4,0
farm_9,farm_9_field_2,2025-06-14,83.9,development,sugar_beet,9,38.4,0.0,loamy_sand,late,64,hose_reel,groundwater_well,7.4,0
farm_9,farm_9_field_2,2025-06-15,82.5,development,sugar_beet,10,38.4,0.9,loamy_sand,late,65,hose_reel,groundwater_well,7.4,0
farm_9,farm_9_field_2,2025-06-16,76.2,development,sugar_beet,11,38.4,0.7,loamy_sand,late,66,hose_reel,groundwater_well,7.4,0
farm_9,farm_9_field_2,2025-06-17,81.0,development,sugar_beet,12,38.4,3.0,loamy_sand,late,67,hose_reel,groundwater_well,7.4,0
farm_9,farm_9_field_2,2025-06-18,77.4,development,sugar_beet,13,38.4,28.4,loamy_sand,late,68,hose_reel,groundwater_well,7.4,0
farm_9,farm_9_field_2,2025-06-19,97.4,sensitive,sugar_beet,14,38.4,0.1,loamy_sand,late,69,hose_reel,groundwater_well,7.4,0
farm_9,farm_9_field_2,2025-06-20,94.0,sensitive,sugar_beet,15,38.4,0.6,loamy_sand,late,70,hose_reel,groundwater_well,7.4,0
farm_9,farm_9_field_2,2025-06-21,87.8,sensitive,sugar_beet,16,38.4,0.6,loamy_sand,late,71,hose_reel,groundwater_well,7.4,0
farm_9,farm_9_field_2,2025-06-22,82.4,sensitive,sugar_beet,17,38.4,0.0,loamy_sand,late,72,hose_reel,groundwater_well,7.4,0
farm_9,farm_9_field_2,2025-06-23,78.6,sensitive,sugar_beet,18,38.4,0.0,loamy_sand,late,73,hose_reel,groundwater_well,7.4,0
farm_9,farm_9_field_2,2025-06-24,76.4,sensitive,sugar_beet,19,38.4,0.0,loamy_sand,late,74,hose_reel,groundwater_well,7.4,0
farm_9,farm_9_field_2,2025-06-25,71.6,sensitive,sugar_beet,20,38.4,0.0,loamy_sand,late,75,hose_reel,groundwater_well,7.4,0
farm_9,farm_9_field_2,2025-06-26,59.7,sensitive,sugar_beet,21,38.4,0.0,loamy_sand,late,76,hose_reel,groundwater_well,7.4,0
farm_9,farm_9_field_2,2025-06-27,62.8,sensitive,sugar_beet,22,38.4,0.1,loamy_sand,late,77,hose_reel,groundwater_well,7.4,0
farm_9,farm_9_field_2,2025-06-28,53.7,sensitive,sugar_beet,23,38.4,2.9,loamy_sand,late,78,hose_reel,groundwater_well,7.4,1
farm_9,farm_9_field_2,2025-06-29,53.3,sensitive,sugar_beet,24,38.4,0.0,loamy_sand,late,79,hose_reel,groundwater_well,7.4,1
farm_9,farm_9_field_2,2025-06-30,76.3,sensitive,sugar_beet,1,33.3,0.0,loamy_sand,late,80,hose_reel,groundwater_well,7.4,0
farm_9,farm_9_field_2,2025-07-01,66.2,sensitive,sugar_beet,2,33.3,0.6,loamy_sand,late,81,hose_reel,groundwater_well,7.4,0
farm_9,farm_9_field_2,2025-07-02,66.0,sensitive,sugar_beet,3,33.3,0.8,loamy_sand,late,82,hose_reel,groundwater_well,7.4,0
farm_9,farm_9_field_2,2025-07-03,58.6,sensitive,sugar_beet,4,33.3,0.0,loamy_sand,late,83,hose_reel,groundwater_well,7.4,0
farm_9,farm_9_field_2,2025-07-04,49.4,sensitive,sugar_beet,5,33.3,0.6,loamy_sand,late,84,hose_reel,groundwater_well,7.4,1
farm_9,farm_9_field_2,2025-07-05,44.6,sensitive,sugar_beet,6,33.3,0.2,loamy_sand,late,85,hose_reel,groundwater_well,7.4,1
farm_9,farm_9_field_2,2025-07-06,72.8,sensitive,sugar_beet,1,37.0,0.0,loamy_sand,late,86,hose_reel,groundwater_well,7.4,0
farm_9,farm_9_field_2,2025-07-07,68.7,sensitive,sugar_beet,2,37.0,0.1,loamy_sand,late,87,hose_reel,groundwater_well,7.4,0
farm_9,farm_9_field_2,2025-07-08,61.3,sensitive,sugar_beet,3,37.0,1.0,loamy_sand,late,88,hose_reel,groundwater_well,7.4,0
farm_9,farm_9_field_2,2025-07-09,53.7,sensitive,sugar_beet,4,37.0,0.0,loamy_sand,late,89,hose_reel,groundwater_well,7.4,0
farm_9,farm_9_field_2,2025-07-10,51.1,sensitive,sugar_beet,5,37.0,0.0,loamy_sand,late,90,hose_reel,groundwater_well,7.4,1
farm_9,farm_9_field_2,2025-07-11,43.4,sensitive,sugar_beet,6,37.0,0.0,loamy_sand,late,91,hose_reel,groundwater_well,7.4,1
farm_9,farm_9_field_2,2025-07-12,35.8,sensitive,sugar_beet,7,37.0,0.0,loamy_sand,late,92,hose_reel,groundwater_well,7.4,2
farm_9,farm_9_field_2,2025-07-13,71.6,sensitive,sugar_beet,1,40.0,0.0,loamy_sand,late,93,hose_reel,groundwater_well,7.4,0
farm_9,farm_9_field_2,2025-07-14,57.9,sensitive,sugar_beet,2,40.0,0.0,loamy_sand,late,94,hose_reel,groundwater_well,7.4,0
farm_9,farm_9_field_2,2025-07-15,57.4,sensitive,sugar_beet,3,40.0,0.0,loamy_sand,late,95,hose_reel,groundwater_well,7.4,0
farm_9,farm_9_field_2,2025-07-16,51.5,sensitive,sugar_beet,4,40.0,0.2,loamy_sand,late,96,hose_reel,groundwater_well,7.4,1
farm_9,farm_9_field_2,2025-07-17,47.6,sensitive,sugar_beet,5,40.0,0.8,loamy_sand,late,97,hose_reel,groundwater_well,7.4,1
farm_9,farm_9_field_2,2025-07-18,46.1,sensitive,sugar_beet,6,40.0,2.6,loamy_sand,late,98,hose_reel,groundwater_well,7.4,1
farm_9,farm_9_field_2,2025-07-19,81.1,sensitive,sugar_beet,1,40.0,13.0,loamy_sand,late,99,hose_reel,groundwater_well,7.4,0
farm_9,farm_9_field_2,2025-07-20,81.3,sensitive,sugar_beet,2,40.0,0.1,loamy_sand,late,100,hose_reel,groundwater_well,7.4,0
farm_9,farm_9_field_2,2025-07-21,84.5,sensitive,sugar_beet,3,40.0,0.2,loamy_sand,late,101,hose_reel,groundwater_well,7.4,0
farm_9,farm_9_field_2,2025-07-22,72.0,sensitive,sugar_beet,4,40.0,0.2,loamy_sand,late,102,hose_reel,groundwater_well,7.4,0
farm_9,farm_9_field_2,2025-07-23,67.2,sensitive,sugar_beet,5,40.0,0.0,loamy_sand,late,103,hose_reel,groundwater_well,7.4,0
farm_9,farm_9_field_2,2025-07-24,66.0,sensitive,sugar_beet,6,40.0,0.0,loamy_sand,late,104,hose_reel,groundwater_well,7.4,0
farm_9,farm_9_field_2,2025-07-25,62.9,sensitive,sugar_beet,7,40.0,0.0,loamy_sand,late,105,hose_reel,groundwater_well,7.4,0
farm_9,farm_9_field_2,2025-07-26,51.9,sensitive,sugar_beet,8,40.0,0.0,loamy_sand,late,106,hose_reel,groundwater_well,7.4,1
farm_9,farm_9_field_2,2025-07-27,75.1,sensitive,sugar_beet,1,30.6,3.5,loamy_sand,late,107,hose_reel,groundwater_well,7.4,0
farm_9,farm_9_field_2,2025-07-28,74.0,sensitive,sugar_beet,2,30.6,0.1,loamy_sand,late,108,hose_reel,groundwater_well,7.4,0
farm_9,farm_9_field_2,2025-07-29,69.7,sensitive,sugar_beet,3,30.6,9.1,loamy_sand,late,109,hose_reel,groundwater_well,7.4,0
farm_9,farm_9_field_2,2025-07-30,73.8,sensitive,sugar_beet,4,30.6,0.6,loamy_sand,late,110,hose_reel,groundwater_well,7.4,0
farm_9,farm_9_field_2,2025-07-31,70.3,sensitive,sugar_beet,5,30.6,0.0,loamy_sand,late,111,hose_reel,groundwater_well,7.4,0
farm_9,farm_9_field_2,2025-08-01,66.6,sensitive,sugar_beet,6,30.6,0.3,loamy_sand,late,112,hose_reel,groundwater_well,7.4,0
farm_9,farm_9_field_2,2025-08-02,66.6,sensitive,sugar_beet,7,30.6,0.6,loamy_sand,late,113,hose_reel,groundwater_well,7.4,0
farm_9,farm_9_field_2,2025-08-03,66.6,sensitive,sugar_beet,8,30.6,0.0,loamy_sand,late,114,hose_reel,groundwater_well,7.4,1
farm_9,farm_9_field_2,2025-08-04,66.6,sensitive,sugar_beet,9,30.6,1.0,loamy_sand,late,115,hose_reel,groundwater_well,7.4,1
farm_9,farm_9_field_2,2025-08-05,66.6,sensitive,sugar_beet,10,30.6,0.6,loamy_sand,late,116,hose_reel,groundwater_well,7.4,1
farm_9,farm_9_field_2,2025-08-06,66.6,sensitive,sugar_beet,1,40.0,10.6,loamy_sand,late,117,hose_reel,groundwater_well,7.4,0
farm_9,farm_9_field_2,2025-08-07,86.8,sensitive,sugar_beet,2,40.0,0.0,loamy_sand,late,118,hose_reel,groundwater_well,7.4,0
farm_9,farm_9_field_2,2025-08-08,75.2,sensitive,sugar_beet,3,40.0,0.0,loamy_sand,late,119,hose_reel,groundwater_well,7.4,0
farm_9,farm_9_field_2,2025-08-09,72.8,sensitive,sugar_beet,4,40.0,0.0,loamy_sand,late,120,hose_reel,groundwater_well,7.4,0
farm_9,farm_9_field_2,2025-08-10,60.3,sensitive,sugar_beet,5,40.0,0.0,loamy_sand,late,121,hose_reel,groundwater_well,7.4,0
farm_9,farm_9_field_2,2025-08-11,64.3,sensitive,sugar_beet,6,40.0,2.9,loamy_sand,late,122,hose_reel,groundwater_well,7.4,0
farm_9,farm_9_field_2,2025-08-12,61.1,sensitive,sugar_beet,7,40.0,0.6,loamy_sand,late,123,hose_reel,groundwater_well,7.4,0
farm_9,farm_9_field_2,2025-08-13,51.5,sensitive,sugar_beet,8,40.0,0.0,loamy_sand,late,124,hose_reel,groundwater_well,7.4,1
farm_9,farm_9_field_2,2025-08-14,46.7,sensitive,sugar_beet,9,40.0,0.2,loamy_sand,late,125,hose_reel,groundwater_well,7.4,1
farm_9,farm_9_field_2,2025-08-15,83.2,late,sugar_beet,1,36.0,0.1,loamy_sand,late,126,hose_reel,groundwater_well,7.4,0
farm_9,farm_9_field_2,2025-08-16,69.8,late,sugar_beet,2,36.0,0.0,loamy_sand,late,127,hose_reel,groundwater_well,7.4,0
farm_9,farm_9_field_2,2025-08-17,76.6,late,sugar_beet,3,36.0,0.0,loamy_sand,late,128,hose_reel,groundwater_well,7.4,0
farm_9,farm_9_field_2,2025-08-18,69.1,late,sugar_beet,4,36.0,0.0,loamy_sand,late,129,hose_reel,groundwater_well,7.4,0
farm_9,farm_9_field_2,2025-08-19,67.1,late,sugar_beet,5,36.0,0.0,loamy_sand,late,130,hose_reel,groundwater_well,7.4,0
farm_9,farm_9_field_2,2025-08-20,60.8,late,sugar_beet,6,36.0,0.7,loamy_sand,late,131,hose_reel,groundwater_well,7.4,0
farm_9,farm_9_field_2,2025-08-21,63.2,late,sugar_beet,7,36.0,0.7,loamy_sand,late,132,hose_reel,groundwater_well,7.4,0
farm_9,farm_9_field_2,2025-08-22,58.2,late,sugar_beet,8,36.0,0.8,loamy_sand,late,133,hose_reel,groundwater_well,7.4,0
farm_9,farm_9_field_2,2025-08-23,55.1,late,sugar_beet,9,36.0,0.0,loamy_sand,late,134,hose_reel,groundwater_well,7.4,0
farm_9,farm_9_field_2,2025-08-24,51.0,late,sugar_beet,10,36.0,0.0,loamy_sand,late,135,hose_reel,groundwater_well,7.4,0
farm_9,farm_9_field_2,2025-08-25,53.7,late,sugar_beet,11,36.0,0.9,loamy_sand,late,136,hose_reel,groundwater_well,7.4,0
farm_9,farm_9_field_2,2025-08-26,46.6,late,sugar_beet,12,36.0,0.2,loamy_sand,late,137,hose_reel,groundwater_well,7.4,0
farm_9,farm_9_field_2,2025-08-27,46.1,late,sugar_beet,13,36.0,0.5,loamy_sand,late,138,hose_reel,groundwater_well,7.4,0
farm_9,farm_9_field_2,2025-08-28,41.1,late,sugar_beet,14,36.0,18.8,loamy_sand,late,139,hose_reel,groundwater_well,7.4,0
farm_9,farm_9_field_2,2025-08-29,57.2,late,sugar_beet,15,36.0,0.3,loamy_sand,late,140,hose_reel,groundwater_well,7.4,0
farm_9,farm_9_field_2,2025-08-30,59.1,late,sugar_beet,16,36.0,0.0,loamy_sand,late,141,hose_reel,groundwater_well,7.4,0
farm_9,farm_9_field_2,2025-08-31,54.7,late,sugar_beet,17,36.0,0.0,loamy_sand,late,142,hose_reel,groundwater_well,7.4,0
farm_9,farm_9_field_2,2025-09-01,49.3,late,sugar_beet,18,36.0,0.0,loamy_sand,late,143,hose_reel,groundwater_well,7.4,0
farm_9,farm_9_field_2,2025-09-02,47.1,late,sugar_beet,19,36.0,0.2,loamy_sand,late,144,hose_reel,groundwater_well,7.4,0
farm_9,farm_9_field_2,2025-09-03,42.3,late,sugar_beet,20,36.0,0.0,loamy_sand,late,145,hose_reel,groundwater_well,7.4,0
farm_9,farm_9_field_2,2025-09-04,40.1,late,sugar_beet,21,36.0,0.4,loamy_sand,late,146,hose_reel,groundwater_well,7.4,0
farm_9,farm_9_field_2,2025-09-05,39.3,late,sugar_beet,22,36.0,0.5,loamy_sand,late,147,hose_reel,groundwater_well,7.4,0
farm_9,farm_9_field_2,2025-09-06,37.4,late,sugar_beet,23,36.0,0.0,loamy_sand,late,148,hose_reel,groundwater_well,7.4,0
farm_9,farm_9_field_2,2025-09-07,40.1,late,sugar_beet,24,36.0,0.0,loamy_sand,late,149,hose_reel,groundwater_well,7.4,1
farm_9,farm_9_field_2,2025-09-08,32.6,late,sugar_beet,25,36.0,0.3,loamy_sand,late,150,hose_reel,groundwater_well,7.4,1
farm_9,farm_9_field_2,2025-09-09,31.6,late,sugar_beet,26,36.0,0.4,loamy_sand,late,151,hose_reel,groundwater_well,7.4,1
farm_9,farm_9_field_2,2025-09-10,28.4,late,sugar_beet,27,36.0,0.0,loamy_sand,late,152,hose_reel,groundwater_well,7.4,1
farm_9,farm_9_field_2,2025-09-11,24.2,late,sugar_beet,28,36.0,0.0,loamy_sand,late,153,hose_reel,groundwater_well,7.4,1
farm_9,farm_9_field_2,2025-09-12,21.8,late,sugar_beet,29,36.0,0.0,loamy_sand,late,154,hose_reel,groundwater_well,7.4,1
farm_9,farm_9_field_2,2025-09-13,19.5,late,sugar_beet,30,36.0,0.3,loamy_sand,late,155,hose_reel,groundwater_well,7.4,2
farm_9,farm_9_field_2,2025-09-14,59.7,late,sugar_beet,1,40.0,2.2,loamy_sand,late,156,hose_reel,groundwater_well,7.4,0
farm_9,farm_9_field_2,2025-09-15,59.2,late,sugar_beet,2,40.0,0.0,loamy_sand,late,157,hose_reel,groundwater_well,7.4,0
farm_9,farm_9_field_2,2025-09-16,55.4,late,sugar_beet,3,40.0,5.7,loamy_sand,late,158,hose_reel,groundwater_well,7.4,0
farm_9,farm_9_field_2,2025-09-17,56.4,late,sugar_beet,4,40.0,2.3,loamy_sand,late,159,hose_reel,groundwater_well,7.4,0
farm_9,farm_9_field_2,2025-09-18,,late,sugar_beet,5,40.0,0.0,loamy_sand,late,160,hose_reel,groundwater_well,7.4,0
farm_9,farm_9_field_2,2025-09-19,50.5,late,sugar_beet,6,40.0,0.8,loamy_sand,late,161,hose_reel,groundwater_well,7.4,0
farm_9,farm_9_field_2,2025-09-20,54.3,late,sugar_beet,7,40.0,0.0,loamy_sand,late,162,hose_reel,groundwater_well,7.4,0
farm_9,farm_9_field_2,2025-09-21,60.7,late,sugar_beet,8,40.0,0.0,loamy_sand,late,163,hose_reel,groundwater_well,7.4,0
farm_9,farm_9_field_2,2025-09-22,48.8,late,sugar_beet,9,40.0,0.0,loamy_sand,late,164,hose_reel,groundwater_well,7.4,0
farm_9,farm_9_field_2,2025-09-23,53.6,late,sugar_beet,10,40.0,0.2,loamy_sand,late,165,hose_reel,groundwater_well,7.4,0
farm_9,farm_9_field_2,2025-09-24,43.7,late,sugar_beet,11,40.0,0.0,loamy_sand,late,166,hose_reel,groundwater_well,7.4,0
farm_9,farm_9_field_2,2025-09-25,46.4,late,sugar_beet,12,40.0,0.8,loamy_sand,late,167,hose_reel,groundwater_well,7.4,0
farm_9,farm_9_field_2,2025-09-26,38.7,late,sugar_beet,13,40.0,0.0,loamy_sand,late,168,hose_reel,groundwater_well,7.4,0
farm_9,farm_9_field_2,2025-09-27,37.6,late,sugar_beet,14,40.0,0.0,loamy_sand,late,169,hose_reel,groundwater_well,7.4,0
farm_9,farm_9_field_2,2025-09-28,36.9,late,sugar_beet,15,40.0,0.1,loamy_sand,late,170,hose_reel,groundwater_well,7.4,0
farm_9,farm_9_field_2,2025-09-29,36.1,late,sugar_beet,16,40.0,0.5,loamy_sand,late,171,hose_reel,groundwater_well,7.4,1
farm_9,farm_9_field_2,2025-09-30,75.8,late,sugar_beet,1,40.0,0.0,loamy_sand,late,172,hose_reel,groundwater_well,7.4,0
farm_9,farm_9_field_2,2026-04-15,66.7,initial,sugar_beet,4,0.0,0.0,loamy_sand,late,4,hose_reel,groundwater_well,7.4,0
farm_9,farm_9_field_2,2026-04-16,66.7,initial,sugar_beet,5,0.0,0.3,loamy_sand,late,5,hose_reel,groundwater_well,7.4,0
farm_9,farm_9_field_2,2026-04-17,67.1,initial,sugar_beet,6,0.0,0.9,loamy_sand,late,6,hose_reel,groundwater_well,7.4,0
farm_9,farm_9_field_2,2026-04-18,69.8,initial,sugar_beet,7,0.0,0.0,loamy_sand,late,7,hose_reel,groundwater_well,7.4,0
farm_9,farm_9_field_2,2026-04-19,66.3,initial,sugar_beet,8,0.0,0.3,loamy_sand,late,8,hose_reel,groundwater_well,7.4,0
farm_9,farm_9_field_2,2026-04-20,60.0,initial,sugar_beet,9,0.0,0.0,loamy_sand,late,9,hose_reel,groundwater_well,7.4,0
farm_9,farm_9_field_2,2026-04-21,60.1,initial,sugar_beet,10,0.0,0.0,loamy_sand,late,10,hose_reel,groundwater_well,7.4,0
farm_9,farm_9_field_2,2026-04-22,63.3,initial,sugar_beet,11,0.0,0.3,loamy_sand,late,11,hose_reel,groundwater_well,7.4,0
farm_9,farm_9_field_2,2026-04-23,57.4,initial,sugar_beet,12,0.0,0.0,loamy_sand,late,12,hose_reel,groundwater_well,7.4,0
farm_9,farm_9_field_2,2026-04-24,61.8,initial,sugar_beet,13,0.0,0.0,loamy_sand,late,13,hose_reel,groundwater_well,7.4,0
farm_9,farm_9_field_2,2026-04-25,57.6,initial,sugar_beet,14,0.0,0.0,loamy_sand,late,14,hose_reel,groundwater_well,7.4,0
farm_9,farm_9_field_2,2026-04-26,60.8,initial,sugar_beet,15,0.0,0.0,loamy_sand,late,15,hose_reel,groundwater_well,7.4,0
farm_9,farm_9_field_2,2026-04-27,55.9,initial,sugar_beet,16,0.0,0.2,loamy_sand,late,16,hose_reel,groundwater_well,7.4,0
farm_9,farm_9_field_2,2026-04-28,57.7,initial,sugar_beet,17,0.0,0.0,loamy_sand,late,17,hose_reel,groundwater_well,7.4,0
farm_9,farm_9_field_2,2026-04-29,53.4,initial,sugar_beet,18,0.0,0.0,loamy_sand,late,18,hose_reel,groundwater_well,7.4,0
farm_9,farm_9_field_2,2026-04-30,53.8,initial,sugar_beet,19,0.0,0.1,loamy_sand,late,19,hose_reel,groundwater_well,7.4,0
farm_9,farm_9_field_2,2026-05-01,53.1,initial,sugar_beet,20,0.0,1.0,loamy_sand,late,20,hose_reel,groundwater_well,7.4,0
farm_9,farm_9_field_2,2026-05-02,50.6,initial,sugar_beet,21,0.0,0.1,loamy_sand,late,21,hose_reel,groundwater_well,7.4,0
farm_9,farm_9_field_2,2026-05-03,51.4,initial,sugar_beet,22,0.0,11.0,loamy_sand,late,22,hose_reel,groundwater_well,7.4,0
farm_9,farm_9_field_2,2026-05-04,66.3,initial,sugar_beet,23,0.0,0.2,loamy_sand,late,23,hose_reel,groundwater_well,7.4,0
farm_9,farm_9_field_2,2026-05-05,57.1,initial,sugar_beet,24,0.0,5.5,loamy_sand,late,24,hose_reel,groundwater_well,7.4,0
farm_9,farm_9_field_2,2026-05-06,67.4,initial,sugar_beet,25,0.0,0.3,loamy_sand,late,25,hose_reel,groundwater_well,7.4,0
farm_9,farm_9_field_2,2026-05-07,64.4,initial,sugar_beet,26,0.0,8.5,loamy_sand,late,26,hose_reel,groundwater_well,7.4,0
farm_9,farm_9_field_2,2026-05-08,73.4,initial,sugar_beet,27,0.0,0.0,loamy_sand,late,27,hose_reel,groundwater_well,7.4,0
farm_9,farm_9_field_2,2026-05-09,73.9,initial,sugar_beet,28,0.0,0.0,loamy_sand,late,28,hose_reel,groundwater_well,7.4,0
farm_9,farm_9_field_2,2026-05-10,70.3,development,sugar_beet,29,0.0,1.1,loamy_sand,late,29,hose_reel,groundwater_well,7.4,0
farm_9,farm_9_field_2,2026-05-11,69.5,development,sugar_beet,30,0.0,0.0,loamy_sand,late,30,hose_reel,groundwater_well,7.4,0
farm_9,farm_9_field_2,2026-05-12,62.5,development,sugar_beet,31,0.0,0.0,loamy_sand,late,31,hose_reel,groundwater_well,7.4,0
farm_9,farm_9_field_2,2026-05-13,67.7,development,sugar_beet,32,0.0,3.0,loamy_sand,late,32,hose_reel,groundwater_well,7.4,0
farm_9,farm_9_field_2,2026-05-14,57.0,development,sugar_beet,33,0.0,0.5,loamy_sand,late,33,hose_reel,groundwater_well,7.4,0
farm_9,farm_9_field_2,2026-05-15,59.7,development,sugar_beet,34,0.0,0.0,loamy_sand,late,34,hose_reel,groundwater_well,7.4,0
farm_9,farm_9_field_2,2026-05-16,60.1,development,sugar_beet,35,0.0,0.0,loamy_sand,late,35,hose_reel,groundwater_well,7.4,0
farm_9,farm_9_field_2,2026-05-17,55.8,development,sugar_beet,36,0.0,0.5,loamy_sand,late,36,hose_reel,groundwater_well,7.4,0
farm_9,farm_9_field_2,2026-05-18,52.0,development,sugar_beet,37,0.0,0.0,loamy_sand,late,37,hose_reel,groundwater_well,7.4,0
farm_9,farm_9_field_2,2026-05-19,48.7,development,sugar_beet,38,0.0,0.0,loamy_sand,late,38,hose_reel,groundwater_well,7.4,0
farm_9,farm_9_field_2,2026-05-20,46.3,development,sugar_beet,39,0.0,0.0,loamy_sand,late,39,hose_reel,groundwater_well,7.4,1
farm_9,farm_9_field_2,2026-05-21,44.7,development,sugar_beet,40,0.0,17.7,loamy_sand,late,40,hose_reel,groundwater_well,7.4,1
farm_9,farm_9_field_2,2026-05-22,58.3,development,sugar_beet,41,0.0,6.0,loamy_sand,late,41,hose_reel,groundwater_well,7.4,0
farm_9,farm_9_field_2,2026-05-23,66.6,development,sugar_beet,42,0.0,0.1,loamy_sand,late,42,hose_reel,groundwater_well,7.4,0
farm_9,farm_9_field_2,2026-05-24,61.2,development,sugar_beet,43,0.0,0.0,loamy_sand,late,43,hose_reel,groundwater_well,7.4,0
farm_9,farm_9_field_2,2026-05-25,61.2,development,sugar_beet,44,0.0,0.1,loamy_sand,late,44,hose_reel,groundwater_well,7.4,0
farm_9,farm_9_field_2,2026-05-26,61.2,development,sugar_beet,45,0.0,0.0,loamy_sand,late,45,hose_reel,groundwater_well,7.4,0
farm_9,farm_9_field_2,2026-05-27,61.2,development,sugar_beet,46,0.0,0.4,loamy_sand,late,46,hose_reel,groundwater_well,7.4,0
farm_9,farm_9_field_2,2026-05-28,61.2,development,sugar_beet,47,0.0,0.0,loamy_sand,late,47,hose_reel,groundwater_well,7.4,1
farm_9,farm_9_field_2,2026-05-29,61.2,development,sugar_beet,1,35.0,0.3,loamy_sand,late,48,hose_reel,groundwater_well,7.4,0
farm_9,farm_9_field_2,2026-05-30,61.2,development,sugar_beet,2,35.0,0.6,loamy_sand,late,49,hose_reel,groundwater_well,7.4,0
farm_9,farm_9_field_2,2026-05-31,61.2,development,sugar_beet,3,35.0,0.3,loamy_sand,late,50,hose_reel,groundwater_well,7.4,0
farm_9,farm_9_field_2,2026-06-01,61.2,development,sugar_beet,4,35.0,0.0,loamy_sand,late,51,hose_reel,groundwater_well,7.4,0
farm_9,farm_9_field_2,2026-06-02,61.2,development,sugar_beet,5,35.0,0.2,loamy_sand,late,52,hose_reel,groundwater_well,7.4,0
farm_9,farm_9_field_2,2026-06-03,69.0,development,sugar_beet,6,35.0,0.0,loamy_sand,late,53,hose_reel,groundwater_well,7.4,0
farm_9,farm_9_field_2,2026-06-04,69.3,development,sugar_beet,7,35.0,0.0,loamy_sand,late,54,hose_reel,groundwater_well,7.4,0
farm_9,farm_9_field_2,2026-06-05,60.3,development,sugar_beet,8,35.0,0.5,loamy_sand,late,55,hose_reel,groundwater_well,7.4,0
farm_9,farm_9_field_2,2026-06-06,58.2,development,sugar_beet,9,35.0,5.6,loamy_sand,late,56,hose_reel,groundwater_well,7.4,0
farm_9,farm_9_field_2,2026-06-07,56.7,development,sugar_beet,10,35.0,0.0,loamy_sand,late,57,hose_reel,groundwater_well,7.4,0
farm_9,farm_9_field_2,2026-06-08,60.8,development,sugar_beet,11,35.0,0.0,loamy_sand,late,58,hose_reel,groundwater_well,7.4,0
farm_9,farm_9_field_2,2026-06-09,52.0,development,sugar_beet,12,35.0,0.1,loamy_sand,late,59,hose_reel,groundwater_well,7.4,0
farm_9,farm_9_field_2,2026-06-10,50.7,development,sugar_beet,13,35.0,0.6,loamy_sand,late,60,hose_reel,groundwater_well,7.4,1
farm_9,farm_9_field_2,2026-06-11,78.3,development,sugar_beet,1,35.2,0.0,loamy_sand,late,61,hose_reel,groundwater_well,7.4,0
farm_9,farm_9_field_2,2026-06-12,73.2,development,sugar_beet,2,35.2,0.1,loamy_sand,late,62,hose_reel,groundwater_well,7.4,0
farm_9,farm_9_field_2,2026-06-13,70.2,development,sugar_beet,3,35.2,0.6,loamy_sand,late,63,hose_reel,groundwater_well,7.4,0
farm_9,farm_9_field_2,2026-06-14,60.6,development,sugar_beet,4,35.2,0.0,loamy_sand,late,64,hose_reel,groundwater_well,7.4,0
farm_9,farm_9_field_2,2026-06-15,60.6,development,sugar_beet,5,35.2,0.0,loamy_sand,late,65,hose_reel,groundwater_well,7.4,0
farm_9,farm_9_field_2,2026-06-16,53.5,development,sugar_beet,6,35.2,0.5,loamy_sand,late,66,hose_reel,groundwater_well,7.4,0
farm_9,farm_9_field_2,2026-06-17,46.4,development,sugar_beet,7,35.2,0.6,loamy_sand,late,67,hose_reel,groundwater_well,7.4,0
farm_9,farm_9_field_2,2026-06-18,40.9,development,sugar_beet,8,35.2,0.4,loamy_sand,late,68,hose_reel,groundwater_well,7.4,1
farm_9,farm_9_field_2,2026-06-19,37.7,sensitive,sugar_beet,9,35.2,0.0,loamy_sand,late,69,hose_reel,groundwater_well,7.4,1
farm_9,farm_9_field_2,2026-06-20,33.9,sensitive,sugar_beet,10,35.2,0.1,loamy_sand,late,70,hose_reel,groundwater_well,7.4,2
farm_9,farm_9_field_2,2026-06-21,57.9,sensitive,sugar_beet,1,40.0,0.1,loamy_sand,late,71,hose_reel,groundwater_well,7.4,0
farm_9,farm_9_field_2,2026-06-22,56.3,sensitive,sugar_beet,2,40.0,0.2,loamy_sand,late,72,hose_reel,groundwater_well,7.4,0
farm_9,farm_9_field_2,2026-06-23,44.4,sensitive,sugar_beet,3,40.0,0.0,loamy_sand,late,73,hose_reel,groundwater_well,7.4,1
farm_9,farm_9_field_2,2026-06-24,49.0,sensitive,sugar_beet,4,40.0,0.0,loamy_sand,late,74,hose_reel,groundwater_well,7.4,1
farm_9,farm_9_field_2,2026-06-25,45.4,sensitive,sugar_beet,5,40.0,1.9,loamy_sand,late,75,hose_reel,groundwater_well,7.4,2
farm_9,farm_9_field_2,2026-06-26,71.6,sensitive,sugar_beet,1,40.0,0.0,loamy_sand,late,76,hose_reel,groundwater_well,7.4,0
farm_9,farm_9_field_2,2026-06-27,62.2,sensitive,sugar_beet,2,40.0,0.0,loamy_sand,late,77,hose_reel,groundwater_well,7.4,0
farm_9,farm_9_field_2,2026-06-28,53.0,sensitive,sugar_beet,3,40.0,0.0,loamy_sand,late,78,hose_reel,groundwater_well,7.4,1
farm_9,farm_9_field_2,2026-06-29,43.3,sensitive,sugar_beet,4,40.0,0.0,loamy_sand,late,79,hose_reel,groundwater_well,7.4,1
farm_9,farm_9_field_2,2026-06-30,34.2,sensitive,sugar_beet,5,40.0,0.0,loamy_sand,late,80,hose_reel,groundwater_well,7.4,2
farm_9,farm_9_field_2,2026-07-01,68.8,sensitive,sugar_beet,1,40.0,0.5,loamy_sand,late,81,hose_reel,groundwater_well,7.4,0
farm_9,farm_9_field_2,2026-07-02,56.2,sensitive,sugar_beet,2,40.0,0.2,loamy_sand,late,82,hose_reel,groundwater_well,7.4,0
farm_9,farm_9_field_2,2026-07-03,44.6,sensitive,sugar_beet,3,40.0,0.3,loamy_sand,late,83,hose_reel,groundwater_well,7.4,1
farm_9,farm_9_field_2,2026-07-04,79.8,sensitive,sugar_beet,1,35.4,0.1,loamy_sand,late,84,hose_reel,groundwater_well,7.4,0
farm_9,farm_9_field_2,2026-07-05,69.5,sensitive,sugar_beet,2,35.4,0.3,loamy_sand,late,85,hose_reel,groundwater_well,7.4,0
farm_9,farm_9_field_2,2026-07-06,54.3,sensitive,sugar_beet,3,35.4,0.2,loamy_sand,late,86,hose_reel,groundwater_well,7.4,0
farm_9,farm_9_field_2,2026-07-07,46.8,sensitive,sugar_beet,4,35.4,0.0,loamy_sand,late,87,hose_reel,groundwater_well,7.4,1
farm_9,farm_9_field_2,2026-07-08,37.2,sensitive,sugar_beet,5,35.4,0.2,loamy_sand,late,88,hose_reel,groundwater_well,7.4,1
farm_9,farm_9_field_2,2026-07-09,71.6,sensitive,sugar_beet,1,40.0,0.3,loamy_sand,late,89,hose_reel,groundwater_well,7.4,0
farm_9,farm_9_field_2,2026-07-10,67.0,sensitive,sugar_beet,2,40.0,0.2,loamy_sand,late,90,hose_reel,groundwater_well,7.4,0
farm_9,farm_9_field_2,2026-07-11,51.4,sensitive,sugar_beet,3,40.0,0.0,loamy_sand,late,91,hose_reel,groundwater_well,7.4,0
farm_9,farm_9_field_2,2026-07-12,48.1,sensitive,sugar_beet,4,40.0,0.3,loamy_sand,late,92,hose_reel,groundwater_well,7.4,1
farm_9,farm_9_field_2,2026-07-13,,sensitive,sugar_beet,5,40.0,0.6,loamy_sand,late,93,hose_reel,groundwater_well,7.4,1
farm_9,farm_9_field_2,2026-07-14,48.1,sensitive,sugar_beet,6,40.0,0.1,loamy_sand,late,94,hose_reel,groundwater_well,7.4,2
farm_9,farm_9_field_2,2026-07-15,48.1,sensitive,sugar_beet,1,40.0,0.0,loamy_sand,late,95,hose_reel,groundwater_well,7.4,0
farm_9,farm_9_field_2,2026-07-16,48.1,sensitive,sugar_beet,2,40.0,0.0,loamy_sand,late,96,hose_reel,groundwater_well,7.4,0
farm_9,farm_9_field_2,2026-07-17,48.1,sensitive,sugar_beet,3,40.0,0.4,loamy_sand,late,97,hose_reel,groundwater_well,7.4,1
farm_9,farm_9_field_2,2026-07-18,39.3,sensitive,sugar_beet,4,40.0,0.0,loamy_sand,late,98,hose_reel,groundwater_well,7.4,1
farm_9,farm_9_field_2,2026-07-19,29.9,sensitive,sugar_beet,5,40.0,0.3,loamy_sand,late,99,hose_reel,groundwater_well,7.4,2
farm_9,farm_9_field_2,2026-07-20,63.4,sensitive,sugar_beet,1,40.0,0.0,loamy_sand,late,100,hose_reel,groundwater_well,7.4,0
farm_9,farm_9_field_2,2026-07-21,57.2,sensitive,sugar_beet,2,40.0,0.0,loamy_sand,late,101,hose_reel,groundwater_well,7.4,0
farm_9,farm_9_field_2,2026-07-22,48.1,sensitive,sugar_beet,3,40.0,0.0,loamy_sand,late,102,hose_reel,groundwater_well,7.4,1
farm_9,farm_9_field_2,2026-07-23,44.1,sensitive,sugar_beet,4,40.0,0.1,loamy_sand,late,103,hose_reel,groundwater_well,7.4,1
farm_9,farm_9_field_2,2026-07-24,36.6,sensitive,sugar_beet,5,40.0,0.0,loamy_sand,late,104,hose_reel,groundwater_well,7.4,2
farm_9,farm_9_field_2,2026-07-25,58.8,sensitive,sugar_beet,1,40.0,0.4,loamy_sand,late,105,hose_reel,groundwater_well,7.4,0
farm_9,farm_9_field_2,2026-07-26,63.3,sensitive,sugar_beet,2,40.0,0.4,loamy_sand,late,106,hose_reel,groundwater_well,7.4,0
farm_9,farm_9_field_2,2026-07-27,55.8,sensitive,sugar_beet,3,40.0,0.2,loamy_sand,late,107,hose_reel,groundwater_well,7.4,1
farm_9,farm_9_field_2,2026-07-28,40.3,sensitive,sugar_beet,4,40.0,0.0,loamy_sand,late,108,hose_reel,groundwater_well,7.4,1
farm_9,farm_9_field_2,2026-07-29,24.2,sensitive,sugar_beet,5,40.0,0.3,loamy_sand,late,109,hose_reel,groundwater_well,7.4,2
farm_9,farm_9_field_2,2026-07-30,71.2,sensitive,sugar_beet,1,40.0,0.0,loamy_sand,late,110,hose_reel,groundwater_well,7.4,0
farm_9,farm_9_field_2,2026-07-31,62.0,sensitive,sugar_beet,2,40.0,9.1,loamy_sand,late,111,hose_reel,groundwater_well,7.4,0
farm_9,farm_9_field_2,2026-08-01,65.0,sensitive,sugar_beet,3,40.0,1.3,loamy_sand,late,112,hose_reel,groundwater_well,7.4,0
farm_9,farm_9_field_2,2026-08-02,57.7,sensitive,sugar_beet,4,40.0,0.6,loamy_sand,late,113,hose_reel,groundwater_well,7.4,0
farm_9,farm_9_field_2,2026-08-03,52.2,sensitive,sugar_beet,5,40.0,9.4,loamy_sand,late,114,hose_reel,groundwater_well,7.4,0
farm_9,farm_9_field_2,2026-08-04,58.3,sensitive,sugar_beet,6,40.0,0.3,loamy_sand,late,115,hose_reel,groundwater_well,7.4,0
farm_9,farm_9_field_2,2026-08-05,,sensitive,sugar_beet,7,40.0,0.5,loamy_sand,late,116,hose_reel,groundwater_well,7.4,1
farm_9,farm_9_field_2,2026-08-06,43.0,sensitive,sugar_beet,8,40.0,0.0,loamy_sand,late,117,hose_reel,groundwater_well,7.4,1
farm_9,farm_9_field_2,2026-08-07,36.0,sensitive,sugar_beet,9,40.0,0.5,loamy_sand,late,118,hose_reel,groundwater_well,7.4,2
farm_9,farm_9_field_2,2026-08-08,75.6,sensitive,sugar_beet,1,40.0,0.0,loamy_sand,late,119,hose_reel,groundwater_well,7.4,0
farm_9,farm_9_field_2,2026-08-09,62.9,sensitive,sugar_beet,2,40.0,0.0,loamy_sand,late,120,hose_reel,groundwater_well,7.4,0
farm_9,farm_9_field_2,2026-08-10,53.4,sensitive,sugar_beet,3,40.0,1.8,loamy_sand,late,121,hose_reel,groundwater_well,7.4,0
farm_9,farm_9_field_2,2026-08-11,59.7,sensitive,sugar_beet,4,40.0,0.0,loamy_sand,late,122,hose_reel,groundwater_well,7.4,1
farm_9,farm_9_field_2,2026-08-12,75.8,sensitive,sugar_beet,1,31.5,0.2,loamy_sand,late,123,hose_reel,groundwater_well,7.4,0
farm_9,farm_9_field_2,2026-08-13,70.9,sensitive,sugar_beet,2,31.5,0.0,loamy_sand,late,124,hose_reel,groundwater_well,7.4,0
farm_9,farm_9_field_2,2026-08-14,56.3,sensitive,sugar_beet,3,31.5,0.0,loamy_sand,late,125,hose_reel,groundwater_well,7.4,0
farm_9,farm_9_field_2,2026-08-15,53.5,late,sugar_beet,4,31.5,0.0,loamy_sand,late,126,hose_reel,groundwater_well,7.4,0
farm_9,farm_9_field_2,2026-08-16,53.6,late,sugar_beet,5,31.5,0.6,loamy_sand,late,127,hose_reel,groundwater_well,7.4,0
farm_9,farm_9_field_2,2026-08-17,50.1,late,sugar_beet,6,31.5,0.1,loamy_sand,late,128,hose_reel,groundwater_well,7.4,0
farm_9,farm_9_field_2,2026-08-18,43.0,late,sugar_beet,7,31.5,0.0,loamy_sand,late,129,hose_reel,groundwater_well,7.4,0
farm_9,farm_9_field_2,2026-08-19,36.5,late,sugar_beet,8,31.5,0.1,loamy_sand,late,130,hose_reel,groundwater_well,7.4,0
farm_9,farm_9_field_2,2026-08-20,35.8,late,sugar_beet,9,31.5,2.6,loamy_sand,late,131,hose_reel,groundwater_well,7.4,1
farm_9,farm_9_field_2,2026-08-21,35.8,late,sugar_beet,10,31.5,0.0,loamy_sand,late,132,hose_reel,groundwater_well,7.4,1
farm_9,farm_9_field_2,2026-08-22,32.4,late,sugar_beet,11,31.5,0.1,loamy_sand,late,133,hose_reel,groundwater_well,7.4,1
farm_9,farm_9_field_2,2026-08-23,33.9,late,sugar_beet,12,31.5,0.9,loamy_sand,late,134,hose_reel,groundwater_well,7.4,1
farm_9,farm_9_field_2,2026-08-24,29.0,late,sugar_beet,13,31.5,0.2,loamy_sand,late,135,hose_reel,groundwater_well,7.4,1
farm_9,farm_9_field_2,2026-08-25,27.7,late,sugar_beet,14,31.5,0.2,loamy_sand,late,136,hose_reel,groundwater_well,7.4,1
farm_9,farm_9_field_2,2026-08-26,18.3,late,sugar_beet,15,31.5,0.2,loamy_sand,late,137,hose_reel,groundwater_well,7.4,2
farm_9,farm_9_field_2,2026-08-27,58.8,late,sugar_beet,1,40.0,0.0,loamy_sand,late,138,hose_reel,groundwater_well,7.4,0
farm_9,farm_9_field_2,2026-08-28,62.2,late,sugar_beet,2,40.0,4.0,loamy_sand,late,139,hose_reel,groundwater_well,7.4,0
farm_9,farm_9_field_2,2026-08-29,58.8,late,sugar_beet,3,40.0,0.2,loamy_sand,late,140,hose_reel,groundwater_well,7.4,0
farm_9,farm_9_field_2,2026-08-30,48.4,late,sugar_beet,4,40.0,0.0,loamy_sand,late,141,hose_reel,groundwater_well,7.4,0
farm_9,farm_9_field_2,2026-08-31,52.9,late,sugar_beet,5,40.0,1.1,loamy_sand,late,142,hose_reel,groundwater_well,7.4,0
farm_9,farm_9_field_2,2026-09-01,49.5,late,sugar_beet,6,40.0,0.0,loamy_sand,late,143,hose_reel,groundwater_well,7.4,0
farm_9,farm_9_field_2,2026-09-02,46.6,late,sugar_beet,7,40.0,0.0,loamy_sand,late,144,hose_reel,groundwater_well,7.4,0
farm_9,farm_9_field_2,2026-09-03,41.9,late,sugar_beet,8,40.0,0.0,loamy_sand,late,145,hose_reel,groundwater_well,7.4,0
farm_9,farm_9_field_2,2026-09-04,45.2,late,sugar_beet,9,40.0,0.4,loamy_sand,late,146,hose_reel,groundwater_well,7.4,0
farm_9,farm_9_field_2,2026-09-05,38.9,late,sugar_beet,10,40.0,0.1,loamy_sand,late,147,hose_reel,groundwater_well,7.4,0
farm_9,farm_9_field_2,2026-09-06,37.7,late,sugar_beet,11,40.0,0.0,loamy_sand,late,148,hose_reel,groundwater_well,7.4,1
farm_9,farm_9_field_2,2026-09-07,31.5,late,sugar_beet,12,40.0,0.0,loamy_sand,late,149,hose_reel,groundwater_well,7.4,1
farm_9,farm_9_field_2,2026-09-08,32.6,late,sugar_beet,13,40.0,0.0,loamy_sand,late,150,hose_reel,groundwater_well,7.4,1
farm_9,farm_9_field_2,2026-09-09,28.8,late,sugar_beet,14,40.0,0.0,loamy_sand,late,151,hose_reel,groundwater_well,7.4,1
farm_9,farm_9_field_2,2026-09-10,65.3,late,sugar_beet,1,40.0,0.0,loamy_sand,late,152,hose_reel,groundwater_well,7.4,0
farm_9,farm_9_field_2,2026-09-11,60.6,late,sugar_beet,2,40.0,0.0,loamy_sand,late,153,hose_reel,groundwater_well,7.4,0
farm_9,farm_9_field_2,2026-09-12,56.1,late,sugar_beet,3,40.0,0.2,loamy_sand,late,154,hose_reel,groundwater_well,7.4,0
farm_9,farm_9_field_2,2026-09-13,62.1,late,sugar_beet,4,40.0,0.1,loamy_sand,late,155,hose_reel,groundwater_well,7.4,0
farm_9,farm_9_field_2,2026-09-14,58.6,late,sugar_beet,5,40.0,0.0,loamy_sand,late,156,hose_reel,groundwater_well,7.4,0
farm_9,farm_9_field_2,2026-09-15,48.9,late,sugar_beet,6,40.0,0.0,loamy_sand,late,157,hose_reel,groundwater_well,7.4,0
farm_9,farm_9_field_2,2026-09-16,50.6,late,sugar_beet,7,40.0,0.1,loamy_sand,late,158,hose_reel,groundwater_well,7.4,0
farm_9,farm_9_field_2,2026-09-17,47.4,late,sugar_beet,8,40.0,0.0,loamy_sand,late,159,hose_reel,groundwater_well,7.4,0
farm_9,farm_9_field_2,2026-09-18,48.0,late,sugar_beet,9,40.0,0.0,loamy_sand,late,160,hose_reel,groundwater_well,7.4,0
farm_9,farm_9_field_2,2026-09-19,45.0,late,sugar_beet,10,40.0,0.2,loamy_sand,late,161,hose_reel,groundwater_well,7.4,0
farm_9,farm_9_field_2,2026-09-20,40.0,late,sugar_beet,11,40.0,0.9,loamy_sand,late,162,hose_reel,groundwater_well,7.4,0
farm_9,farm_9_field_2,2026-09-21,43.3,late,sugar_beet,12,40.0,0.0,loamy_sand,late,163,hose_reel,groundwater_well,7.4,0
farm_9,farm_9_field_2,2026-09-22,36.2,late,sugar_beet,13,40.0,0.0,loamy_sand,late,164,hose_reel,groundwater_well,7.4,1
farm_9,farm_9_field_2,2026-09-23,,late,sugar_beet,14,40.0,0.2,loamy_sand,late,165,hose_reel,groundwater_well,7.4,1
farm_9,farm_9_field_2,2026-09-24,26.1,late,sugar_beet,15,40.0,0.1,loamy_sand,late,166,hose_reel,groundwater_well,7.4,1
farm_9,farm_9_field_2,2026-09-25,32.0,late,sugar_beet,16,40.0,0.0,loamy_sand,late,167,hose_reel,groundwater_well,7.4,1
farm_9,farm_9_field_2,2026-09-26,31.1,late,sugar_beet,17,40.0,0.0,loamy_sand,late,168,hose_reel,groundwater_well,7.4,1
farm_9,farm_9_field_2,2026-09-27,22.9,late,sugar_beet,18,40.0,3.7,loamy_sand,late,169,hose_reel,groundwater_well,7.4,1
farm_9,farm_9_field_2,2026-09-28,33.7,late,sugar_beet,19,40.0,0.0,loamy_sand,late,170,hose_reel,groundwater_well,7.4,1
farm_9,farm_9_field_2,2026-09-29,24.1,late,sugar_beet,20,40.0,0.6,loamy_sand,late,171,hose_reel,groundwater_well,7.4,1
farm_9,farm_9_field_2,2026-09-30,20.3,late,sugar_beet,21,40.0,0.3,loamy_sand,late,172,hose_reel,groundwater_well,7.4,1
farm_9,farm_9_field_3,2025-04-15,57.5,initial,potato,5,0.0,0.0,loamy_sand,early,5,drip,groundwater_well,24.9,1
farm_9,farm_9_field_3,2025-04-16,55.0,initial,potato,6,0.0,4.7,loamy_sand,early,6,drip,groundwater_well,24.9,1
farm_9,farm_9_field_3,2025-04-17,82.2,initial,potato,1,18.0,0.0,loamy_sand,early,7,drip,groundwater_well,24.9,0
farm_9,farm_9_field_3,2025-04-18,,initial,potato,2,18.0,0.5,loamy_sand,early,8,drip,groundwater_well,24.9,0
farm_9,farm_9_field_3,2025-04-19,78.6,initial,potato,3,18.0,0.0,loamy_sand,early,9,drip,groundwater_well,24.9,0
farm_9,farm_9_field_3,2025-04-20,79.1,initial,potato,4,18.0,0.7,loamy_sand,early,10,drip,groundwater_well,24.9,0
farm_9,farm_9_field_3,2025-04-21,76.1,initial,potato,5,18.0,0.5,loamy_sand,early,11,drip,groundwater_well,24.9,0
farm_9,farm_9_field_3,2025-04-22,76.1,initial,potato,6,18.0,5.0,loamy_sand,early,12,drip,groundwater_well,24.9,0
farm_9,farm_9_field_3,2025-04-23,76.1,initial,potato,7,18.0,0.0,loamy_sand,early,13,drip,groundwater_well,24.9,0
farm_9,farm_9_field_3,2025-04-24,76.1,initial,potato,8,18.0,0.3,loamy_sand,early,14,drip,groundwater_well,24.9,0
farm_9,farm_9_field_3,2025-04-25,76.1,initial,potato,9,18.0,0.1,loamy_sand,early,15,drip,groundwater_well,24.9,0
farm_9,farm_9_field_3,2025-04-26,76.1,initial,potato,10,18.0,0.0,loamy_sand,early,16,drip,groundwater_well,24.9,0
farm_9,farm_9_field_3,2025-04-27,76.1,initial,potato,11,18.0,6.2,loamy_sand,early,17,drip,groundwater_well,24.9,0
farm_9,farm_9_field_3,2025-04-28,76.1,initial,potato,12,18.0,0.3,loamy_sand,early,18,drip,groundwater_well,24.9,0
farm_9,farm_9_field_3,2025-04-29,76.1,initial,potato,13,18.0,0.0,loamy_sand,early,19,drip,groundwater_well,24.9,0
farm_9,farm_9_field_3,2025-04-30,76.1,initial,potato,14,18.0,0.9,loamy_sand,early,20,drip,groundwater_well,24.9,0
farm_9,farm_9_field_3,2025-05-01,74.0,development,potato,15,18.0,0.0,loamy_sand,early,21,drip,groundwater_well,24.9,0
farm_9,farm_9_field_3,2025-05-02,75.4,development,potato,16,18.0,0.2,loamy_sand,early,22,drip,groundwater_well,24.9,0
farm_9,farm_9_field_3,2025-05-03,70.0,development,potato,17,18.0,3.3,loamy_sand,early,23,drip,groundwater_well,24.9,0
farm_9,farm_9_field_3,2025-05-04,71.1,development,potato,18,18.0,0.3,loamy_sand,early,24,drip,groundwater_well,24.9,0
farm_9,farm_9_field_3,2025-05-05,69.5,development,potato,19,18.0,0.0,loamy_sand,early,25,drip,groundwater_well,24.9,0
farm_9,farm_9_field_3,2025-05-06,68.2,development,potato,20,18.0,0.0,loamy_sand,early,26,drip,groundwater_well,24.9,0
farm_9,farm_9_field_3,2025-05-07,68.3,development,potato,21,18.0,0.4,loamy_sand,early,27,drip,groundwater_well,24.9,0
farm_9,farm_9_field_3,2025-05-08,73.7,development,potato,22,18.0,0.0,loamy_sand,early,28,drip,groundwater_well,24.9,0
farm_9,farm_9_field_3,2025-05-09,60.9,development,potato,23,18.0,0.6,loamy_sand,early,29,drip,groundwater_well,24.9,0
farm_9,farm_9_field_3,2025-05-10,60.9,development,potato,24,18.0,0.0,loamy_sand,early,30,drip,groundwater_well,24.9,0
farm_9,farm_9_field_3,2025-05-11,59.8,development,potato,25,18.0,0.4,loamy_sand,early,31,drip,groundwater_well,24.9,1
farm_9,farm_9_field_3,2025-05-12,58.4,development,potato,26,18.0,0.0,loamy_sand,early,32,drip,groundwater_well,24.9,1
farm_9,farm_9_field_3,2025-05-13,72.3,development,potato,1,18.0,0.0,loamy_sand,early,33,drip,groundwater_well,24.9,0
farm_9,farm_9_field_3,2025-05-14,74.0,development,potato,2,18.0,0.1,loamy_sand,early,34,drip,groundwater_well,24.9,0
farm_9,farm_9_field_3,2025-05-15,68.6,development,potato,3,18.0,0.3,loamy_sand,early,35,drip,groundwater_well,24.9,0
farm_9,farm_9_field_3,2025-05-16,69.0,development,potato,4,18.0,0.6,loamy_sand,early,36,drip,groundwater_well,24.9,0
farm_9,farm_9_field_3,2025-05-17,69.5,development,potato,5,18.0,8.9,loamy_sand,early,37,drip,groundwater_well,24.9,0
farm_9,farm_9_field_3,2025-05-18,74.7,development,potato,6,18.0,1.4,loamy_sand,early,38,drip,groundwater_well,24.9,0
farm_9,farm_9_field_3,2025-05-19,69.0,development,potato,7,18.0,10.8,loamy_sand,early,39,drip,groundwater_well,24.9,0
farm_9,farm_9_field_3,2025-05-20,75.0,development,potato,8,18.0,0.0,loamy_sand,early,40,drip,groundwater_well,24.9,0
farm_9,farm_9_field_3,2025-05-21,73.4,development,potato,9,18.0,7.3,loamy_sand,early,41,drip,groundwater_well,24.9,0
farm_9,farm_9_field_3,2025-05-22,80.5,development,potato,10,18.0,0.0,loamy_sand,early,42,drip,groundwater_well,24.9,0
farm_9,farm_9_field_3,2025-05-23,77.8,development,potato,11,18.0,0.0,loamy_sand,early,43,drip,groundwater_well,24.9,0
farm_9,farm_9_field_3,2025-05-24,78.1,development,potato,12,18.0,0.0,loamy_sand,early,44,drip,groundwater_well,24.9,0
farm_9,farm_9_field_3,2025-05-25,72.1,development,potato,13,18.0,4.1,loamy_sand,early,45,drip,groundwater_well,24.9,0
farm_9,farm_9_field_3,2025-05-26,71.5,development,potato,14,18.0,0.0,loamy_sand,early,46,drip,groundwater_well,24.9,0
farm_9,farm_9_field_3,2025-05-27,75.3,sensitive,potato,15,18.0,0.0,loamy_sand,early,47,drip,groundwater_well,24.9,1
farm_9,farm_9_field_3,2025-05-28,79.8,sensitive,potato,1,15.9,0.0,loamy_sand,early,48,drip,groundwater_well,24.9,0
farm_9,farm_9_field_3,2025-05-29,,sensitive,potato,2,15.9,0.0,loamy_sand,early,49,drip,groundwater_well,24.9,0
farm_9,farm_9_field_3,2025-05-30,71.8,sensitive,potato,3,15.9,0.0,loamy_sand,early,50,drip,groundwater_well,24.9,0
farm_9,farm_9_field_3,2025-05-31,67.3,sensitive,potato,4,15.9,0.0,loamy_sand,early,51,drip,groundwater_well,24.9,1
farm_9,farm_9_field_3,2025-06-01,65.6,sensitive,potato,5,15.9,0.5,loamy_sand,early,52,drip,groundwater_well,24.9,1
farm_9,farm_9_field_3,2025-06-02,75.5,sensitive,potato,1,18.0,0.0,loamy_sand,early,53,drip,groundwater_well,24.9,0
farm_9,farm_9_field_3,2025-06-03,73.5,sensitive,potato,2,18.0,0.0,loamy_sand,early,54,drip,groundwater_well,24.9,0
farm_9,farm_9_field_3,2025-06-04,70.0,sensitive,potato,3,18.0,0.0,loamy_sand,early,55,drip,groundwater_well,24.9,1
farm_9,farm_9_field_3,2025-06-05,64.0,sensitive,potato,4,18.0,0.0,loamy_sand,early,56,drip,groundwater_well,24.9,1
farm_9,farm_9_field_3,2025-06-06,58.5,sensitive,potato,5,18.0,0.5,loamy_sand,early,57,drip,groundwater_well,24.9,1
farm_9,farm_9_field_3,2025-06-07,57.2,sensitive,potato,6,18.0,23.9,loamy_sand,early,58,drip,groundwater_well,24.9,1
farm_9,farm_9_field_3,2025-06-08,80.5,sensitive,potato,7,18.0,23.4,loamy_sand,early,59,drip,groundwater_well,24.9,0
farm_9,farm_9_field_3,2025-06-09,95.1,sensitive,potato,8,18.0,0.0,loamy_sand,early,60,drip,groundwater_well,24.9,0
farm_9,farm_9_field_3,2025-06-10,94.3,sensitive,potato,9,18.0,0.3,loamy_sand,early,61,drip,groundwater_well,24.9,0
farm_9,farm_9_field_3,2025-06-11,90.5,sensitive,potato,10,18.0,0.0,loamy_sand,early,62,drip,groundwater_well,24.9,0
farm_9,farm_9_field_3,2025-06-12,86.2,sensitive,potato,11,18.0,0.0,loamy_sand,early,63,drip,groundwater_well,24.9,0
farm_9,farm_9_field_3,2025-06-13,77.8,sensitive,potato,12,18.0,0.0,loamy_sand,early,64,drip,groundwater_well,24.9,0
farm_9,farm_9_field_3,2025-06-14,75.9,sensitive,potato,13,18.0,0.0,loamy_sand,early,65,drip,groundwater_well,24.9,0
farm_9,farm_9_field_3,2025-06-15,69.6,sensitive,potato,14,18.0,0.9,loamy_sand,early,66,drip,groundwater_well,24.9,0
farm_9,farm_9_field_3,2025-06-16,67.2,sensitive,potato,15,18.0,0.7,loamy_sand,early,67,drip,groundwater_well,24.9,1
farm_9,farm_9_field_3,2025-06-17,65.9,sensitive,potato,16,18.0,3.0,loamy_sand,early,68,drip,groundwater_well,24.9,1
farm_9,farm_9_field_3,2025-06-18,64.3,sensitive,potato,17,18.0,28.4,loamy_sand,early,69,drip,groundwater_well,24.9,1
farm_9,farm_9_field_3,2025-06-19,82.6,sensitive,potato,18,18.0,0.1,loamy_sand,early,70,drip,groundwater_well,24.9,0
farm_9,farm_9_field_3,2025-06-20,87.3,sensitive,potato,19,18.0,0.6,loamy_sand,early,71,drip,groundwater_well,24.9,0
farm_9,farm_9_field_3,2025-06-21,80.8,sensitive,potato,20,18.0,0.6,loamy_sand,early,72,drip,groundwater_well,24.9,0
farm_9,farm_9_field_3,2025-06-22,77.1,sensitive,potato,21,18.0,0.0,loamy_sand,early,73,drip,groundwater_well,24.9,0
farm_9,farm_9_field_3,2025-06-23,64.3,sensitive,potato,22,18.0,0.0,loamy_sand,early,74,drip,groundwater_well,24.9,1
farm_9,farm_9_field_3,2025-06-24,64.0,sensitive,potato,23,18.0,0.0,loamy_sand,early,75,drip,groundwater_well,24.9,1
farm_9,farm_9_field_3,2025-06-25,79.4,sensitive,potato,1,18.0,0.0,loamy_sand,early,76,drip,groundwater_well,24.9,0
farm_9,farm_9_field_3,2025-06-26,72.2,sensitive,potato,2,18.0,0.0,loamy_sand,early,77,drip,groundwater_well,24.9,0
farm_9,farm_9_field_3,2025-06-27,71.0,sensitive,potato,3,18.0,0.1,loamy_sand,early,78,drip,groundwater_well,24.9,1
farm_9,farm_9_field_3,2025-06-28,66.6,sensitive,potato,4,18.0,2.9,loamy_sand,early,79,drip,groundwater_well,24.9,1
farm_9,farm_9_field_3,2025-06-29,65.2,sensitive,potato,5,18.0,0.0,loamy_sand,early,80,drip,groundwater_well,24.9,1
farm_9,farm_9_field_3,2025-06-30,63.1,sensitive,potato,6,18.0,0.0,loamy_sand,early,81,drip,groundwater_well,24.9,1
farm_9,farm_9_field_3,2025-07-01,54.4,sensitive,potato,7,18.0,0.6,loamy_sand,early,82,drip,groundwater_well,24.9,2
farm_9,farm_9_field_3,2025-07-02,70.1,sensitive,potato,1,18.0,0.8,loamy_sand,early,83,drip,groundwater_well,24.9,1
farm_9,farm_9_field_3,2025-07-03,77.2,sensitive,potato,1,17.7,0.0,loamy_sand,early,84,drip,groundwater_well,24.9,0
farm_9,farm_9_field_3,2025-07-04,70.3,late,potato,2,17.7,0.6,loamy_sand,early,85,drip,groundwater_well,24.9,0
farm_9,farm_9_field_3,2025-07-05,71.1,late,potato,3,17.7,0.2,loamy_sand,early,86,drip,groundwater_well,24.9,0
farm_9,farm_9_field_3,2025-07-06,69.4,late,potato,4,17.7,0.0,loamy_sand,early,87,drip,groundwater_well,24.9,0
farm_9,farm_9_field_3,2025-07-07,69.4,late,potato,5,17.7,0.1,loamy_sand,early,88,drip,groundwater_well,24.9,0
farm_9,farm_9_field_3,2025-07-08,59.2,late,potato,6,17.7,1.0,loamy_sand,early,89,drip,groundwater_well,24.9,0
farm_9,farm_9_field_3,2025-07-09,53.6,late,potato,7,17.7,0.0,loamy_sand,early,90,drip,groundwater_well,24.9,0
farm_9,farm_9_field_3,2025-07-10,51.5,late,potato,8,17.7,0.0,loamy_sand,early,91,drip,groundwater_well,24.9,0
farm_9,farm_9_field_3,2025-07-11,52.8,late,potato,9,17.7,0.0,loamy_sand,early,92,drip,groundwater_well,24.9,1
farm_9,farm_9_field_3,2025-07-12,45.9,late,potato,10,17.7,0.0,loamy_sand,early,93,drip,groundwater_well,24.9,1
farm_9,farm_9_field_3,2025-07-13,48.3,late,potato,11,17.7,0.0,loamy_sand,early,94,drip,groundwater_well,24.9,1
farm_9,farm_9_field_3,2025-07-14,53.9,late,potato,1,18.0,0.0,loamy_sand,early,95,drip,groundwater_well,24.9,0
farm_9,farm_9_field_3,2025-07-15,55.1,late,potato,2,18.0,0.0,loamy_sand,early,96,drip,groundwater_well,24.9,0
farm_9,farm_9_field_3,2025-07-16,55.6,late,potato,3,18.0,0.2,loamy_sand,early,97,drip,groundwater_well,24.9,1
farm_9,farm_9_field_3,2025-07-17,58.5,late,potato,1,18.0,0.8,loamy_sand,early,98,drip,groundwater_well,24.9,0
farm_9,farm_9_field_3,2025-07-18,63.6,late,potato,2,18.0,2.6,loamy_sand,early,99,drip,groundwater_well,24.9,0
farm_9,farm_9_field_3,2025-07-19,62.1,late,potato,3,18.0,13.0,loamy_sand,early,100,drip,groundwater_well,24.9,0
farm_9,farm_9_field_3,2025-07-20,76.9,late,potato,4,18.0,0.1,loamy_sand,early,101,drip,groundwater_well,24.9,0
farm_9,farm_9_field_3,2025-07-21,71.8,late,potato,5,18.0,0.2,loamy_sand,early,102,drip,groundwater_well,24.9,0
farm_9,farm_9_field_3,2025-07-22,69.0,late,potato,6,18.0,0.2,loamy_sand,early,103,drip,groundwater_well,24.9,0
farm_9,farm_9_field_3,2025-07-23,60.8,late,potato,7,18.0,0.0,loamy_sand,early,104,drip,groundwater_well,24.9,0
farm_9,farm_9_field_3,2025-07-24,61.1,late,potato,8,18.0,0.0,loamy_sand,early,105,drip,groundwater_well,24.9,0
farm_9,farm_9_field_3,2025-07-25,56.2,late,potato,9,18.0,0.0,loamy_sand,early,106,drip,groundwater_well,24.9,0
farm_9,farm_9_field_3,2025-07-26,57.0,late,potato,10,18.0,0.0,loamy_sand,early,107,drip,groundwater_well,24.9,0
farm_9,farm_9_field_3,2025-07-27,55.2,late,potato,11,18.0,3.5,loamy_sand,early,108,drip,groundwater_well,24.9,0
farm_9,farm_9_field_3,2025-07-28,53.3,late,potato,12,18.0,0.1,loamy_sand,early,109,drip,groundwater_well,24.9,0
farm_9,farm_9_field_3,2025-07-29,51.7,late,potato,13,18.0,9.1,loamy_sand,early,110,drip,groundwater_well,24.9,1
farm_9,farm_9_field_3,2025-07-30,55.5,late,potato,14,18.0,0.6,loamy_sand,early,111,drip,groundwater_well,24.9,0
farm_9,farm_9_field_3,2025-07-31,55.7,late,potato,15,18.0,0.0,loamy_sand,early,112,drip,groundwater_well,24.9,0
farm_9,farm_9_field_3,2025-08-01,50.1,late,potato,16,18.0,0.3,loamy_sand,early,113,drip,groundwater_well,24.9,1
farm_9,farm_9_field_3,2025-08-02,61.6,late,potato,1,18.0,0.6,loamy_sand,early,114,drip,groundwater_well,24.9,0
farm_9,farm_9_field_3,2025-08-03,,late,potato,2,18.0,0.0,loamy_sand,early,115,drip,groundwater_well,24.9,0
farm_9,farm_9_field_3,2025-08-04,59.2,late,potato,3,18.0,1.0,loamy_sand,early,116,drip,groundwater_well,24.9,0
farm_9,farm_9_field_3,2025-08-05,54.6,late,potato,4,18.0,0.6,loamy_sand,early,117,drip,groundwater_well,24.9,0
farm_9,farm_9_field_3,2025-08-06,54.9,late,potato,5,18.0,10.6,loamy_sand,early,118,drip,groundwater_well,24.9,0
farm_9,farm_9_field_3,2025-08-07,62.0,late,potato,6,18.0,0.0,loamy_sand,early,119,drip,groundwater_well,24.9,0
farm_9,farm_9_field_3,2025-08-08,63.3,late,potato,7,18.0,0.0,loamy_sand,early,120,drip,groundwater_well,24.9,0
farm_9,farm_9_field_3,2025-08-09,57.6,late,potato,8,18.0,0.0,loamy_sand,early,121,drip,groundwater_well,24.9,0
farm_9,farm_9_field_3,2025-08-10,52.7,late,potato,9,18.0,0.0,loamy_sand,early,122,drip,groundwater_well,24.9,0
farm_9,farm_9_field_3,2025-08-11,49.2,late,potato,10,18.0,2.9,loamy_sand,early,123,drip,groundwater_well,24.9,1
farm_9,farm_9_field_3,2025-08-12,48.3,late,potato,11,18.0,0.6,loamy_sand,early,124,drip,groundwater_well,24.9,1
farm_9,farm_9_field_3,2025-08-13,,late,potato,12,18.0,0.0,loamy_sand,early,125,drip,groundwater_well,24.9,1
farm_9,farm_9_field_3,2025-08-14,41.8,late,potato,13,18.0,0.2,loamy_sand,early,126,drip,groundwater_well,24.9,1
farm_9,farm_9_field_3,2025-08-15,42.9,late,potato,14,18.0,0.1,loamy_sand,early,127,drip,groundwater_well,24.9,1
farm_9,farm_9_field_3,2025-08-16,37.8,late,potato,15,18.0,0.0,loamy_sand,early,128,drip,groundwater_well,24.9,1
farm_9,farm_9_field_3,2025-08-17,52.5,late,potato,1,18.0,0.0,loamy_sand,early,129,drip,groundwater_well,24.9,0
farm_9,farm_9_field_3,2025-08-18,52.9,late,potato,2,18.0,0.0,loamy_sand,early,130,drip,groundwater_well,24.9,0
farm_9,farm_9_field_3,2025-08-19,53.8,late,potato,3,18.0,0.0,loamy_sand,early,131,drip,groundwater_well,24.9,1
farm_9,farm_9_field_3,2025-08-20,66.3,late,potato,1,18.0,0.7,loamy_sand,early,132,drip,groundwater_well,24.9,0
farm_9,farm_9_field_3,2025-08-21,60.8,late,potato,2,18.0,0.7,loamy_sand,early,133,drip,groundwater_well,24.9,0
farm_9,farm_9_field_3,2025-08-22,53.1,late,potato,3,18.0,0.8,loamy_sand,early,134,drip,groundwater_well,24.9,0
farm_9,farm_9_field_3,2025-08-23,58.9,late,potato,4,18.0,0.0,loamy_sand,early,135,drip,groundwater_well,24.9,0
farm_9,farm_9_field_3,2025-08-24,59.6,late,potato,5,18.0,0.0,loamy_sand,early,136,drip,groundwater_well,24.9,0
farm_9,farm_9_field_3,2025-08-25,49.5,late,potato,6,18.0,0.9,loamy_sand,early,137,drip,groundwater_well,24.9,0
farm_9,farm_9_field_3,2025-08-26,47.7,late,potato,7,18.0,0.2,loamy_sand,early,138,drip,groundwater_well,24.9,1
farm_9,farm_9_field_3,2025-08-27,43.3,late,potato,8,18.0,0.5,loamy_sand,early,139,drip,groundwater_well,24.9,1
farm_9,farm_9_field_3,2025-08-28,61.5,late,potato,1,18.0,18.8,loamy_sand,early,140,drip,groundwater_well,24.9,0
farm_9,farm_9_field_3,2025-08-29,78.2,late,potato,2,18.0,0.3,loamy_sand,early,141,drip,groundwater_well,24.9,0
farm_9,farm_9_field_3,2025-08-30,77.1,late,potato,3,18.0,0.0,loamy_sand,early,142,drip,groundwater_well,24.9,0
farm_9,farm_9_field_3,2025-08-31,77.5,late,potato,4,18.0,0.0,loamy_sand,early,143,drip,groundwater_well,24.9,0
farm_9,farm_9_field_3,2025-09-01,74.8,late,potato,5,18.0,0.0,loamy_sand,early,144,drip,groundwater_well,24.9,0
farm_9,farm_9_field_3,2025-09-02,70.7,late,potato,6,18.0,0.2,loamy_sand,early,145,drip,groundwater_well,24.9,0
farm_9,farm_9_field_3,2025-09-03,66.7,late,potato,7,18.0,0.0,loamy_sand,early,146,drip,groundwater_well,24.9,0
farm_9,farm_9_field_3,2025-09-04,69.1,late,potato,8,18.0,0.4,loamy_sand,early,147,drip,groundwater_well,24.9,0
farm_9,farm_9_field_3,2025-09-05,60.7,late,potato,9,18.0,0.5,loamy_sand,early,148,drip,groundwater_well,24.9,0
farm_9,farm_9_field_3,2025-09-06,60.4,late,potato,10,18.0,0.0,loamy_sand,early,149,drip,groundwater_well,24.9,0
farm_9,farm_9_field_3,2025-09-07,55.4,late,potato,11,18.0,0.0,loamy_sand,early,150,drip,groundwater_well,24.9,0
farm_9,farm_9_field_3,2025-09-08,55.1,late,potato,12,18.0,0.3,loamy_sand,early,151,drip,groundwater_well,24.9,0
farm_9,farm_9_field_3,2025-09-09,52.1,late,potato,13,18.0,0.4,loamy_sand,early,152,drip,groundwater_well,24.9,0
farm_9,farm_9_field_3,2025-09-10,52.2,late,potato,14,18.0,0.0,loamy_sand,early,153,drip,groundwater_well,24.9,1
farm_9,farm_9_field_3,2025-09-11,,late,potato,15,18.0,0.0,loamy_sand,early,154,drip,groundwater_well,24.9,1
farm_9,farm_9_field_3,2025-09-12,58.5,late,potato,1,18.0,0.0,loamy_sand,early,155,drip,groundwater_well,24.9,0
farm_9,farm_9_field_3,2025-09-13,63.1,late,potato,2,18.0,0.3,loamy_sand,early,156,drip,groundwater_well,24.9,0
farm_9,farm_9_field_3,2025-09-14,58.7,late,potato,3,18.0,2.2,loamy_sand,early,157,drip,groundwater_well,24.9,0
farm_9,farm_9_field_3,2025-09-15,60.4,late,potato,4,18.0,0.0,loamy_sand,early,158,drip,groundwater_well,24.9,0
farm_9,farm_9_field_3,2025-09-16,58.2,late,potato,5,18.0,5.7,loamy_sand,early,159,drip,groundwater_well,24.9,0
farm_9,farm_9_field_3,2025-09-17,56.5,late,potato,6,18.0,2.3,loamy_sand,early,160,drip,groundwater_well,24.9,0
farm_9,farm_9_field_3,2025-09-18,56.7,late,potato,7,18.0,0.0,loamy_sand,early,161,drip,groundwater_well,24.9,0
farm_9,farm_9_field_3,2025-09-19,53.5,late,potato,8,18.0,0.8,loamy_sand,early,162,drip,groundwater_well,24.9,0
farm_9,farm_9_field_3,2025-09-20,56.0,late,potato,9,18.0,0.0,loamy_sand,early,163,drip,groundwater_well,24.9,0
farm_9,farm_9_field_3,2025-09-21,50.0,late,potato,10,18.0,0.0,loamy_sand,early,164,drip,groundwater_well,24.9,0
farm_9,farm_9_field_3,2025-09-22,48.0,late,potato,11,18.0,0.0,loamy_sand,early,165,drip,groundwater_well,24.9,0
farm_9,farm_9_field_3,2025-09-23,48.1,late,potato,12,18.0,0.2,loamy_sand,early,166,drip,groundwater_well,24.9,1
farm_9,farm_9_field_3,2025-09-24,46.1,late,potato,13,18.0,0.0,loamy_sand,early,167,drip,groundwater_well,24.9,1
farm_9,farm_9_field_3,2025-09-25,51.3,late,potato,14,18.0,0.8,loamy_sand,early,168,drip,groundwater_well,24.9,1
farm_9,farm_9_field_3,2025-09-26,59.9,late,potato,1,18.0,0.0,loamy_sand,early,169,drip,groundwater_well,24.9,0
farm_9,farm_9_field_3,2025-09-27,60.4,late,potato,2,18.0,0.0,loamy_sand,early,170,drip,groundwater_well,24.9,0
farm_9,farm_9_field_3,2025-09-28,58.4,late,potato,3,18.0,0.1,loamy_sand,early,171,drip,groundwater_well,24.9,0
farm_9,farm_9_field_3,2025-09-29,57.3,late,potato,4,18.0,0.5,loamy_sand,early,172,drip,groundwater_well,24.9,0
farm_9,farm_9_field_3,2025-09-30,60.4,late,potato,5,18.0,0.0,loamy_sand,early,173,drip,groundwater_well,24.9,0
farm_9,farm_9_field_3,2026-04-15,80.9,initial,potato,5,0.0,0.0,loamy_sand,early,5,drip,groundwater_well,24.9,0
farm_9,farm_9_field_3,2026-04-16,81.7,initial,potato,6,0.0,0.3,loamy_sand,early,6,drip,groundwater_well,24.9,0
farm_9,farm_9_field_3,2026-04-17,79.1,initial,potato,7,0.0,0.9,loamy_sand,early,7,drip,groundwater_well,24.9,0
farm_9,farm_9_field_3,2026-04-18,74.6,initial,potato,8,0.0,0.0,loamy_sand,early,8,drip,groundwater_well,24.9,0
farm_9,farm_9_field_3,2026-04-19,75.7,initial,potato,9,0.0,0.3,loamy_sand,early,9,drip,groundwater_well,24.9,0
farm_9,farm_9_field_3,2026-04-20,69.3,initial,potato,10,0.0,0.0,loamy_sand,early,10,drip,groundwater_well,24.9,0
farm_9,farm_9_field_3,2026-04-21,66.0,initial,potato,11,0.0,0.0,loamy_sand,early,11,drip,groundwater_well,24.9,0
farm_9,farm_9_field_3,2026-04-22,69.0,initial,potato,12,0.0,0.3,loamy_sand,early,12,drip,groundwater_well,24.9,0
farm_9,farm_9_field_3,2026-04-23,70.3,initial,potato,13,0.0,0.0,loamy_sand,early,13,drip,groundwater_well,24.9,0
farm_9,farm_9_field_3,2026-04-24,64.2,initial,potato,14,0.0,0.0,loamy_sand,early,14,drip,groundwater_well,24.9,0
farm_9,farm_9_field_3,2026-04-25,61.8,initial,potato,15,0.0,0.0,loamy_sand,early,15,drip,groundwater_well,24.9,0
farm_9,farm_9_field_3,2026-04-26,69.2,initial,potato,16,0.0,0.0,loamy_sand,early,16,drip,groundwater_well,24.9,0
farm_9,farm_9_field_3,2026-04-27,63.5,initial,potato,17,0.0,0.2,loamy_sand,early,17,drip,groundwater_well,24.9,0
farm_9,farm_9_field_3,2026-04-28,69.2,initial,potato,18,0.0,0.0,loamy_sand,early,18,drip,groundwater_well,24.9,0
farm_9,farm_9_field_3,2026-04-29,61.7,initial,potato,19,0.0,0.0,loamy_sand,early,19,drip,groundwater_well,24.9,0
farm_9,farm_9_field_3,2026-04-30,60.5,initial,potato,20,0.0,0.1,loamy_sand,early,20,drip,groundwater_well,24.9,0
farm_9,farm_9_field_3,2026-05-01,59.2,development,potato,21,0.0,1.0,loamy_sand,early,21,drip,groundwater_well,24.9,1
farm_9,farm_9_field_3,2026-05-02,76.2,development,potato,1,18.0,0.1,loamy_sand,early,22,drip,groundwater_well,24.9,0
farm_9,farm_9_field_3,2026-05-03,71.3,development,potato,2,18.0,11.0,loamy_sand,early,23,drip,groundwater_well,24.9,0
farm_9,farm_9_field_3,2026-05-04,86.7,development,potato,3,18.0,0.2,loamy_sand,early,24,drip,groundwater_well,24.9,0
farm_9,farm_9_field_3,2026-05-05,80.2,development,potato,4,18.0,5.5,loamy_sand,early,25,drip,groundwater_well,24.9,0
farm_9,farm_9_field_3,2026-05-06,,development,potato,5,18.0,0.3,loamy_sand,early,26,drip,groundwater_well,24.9,0
farm_9,farm_9_field_3,2026-05-07,86.9,development,potato,6,18.0,8.5,loamy_sand,early,27,drip,groundwater_well,24.9,0
farm_9,farm_9_field_3,2026-05-08,88.8,development,potato,7,18.0,0.0,loamy_sand,early,28,drip,groundwater_well,24.9,0
farm_9,farm_9_field_3,2026-05-09,87.4,development,potato,8,18.0,0.0,loamy_sand,early,29,drip,groundwater_well,24.9,0
farm_9,farm_9_field_3,2026-05-10,81.1,development,potato,9,18.0,1.1,loamy_sand,early,30,drip,groundwater_well,24.9,0
farm_9,farm_9_field_3,2026-05-11,86.5,development,potato,10,18.0,0.0,loamy_sand,early,31,drip,groundwater_well,24.9,0
farm_9,farm_9_field_3,2026-05-12,82.3,development,potato,11,18.0,0.0,loamy_sand,early,32,drip,groundwater_well,24.9,0
farm_9,farm_9_field_3,2026-05-13,79.6,development,potato,12,18.0,3.0,loamy_sand,early,33,drip,groundwater_well,24.9,0
farm_9,farm_9_field_3,2026-05-14,79.7,development,potato,13,18.0,0.5,loamy_sand,early,34,drip,groundwater_well,24.9,0
farm_9,farm_9_field_3,2026-05-15,79.8,development,potato,14,18.0,0.0,loamy_sand,early,35,drip,groundwater_well,24.9,0
farm_9,farm_9_field_3,2026-05-16,72.5,development,potato,15,18.0,0.0,loamy_sand,early,36,drip,groundwater_well,24.9,0
farm_9,farm_9_field_3,2026-05-17,69.8,development,potato,16,18.0,0.5,loamy_sand,early,37,drip,groundwater_well,24.9,0
farm_9,farm_9_field_3,2026-05-18,69.1,development,potato,17,18.0,0.0,loamy_sand,early,38,drip,groundwater_well,24.9,0
farm_9,farm_9_field_3,2026-05-19,70.4,development,potato,18,18.0,0.0,loamy_sand,early,39,drip,groundwater_well,24.9,0
farm_9,farm_9_field_3,2026-05-20,64.0,development,potato,19,18.0,0.0,loamy_sand,early,40,drip,groundwater_well,24.9,0
farm_9,farm_9_field_3,2026-05-21,66.2,development,potato,20,18.0,17.7,loamy_sand,early,41,drip,groundwater_well,24.9,0
farm_9,farm_9_field_3,2026-05-22,77.7,development,potato,21,18.0,6.0,loamy_sand,early,42,drip,groundwater_well,24.9,0
farm_9,farm_9_field_3,2026-05-23,83.1,development,potato,22,18.0,0.1,loamy_sand,early,43,drip,groundwater_well,24.9,0
farm_9,farm_9_field_3,2026-05-24,82.4,development,potato,23,18.0,0.0,loamy_sand,early,44,drip,groundwater_well,24.9,0
farm_9,farm_9_field_3,2026-05-25,77.8,development,potato,24,18.0,0.1,loamy_sand,early,45,drip,groundwater_well,24.9,0
farm_9,farm_9_field_3,2026-05-26,73.3,development,potato,25,18.0,0.0,loamy_sand,early,46,drip,groundwater_well,24.9,0
farm_9,farm_9_field_3,2026-05-27,74.5,sensitive,potato,26,18.0,0.4,loamy_sand,early,47,drip,groundwater_well,24.9,1
farm_9,farm_9_field_3,2026-05-28,69.7,sensitive,potato,27,18.0,0.0,loamy_sand,early,48,drip,groundwater_well,24.9,1
farm_9,farm_9_field_3,2026-05-29,61.6,sensitive,potato,28,18.0,0.3,loamy_sand,early,49,drip,groundwater_well,24.9,1
farm_9,farm_9_field_3,2026-05-30,76.6,sensitive,potato,1,18.0,0.6,loamy_sand,early,50,drip,groundwater_well,24.9,0
farm_9,farm_9_field_3,2026-05-31,71.6,sensitive,potato,2,18.0,0.3,loamy_sand,early,51,drip,groundwater_well,24.9,0
farm_9,farm_9_field_3,2026-06-01,69.1,sensitive,potato,3,18.0,0.0,loamy_sand,early,52,drip,groundwater_well,24.9,1
farm_9,farm_9_field_3,2026-06-02,71.8,sensitive,potato,4,18.0,0.2,loamy_sand,early,53,drip,groundwater_well,24.9,1
farm_9,farm_9_field_3,2026-06-03,85.8,sensitive,potato,1,18.0,0.0,loamy_sand,early,54,drip,groundwater_well,24.9,0
farm_9,farm_9_field_3,2026-06-04,82.2,sensitive,potato,2,18.0,0.0,loamy_sand,early,55,drip,groundwater_well,24.9,0
farm_9,farm_9_field_3,2026-06-05,72.1,sensitive,potato,3,18.0,0.5,loamy_sand,early,56,drip,groundwater_well,24.9,0
farm_9,farm_9_field_3,2026-06-06,65.3,sensitive,potato,4,18.0,5.6,loamy_sand,early,57,drip,groundwater_well,24.9,1
farm_9,farm_9_field_3,2026-06-07,69.3,sensitive,potato,5,18.0,0.0,loamy_sand,early,58,drip,groundwater_well,24.9,1
farm_9,farm_9_field_3,2026-06-08,71.4,sensitive,potato,6,18.0,0.0,loamy_sand,early,59,drip,groundwater_well,24.9,1
farm_9,farm_9_field_3,2026-06-09,64.4,sensitive,potato,7,18.0,0.1,loamy_sand,early,60,drip,groundwater_well,24.9,1
farm_9,farm_9_field_3,2026-06-10,68.3,sensitive,potato,1,18.0,0.6,loamy_sand,early,61,drip,groundwater_well,24.9,0
farm_9,farm_9_field_3,2026-06-11,68.5,sensitive,potato,2,18.0,0.0,loamy_sand,early,62,drip,groundwater_well,24.9,1
farm_9,farm_9_field_3,2026-06-12,57.2,sensitive,potato,3,18.0,0.1,loamy_sand,early,63,drip,groundwater_well,24.9,1
farm_9,farm_9_field_3,2026-06-13,72.9,sensitive,potato,1,18.0,0.6,loamy_sand,early,64,drip,groundwater_well,24.9,0
farm_9,farm_9_field_3,2026-06-14,66.0,sensitive,potato,2,18.0,0.0,loamy_sand,early,65,drip,groundwater_well,24.9,1
farm_9,farm_9_field_3,2026-06-15,71.9,sensitive,potato,1,18.0,0.0,loamy_sand,early,66,drip,groundwater_well,24.9,0
farm_9,farm_9_field_3,2026-06-16,71.5,sensitive,potato,2,18.0,0.5,loamy_sand,early,67,drip,groundwater_well,24.9,1
farm_9,farm_9_field_3,2026-06-17,57.3,sensitive,potato,3,18.0,0.6,loamy_sand,early,68,drip,groundwater_well,24.9,1
farm_9,farm_9_field_3,2026-06-18,79.6,sensitive,potato,1,18.0,0.4,loamy_sand,early,69,drip,groundwater_well,24.9,0
farm_9,farm_9_field_3,2026-06-19,68.5,sensitive,potato,2,18.0,0.0,loamy_sand,early,70,drip,groundwater_well,24.9,1
farm_9,farm_9_field_3,2026-06-20,78.4,sensitive,potato,1,17.0,0.1,loamy_sand,early,71,drip,groundwater_well,24.9,0
farm_9,farm_9_field_3,2026-06-21,74.7,sensitive,potato,2,17.0,0.1,loamy_sand,early,72,drip,groundwater_well,24.9,0
farm_9,farm_9_field_3,2026-06-22,62.7,sensitive,potato,3,17.0,0.2,loamy_sand,early,73,drip,groundwater_well,24.9,1
farm_9,farm_9_field_3,2026-06-23,76.1,sensitive,potato,1,18.0,0.0,loamy_sand,early,74,drip,groundwater_well,24.9,0
farm_9,farm_9_field_3,2026-06-24,77.2,sensitive,potato,2,18.0,0.0,loamy_sand,early,75,drip,groundwater_well,24.9,0
farm_9,farm_9_field_3,2026-06-25,65.4,sensitive,potato,3,18.0,1.9,loamy_sand,early,76,drip,groundwater_well,24.9,1
farm_9,farm_9_field_3,2026-06-26,79.1,sensitive,potato,1,18.0,0.0,loamy_sand,early,77,drip,groundwater_well,24.9,0
farm_9,farm_9_field_3,2026-06-27,77.6,sensitive,potato,2,18.0,0.0,loamy_sand,early,78,drip,groundwater_well,24.9,0
farm_9,farm_9_field_3,2026-06-28,62.0,sensitive,potato,3,18.0,0.0,loamy_sand,early,79,drip,groundwater_well,24.9,1
farm_9,farm_9_field_3,2026-06-29,61.9,sensitive,potato,4,18.0,0.0,loamy_sand,early,80,drip,groundwater_well,24.9,1
farm_9,farm_9_field_3,2026-06-30,65.9,sensitive,potato,1,18.0,0.0,loamy_sand,early,81,drip,groundwater_well,24.9,1
farm_9,farm_9_field_3,2026-07-01,61.1,sensitive,potato,2,18.0,0.5,loamy_sand,early,82,drip,groundwater_well,24.9,1
farm_9,farm_9_field_3,2026-07-02,52.7,sensitive,potato,3,18.0,0.2,loamy_sand,early,83,drip,groundwater_well,24.9,2
farm_9,farm_9_field_3,2026-07-03,66.2,sensitive,potato,1,18.0,0.3,loamy_sand,early,84,drip,groundwater_well,24.9,1
farm_9,farm_9_field_3,2026-07-04,59.3,late,potato,2,18.0,0.1,loamy_sand,early,85,drip,groundwater_well,24.9,0
farm_9,farm_9_field_3,2026-07-05,50.4,late,potato,3,18.0,0.3,loamy_sand,early,86,drip,groundwater_well,24.9,0
farm_9,farm_9_field_3,2026-07-06,50.5,late,potato,4,18.0,0.2,loamy_sand,early,87,drip,groundwater_well,24.9,1
farm_9,farm_9_field_3,2026-07-07,42.2,late,potato,5,18.0,0.0,loamy_sand,early,88,drip,groundwater_well,24.9,1
farm_9,farm_9_field_3,2026-07-08,55.9,late,potato,1,18.0,0.2,loamy_sand,early,89,drip,groundwater_well,24.9,0
farm_9,farm_9_field_3,2026-07-09,48.8,late,potato,2,18.0,0.3,loamy_sand,early,90,drip,groundwater_well,24.9,0
farm_9,farm_9_field_3,2026-07-10,,late,potato,3,18.0,0.2,loamy_sand,early,91,drip,groundwater_well,24.9,1
farm_9,farm_9_field_3,2026-07-11,61.4,late,potato,1,18.0,0.0,loamy_sand,early,92,drip,groundwater_well,24.9,0
farm_9,farm_9_field_3,2026-07-12,55.8,late,potato,2,18.0,0.3,loamy_sand,early,93,drip,groundwater_well,24.9,0
farm_9,farm_9_field_3,2026-07-13,54.4,late,potato,3,18.0,0.6,loamy_sand,early,94,drip,groundwater_well,24.9,0
farm_9,farm_9_field_3,2026-07-14,47.5,late,potato,4,18.0,0.1,loamy_sand,early,95,drip,groundwater_well,24.9,1
farm_9,farm_9_field_3,2026-07-15,59.4,late,potato,1,18.0,0.0,loamy_sand,early,96,drip,groundwater_well,24.9,0
farm_9,farm_9_field_3,2026-07-16,60.2,late,potato,2,18.0,0.0,loamy_sand,early,97,drip,groundwater_well,24.9,0
farm_9,farm_9_field_3,2026-07-17,52.6,late,potato,3,18.0,0.4,loamy_sand,early,98,drip,groundwater_well,24.9,0
farm_9,farm_9_field_3,2026-07-18,50.6,late,potato,4,18.0,0.0,loamy_sand,early,99,drip,groundwater_well,24.9,1
farm_9,farm_9_field_3,2026-07-19,45.3,late,potato,5,18.0,0.3,loamy_sand,early,100,drip,groundwater_well,24.9,1
farm_9,farm_9_field_3,2026-07-20,40.1,late,potato,6,18.0,0.0,loamy_sand,early,101,drip,groundwater_well,24.9,1
farm_9,farm_9_field_3,2026-07-21,41.4,late,potato,7,18.0,0.0,loamy_sand,early,102,drip,groundwater_well,24.9,1
farm_9,farm_9_field_3,2026-07-22,49.6,late,potato,1,18.0,0.0,loamy_sand,early,103,drip,groundwater_well,24.9,1
farm_9,farm_9_field_3,2026-07-23,64.4,late,potato,1,18.0,0.1,loamy_sand,early,104,drip,groundwater_well,24.9,0
farm_9,farm_9_field_3,2026-07-24,59.2,late,potato,2,18.0,0.0,loamy_sand,early,105,drip,groundwater_well,24.9,0
farm_9,farm_9_field_3,2026-07-25,52.1,late,potato,3,18.0,0.4,loamy_sand,early,106,drip,groundwater_well,24.9,0
farm_9,farm_9_field_3,2026-07-26,47.4,late,potato,4,18.0,0.4,loamy_sand,early,107,drip,groundwater_well,24.9,1
farm_9,farm_9_field_3,2026-07-27,55.5,late,potato,5,18.0,0.2,loamy_sand,early,108,drip,groundwater_well,24.9,1
farm_9,farm_9_field_3,2026-07-28,45.0,late,potato,6,18.0,0.0,loamy_sand,early,109,drip,groundwater_well,24.9,1
farm_9,farm_9_field_3,2026-07-29,,late,potato,7,18.0,0.3,loamy_sand,early,110,drip,groundwater_well,24.9,1
farm_9,farm_9_field_3,2026-07-30,37.9,late,potato,8,18.0,0.0,loamy_sand,early,111,drip,groundwater_well,24.9,2
farm_9,farm_9_field_3,2026-07-31,52.5,late,potato,1,18.0,9.1,loamy_sand,early,112,drip,groundwater_well,24.9,1
farm_9,farm_9_field_3,2026-08-01,58.5,late,potato,2,18.0,1.3,loamy_sand,early,113,drip,groundwater_well,24.9,0
farm_9,farm_9_field_3,2026-08-02,57.5,late,potato,3,18.0,0.6,loamy_sand,early,114,drip,groundwater_well,24.9,0
farm_9,farm_9_field_3,2026-08-03,48.2,late,potato,4,18.0,9.4,loamy_sand,early,115,drip,groundwater_well,24.9,1
farm_9,farm_9_field_3,2026-08-04,55.5,late,potato,5,18.0,0.3,loamy_sand,early,116,drip,groundwater_well,24.9,0
farm_9,farm_9_field_3,2026-08-05,54.7,late,potato,6,18.0,0.5,loamy_sand,early,117,drip,groundwater_well,24.9,0
farm_9,farm_9_field_3,2026-08-06,46.3,late,potato,7,18.0,0.0,loamy_sand,early,118,drip,groundwater_well,24.9,1
farm_9,farm_9_field_3,2026-08-07,66.0,late,potato,1,18.0,0.5,loamy_sand,early,119,drip,groundwater_well,24.9,0
farm_9,farm_9_field_3,2026-08-08,62.0,late,potato,2,18.0,0.0,loamy_sand,early,120,drip,groundwater_well,24.9,0
farm_9,farm_9_field_3,2026-08-09,56.5,late,potato,3,18.0,0.0,loamy_sand,early,121,drip,groundwater_well,24.9,0
farm_9,farm_9_field_3,2026-08-10,48.5,late,potato,4,18.0,1.8,loamy_sand,early,122,drip,groundwater_well,24.9,0
farm_9,farm_9_field_3,2026-08-11,50.5,late,potato,5,18.0,0.0,loamy_sand,early,123,drip,groundwater_well,24.9,1
farm_9,farm_9_field_3,2026-08-12,49.6,late,potato,6,18.0,0.2,loamy_sand,early,124,drip,groundwater_well,24.9,1
farm_9,farm_9_field_3,2026-08-13,48.3,late,potato,7,18.0,0.0,loamy_sand,early,125,drip,groundwater_well,24.9,1
farm_9,farm_9_field_3,2026-08-14,54.9,late,potato,1,18.0,0.0,loamy_sand,early,126,drip,groundwater_well,24.9,0
farm_9,farm_9_field_3,2026-08-15,52.2,late,potato,2,18.0,0.0,loamy_sand,early,127,drip,groundwater_well,24.9,0
farm_9,farm_9_field_3,2026-08-16,49.9,late,potato,3,18.0,0.6,loamy_sand,early,128,drip,groundwater_well,24.9,1
farm_9,farm_9_field_3,2026-08-17,44.8,late,potato,4,18.0,0.1,loamy_sand,early,129,drip,groundwater_well,24.9,1
farm_9,farm_9_field_3,2026-08-18,45.4,late,potato,5,18.0,0.0,loamy_sand,early,130,drip,groundwater_well,24.9,1
farm_9,farm_9_field_3,2026-08-19,42.8,late,potato,6,18.0,0.1,loamy_sand,early,131,drip,groundwater_well,24.9,1
farm_9,farm_9_field_3,2026-08-20,56.6,late,potato,1,18.0,2.6,loamy_sand,early,132,drip,groundwater_well,24.9,0
farm_9,farm_9_field_3,2026-08-21,54.2,late,potato,2,18.0,0.0,loamy_sand,early,133,drip,groundwater_well,24.9,0
farm_9,farm_9_field_3,2026-08-22,51.9,late,potato,3,18.0,0.1,loamy_sand,early,134,drip,groundwater_well,24.9,0
farm_9,farm_9_field_3,2026-08-23,53.1,late,potato,4,18.0,0.9,loamy_sand,early,135,drip,groundwater_well,24.9,1
farm_9,farm_9_field_3,2026-08-24,54.1,late,potato,5,18.0,0.2,loamy_sand,early,136,drip,groundwater_well,24.9,1
farm_9,farm_9_field_3,2026-08-25,50.0,late,potato,6,18.0,0.2,loamy_sand,early,137,drip,groundwater_well,24.9,1
farm_9,farm_9_field_3,2026-08-26,64.5,late,potato,1,18.0,0.2,loamy_sand,early,138,drip,groundwater_well,24.9,0
farm_9,farm_9_field_3,2026-08-27,57.1,late,potato,2,18.0,0.0,loamy_sand,early,139,drip,groundwater_well,24.9,0
farm_9,farm_9_field_3,2026-08-28,57.1,late,potato,3,18.0,4.0,loamy_sand,early,140,drip,groundwater_well,24.9,0
farm_9,farm_9_field_3,2026-08-29,57.1,late,potato,4,18.0,0.2,loamy_sand,early,141,drip,groundwater_well,24.9,0
farm_9,farm_9_field_3,2026-08-30,57.1,late,potato,5,18.0,0.0,loamy_sand,early,142,drip,groundwater_well,24.9,0
farm_9,farm_9_field_3,2026-08-31,57.1,late,potato,6,18.0,1.1,loamy_sand,early,143,drip,groundwater_well,24.9,1
farm_9,farm_9_field_3,2026-09-01,57.1,late,potato,7,18.0,0.0,loamy_sand,early,144,drip,groundwater_well,24.9,1
farm_9,farm_9_field_3,2026-09-02,57.1,late,potato,1,18.0,0.0,loamy_sand,early,145,drip,groundwater_well,24.9,0
farm_9,farm_9_field_3,2026-09-03,65.4,late,potato,2,18.0,0.0,loamy_sand,early,146,drip,groundwater_well,24.9,0
farm_9,farm_9_field_3,2026-09-04,60.3,late,potato,3,18.0,0.4,loamy_sand,early,147,drip,groundwater_well,24.9,0
farm_9,farm_9_field_3,2026-09-05,57.5,late,potato,4,18.0,0.1,loamy_sand,early,148,drip,groundwater_well,24.9,0
farm_9,farm_9_field_3,2026-09-06,52.4,late,potato,5,18.0,0.0,loamy_sand,early,149,drip,groundwater_well,24.9,0
farm_9,farm_9_field_3,2026-09-07,54.5,late,potato,6,18.0,0.0,loamy_sand,early,150,drip,groundwater_well,24.9,0
farm_9,farm_9_field_3,2026-09-08,52.6,late,potato,7,18.0,0.0,loamy_sand,early,151,drip,groundwater_well,24.9,1
farm_9,farm_9_field_3,2026-09-09,72.1,late,potato,1,18.0,0.0,loamy_sand,early,152,drip,groundwater_well,24.9,0
farm_9,farm_9_field_3,2026-09-10,72.1,late,potato,2,18.0,0.0,loamy_sand,early,153,drip,groundwater_well,24.9,0
farm_9,farm_9_field_3,2026-09-11,72.1,late,potato,3,18.0,0.0,loamy_sand,early,154,drip,groundwater_well,24.9,0
farm_9,farm_9_field_3,2026-09-12,72.1,late,potato,4,18.0,0.2,loamy_sand,early,155,drip,groundwater_well,24.9,0
farm_9,farm_9_field_3,2026-09-13,72.1,late,potato,5,18.0,0.1,loamy_sand,early,156,drip,groundwater_well,24.9,0
farm_9,farm_9_field_3,2026-09-14,72.1,late,potato,6,18.0,0.0,loamy_sand,early,157,drip,groundwater_well,24.9,0
farm_9,farm_9_field_3,2026-09-15,72.1,late,potato,7,18.0,0.0,loamy_sand,early,158,drip,groundwater_well,24.9,1
farm_9,farm_9_field_3,2026-09-16,64.5,late,potato,1,18.0,0.1,loamy_sand,early,159,drip,groundwater_well,24.9,0
farm_9,farm_9_field_3,2026-09-17,60.5,late,potato,2,18.0,0.0,loamy_sand,early,160,drip,groundwater_well,24.9,0
farm_9,farm_9_field_3,2026-09-18,60.4,late,potato,3,18.0,0.0,loamy_sand,early,161,drip,groundwater_well,24.9,0
farm_9,farm_9_field_3,2026-09-19,62.3,late,potato,4,18.0,0.2,loamy_sand,early,162,drip,groundwater_well,24.9,0
farm_9,farm_9_field_3,2026-09-20,53.2,late,potato,5,18.0,0.9,loamy_sand,early,163,drip,groundwater_well,24.9,0
farm_9,farm_9_field_3,2026-09-21,55.0,late,potato,6,18.0,0.0,loamy_sand,early,164,drip,groundwater_well,24.9,0
farm_9,farm_9_field_3,2026-09-22,52.9,late,potato,7,18.0,0.0,loamy_sand,early,165,drip,groundwater_well,24.9,0
farm_9,farm_9_field_3,2026-09-23,54.2,late,potato,8,18.0,0.2,loamy_sand,early,166,drip,groundwater_well,24.9,1
farm_9,farm_9_field_3,2026-09-24,45.5,late,potato,9,18.0,0.1,loamy_sand,early,167,drip,groundwater_well,24.9,1
farm_9,farm_9_field_3,2026-09-25,60.2,late,potato,1,18.0,0.0,loamy_sand,early,168,drip,groundwater_well,24.9,0
farm_9,farm_9_field_3,2026-09-26,58.2,late,potato,2,18.0,0.0,loamy_sand,early,169,drip,groundwater_well,24.9,0
farm_9,farm_9_field_3,2026-09-27,59.4,late,potato,3,18.0,3.7,loamy_sand,early,170,drip,groundwater_well,24.9,0
farm_9,farm_9_field_3,2026-09-28,63.7,late,potato,4,18.0,0.0,loamy_sand,early,171,drip,groundwater_well,24.9,0
farm_9,farm_9_field_3,2026-09-29,60.8,late,potato,5,18.0,0.6,loamy_sand,early,172,drip,groundwater_well,24.9,0
farm_9,farm_9_field_3,2026-09-30,58.5,late,potato,6,18.0,0.3,loamy_sand,early,173,drip,groundwater_well,24.9,0
