farm_id,field_id,date,soil_moisture_pct_nfk,growth_stage,crop_type,days_since_last_irrigation,previous_irrigation_mm,onfarm_rain_gauge_mm,soil_type,crop_variety_maturity,days_after_planting,irrigation_type,water_source,field_area_ha,irrigation_need
farmer_1,farmer_1_field_1,2025-04-15,73.8,initial,potato,7,0.0,0.4,sand,medium,7,drip,groundwater_well,11.5,0
farmer_1,farmer_1_field_1,2025-04-16,65.7,initial,potato,8,0.0,2.4,sand,medium,8,drip,groundwater_well,11.5,0
farmer_1,farmer_1_field_1,2025-04-17,72.4,initial,potato,9,0.0,0.5,sand,medium,9,drip,groundwater_well,11.5,0
farmer_1,farmer_1_field_1,2025-04-18,73.1,initial,potato,10,0.0,0.2,sand,medium,10,drip,groundwater_well,11.5,0
farmer_1,farmer_1_field_1,2025-04-19,74.6,initial,potato,11,0.0,0.4,sand,medium,11,drip,groundwater_well,11.5,0
farmer_1,farmer_1_field_1,2025-04-20,70.4,initial,potato,12,0.0,0.0,sand,medium,12,drip,groundwater_well,11.5,0
farmer_1,farmer_1_field_1,2025-04-21,73.7,initial,potato,13,0.0,0.0,sand,medium,13,drip,groundwater_well,11.5,0
farmer_1,farmer_1_field_1,2025-04-22,66.8,initial,potato,14,0.0,2.9,sand,medium,14,drip,groundwater_well,11.5,0
farmer_1,farmer_1_field_1,2025-04-23,74.0,initial,potato,15,0.0,0.2,sand,medium,15,drip,groundwater_well,11.5,0
farmer_1,farmer_1_field_1,2025-04-24,67.4,initial,potato,16,0.0,0.0,sand,medium,16,drip,groundwater_well,11.5,0
farmer_1,farmer_1_field_1,2025-04-25,62.9,initial,potato,17,0.0,0.0,sand,medium,17,drip,groundwater_well,11.5,0
farmer_1,farmer_1_field_1,2025-04-26,63.6,initial,potato,18,0.0,0.6,sand,medium,18,drip,groundwater_well,11.5,0
farmer_1,farmer_1_field_1,2025-04-27,63.6,initial,potato,19,0.0,3.5,sand,medium,19,drip,groundwater_well,11.5,0
farmer_1,farmer_1_field_1,2025-04-28,66.2,initial,potato,20,0.0,0.0,sand,medium,20,drip,groundwater_well,11.5,0
farmer_1,farmer_1_field_1,2025-04-29,61.5,initial,potato,21,0.0,0.1,sand,medium,21,drip,groundwater_well,11.5,0
farmer_1,farmer_1_field_1,2025-04-30,65.1,initial,potato,22,0.0,1.2,sand,medium,22,drip,groundwater_well,11.5,0
farmer_1,farmer_1_field_1,2025-05-01,64.0,initial,potato,23,0.0,0.6,sand,medium,23,drip,groundwater_well,11.5,0
farmer_1,farmer_1_field_1,2025-05-02,59.7,initial,potato,24,0.0,0.2,sand,medium,24,drip,groundwater_well,11.5,0
farmer_1,farmer_1_field_1,2025-05-03,62.4,development,potato,25,0.0,1.9,sand,medium,25,drip,groundwater_well,11.5,0
farmer_1,farmer_1_field_1,2025-05-04,59.7,development,potato,26,0.0,0.4,sand,medium,26,drip,groundwater_well,11.5,0
farmer_1,farmer_1_field_1,2025-05-05,53.4,development,potato,27,0.0,0.5,sand,medium,27,drip,groundwater_well,11.5,0
farmer_1,farmer_1_field_1,2025-05-06,59.2,development,potato,28,0.0,0.0,sand,medium,28,drip,groundwater_well,11.5,0
farmer_1,farmer_1_field_1,2025-05-07,53.8,development,potato,29,0.0,0.6,sand,medium,29,drip,groundwater_well,11.5,0
farmer_1,farmer_1_field_1,2025-05-08,51.0,development,potato,30,0.0,0.0,sand,medium,30,drip,groundwater_well,11.5,0
farmer_1,farmer_1_field_1,2025-05-09,48.6,development,potato,31,0.0,0.3,sand,medium,31,drip,groundwater_well,11.5,1
farmer_1,farmer_1_field_1,2025-05-10,41.5,development,potato,32,0.0,0.2,sand,medium,32,drip,groundwater_well,11.5,1
farmer_1,farmer_1_field_1,2025-05-11,66.8,development,potato,1,18.0,0.0,sand,medium,33,drip,groundwater_well,11.5,0
farmer_1,farmer_1_field_1,2025-05-12,66.4,development,potato,2,18.0,0.2,sand,medium,34,drip,groundwater_well,11.5,0
farmer_1,farmer_1_field_1,2025-05-13,65.4,development,potato,3,18.0,0.0,sand,medium,35,drip,groundwater_well,11.5,0
farmer_1,farmer_1_field_1,2025-05-14,60.5,development,potato,4,18.0,0.2,sand,medium,36,drip,groundwater_well,11.5,0
farmer_1,farmer_1_field_1,2025-05-15,56.3,development,potato,5,18.0,0.0,sand,medium,37,drip,groundwater_well,11.5,0
farmer_1,farmer_1_field_1,2025-05-16,49.2,development,potato,6,18.0,0.0,sand,medium,38,drip,groundwater_well,11.5,1
farmer_1,farmer_1_field_1,2025-05-17,46.6,development,potato,7,18.0,5.1,sand,medium,39,drip,groundwater_well,11.5,1
farmer_1,farmer_1_field_1,2025-05-18,76.9,development,potato,1,18.0,0.9,sand,medium,40,drip,groundwater_well,11.5,0
farmer_1,farmer_1_field_1,2025-05-19,75.2,development,potato,2,18.0,6.6,sand,medium,41,drip,groundwater_well,11.5,0
farmer_1,farmer_1_field_1,2025-05-20,79.6,development,potato,3,18.0,0.0,sand,medium,42,drip,groundwater_well,11.5,0
farmer_1,farmer_1_field_1,2025-05-21,75.2,development,potato,4,18.0,3.8,sand,medium,43,drip,groundwater_well,11.5,0
farmer_1,farmer_1_field_1,2025-05-22,73.6,development,potato,5,18.0,0.1,sand,medium,44,drip,groundwater_well,11.5,0
farmer_1,farmer_1_field_1,2025-05-23,75.1,development,potato,6,18.0,0.0,sand,medium,45,drip,groundwater_well,11.5,0
farmer_1,farmer_1_field_1,2025-05-24,76.0,development,potato,7,18.0,0.0,sand,medium,46,drip,groundwater_well,11.5,0
farmer_1,farmer_1_field_1,2025-05-25,67.0,development,potato,8,18.0,2.8,sand,medium,47,drip,groundwater_well,11.5,0
farmer_1,farmer_1_field_1,2025-05-26,69.1,development,potato,9,18.0,0.2,sand,medium,48,drip,groundwater_well,11.5,0
farmer_1,farmer_1_field_1,2025-05-27,,development,potato,10,18.0,0.0,sand,medium,49,drip,groundwater_well,11.5,0
farmer_1,farmer_1_field_1,2025-05-28,62.9,development,potato,11,18.0,0.3,sand,medium,50,drip,groundwater_well,11.5,0
farmer_1,farmer_1_field_1,2025-05-29,53.6,development,potato,12,18.0,0.6,sand,medium,51,drip,groundwater_well,11.5,0
farmer_1,farmer_1_field_1,2025-05-30,52.8,development,potato,13,18.0,0.2,sand,medium,52,drip,groundwater_well,11.5,1
farmer_1,farmer_1_field_1,2025-05-31,74.6,development,potato,1,18.0,0.0,sand,medium,53,drip,groundwater_well,11.5,0
farmer_1,farmer_1_field_1,2025-06-01,65.9,development,potato,2,18.0,0.0,sand,medium,54,drip,groundwater_well,11.5,0
farmer_1,farmer_1_field_1,2025-06-02,58.8,sensitive,potato,3,18.0,0.0,sand,medium,55,drip,groundwater_well,11.5,0
farmer_1,farmer_1_field_1,2025-06-03,60.0,sensitive,potato,4,18.0,0.0,sand,medium,56,drip,groundwater_well,11.5,1
farmer_1,farmer_1_field_1,2025-06-04,71.9,sensitive,potato,1,17.0,0.8,sand,medium,57,drip,groundwater_well,11.5,0
farmer_1,farmer_1_field_1,2025-06-05,68.1,sensitive,potato,2,17.0,0.0,sand,medium,58,drip,groundwater_well,11.5,0
farmer_1,farmer_1_field_1,2025-06-06,64.6,sensitive,potato,3,17.0,0.4,sand,medium,59,drip,groundwater_well,11.5,0
farmer_1,farmer_1_field_1,2025-06-07,53.9,sensitive,potato,4,17.0,14.4,sand,medium,60,drip,groundwater_well,11.5,1
farmer_1,farmer_1_field_1,2025-06-08,70.7,sensitive,potato,5,17.0,14.9,sand,medium,61,drip,groundwater_well,11.5,0
farmer_1,farmer_1_field_1,2025-06-09,89.7,sensitive,potato,6,17.0,0.4,sand,medium,62,drip,groundwater_well,11.5,0
farmer_1,farmer_1_field_1,2025-06-10,80.7,sensitive,potato,7,17.0,0.0,sand,medium,63,drip,groundwater_well,11.5,0
farmer_1,farmer_1_field_1,2025-06-11,72.9,sensitive,potato,8,17.0,0.6,sand,medium,64,drip,groundwater_well,11.5,0
farmer_1,farmer_1_field_1,2025-06-12,74.9,sensitive,potato,9,17.0,0.0,sand,medium,65,drip,groundwater_well,11.5,0
farmer_1,farmer_1_field_1,2025-06-13,62.2,sensitive,potato,10,17.0,0.0,sand,medium,66,drip,groundwater_well,11.5,0
farmer_1,farmer_1_field_1,2025-06-14,62.0,sensitive,potato,11,17.0,0.3,sand,medium,67,drip,groundwater_well,11.5,1
farmer_1,farmer_1_field_1,2025-06-15,74.2,sensitive,potato,1,15.9,0.1,sand,medium,68,drip,groundwater_well,11.5,0
farmer_1,farmer_1_field_1,2025-06-16,69.4,sensitive,potato,2,15.9,0.1,sand,medium,69,drip,groundwater_well,11.5,0
farmer_1,farmer_1_field_1,2025-06-17,,sensitive,potato,3,15.9,2.1,sand,medium,70,drip,groundwater_well,11.5,0
farmer_1,farmer_1_field_1,2025-06-18,58.1,sensitive,potato,4,15.9,17.4,sand,medium,71,drip,groundwater_well,11.5,1
farmer_1,farmer_1_field_1,2025-06-19,100.0,sensitive,potato,1,15.0,0.0,sand,medium,72,drip,groundwater_well,11.5,0
farmer_1,farmer_1_field_1,2025-06-20,89.2,sensitive,potato,2,15.0,0.4,sand,medium,73,drip,groundwater_well,11.5,0
farmer_1,farmer_1_field_1,2025-06-21,87.5,sensitive,potato,3,15.0,0.0,sand,medium,74,drip,groundwater_well,11.5,0
farmer_1,farmer_1_field_1,2025-06-22,83.1,sensitive,potato,4,15.0,0.5,sand,medium,75,drip,groundwater_well,11.5,0
farmer_1,farmer_1_field_1,2025-06-23,72.6,sensitive,potato,5,15.0,0.0,sand,medium,76,drip,groundwater_well,11.5,0
farmer_1,farmer_1_field_1,2025-06-24,67.2,sensitive,potato,6,15.0,0.0,sand,medium,77,drip,groundwater_well,11.5,0
farmer_1,farmer_1_field_1,2025-06-25,63.4,sensitive,potato,7,15.0,0.4,sand,medium,78,drip,groundwater_well,11.5,1
farmer_1,farmer_1_field_1,2025-06-26,81.1,sensitive,potato,1,16.2,0.1,sand,medium,79,drip,groundwater_well,11.5,0
farmer_1,farmer_1_field_1,2025-06-27,66.6,sensitive,potato,2,16.2,0.0,sand,medium,80,drip,groundwater_well,11.5,0
farmer_1,farmer_1_field_1,2025-06-28,,sensitive,potato,3,16.2,2.1,sand,medium,81,drip,groundwater_well,11.5,0
farmer_1,farmer_1_field_1,2025-06-29,61.2,sensitive,potato,4,16.2,0.2,sand,medium,82,drip,groundwater_well,11.5,1
farmer_1,farmer_1_field_1,2025-06-30,76.5,sensitive,potato,1,14.4,0.0,sand,medium,83,drip,groundwater_well,11.5,0
farmer_1,farmer_1_field_1,2025-07-01,67.1,sensitive,potato,2,14.4,0.3,sand,medium,84,drip,groundwater_well,11.5,0
farmer_1,farmer_1_field_1,2025-07-02,61.9,sensitive,potato,3,14.4,0.0,sand,medium,85,drip,groundwater_well,11.5,1
farmer_1,farmer_1_field_1,2025-07-03,71.3,sensitive,potato,1,14.4,0.7,sand,medium,86,drip,groundwater_well,11.5,0
farmer_1,farmer_1_field_1,2025-07-04,65.6,sensitive,potato,2,14.4,0.0,sand,medium,87,drip,groundwater_well,11.5,0
farmer_1,farmer_1_field_1,2025-07-05,57.1,sensitive,potato,3,14.4,0.1,sand,medium,88,drip,groundwater_well,11.5,1
farmer_1,farmer_1_field_1,2025-07-06,78.3,sensitive,potato,1,17.5,0.0,sand,medium,89,drip,groundwater_well,11.5,0
farmer_1,farmer_1_field_1,2025-07-07,62.0,sensitive,potato,2,17.5,0.0,sand,medium,90,drip,groundwater_well,11.5,0
farmer_1,farmer_1_field_1,2025-07-08,51.0,sensitive,potato,3,17.5,0.0,sand,medium,91,drip,groundwater_well,11.5,1
farmer_1,farmer_1_field_1,2025-07-09,46.9,sensitive,potato,4,17.5,0.0,sand,medium,92,drip,groundwater_well,11.5,2
farmer_1,farmer_1_field_1,2025-07-10,64.7,sensitive,potato,1,18.0,0.0,sand,medium,93,drip,groundwater_well,11.5,0
farmer_1,farmer_1_field_1,2025-07-11,54.6,sensitive,potato,2,18.0,0.0,sand,medium,94,drip,groundwater_well,11.5,1
farmer_1,farmer_1_field_1,2025-07-12,44.8,sensitive,potato,3,18.0,0.5,sand,medium,95,drip,groundwater_well,11.5,1
farmer_1,farmer_1_field_1,2025-07-13,40.1,sensitive,potato,4,18.0,0.0,sand,medium,96,drip,groundwater_well,11.5,2
farmer_1,farmer_1_field_1,2025-07-14,64.2,sensitive,potato,1,18.0,0.1,sand,medium,97,drip,groundwater_well,11.5,1
farmer_1,farmer_1_field_1,2025-07-15,50.9,sensitive,potato,2,18.0,0.0,sand,medium,98,drip,groundwater_well,11.5,1
farmer_1,farmer_1_field_1,2025-07-16,71.8,sensitive,potato,1,18.0,0.0,sand,medium,99,drip,groundwater_well,11.5,0
farmer_1,farmer_1_field_1,2025-07-17,67.8,late,potato,2,18.0,0.0,sand,medium,100,drip,groundwater_well,11.5,0
farmer_1,farmer_1_field_1,2025-07-18,62.3,late,potato,3,18.0,1.8,sand,medium,101,drip,groundwater_well,11.5,0
farmer_1,farmer_1_field_1,2025-07-19,59.3,late,potato,4,18.0,7.3,sand,medium,102,drip,groundwater_well,11.5,0
farmer_1,farmer_1_field_1,2025-07-20,63.9,late,potato,5,18.0,0.7,sand,medium,103,drip,groundwater_well,11.5,0
farmer_1,farmer_1_field_1,2025-07-21,62.6,late,potato,6,18.0,0.0,sand,medium,104,drip,groundwater_well,11.5,0
farmer_1,farmer_1_field_1,2025-07-22,63.1,late,potato,7,18.0,0.7,sand,medium,105,drip,groundwater_well,11.5,0
farmer_1,farmer_1_field_1,2025-07-23,52.8,late,potato,8,18.0,0.7,sand,medium,106,drip,groundwater_well,11.5,0
farmer_1,farmer_1_field_1,2025-07-24,55.5,late,potato,9,18.0,0.5,sand,medium,107,drip,groundwater_well,11.5,0
farmer_1,farmer_1_field_1,2025-07-25,46.4,late,potato,10,18.0,0.0,sand,medium,108,drip,groundwater_well,11.5,0
farmer_1,farmer_1_field_1,2025-07-26,45.8,late,potato,11,18.0,0.0,sand,medium,109,drip,groundwater_well,11.5,1
farmer_1,farmer_1_field_1,2025-07-27,69.4,late,potato,1,18.0,2.3,sand,medium,110,drip,groundwater_well,11.5,0
farmer_1,farmer_1_field_1,2025-07-28,61.9,late,potato,2,18.0,0.0,sand,medium,111,drip,groundwater_well,11.5,0
farmer_1,farmer_1_field_1,2025-07-29,52.8,late,potato,3,18.0,5.1,sand,medium,112,drip,groundwater_well,11.5,0
farmer_1,farmer_1_field_1,2025-07-30,59.0,late,potato,4,18.0,0.5,sand,medium,113,drip,groundwater_well,11.5,0
farmer_1,farmer_1_field_1,2025-07-31,57.6,late,potato,5,18.0,0.0,sand,medium,114,drip,groundwater_well,11.5,0
farmer_1,farmer_1_field_1,2025-08-01,49.9,late,potato,6,18.0,0.4,sand,medium,115,drip,groundwater_well,11.5,0
farmer_1,farmer_1_field_1,2025-08-02,46.7,late,potato,7,18.0,0.0,sand,medium,116,drip,groundwater_well,11.5,0
farmer_1,farmer_1_field_1,2025-08-03,43.9,late,potato,8,18.0,0.0,sand,medium,117,drip,groundwater_well,11.5,0
farmer_1,farmer_1_field_1,2025-08-04,38.5,late,potato,9,18.0,0.9,sand,medium,118,drip,groundwater_well,11.5,1
farmer_1,farmer_1_field_1,2025-08-05,60.3,late,potato,1,18.0,0.1,sand,medium,119,drip,groundwater_well,11.5,0
farmer_1,farmer_1_field_1,2025-08-06,57.4,late,potato,2,18.0,6.5,sand,medium,120,drip,groundwater_well,11.5,0
farmer_1,farmer_1_field_1,2025-08-07,64.0,late,potato,3,18.0,0.0,sand,medium,121,drip,groundwater_well,11.5,0
farmer_1,farmer_1_field_1,2025-08-08,55.9,late,potato,4,18.0,0.3,sand,medium,122,drip,groundwater_well,11.5,0
farmer_1,farmer_1_field_1,2025-08-09,52.1,late,potato,5,18.0,0.5,sand,medium,123,drip,groundwater_well,11.5,0
farmer_1,farmer_1_field_1,2025-08-10,51.5,late,potato,6,18.0,0.0,sand,medium,124,drip,groundwater_well,11.5,0
farmer_1,farmer_1_field_1,2025-08-11,44.0,late,potato,7,18.0,1.6,sand,medium,125,drip,groundwater_well,11.5,0
farmer_1,farmer_1_field_1,2025-08-12,47.6,late,potato,8,18.0,0.5,sand,medium,126,drip,groundwater_well,11.5,0
farmer_1,farmer_1_field_1,2025-08-13,37.5,late,potato,9,18.0,0.0,sand,medium,127,drip,groundwater_well,11.5,1
farmer_1,farmer_1_field_1,2025-08-14,40.2,late,potato,10,18.0,0.0,sand,medium,128,drip,groundwater_well,11.5,1
farmer_1,farmer_1_field_1,2025-08-15,35.9,late,potato,11,18.0,0.0,sand,medium,129,drip,groundwater_well,11.5,1
farmer_1,farmer_1_field_1,2025-08-16,54.2,late,potato,1,18.0,0.1,sand,medium,130,drip,groundwater_well,11.5,0
farmer_1,farmer_1_field_1,2025-08-17,49.6,late,potato,2,18.0,0.2,sand,medium,131,drip,groundwater_well,11.5,0
farmer_1,farmer_1_field_1,2025-08-18,39.9,late,potato,3,18.0,0.0,sand,medium,132,drip,groundwater_well,11.5,0
farmer_1,farmer_1_field_1,2025-08-19,44.3,late,potato,4,18.0,0.1,sand,medium,133,drip,groundwater_well,11.5,1
farmer_1,farmer_1_field_1,2025-08-20,44.6,late,potato,5,18.0,0.4,sand,medium,134,drip,groundwater_well,11.5,1
farmer_1,farmer_1_field_1,2025-08-21,36.8,late,potato,6,18.0,0.0,sand,medium,135,drip,groundwater_well,11.5,1
farmer_1,farmer_1_field_1,2025-08-22,30.1,late,potato,7,18.0,0.3,sand,medium,136,drip,groundwater_well,11.5,1
farmer_1,farmer_1_field_1,2025-08-23,26.2,late,potato,8,18.0,0.0,sand,medium,137,drip,groundwater_well,11.5,2
farmer_1,farmer_1_field_1,2025-08-24,51.4,late,potato,1,18.0,0.0,sand,medium,138,drip,groundwater_well,11.5,0
farmer_1,farmer_1_field_1,2025-08-25,43.4,late,potato,2,18.0,0.0,sand,medium,139,drip,groundwater_well,11.5,0
farmer_1,farmer_1_field_1,2025-08-26,37.6,late,potato,3,18.0,0.1,sand,medium,140,drip,groundwater_well,11.5,1
farmer_1,farmer_1_field_1,2025-08-27,63.5,late,potato,1,18.0,0.0,sand,medium,141,drip,groundwater_well,11.5,0
farmer_1,farmer_1_field_1,2025-08-28,60.9,late,potato,2,18.0,12.4,sand,medium,142,drip,groundwater_well,11.5,0
farmer_1,farmer_1_field_1,2025-08-29,69.9,late,potato,3,18.0,0.5,sand,medium,143,drip,groundwater_well,11.5,0
farmer_1,farmer_1_field_1,2025-08-30,66.4,late,potato,4,18.0,0.0,sand,medium,144,drip,groundwater_well,11.5,0
farmer_1,farmer_1_field_1,2025-08-31,62.9,late,potato,5,18.0,0.3,sand,medium,145,drip,groundwater_well,11.5,0
farmer_1,farmer_1_field_1,2025-09-01,62.9,late,potato,6,18.0,0.0,sand,medium,146,drip,groundwater_well,11.5,0
farmer_1,farmer_1_field_1,2025-09-02,57.0,late,potato,7,18.0,0.2,sand,medium,147,drip,groundwater_well,11.5,0
farmer_1,farmer_1_field_1,2025-09-03,48.8,late,potato,8,18.0,0.2,sand,medium,148,drip,groundwater_well,11.5,0
farmer_1,farmer_1_field_1,2025-09-04,50.3,late,potato,9,18.0,0.5,sand,medium,149,drip,groundwater_well,11.5,0
farmer_1,farmer_1_field_1,2025-09-05,47.0,late,potato,10,18.0,0.0,sand,medium,150,drip,groundwater_well,11.5,0
farmer_1,farmer_1_field_1,2025-09-06,41.4,late,potato,11,18.0,0.0,sand,medium,151,drip,groundwater_well,11.5,0
farmer_1,farmer_1_field_1,2025-09-07,42.8,late,potato,12,18.0,0.0,sand,medium,152,drip,groundwater_well,11.5,1
farmer_1,farmer_1_field_1,2025-09-08,64.8,late,potato,1,18.0,0.0,sand,medium,153,drip,groundwater_well,11.5,0
farmer_1,farmer_1_field_1,2025-09-09,64.7,late,potato,2,18.0,0.3,sand,medium,154,drip,groundwater_well,11.5,0
farmer_1,farmer_1_field_1,2025-09-10,54.2,late,potato,3,18.0,0.0,sand,medium,155,drip,groundwater_well,11.5,0
farmer_1,farmer_1_field_1,2025-09-11,50.5,late,potato,4,18.0,0.0,sand,medium,156,drip,groundwater_well,11.5,0
farmer_1,farmer_1_field_1,2025-09-12,47.8,late,potato,5,18.0,0.0,sand,medium,157,drip,groundwater_well,11.5,0
farmer_1,farmer_1_field_1,2025-09-13,49.3,late,potato,6,18.0,0.0,sand,medium,158,drip,groundwater_well,11.5,0
farmer_1,farmer_1_field_1,2025-09-14,46.4,late,potato,7,18.0,2.0,sand,medium,159,drip,groundwater_well,11.5,0
farmer_1,farmer_1_field_1,2025-09-15,40.1,late,potato,8,18.0,0.0,sand,medium,160,drip,groundwater_well,11.5,1
farmer_1,farmer_1_field_1,2025-09-16,60.4,late,potato,1,18.0,3.1,sand,medium,161,drip,groundwater_well,11.5,0
farmer_1,farmer_1_field_1,2025-09-17,62.3,late,potato,2,18.0,1.1,sand,medium,162,drip,groundwater_well,11.5,0
farmer_1,farmer_1_field_1,2025-09-18,60.3,late,potato,3,18.0,0.0,sand,medium,163,drip,groundwater_well,11.5,0
farmer_1,farmer_1_field_1,2025-09-19,55.5,late,potato,4,18.0,0.1,sand,medium,164,drip,groundwater_well,11.5,0
farmer_1,farmer_1_field_1,2025-09-20,58.3,late,potato,5,18.0,0.2,sand,medium,165,drip,groundwater_well,11.5,0
farmer_1,farmer_1_field_1,2025-09-21,54.2,late,potato,6,18.0,0.0,sand,medium,166,drip,groundwater_well,11.5,0
farmer_1,farmer_1_field_1,2025-09-22,50.4,late,potato,7,18.0,0.0,sand,medium,167,drip,groundwater_well,11.5,0
farmer_1,farmer_1_field_1,2025-09-23,44.7,late,potato,8,18.0,0.0,sand,medium,168,drip,groundwater_well,11.5,0
farmer_1,farmer_1_field_1,2025-09-24,44.3,late,potato,9,18.0,0.0,sand,medium,169,drip,groundwater_well,11.5,0
farmer_1,farmer_1_field_1,2025-09-25,49.9,late,potato,10,18.0,0.0,sand,medium,170,drip,groundwater_well,11.5,0
farmer_1,farmer_1_field_1,2025-09-26,37.2,late,potato,11,18.0,0.5,sand,medium,171,drip,groundwater_well,11.5,1
farmer_1,farmer_1_field_1,2025-09-27,37.1,late,potato,12,18.0,0.0,sand,medium,172,drip,groundwater_well,11.5,1
farmer_1,farmer_1_field_1,2025-09-28,54.5,late,potato,1,18.0,0.0,sand,medium,173,drip,groundwater_well,11.5,0
farmer_1,farmer_1_field_1,2025-09-29,62.9,late,potato,2,18.0,0.1,sand,medium,174,drip,groundwater_well,11.5,0
farmer_1,farmer_1_field_1,2025-09-30,57.0,late,potato,3,18.0,0.5,sand,medium,175,drip,groundwater_well,11.5,0
farmer_1,farmer_1_field_1,2026-04-15,48.0,initial,potato,7,0.0,0.2,sand,medium,7,drip,groundwater_well,11.5,0
farmer_1,farmer_1_field_1,2026-04-16,48.6,initial,potato,8,0.0,0.3,sand,medium,8,drip,groundwater_well,11.5,0
farmer_1,farmer_1_field_1,2026-04-17,,initial,potato,9,0.0,0.9,sand,medium,9,drip,groundwater_well,11.5,0
farmer_1,farmer_1_field_1,2026-04-18,47.4,initial,potato,10,0.0,0.0,sand,medium,10,drip,groundwater_well,11.5,0
farmer_1,farmer_1_field_1,2026-04-19,44.5,initial,potato,11,0.0,0.0,sand,medium,11,drip,groundwater_well,11.5,1
farmer_1,farmer_1_field_1,2026-04-20,45.2,initial,potato,12,0.0,0.0,sand,medium,12,drip,groundwater_well,11.5,1
farmer_1,farmer_1_field_1,2026-04-21,69.2,initial,potato,1,18.0,0.0,sand,medium,13,drip,groundwater_well,11.5,0
farmer_1,farmer_1_field_1,2026-04-22,68.7,initial,potato,2,18.0,0.0,sand,medium,14,drip,groundwater_well,11.5,0
farmer_1,farmer_1_field_1,2026-04-23,68.8,initial,potato,3,18.0,0.0,sand,medium,15,drip,groundwater_well,11.5,0
farmer_1,farmer_1_field_1,2026-04-24,67.9,initial,potato,4,18.0,0.0,sand,medium,16,drip,groundwater_well,11.5,0
farmer_1,farmer_1_field_1,2026-04-25,64.6,initial,potato,5,18.0,0.2,sand,medium,17,drip,groundwater_well,11.5,0
farmer_1,farmer_1_field_1,2026-04-26,64.6,initial,potato,6,18.0,0.0,sand,medium,18,drip,groundwater_well,11.5,0
farmer_1,farmer_1_field_1,2026-04-27,64.6,initial,potato,7,18.0,0.2,sand,medium,19,drip,groundwater_well,11.5,0
farmer_1,farmer_1_field_1,2026-04-28,64.6,initial,potato,8,18.0,0.1,sand,medium,20,drip,groundwater_well,11.5,0
farmer_1,farmer_1_field_1,2026-04-29,,initial,potato,9,18.0,0.4,sand,medium,21,drip,groundwater_well,11.5,0
farmer_1,farmer_1_field_1,2026-04-30,64.6,initial,potato,10,18.0,0.0,sand,medium,22,drip,groundwater_well,11.5,0
farmer_1,farmer_1_field_1,2026-05-01,64.6,initial,potato,11,18.0,0.0,sand,medium,23,drip,groundwater_well,11.5,0
farmer_1,farmer_1_field_1,2026-05-02,64.6,initial,potato,12,18.0,0.0,sand,medium,24,drip,groundwater_well,11.5,0
farmer_1,farmer_1_field_1,2026-05-03,64.6,development,potato,13,18.0,6.8,sand,medium,25,drip,groundwater_well,11.5,1
farmer_1,farmer_1_field_1,2026-05-04,80.3,development,potato,1,18.0,0.0,sand,medium,26,drip,groundwater_well,11.5,0
farmer_1,farmer_1_field_1,2026-05-05,74.7,development,potato,2,18.0,4.1,sand,medium,27,drip,groundwater_well,11.5,0
farmer_1,farmer_1_field_1,2026-05-06,83.2,development,potato,3,18.0,0.9,sand,medium,28,drip,groundwater_well,11.5,0
farmer_1,farmer_1_field_1,2026-05-07,,development,potato,4,18.0,5.5,sand,medium,29,drip,groundwater_well,11.5,0
farmer_1,farmer_1_field_1,2026-05-08,81.8,development,potato,5,18.0,0.1,sand,medium,30,drip,groundwater_well,11.5,0
farmer_1,farmer_1_field_1,2026-05-09,86.5,development,potato,6,18.0,0.0,sand,medium,31,drip,groundwater_well,11.5,0
farmer_1,farmer_1_field_1,2026-05-10,76.5,development,potato,7,18.0,0.4,sand,medium,32,drip,groundwater_well,11.5,0
farmer_1,farmer_1_field_1,2026-05-11,75.8,development,potato,8,18.0,0.4,sand,medium,33,drip,groundwater_well,11.5,0
farmer_1,farmer_1_field_1,2026-05-12,70.3,development,potato,9,18.0,0.2,sand,medium,34,drip,groundwater_well,11.5,0
farmer_1,farmer_1_field_1,2026-05-13,68.3,development,potato,10,18.0,1.7,sand,medium,35,drip,groundwater_well,11.5,0
farmer_1,farmer_1_field_1,2026-05-14,69.0,development,potato,11,18.0,0.0,sand,medium,36,drip,groundwater_well,11.5,0
farmer_1,farmer_1_field_1,2026-05-15,60.8,development,potato,12,18.0,0.0,sand,medium,37,drip,groundwater_well,11.5,0
farmer_1,farmer_1_field_1,2026-05-16,56.1,development,potato,13,18.0,0.0,sand,medium,38,drip,groundwater_well,11.5,0
farmer_1,farmer_1_field_1,2026-05-17,53.8,development,potato,14,18.0,0.6,sand,medium,39,drip,groundwater_well,11.5,0
farmer_1,farmer_1_field_1,2026-05-18,51.6,development,potato,15,18.0,0.0,sand,medium,40,drip,groundwater_well,11.5,1
farmer_1,farmer_1_field_1,2026-05-19,71.4,development,potato,1,18.0,0.4,sand,medium,41,drip,groundwater_well,11.5,0
farmer_1,farmer_1_field_1,2026-05-20,66.3,development,potato,2,18.0,0.0,sand,medium,42,drip,groundwater_well,11.5,0
farmer_1,farmer_1_field_1,2026-05-21,62.5,development,potato,3,18.0,10.4,sand,medium,43,drip,groundwater_well,11.5,0
farmer_1,farmer_1_field_1,2026-05-22,80.6,development,potato,4,18.0,4.4,sand,medium,44,drip,groundwater_well,11.5,0
farmer_1,farmer_1_field_1,2026-05-23,83.0,development,potato,5,18.0,0.0,sand,medium,45,drip,groundwater_well,11.5,0
farmer_1,farmer_1_field_1,2026-05-24,69.8,development,potato,6,18.0,0.0,sand,medium,46,drip,groundwater_well,11.5,0
farmer_1,farmer_1_field_1,2026-05-25,66.1,development,potato,7,18.0,0.0,sand,medium,47,drip,groundwater_well,11.5,0
farmer_1,farmer_1_field_1,2026-05-26,71.5,development,potato,8,18.0,0.0,sand,medium,48,drip,groundwater_well,11.5,0
farmer_1,farmer_1_field_1,2026-05-27,64.3,development,potato,9,18.0,0.6,sand,medium,49,drip,groundwater_well,11.5,0
farmer_1,farmer_1_field_1,2026-05-28,56.7,development,potato,10,18.0,0.0,sand,medium,50,drip,groundwater_well,11.5,0
farmer_1,farmer_1_field_1,2026-05-29,54.7,development,potato,11,18.0,0.0,sand,medium,51,drip,groundwater_well,11.5,0
farmer_1,farmer_1_field_1,2026-05-30,52.4,development,potato,12,18.0,0.2,sand,medium,52,drip,groundwater_well,11.5,0
farmer_1,farmer_1_field_1,2026-05-31,47.0,development,potato,13,18.0,0.0,sand,medium,53,drip,groundwater_well,11.5,1
farmer_1,farmer_1_field_1,2026-06-01,49.9,development,potato,14,18.0,0.0,sand,medium,54,drip,groundwater_well,11.5,1
farmer_1,farmer_1_field_1,2026-06-02,44.4,sensitive,potato,15,18.0,0.0,sand,medium,55,drip,groundwater_well,11.5,2
farmer_1,farmer_1_field_1,2026-06-03,58.5,sensitive,potato,1,18.0,0.1,sand,medium,56,drip,groundwater_well,11.5,0
farmer_1,farmer_1_field_1,2026-06-04,59.1,sensitive,potato,2,18.0,0.6,sand,medium,57,drip,groundwater_well,11.5,1
farmer_1,farmer_1_field_1,2026-06-05,76.2,sensitive,potato,1,17.1,0.0,sand,medium,58,drip,groundwater_well,11.5,0
farmer_1,farmer_1_field_1,2026-06-06,67.4,sensitive,potato,2,17.1,4.3,sand,medium,59,drip,groundwater_well,11.5,0
farmer_1,farmer_1_field_1,2026-06-07,68.6,sensitive,potato,3,17.1,0.5,sand,medium,60,drip,groundwater_well,11.5,0
farmer_1,farmer_1_field_1,2026-06-08,66.8,sensitive,potato,4,17.1,0.3,sand,medium,61,drip,groundwater_well,11.5,0
farmer_1,farmer_1_field_1,2026-06-09,51.8,sensitive,potato,5,17.1,0.3,sand,medium,62,drip,groundwater_well,11.5,1
farmer_1,farmer_1_field_1,2026-06-10,47.7,sensitive,potato,6,17.1,0.0,sand,medium,63,drip,groundwater_well,11.5,1
farmer_1,farmer_1_field_1,2026-06-11,43.8,sensitive,potato,7,17.1,0.0,sand,medium,64,drip,groundwater_well,11.5,2
farmer_1,farmer_1_field_1,2026-06-12,51.9,sensitive,potato,1,18.0,0.1,sand,medium,65,drip,groundwater_well,11.5,1
farmer_1,farmer_1_field_1,2026-06-13,51.9,sensitive,potato,2,18.0,0.6,sand,medium,66,drip,groundwater_well,11.5,2
farmer_1,farmer_1_field_1,2026-06-14,51.9,sensitive,potato,1,18.0,0.0,sand,medium,67,drip,groundwater_well,11.5,0
farmer_1,farmer_1_field_1,2026-06-15,51.9,sensitive,potato,2,18.0,0.0,sand,medium,68,drip,groundwater_well,11.5,1
farmer_1,farmer_1_field_1,2026-06-16,51.9,sensitive,potato,3,18.0,0.0,sand,medium,69,drip,groundwater_well,11.5,2
farmer_1,farmer_1_field_1,2026-06-17,51.9,sensitive,potato,1,18.0,0.0,sand,medium,70,drip,groundwater_well,11.5,1
farmer_1,farmer_1_field_1,2026-06-18,51.9,sensitive,potato,2,18.0,0.6,sand,medium,71,drip,groundwater_well,11.5,1
farmer_1,farmer_1_field_1,2026-06-19,51.9,sensitive,potato,1,18.0,0.5,sand,medium,72,drip,groundwater_well,11.5,0
farmer_1,farmer_1_field_1,2026-06-20,51.9,sensitive,potato,2,18.0,0.0,sand,medium,73,drip,groundwater_well,11.5,1
farmer_1,farmer_1_field_1,2026-06-21,51.9,sensitive,potato,1,16.6,0.0,sand,medium,74,drip,groundwater_well,11.5,0
farmer_1,farmer_1_field_1,2026-06-22,64.4,sensitive,potato,2,16.6,1.0,sand,medium,75,drip,groundwater_well,11.5,0
farmer_1,farmer_1_field_1,2026-06-23,60.7,sensitive,potato,3,16.6,0.6,sand,medium,76,drip,groundwater_well,11.5,1
farmer_1,farmer_1_field_1,2026-06-24,48.0,sensitive,potato,4,16.6,0.0,sand,medium,77,drip,groundwater_well,11.5,1
farmer_1,farmer_1_field_1,2026-06-25,37.5,sensitive,potato,5,16.6,0.4,sand,medium,78,drip,groundwater_well,11.5,2
farmer_1,farmer_1_field_1,2026-06-26,55.1,sensitive,potato,1,18.0,0.0,sand,medium,79,drip,groundwater_well,11.5,1
farmer_1,farmer_1_field_1,2026-06-27,70.1,sensitive,potato,1,18.0,0.6,sand,medium,80,drip,groundwater_well,11.5,0
farmer_1,farmer_1_field_1,2026-06-28,61.5,sensitive,potato,2,18.0,0.0,sand,medium,81,drip,groundwater_well,11.5,1
farmer_1,farmer_1_field_1,2026-06-29,50.7,sensitive,potato,3,18.0,0.0,sand,medium,82,drip,groundwater_well,11.5,1
farmer_1,farmer_1_field_1,2026-06-30,39.9,sensitive,potato,4,18.0,0.0,sand,medium,83,drip,groundwater_well,11.5,2
farmer_1,farmer_1_field_1,2026-07-01,50.6,sensitive,potato,1,18.0,0.1,sand,medium,84,drip,groundwater_well,11.5,1
farmer_1,farmer_1_field_1,2026-07-02,67.2,sensitive,potato,1,18.0,0.0,sand,medium,85,drip,groundwater_well,11.5,0
farmer_1,farmer_1_field_1,2026-07-03,55.2,sensitive,potato,2,18.0,0.0,sand,medium,86,drip,groundwater_well,11.5,1
farmer_1,farmer_1_field_1,2026-07-04,70.7,sensitive,potato,1,16.1,0.2,sand,medium,87,drip,groundwater_well,11.5,0
farmer_1,farmer_1_field_1,2026-07-05,58.6,sensitive,potato,2,16.1,0.0,sand,medium,88,drip,groundwater_well,11.5,1
farmer_1,farmer_1_field_1,2026-07-06,70.3,sensitive,potato,1,15.0,0.0,sand,medium,89,drip,groundwater_well,11.5,0
farmer_1,farmer_1_field_1,2026-07-07,62.5,sensitive,potato,2,15.0,0.0,sand,medium,90,drip,groundwater_well,11.5,1
farmer_1,farmer_1_field_1,2026-07-08,67.8,sensitive,potato,1,14.7,0.3,sand,medium,91,drip,groundwater_well,11.5,0
farmer_1,farmer_1_field_1,2026-07-09,61.2,sensitive,potato,2,14.7,0.3,sand,medium,92,drip,groundwater_well,11.5,1
farmer_1,farmer_1_field_1,2026-07-10,71.8,sensitive,potato,1,14.3,0.2,sand,medium,93,drip,groundwater_well,11.5,0
farmer_1,farmer_1_field_1,2026-07-11,56.2,sensitive,potato,2,14.3,0.4,sand,medium,94,drip,groundwater_well,11.5,1
farmer_1,farmer_1_field_1,2026-07-12,73.5,sensitive,potato,1,15.0,0.5,sand,medium,95,drip,groundwater_well,11.5,0
farmer_1,farmer_1_field_1,2026-07-13,64.6,sensitive,potato,2,15.0,0.0,sand,medium,96,drip,groundwater_well,11.5,0
farmer_1,farmer_1_field_1,2026-07-14,58.3,sensitive,potato,3,15.0,0.0,sand,medium,97,drip,groundwater_well,11.5,1
farmer_1,farmer_1_field_1,2026-07-15,43.0,sensitive,potato,4,15.0,0.0,sand,medium,98,drip,groundwater_well,11.5,2
farmer_1,farmer_1_field_1,2026-07-16,62.9,sensitive,potato,1,18.0,0.4,sand,medium,99,drip,groundwater_well,11.5,1
farmer_1,farmer_1_field_1,2026-07-17,53.2,late,potato,2,18.0,0.2,sand,medium,100,drip,groundwater_well,11.5,0
farmer_1,farmer_1_field_1,2026-07-18,44.9,late,potato,3,18.0,0.0,sand,medium,101,drip,groundwater_well,11.5,0
farmer_1,farmer_1_field_1,2026-07-19,37.9,late,potato,4,18.0,0.2,sand,medium,102,drip,groundwater_well,11.5,1
farmer_1,farmer_1_field_1,2026-07-20,60.2,late,potato,1,18.0,0.0,sand,medium,103,drip,groundwater_well,11.5,0
farmer_1,farmer_1_field_1,2026-07-21,48.7,late,potato,2,18.0,0.0,sand,medium,104,drip,groundwater_well,11.5,0
farmer_1,farmer_1_field_1,2026-07-22,45.7,late,potato,3,18.0,0.2,sand,medium,105,drip,groundwater_well,11.5,0
farmer_1,farmer_1_field_1,2026-07-23,,late,potato,4,18.0,0.0,sand,medium,106,drip,groundwater_well,11.5,1
farmer_1,farmer_1_field_1,2026-07-24,34.4,late,potato,5,18.0,0.2,sand,medium,107,drip,groundwater_well,11.5,1
farmer_1,farmer_1_field_1,2026-07-25,28.6,late,potato,6,18.0,0.0,sand,medium,108,drip,groundwater_well,11.5,1
farmer_1,farmer_1_field_1,2026-07-26,20.1,late,potato,7,18.0,0.2,sand,medium,109,drip,groundwater_well,11.5,2
farmer_1,farmer_1_field_1,2026-07-27,41.9,late,potato,1,18.0,0.0,sand,medium,110,drip,groundwater_well,11.5,0
farmer_1,farmer_1_field_1,2026-07-28,34.8,late,potato,2,18.0,0.0,sand,medium,111,drip,groundwater_well,11.5,1
farmer_1,farmer_1_field_1,2026-07-29,54.7,late,potato,1,18.0,0.1,sand,medium,112,drip,groundwater_well,11.5,0
farmer_1,farmer_1_field_1,2026-07-30,53.0,late,potato,2,18.0,0.3,sand,medium,113,drip,groundwater_well,11.5,0
farmer_1,farmer_1_field_1,2026-07-31,48.8,late,potato,3,18.0,6.1,sand,medium,114,drip,groundwater_well,11.5,0
farmer_1,farmer_1_field_1,2026-08-01,52.3,late,potato,4,18.0,0.5,sand,medium,115,drip,groundwater_well,11.5,0
farmer_1,farmer_1_field_1,2026-08-02,45.1,late,potato,5,18.0,0.0,sand,medium,116,drip,groundwater_well,11.5,0
farmer_1,farmer_1_field_1,2026-08-03,40.6,late,potato,6,18.0,6.5,sand,medium,117,drip,groundwater_well,11.5,1
farmer_1,farmer_1_field_1,2026-08-04,45.0,late,potato,7,18.0,0.0,sand,medium,118,drip,groundwater_well,11.5,0
farmer_1,farmer_1_field_1,2026-08-05,37.4,late,potato,8,18.0,0.3,sand,medium,119,drip,groundwater_well,11.5,1
farmer_1,farmer_1_field_1,2026-08-06,27.3,late,potato,9,18.0,0.0,sand,medium,120,drip,groundwater_well,11.5,1
farmer_1,farmer_1_field_1,2026-08-07,48.6,late,potato,1,18.0,0.0,sand,medium,121,drip,groundwater_well,11.5,0
farmer_1,farmer_1_field_1,2026-08-08,41.6,late,potato,2,18.0,0.5,sand,medium,122,drip,groundwater_well,11.5,0
farmer_1,farmer_1_field_1,2026-08-09,39.3,late,potato,3,18.0,0.0,sand,medium,123,drip,groundwater_well,11.5,0
farmer_1,farmer_1_field_1,2026-08-10,32.5,late,potato,4,18.0,0.9,sand,medium,124,drip,groundwater_well,11.5,1
farmer_1,farmer_1_field_1,2026-08-11,61.3,late,potato,1,18.0,0.0,sand,medium,125,drip,groundwater_well,11.5,0
farmer_1,farmer_1_field_1,2026-08-12,55.3,late,potato,2,18.0,0.0,sand,medium,126,drip,groundwater_well,11.5,0
farmer_1,farmer_1_field_1,2026-08-13,48.3,late,potato,3,18.0,0.0,sand,medium,127,drip,groundwater_well,11.5,0
farmer_1,farmer_1_field_1,2026-08-14,46.9,late,potato,4,18.0,0.0,sand,medium,128,drip,groundwater_well,11.5,0
farmer_1,farmer_1_field_1,2026-08-15,35.3,late,potato,5,18.0,0.5,sand,medium,129,drip,groundwater_well,11.5,1
farmer_1,farmer_1_field_1,2026-08-16,33.3,late,potato,6,18.0,0.3,sand,medium,130,drip,groundwater_well,11.5,1
farmer_1,farmer_1_field_1,2026-08-17,31.4,late,potato,7,18.0,0.0,sand,medium,131,drip,groundwater_well,11.5,1
farmer_1,farmer_1_field_1,2026-08-18,50.3,late,potato,1,18.0,0.0,sand,medium,132,drip,groundwater_well,11.5,0
farmer_1,farmer_1_field_1,2026-08-19,47.3,late,potato,2,18.0,0.0,sand,medium,133,drip,groundwater_well,11.5,0
farmer_1,farmer_1_field_1,2026-08-20,36.8,late,potato,3,18.0,1.9,sand,medium,134,drip,groundwater_well,11.5,1
farmer_1,farmer_1_field_1,2026-08-21,60.2,late,potato,1,18.0,0.4,sand,medium,135,drip,groundwater_well,11.5,0
farmer_1,farmer_1_field_1,2026-08-22,62.1,late,potato,2,18.0,0.0,sand,medium,136,drip,groundwater_well,11.5,0
farmer_1,farmer_1_field_1,2026-08-23,53.6,late,potato,3,18.0,0.6,sand,medium,137,drip,groundwater_well,11.5,0
farmer_1,farmer_1_field_1,2026-08-24,49.6,late,potato,4,18.0,0.5,sand,medium,138,drip,groundwater_well,11.5,0
farmer_1,farmer_1_field_1,2026-08-25,49.8,late,potato,5,18.0,0.0,sand,medium,139,drip,groundwater_well,11.5,0
farmer_1,farmer_1_field_1,2026-08-26,43.9,late,potato,6,18.0,0.0,sand,medium,140,drip,groundwater_well,11.5,0
farmer_1,farmer_1_field_1,2026-08-27,38.4,late,potato,7,18.0,0.0,sand,medium,141,drip,groundwater_well,11.5,1
farmer_1,farmer_1_field_1,2026-08-28,35.5,late,potato,8,18.0,2.1,sand,medium,142,drip,groundwater_well,11.5,1
farmer_1,farmer_1_field_1,2026-08-29,55.3,late,potato,1,18.0,0.0,sand,medium,143,drip,groundwater_well,11.5,0
farmer_1,farmer_1_field_1,2026-08-30,54.1,late,potato,2,18.0,0.0,sand,medium,144,drip,groundwater_well,11.5,0
farmer_1,farmer_1_field_1,2026-08-31,55.8,late,potato,3,18.0,0.0,sand,medium,145,drip,groundwater_well,11.5,0
farmer_1,farmer_1_field_1,2026-09-01,49.2,late,potato,4,18.0,0.5,sand,medium,146,drip,groundwater_well,11.5,0
farmer_1,farmer_1_field_1,2026-09-02,44.0,late,potato,5,18.0,0.3,sand,medium,147,drip,groundwater_well,11.5,0
farmer_1,farmer_1_field_1,2026-09-03,43.1,late,potato,6,18.0,0.3,sand,medium,148,drip,groundwater_well,11.5,0
farmer_1,farmer_1_field_1,2026-09-04,41.0,late,potato,7,18.0,0.4,sand,medium,149,drip,groundwater_well,11.5,1
farmer_1,farmer_1_field_1,2026-09-05,63.3,late,potato,1,18.0,0.9,sand,medium,150,drip,groundwater_well,11.5,0
farmer_1,farmer_1_field_1,2026-09-06,59.7,late,potato,2,18.0,0.0,sand,medium,151,drip,groundwater_well,11.5,0
farmer_1,farmer_1_field_1,2026-09-07,49.4,late,potato,3,18.0,0.3,sand,medium,152,drip,groundwater_well,11.5,0
farmer_1,farmer_1_field_1,2026-09-08,54.8,late,potato,4,18.0,0.0,sand,medium,153,drip,groundwater_well,11.5,0
farmer_1,farmer_1_field_1,2026-09-09,54.5,late,potato,5,18.0,0.1,sand,medium,154,drip,groundwater_well,11.5,0
farmer_1,farmer_1_field_1,2026-09-10,48.9,late,potato,6,18.0,0.7,sand,medium,155,drip,groundwater_well,11.5,0
farmer_1,farmer_1_field_1,2026-09-11,41.0,late,potato,7,18.0,0.0,sand,medium,156,drip,groundwater_well,11.5,0
farmer_1,farmer_1_field_1,2026-09-12,40.2,late,potato,8,18.0,0.8,sand,medium,157,drip,groundwater_well,11.5,1
farmer_1,farmer_1_field_1,2026-09-13,34.0,late,potato,9,18.0,0.0,sand,medium,158,drip,groundwater_well,11.5,1
farmer_1,farmer_1_field_1,2026-09-14,33.6,late,potato,10,18.0,0.0,sand,medium,159,drip,groundwater_well,11.5,1
farmer_1,farmer_1_field_1,2026-09-15,62.4,late,potato,1,18.0,0.7,sand,medium,160,drip,groundwater_well,11.5,0
farmer_1,farmer_1_field_1,2026-09-16,57.9,late,potato,2,18.0,0.0,sand,medium,161,drip,groundwater_well,11.5,0
farmer_1,farmer_1_field_1,2026-09-17,53.3,late,potato,3,18.0,0.2,sand,medium,162,drip,groundwater_well,11.5,0
farmer_1,farmer_1_field_1,2026-09-18,46.3,late,potato,4,18.0,0.0,sand,medium,163,drip,groundwater_well,11.5,0
farmer_1,farmer_1_field_1,2026-09-19,46.9,late,potato,5,18.0,0.3,sand,medium,164,drip,groundwater_well,11.5,0
farmer_1,farmer_1_field_1,2026-09-20,40.1,late,potato,6,18.0,0.0,sand,medium,165,drip,groundwater_well,11.5,1
farmer_1,farmer_1_field_1,2026-09-21,63.8,late,potato,1,18.0,0.0,sand,medium,166,drip,groundwater_well,11.5,0
farmer_1,farmer_1_field_1,2026-09-22,58.7,late,potato,2,18.0,0.2,sand,medium,167,drip,groundwater_well,11.5,0
farmer_1,farmer_1_field_1,2026-09-23,54.4,late,potato,3,18.0,0.0,sand,medium,168,drip,groundwater_well,11.5,0
farmer_1,farmer_1_field_1,2026-09-24,56.0,late,potato,4,18.0,0.2,sand,medium,169,drip,groundwater_well,11.5,0
farmer_1,farmer_1_field_1,2026-09-25,54.0,late,potato,5,18.0,0.5,sand,medium,170,drip,groundwater_well,11.5,0
farmer_1,farmer_1_field_1,2026-09-26,52.4,late,potato,6,18.0,0.5,sand,medium,171,drip,groundwater_well,11.5,0
farmer_1,farmer_1_field_1,2026-09-27,42.4,late,potato,7,18.0,2.7,sand,medium,172,drip,groundwater_well,11.5,0
farmer_1,farmer_1_field_1,2026-09-28,52.1,late,potato,8,18.0,0.0,sand,medium,173,drip,groundwater_well,11.5,0
farmer_1,farmer_1_field_1,2026-09-29,44.9,late,potato,9,18.0,0.5,sand,medium,174,drip,groundwater_well,11.5,0
farmer_1,farmer_1_field_1,2026-09-30,46.3,late,potato,10,18.0,0.1,sand,medium,175,drip,groundwater_well,11.5,0
farmer_1,farmer_1_field_2,2025-04-16,76.7,initial,potato,0,0.0,2.4,sand,late,0,drip,groundwater_well,26.4,0
farmer_1,farmer_1_field_2,2025-04-17,,initial,potato,1,0.0,0.5,sand,late,1,drip,groundwater_well,26.4,0
farmer_1,farmer_1_field_2,2025-04-18,74.7,initial,potato,2,0.0,0.2,sand,late,2,drip,groundwater_well,26.4,0
farmer_1,farmer_1_field_2,2025-04-19,74.4,initial,potato,3,0.0,0.4,sand,late,3,drip,groundwater_well,26.4,0
farmer_1,farmer_1_field_2,2025-04-20,73.7,initial,potato,4,0.0,0.0,sand,late,4,drip,groundwater_well,26.4,0
farmer_1,farmer_1_field_2,2025-04-21,70.7,initial,potato,5,0.0,0.0,sand,late,5,drip,groundwater_well,26.4,0
farmer_1,farmer_1_field_2,2025-04-22,69.3,initial,potato,6,0.0,2.9,sand,late,6,drip,groundwater_well,26.4,0
farmer_1,farmer_1_field_2,2025-04-23,74.3,initial,potato,7,0.0,0.2,sand,late,7,drip,groundwater_well,26.4,0
farmer_1,farmer_1_field_2,2025-04-24,70.3,initial,potato,8,0.0,0.0,sand,late,8,drip,groundwater_well,26.4,0
farmer_1,farmer_1_field_2,2025-04-25,69.0,initial,potato,9,0.0,0.0,sand,late,9,drip,groundwater_well,26.4,0
farmer_1,farmer_1_field_2,2025-04-26,66.3,initial,potato,10,0.0,0.6,sand,late,10,drip,groundwater_well,26.4,0
farmer_1,farmer_1_field_2,2025-04-27,62.7,initial,potato,11,0.0,3.5,sand,late,11,drip,groundwater_well,26.4,0
farmer_1,farmer_1_field_2,2025-04-28,65.5,initial,potato,12,0.0,0.0,sand,late,12,drip,groundwater_well,26.4,0
farmer_1,farmer_1_field_2,2025-04-29,64.6,initial,potato,13,0.0,0.1,sand,late,13,drip,groundwater_well,26.4,0
farmer_1,farmer_1_field_2,2025-04-30,58.0,initial,potato,14,0.0,1.2,sand,late,14,drip,groundwater_well,26.4,0
farmer_1,farmer_1_field_2,2025-05-01,62.4,initial,potato,15,0.0,0.6,sand,late,15,drip,groundwater_well,26.4,0
farmer_1,farmer_1_field_2,2025-05-02,59.4,initial,potato,16,0.0,0.2,sand,late,16,drip,groundwater_well,26.4,0
farmer_1,farmer_1_field_2,2025-05-03,61.8,initial,potato,17,0.0,1.9,sand,late,17,drip,groundwater_well,26.4,0
farmer_1,farmer_1_field_2,2025-05-04,61.1,initial,potato,18,0.0,0.4,sand,late,18,drip,groundwater_well,26.4,0
farmer_1,farmer_1_field_2,2025-05-05,59.8,initial,potato,19,0.0,0.5,sand,late,19,drip,groundwater_well,26.4,0
farmer_1,farmer_1_field_2,2025-05-06,60.3,initial,potato,20,0.0,0.0,sand,late,20,drip,groundwater_well,26.4,0
farmer_1,farmer_1_field_2,2025-05-07,61.1,initial,potato,21,0.0,0.6,sand,late,21,drip,groundwater_well,26.4,0
farmer_1,farmer_1_field_2,2025-05-08,56.7,initial,potato,22,0.0,0.0,sand,late,22,drip,groundwater_well,26.4,0
farmer_1,farmer_1_field_2,2025-05-09,49.2,initial,potato,23,0.0,0.3,sand,late,23,drip,groundwater_well,26.4,0
farmer_1,farmer_1_field_2,2025-05-10,52.9,initial,potato,24,0.0,0.2,sand,late,24,drip,groundwater_well,26.4,0
farmer_1,farmer_1_field_2,2025-05-11,47.9,initial,potato,25,0.0,0.0,sand,late,25,drip,groundwater_well,26.4,0
farmer_1,farmer_1_field_2,2025-05-12,47.2,initial,potato,26,0.0,0.2,sand,late,26,drip,groundwater_well,26.4,0
farmer_1,farmer_1_field_2,2025-05-13,47.3,initial,potato,27,0.0,0.0,sand,late,27,drip,groundwater_well,26.4,1
farmer_1,farmer_1_field_2,2025-05-14,68.7,initial,potato,1,18.0,0.2,sand,late,28,drip,groundwater_well,26.4,0
farmer_1,farmer_1_field_2,2025-05-15,64.3,development,potato,2,18.0,0.0,sand,late,29,drip,groundwater_well,26.4,0
farmer_1,farmer_1_field_2,2025-05-16,56.8,development,potato,3,18.0,0.0,sand,late,30,drip,groundwater_well,26.4,0
farmer_1,farmer_1_field_2,2025-05-17,57.0,development,potato,4,18.0,5.1,sand,late,31,drip,groundwater_well,26.4,0
farmer_1,farmer_1_field_2,2025-05-18,57.4,development,potato,5,18.0,0.9,sand,late,32,drip,groundwater_well,26.4,0
farmer_1,farmer_1_field_2,2025-05-19,57.4,development,potato,6,18.0,6.6,sand,late,33,drip,groundwater_well,26.4,0
farmer_1,farmer_1_field_2,2025-05-20,57.4,development,potato,7,18.0,0.0,sand,late,34,drip,groundwater_well,26.4,0
farmer_1,farmer_1_field_2,2025-05-21,57.4,development,potato,8,18.0,3.8,sand,late,35,drip,groundwater_well,26.4,0
farmer_1,farmer_1_field_2,2025-05-22,57.4,development,potato,9,18.0,0.1,sand,late,36,drip,groundwater_well,26.4,0
farmer_1,farmer_1_field_2,2025-05-23,57.4,development,potato,10,18.0,0.0,sand,late,37,drip,groundwater_well,26.4,0
farmer_1,farmer_1_field_2,2025-05-24,57.4,development,potato,11,18.0,0.0,sand,late,38,drip,groundwater_well,26.4,1
farmer_1,farmer_1_field_2,2025-05-25,57.4,development,potato,12,18.0,2.8,sand,late,39,drip,groundwater_well,26.4,1
farmer_1,farmer_1_field_2,2025-05-26,57.4,development,potato,1,18.0,0.2,sand,late,40,drip,groundwater_well,26.4,0
farmer_1,farmer_1_field_2,2025-05-27,68.2,development,potato,2,18.0,0.0,sand,late,41,drip,groundwater_well,26.4,0
farmer_1,farmer_1_field_2,2025-05-28,60.5,development,potato,3,18.0,0.3,sand,late,42,drip,groundwater_well,26.4,0
farmer_1,farmer_1_field_2,2025-05-29,53.7,development,potato,4,18.0,0.6,sand,late,43,drip,groundwater_well,26.4,0
farmer_1,farmer_1_field_2,2025-05-30,50.1,development,potato,5,18.0,0.2,sand,late,44,drip,groundwater_well,26.4,1
farmer_1,farmer_1_field_2,2025-05-31,44.4,development,potato,6,18.0,0.0,sand,late,45,drip,groundwater_well,26.4,1
farmer_1,farmer_1_field_2,2025-06-01,62.4,development,potato,1,18.0,0.0,sand,late,46,drip,groundwater_well,26.4,0
farmer_1,farmer_1_field_2,2025-06-02,60.9,development,potato,2,18.0,0.0,sand,late,47,drip,groundwater_well,26.4,0
farmer_1,farmer_1_field_2,2025-06-03,50.6,development,potato,3,18.0,0.0,sand,late,48,drip,groundwater_well,26.4,0
farmer_1,farmer_1_field_2,2025-06-04,45.7,development,potato,4,18.0,0.8,sand,late,49,drip,groundwater_well,26.4,1
farmer_1,farmer_1_field_2,2025-06-05,50.5,development,potato,5,18.0,0.0,sand,late,50,drip,groundwater_well,26.4,1
farmer_1,farmer_1_field_2,2025-06-06,39.8,development,potato,6,18.0,0.4,sand,late,51,drip,groundwater_well,26.4,1
farmer_1,farmer_1_field_2,2025-06-07,55.7,development,potato,1,18.0,14.4,sand,late,52,drip,groundwater_well,26.4,0
farmer_1,farmer_1_field_2,2025-06-08,68.8,development,potato,2,18.0,14.9,sand,late,53,drip,groundwater_well,26.4,0
farmer_1,farmer_1_field_2,2025-06-09,90.7,development,potato,3,18.0,0.4,sand,late,54,drip,groundwater_well,26.4,0
farmer_1,farmer_1_field_2,2025-06-10,81.2,development,potato,4,18.0,0.0,sand,late,55,drip,groundwater_well,26.4,0
farmer_1,farmer_1_field_2,2025-06-11,75.8,development,potato,5,18.0,0.6,sand,late,56,drip,groundwater_well,26.4,0
farmer_1,farmer_1_field_2,2025-06-12,75.2,development,potato,6,18.0,0.0,sand,late,57,drip,groundwater_well,26.4,0
farmer_1,farmer_1_field_2,2025-06-13,72.6,development,potato,7,18.0,0.0,sand,late,58,drip,groundwater_well,26.4,0
farmer_1,farmer_1_field_2,2025-06-14,67.7,development,potato,8,18.0,0.3,sand,late,59,drip,groundwater_well,26.4,0
farmer_1,farmer_1_field_2,2025-06-15,61.1,development,potato,9,18.0,0.1,sand,late,60,drip,groundwater_well,26.4,0
farmer_1,farmer_1_field_2,2025-06-16,59.6,development,potato,10,18.0,0.1,sand,late,61,drip,groundwater_well,26.4,0
farmer_1,farmer_1_field_2,2025-06-17,50.7,development,potato,11,18.0,2.1,sand,late,62,drip,groundwater_well,26.4,0
farmer_1,farmer_1_field_2,2025-06-18,44.1,sensitive,potato,12,18.0,17.4,sand,late,63,drip,groundwater_well,26.4,1
farmer_1,farmer_1_field_2,2025-06-19,67.1,sensitive,potato,13,18.0,0.0,sand,late,64,drip,groundwater_well,26.4,0
farmer_1,farmer_1_field_2,2025-06-20,58.2,sensitive,potato,14,18.0,0.4,sand,late,65,drip,groundwater_well,26.4,1
farmer_1,farmer_1_field_2,2025-06-21,50.3,sensitive,potato,15,18.0,0.0,sand,late,66,drip,groundwater_well,26.4,1
farmer_1,farmer_1_field_2,2025-06-22,65.9,sensitive,potato,1,18.0,0.5,sand,late,67,drip,groundwater_well,26.4,0
farmer_1,farmer_1_field_2,2025-06-23,63.9,sensitive,potato,2,18.0,0.0,sand,late,68,drip,groundwater_well,26.4,0
farmer_1,farmer_1_field_2,2025-06-24,52.6,sensitive,potato,3,18.0,0.0,sand,late,69,drip,groundwater_well,26.4,1
farmer_1,farmer_1_field_2,2025-06-25,46.4,sensitive,potato,4,18.0,0.4,sand,late,70,drip,groundwater_well,26.4,1
farmer_1,farmer_1_field_2,2025-06-26,68.2,sensitive,potato,1,18.0,0.1,sand,late,71,drip,groundwater_well,26.4,0
farmer_1,farmer_1_field_2,2025-06-27,52.2,sensitive,potato,2,18.0,0.0,sand,late,72,drip,groundwater_well,26.4,1
farmer_1,farmer_1_field_2,2025-06-28,73.6,sensitive,potato,1,18.0,2.1,sand,late,73,drip,groundwater_well,26.4,0
farmer_1,farmer_1_field_2,2025-06-29,68.6,sensitive,potato,2,18.0,0.2,sand,late,74,drip,groundwater_well,26.4,0
farmer_1,farmer_1_field_2,2025-06-30,67.3,sensitive,potato,3,18.0,0.0,sand,late,75,drip,groundwater_well,26.4,0
farmer_1,farmer_1_field_2,2025-07-01,52.0,sensitive,potato,4,18.0,0.3,sand,late,76,drip,groundwater_well,26.4,1
farmer_1,farmer_1_field_2,2025-07-02,46.1,sensitive,potato,5,18.0,0.0,sand,late,77,drip,groundwater_well,26.4,1
farmer_1,farmer_1_field_2,2025-07-03,62.3,sensitive,potato,1,18.0,0.7,sand,late,78,drip,groundwater_well,26.4,0
farmer_1,farmer_1_field_2,2025-07-04,47.1,sensitive,potato,2,18.0,0.0,sand,late,79,drip,groundwater_well,26.4,1
farmer_1,farmer_1_field_2,2025-07-05,36.5,sensitive,potato,3,18.0,0.1,sand,late,80,drip,groundwater_well,26.4,2
farmer_1,farmer_1_field_2,2025-07-06,55.4,sensitive,potato,1,18.0,0.0,sand,late,81,drip,groundwater_well,26.4,1
farmer_1,farmer_1_field_2,2025-07-07,49.4,sensitive,potato,2,18.0,0.0,sand,late,82,drip,groundwater_well,26.4,1
farmer_1,farmer_1_field_2,2025-07-08,36.2,sensitive,potato,3,18.0,0.0,sand,late,83,drip,groundwater_well,26.4,2
farmer_1,farmer_1_field_2,2025-07-09,51.9,sensitive,potato,1,18.0,0.0,sand,late,84,drip,groundwater_well,26.4,1
farmer_1,farmer_1_field_2,2025-07-10,40.4,sensitive,potato,2,18.0,0.0,sand,late,85,drip,groundwater_well,26.4,2
farmer_1,farmer_1_field_2,2025-07-11,69.5,sensitive,potato,1,18.0,0.0,sand,late,86,drip,groundwater_well,26.4,1
farmer_1,farmer_1_field_2,2025-07-12,48.5,sensitive,potato,2,18.0,0.5,sand,late,87,drip,groundwater_well,26.4,1
farmer_1,farmer_1_field_2,2025-07-13,65.1,sensitive,potato,1,18.0,0.0,sand,late,88,drip,groundwater_well,26.4,0
farmer_1,farmer_1_field_2,2025-07-14,58.9,sensitive,potato,2,18.0,0.1,sand,late,89,drip,groundwater_well,26.4,1
farmer_1,farmer_1_field_2,2025-07-15,49.8,sensitive,potato,3,18.0,0.0,sand,late,90,drip,groundwater_well,26.4,1
farmer_1,farmer_1_field_2,2025-07-16,39.0,sensitive,potato,4,18.0,0.0,sand,late,91,drip,groundwater_well,26.4,2
farmer_1,farmer_1_field_2,2025-07-17,59.5,sensitive,potato,1,18.0,0.0,sand,late,92,drip,groundwater_well,26.4,1
farmer_1,farmer_1_field_2,2025-07-18,55.1,sensitive,potato,2,18.0,1.8,sand,late,93,drip,groundwater_well,26.4,1
farmer_1,farmer_1_field_2,2025-07-19,52.1,sensitive,potato,3,18.0,7.3,sand,late,94,drip,groundwater_well,26.4,1
farmer_1,farmer_1_field_2,2025-07-20,71.9,sensitive,potato,1,18.0,0.7,sand,late,95,drip,groundwater_well,26.4,0
farmer_1,farmer_1_field_2,2025-07-21,68.1,sensitive,potato,2,18.0,0.0,sand,late,96,drip,groundwater_well,26.4,0
farmer_1,farmer_1_field_2,2025-07-22,57.2,sensitive,potato,3,18.0,0.7,sand,late,97,drip,groundwater_well,26.4,1
farmer_1,farmer_1_field_2,2025-07-23,76.3,sensitive,potato,1,18.0,0.7,sand,late,98,drip,groundwater_well,26.4,0
farmer_1,farmer_1_field_2,2025-07-24,67.6,sensitive,potato,2,18.0,0.5,sand,late,99,drip,groundwater_well,26.4,0
farmer_1,farmer_1_field_2,2025-07-25,59.7,sensitive,potato,3,18.0,0.0,sand,late,100,drip,groundwater_well,26.4,0
farmer_1,farmer_1_field_2,2025-07-26,51.0,sensitive,potato,4,18.0,0.0,sand,late,101,drip,groundwater_well,26.4,1
farmer_1,farmer_1_field_2,2025-07-27,47.0,sensitive,potato,5,18.0,2.3,sand,late,102,drip,groundwater_well,26.4,2
farmer_1,farmer_1_field_2,2025-07-28,62.5,sensitive,potato,1,18.0,0.0,sand,late,103,drip,groundwater_well,26.4,0
farmer_1,farmer_1_field_2,2025-07-29,51.7,sensitive,potato,2,18.0,5.1,sand,late,104,drip,groundwater_well,26.4,1
farmer_1,farmer_1_field_2,2025-07-30,51.0,sensitive,potato,3,18.0,0.5,sand,late,105,drip,groundwater_well,26.4,1
farmer_1,farmer_1_field_2,2025-07-31,46.1,sensitive,potato,4,18.0,0.0,sand,late,106,drip,groundwater_well,26.4,1
farmer_1,farmer_1_field_2,2025-08-01,32.7,sensitive,potato,5,18.0,0.4,sand,late,107,drip,groundwater_well,26.4,2
farmer_1,farmer_1_field_2,2025-08-02,59.8,sensitive,potato,1,18.0,0.0,sand,late,108,drip,groundwater_well,26.4,1
farmer_1,farmer_1_field_2,2025-08-03,74.0,sensitive,potato,1,18.0,0.0,sand,late,109,drip,groundwater_well,26.4,0
farmer_1,farmer_1_field_2,2025-08-04,66.9,sensitive,potato,2,18.0,0.9,sand,late,110,drip,groundwater_well,26.4,0
farmer_1,farmer_1_field_2,2025-08-05,57.0,sensitive,potato,3,18.0,0.1,sand,late,111,drip,groundwater_well,26.4,1
farmer_1,farmer_1_field_2,2025-08-06,51.7,sensitive,potato,4,18.0,6.5,sand,late,112,drip,groundwater_well,26.4,1
farmer_1,farmer_1_field_2,2025-08-07,45.9,sensitive,potato,5,18.0,0.0,sand,late,113,drip,groundwater_well,26.4,1
farmer_1,farmer_1_field_2,2025-08-08,43.7,sensitive,potato,6,18.0,0.3,sand,late,114,drip,groundwater_well,26.4,1
farmer_1,farmer_1_field_2,2025-08-09,33.0,late,potato,7,18.0,0.5,sand,late,115,drip,groundwater_well,26.4,1
farmer_1,farmer_1_field_2,2025-08-10,60.4,late,potato,1,18.0,0.0,sand,late,116,drip,groundwater_well,26.4,0
farmer_1,farmer_1_field_2,2025-08-11,59.2,late,potato,2,18.0,1.6,sand,late,117,drip,groundwater_well,26.4,0
farmer_1,farmer_1_field_2,2025-08-12,45.4,late,potato,3,18.0,0.5,sand,late,118,drip,groundwater_well,26.4,0
farmer_1,farmer_1_field_2,2025-08-13,50.0,late,potato,4,18.0,0.0,sand,late,119,drip,groundwater_well,26.4,0
farmer_1,farmer_1_field_2,2025-08-14,37.5,late,potato,5,18.0,0.0,sand,late,120,drip,groundwater_well,26.4,0
farmer_1,farmer_1_field_2,2025-08-15,37.0,late,potato,6,18.0,0.0,sand,late,121,drip,groundwater_well,26.4,1
farmer_1,farmer_1_field_2,2025-08-16,59.0,late,potato,1,18.0,0.1,sand,late,122,drip,groundwater_well,26.4,0
farmer_1,farmer_1_field_2,2025-08-17,54.0,late,potato,2,18.0,0.2,sand,late,123,drip,groundwater_well,26.4,0
farmer_1,farmer_1_field_2,2025-08-18,45.5,late,potato,3,18.0,0.0,sand,late,124,drip,groundwater_well,26.4,0
farmer_1,farmer_1_field_2,2025-08-19,42.4,late,potato,4,18.0,0.1,sand,late,125,drip,groundwater_well,26.4,0
farmer_1,farmer_1_field_2,2025-08-20,35.9,late,potato,5,18.0,0.4,sand,late,126,drip,groundwater_well,26.4,1
farmer_1,farmer_1_field_2,2025-08-21,29.3,late,potato,6,18.0,0.0,sand,late,127,drip,groundwater_well,26.4,1
farmer_1,farmer_1_field_2,2025-08-22,50.4,late,potato,1,18.0,0.3,sand,late,128,drip,groundwater_well,26.4,0
farmer_1,farmer_1_field_2,2025-08-23,45.8,late,potato,2,18.0,0.0,sand,late,129,drip,groundwater_well,26.4,0
farmer_1,farmer_1_field_2,2025-08-24,42.8,late,potato,3,18.0,0.0,sand,late,130,drip,groundwater_well,26.4,0
farmer_1,farmer_1_field_2,2025-08-25,41.1,late,potato,4,18.0,0.0,sand,late,131,drip,groundwater_well,26.4,1
farmer_1,farmer_1_field_2,2025-08-26,38.7,late,potato,5,18.0,0.1,sand,late,132,drip,groundwater_well,26.4,1
farmer_1,farmer_1_field_2,2025-08-27,26.2,late,potato,6,18.0,0.0,sand,late,133,drip,groundwater_well,26.4,1
farmer_1,farmer_1_field_2,2025-08-28,24.4,late,potato,7,18.0,12.4,sand,late,134,drip,groundwater_well,26.4,2
farmer_1,farmer_1_field_2,2025-08-29,66.4,late,potato,1,18.0,0.5,sand,late,135,drip,groundwater_well,26.4,0
farmer_1,farmer_1_field_2,2025-08-30,60.5,late,potato,2,18.0,0.0,sand,late,136,drip,groundwater_well,26.4,0
farmer_1,farmer_1_field_2,2025-08-31,48.6,late,potato,3,18.0,0.3,sand,late,137,drip,groundwater_well,26.4,0
farmer_1,farmer_1_field_2,2025-09-01,46.6,late,potato,4,18.0,0.0,sand,late,138,drip,groundwater_well,26.4,0
farmer_1,farmer_1_field_2,2025-09-02,44.8,late,potato,5,18.0,0.2,sand,late,139,drip,groundwater_well,26.4,0
farmer_1,farmer_1_field_2,2025-09-03,45.6,late,potato,6,18.0,0.2,sand,late,140,drip,groundwater_well,26.4,0
farmer_1,farmer_1_field_2,2025-09-04,38.9,late,potato,7,18.0,0.5,sand,late,141,drip,groundwater_well,26.4,1
farmer_1,farmer_1_field_2,2025-09-05,28.6,late,potato,8,18.0,0.0,sand,late,142,drip,groundwater_well,26.4,1
farmer_1,farmer_1_field_2,2025-09-06,31.7,late,potato,9,18.0,0.0,sand,late,143,drip,groundwater_well,26.4,1
farmer_1,farmer_1_field_2,2025-09-07,22.0,late,potato,10,18.0,0.0,sand,late,144,drip,groundwater_well,26.4,1
farmer_1,farmer_1_field_2,2025-09-08,17.3,late,potato,11,18.0,0.0,sand,late,145,drip,groundwater_well,26.4,2
farmer_1,farmer_1_field_2,2025-09-09,40.3,late,potato,1,18.0,0.3,sand,late,146,drip,groundwater_well,26.4,0
farmer_1,farmer_1_field_2,2025-09-10,38.1,late,potato,2,18.0,0.0,sand,late,147,drip,groundwater_well,26.4,1
farmer_1,farmer_1_field_2,2025-09-11,31.9,late,potato,3,18.0,0.0,sand,late,148,drip,groundwater_well,26.4,1
farmer_1,farmer_1_field_2,2025-09-12,32.7,late,potato,4,18.0,0.0,sand,late,149,drip,groundwater_well,26.4,1
farmer_1,farmer_1_field_2,2025-09-13,29.0,late,potato,5,18.0,0.0,sand,late,150,drip,groundwater_well,26.4,1
farmer_1,farmer_1_field_2,2025-09-14,27.4,late,potato,6,18.0,2.0,sand,late,151,drip,groundwater_well,26.4,2
farmer_1,farmer_1_field_2,2025-09-15,51.2,late,potato,1,18.0,0.0,sand,late,152,drip,groundwater_well,26.4,0
farmer_1,farmer_1_field_2,2025-09-16,44.7,late,potato,2,18.0,3.1,sand,late,153,drip,groundwater_well,26.4,0
farmer_1,farmer_1_field_2,2025-09-17,42.1,late,potato,3,18.0,1.1,sand,late,154,drip,groundwater_well,26.4,0
farmer_1,farmer_1_field_2,2025-09-18,37.7,late,potato,4,18.0,0.0,sand,late,155,drip,groundwater_well,26.4,0
farmer_1,farmer_1_field_2,2025-09-19,33.1,late,potato,5,18.0,0.1,sand,late,156,drip,groundwater_well,26.4,1
farmer_1,farmer_1_field_2,2025-09-20,34.4,late,potato,6,18.0,0.2,sand,late,157,drip,groundwater_well,26.4,1
farmer_1,farmer_1_field_2,2025-09-21,28.8,late,potato,7,18.0,0.0,sand,late,158,drip,groundwater_well,26.4,1
farmer_1,farmer_1_field_2,2025-09-22,32.4,late,potato,8,18.0,0.0,sand,late,159,drip,groundwater_well,26.4,1
farmer_1,farmer_1_field_2,2025-09-23,47.1,late,potato,1,18.0,0.0,sand,late,160,drip,groundwater_well,26.4,0
farmer_1,farmer_1_field_2,2025-09-24,44.1,late,potato,2,18.0,0.0,sand,late,161,drip,groundwater_well,26.4,0
farmer_1,farmer_1_field_2,2025-09-25,42.0,late,potato,3,18.0,0.0,sand,late,162,drip,groundwater_well,26.4,0
farmer_1,farmer_1_field_2,2025-09-26,31.5,late,potato,4,18.0,0.5,sand,late,163,drip,groundwater_well,26.4,1
farmer_1,farmer_1_field_2,2025-09-27,63.6,late,potato,1,18.0,0.0,sand,late,164,drip,groundwater_well,26.4,0
farmer_1,farmer_1_field_2,2025-09-28,59.6,late,potato,2,18.0,0.0,sand,late,165,drip,groundwater_well,26.4,0
farmer_1,farmer_1_field_2,2025-09-29,61.6,late,potato,3,18.0,0.1,sand,late,166,drip,groundwater_well,26.4,0
farmer_1,farmer_1_field_2,2025-09-30,54.1,late,potato,4,18.0,0.5,sand,late,167,drip,groundwater_well,26.4,0
farmer_1,farmer_1_field_2,2026-04-16,77.0,initial,potato,0,0.0,0.3,sand,late,0,drip,groundwater_well,26.4,0
farmer_1,farmer_1_field_2,2026-04-17,68.2,initial,potato,1,0.0,0.9,sand,late,1,drip,groundwater_well,26.4,0
farmer_1,farmer_1_field_2,2026-04-18,,initial,potato,2,0.0,0.0,sand,late,2,drip,groundwater_well,26.4,0
farmer_1,farmer_1_field_2,2026-04-19,64.7,initial,potato,3,0.0,0.0,sand,late,3,drip,groundwater_well,26.4,0
farmer_1,farmer_1_field_2,2026-04-20,66.6,initial,potato,4,0.0,0.0,sand,late,4,drip,groundwater_well,26.4,0
farmer_1,farmer_1_field_2,2026-04-21,67.1,initial,potato,5,0.0,0.0,sand,late,5,drip,groundwater_well,26.4,0
farmer_1,farmer_1_field_2,2026-04-22,61.1,initial,potato,6,0.0,0.0,sand,late,6,drip,groundwater_well,26.4,0
farmer_1,farmer_1_field_2,2026-04-23,58.3,initial,potato,7,0.0,0.0,sand,late,7,drip,groundwater_well,26.4,0
farmer_1,farmer_1_field_2,2026-04-24,61.3,initial,potato,8,0.0,0.0,sand,late,8,drip,groundwater_well,26.4,0
farmer_1,farmer_1_field_2,2026-04-25,53.8,initial,potato,9,0.0,0.2,sand,late,9,drip,groundwater_well,26.4,0
farmer_1,farmer_1_field_2,2026-04-26,56.0,initial,potato,10,0.0,0.0,sand,late,10,drip,groundwater_well,26.4,0
farmer_1,farmer_1_field_2,2026-04-27,46.2,initial,potato,11,0.0,0.2,sand,late,11,drip,groundwater_well,26.4,0
farmer_1,farmer_1_field_2,2026-04-28,52.3,initial,potato,12,0.0,0.1,sand,late,12,drip,groundwater_well,26.4,0
farmer_1,farmer_1_field_2,2026-04-29,47.1,initial,potato,13,0.0,0.4,sand,late,13,drip,groundwater_well,26.4,0
farmer_1,farmer_1_field_2,2026-04-30,45.3,initial,potato,14,0.0,0.0,sand,late,14,drip,groundwater_well,26.4,0
farmer_1,farmer_1_field_2,2026-05-01,41.7,initial,potato,15,0.0,0.0,sand,late,15,drip,groundwater_well,26.4,1
farmer_1,farmer_1_field_2,2026-05-02,64.1,initial,potato,1,18.0,0.0,sand,late,16,drip,groundwater_well,26.4,0
farmer_1,farmer_1_field_2,2026-05-03,64.1,initial,potato,2,18.0,6.8,sand,late,17,drip,groundwater_well,26.4,0
farmer_1,farmer_1_field_2,2026-05-04,64.1,initial,potato,3,18.0,0.0,sand,late,18,drip,groundwater_well,26.4,0
farmer_1,farmer_1_field_2,2026-05-05,64.1,initial,potato,4,18.0,4.1,sand,late,19,drip,groundwater_well,26.4,0
farmer_1,farmer_1_field_2,2026-05-06,64.1,initial,potato,5,18.0,0.9,sand,late,20,drip,groundwater_well,26.4,0
farmer_1,farmer_1_field_2,2026-05-07,64.1,initial,potato,6,18.0,5.5,sand,late,21,drip,groundwater_well,26.4,0
farmer_1,farmer_1_field_2,2026-05-08,64.1,initial,potato,7,18.0,0.1,sand,late,22,drip,groundwater_well,26.4,0
farmer_1,farmer_1_field_2,2026-05-09,64.1,initial,potato,8,18.0,0.0,sand,late,23,drip,groundwater_well,26.4,0
farmer_1,farmer_1_field_2,2026-05-10,64.1,initial,potato,9,18.0,0.4,sand,late,24,drip,groundwater_well,26.4,0
farmer_1,farmer_1_field_2,2026-05-11,64.1,initial,potato,10,18.0,0.4,sand,late,25,drip,groundwater_well,26.4,0
farmer_1,farmer_1_field_2,2026-05-12,64.1,initial,potato,11,18.0,0.2,sand,late,26,drip,groundwater_well,26.4,0
farmer_1,farmer_1_field_2,2026-05-13,65.8,initial,potato,12,18.0,1.7,sand,late,27,drip,groundwater_well,26.4,0
farmer_1,farmer_1_field_2,2026-05-14,61.3,initial,potato,13,18.0,0.0,sand,late,28,drip,groundwater_well,26.4,0
farmer_1,farmer_1_field_2,2026-05-15,66.7,development,potato,14,18.0,0.0,sand,late,29,drip,groundwater_well,26.4,0
farmer_1,farmer_1_field_2,2026-05-16,59.5,development,potato,15,18.0,0.0,sand,late,30,drip,groundwater_well,26.4,0
farmer_1,farmer_1_field_2,2026-05-17,,development,potato,16,18.0,0.6,sand,late,31,drip,groundwater_well,26.4,0
farmer_1,farmer_1_field_2,2026-05-18,48.3,development,potato,17,18.0,0.0,sand,late,32,drip,groundwater_well,26.4,0
farmer_1,farmer_1_field_2,2026-05-19,51.8,development,potato,18,18.0,0.4,sand,late,33,drip,groundwater_well,26.4,1
farmer_1,farmer_1_field_2,2026-05-20,34.3,development,potato,19,18.0,0.0,sand,late,34,drip,groundwater_well,26.4,1
farmer_1,farmer_1_field_2,2026-05-21,33.1,development,potato,20,18.0,10.4,sand,late,35,drip,groundwater_well,26.4,1
farmer_1,farmer_1_field_2,2026-05-22,75.4,development,potato,1,18.0,4.4,sand,late,36,drip,groundwater_well,26.4,0
farmer_1,farmer_1_field_2,2026-05-23,81.9,development,potato,2,18.0,0.0,sand,late,37,drip,groundwater_well,26.4,0
farmer_1,farmer_1_field_2,2026-05-24,66.0,development,potato,3,18.0,0.0,sand,late,38,drip,groundwater_well,26.4,0
farmer_1,farmer_1_field_2,2026-05-25,72.9,development,potato,4,18.0,0.0,sand,late,39,drip,groundwater_well,26.4,0
farmer_1,farmer_1_field_2,2026-05-26,57.0,development,potato,5,18.0,0.0,sand,late,40,drip,groundwater_well,26.4,0
farmer_1,farmer_1_field_2,2026-05-27,52.9,development,potato,6,18.0,0.6,sand,late,41,drip,groundwater_well,26.4,0
farmer_1,farmer_1_field_2,2026-05-28,54.4,development,potato,7,18.0,0.0,sand,late,42,drip,groundwater_well,26.4,0
farmer_1,farmer_1_field_2,2026-05-29,44.0,development,potato,8,18.0,0.0,sand,late,43,drip,groundwater_well,26.4,1
farmer_1,farmer_1_field_2,2026-05-30,39.3,development,potato,9,18.0,0.2,sand,late,44,drip,groundwater_well,26.4,1
farmer_1,farmer_1_field_2,2026-05-31,63.9,development,potato,1,18.0,0.0,sand,late,45,drip,groundwater_well,26.4,0
farmer_1,farmer_1_field_2,2026-06-01,61.9,development,potato,2,18.0,0.0,sand,late,46,drip,groundwater_well,26.4,0
farmer_1,farmer_1_field_2,2026-06-02,58.9,development,potato,3,18.0,0.0,sand,late,47,drip,groundwater_well,26.4,0
farmer_1,farmer_1_field_2,2026-06-03,50.1,development,potato,4,18.0,0.1,sand,late,48,drip,groundwater_well,26.4,0
farmer_1,farmer_1_field_2,2026-06-04,44.6,development,potato,5,18.0,0.6,sand,late,49,drip,groundwater_well,26.4,1
farmer_1,farmer_1_field_2,2026-06-05,65.0,development,potato,1,18.0,0.0,sand,late,50,drip,groundwater_well,26.4,0
farmer_1,farmer_1_field_2,2026-06-06,65.2,development,potato,2,18.0,4.3,sand,late,51,drip,groundwater_well,26.4,0
farmer_1,farmer_1_field_2,2026-06-07,64.5,development,potato,3,18.0,0.5,sand,late,52,drip,groundwater_well,26.4,0
farmer_1,farmer_1_field_2,2026-06-08,62.4,development,potato,4,18.0,0.3,sand,late,53,drip,groundwater_well,26.4,0
farmer_1,farmer_1_field_2,2026-06-09,53.5,development,potato,5,18.0,0.3,sand,late,54,drip,groundwater_well,26.4,0
farmer_1,farmer_1_field_2,2026-06-10,39.8,development,potato,6,18.0,0.0,sand,late,55,drip,groundwater_well,26.4,1
farmer_1,farmer_1_field_2,2026-06-11,60.8,development,potato,1,18.0,0.0,sand,late,56,drip,groundwater_well,26.4,0
farmer_1,farmer_1_field_2,2026-06-12,55.6,development,potato,2,18.0,0.1,sand,late,57,drip,groundwater_well,26.4,0
farmer_1,farmer_1_field_2,2026-06-13,52.3,development,potato,3,18.0,0.6,sand,late,58,drip,groundwater_well,26.4,1
farmer_1,farmer_1_field_2,2026-06-14,68.5,development,potato,1,18.0,0.0,sand,late,59,drip,groundwater_well,26.4,0
farmer_1,farmer_1_field_2,2026-06-15,59.7,development,potato,2,18.0,0.0,sand,late,60,drip,groundwater_well,26.4,0
farmer_1,farmer_1_field_2,2026-06-16,49.3,development,potato,3,18.0,0.0,sand,late,61,drip,groundwater_well,26.4,0
farmer_1,farmer_1_field_2,2026-06-17,35.2,development,potato,4,18.0,0.0,sand,late,62,drip,groundwater_well,26.4,1
farmer_1,farmer_1_field_2,2026-06-18,32.0,sensitive,potato,5,18.0,0.6,sand,late,63,drip,groundwater_well,26.4,2
farmer_1,farmer_1_field_2,2026-06-19,49.3,sensitive,potato,1,18.0,0.5,sand,late,64,drip,groundwater_well,26.4,1
farmer_1,farmer_1_field_2,2026-06-20,59.3,sensitive,potato,1,18.0,0.0,sand,late,65,drip,groundwater_well,26.4,0
farmer_1,farmer_1_field_2,2026-06-21,54.7,sensitive,potato,2,18.0,0.0,sand,late,66,drip,groundwater_well,26.4,1
farmer_1,farmer_1_field_2,2026-06-22,63.3,sensitive,potato,1,18.0,1.0,sand,late,67,drip,groundwater_well,26.4,0
farmer_1,farmer_1_field_2,2026-06-23,61.6,sensitive,potato,2,18.0,0.6,sand,late,68,drip,groundwater_well,26.4,1
farmer_1,farmer_1_field_2,2026-06-24,76.6,sensitive,potato,1,18.0,0.0,sand,late,69,drip,groundwater_well,26.4,0
farmer_1,farmer_1_field_2,2026-06-25,61.0,sensitive,potato,2,18.0,0.4,sand,late,70,drip,groundwater_well,26.4,0
farmer_1,farmer_1_field_2,2026-06-26,48.5,sensitive,potato,3,18.0,0.0,sand,late,71,drip,groundwater_well,26.4,1
farmer_1,farmer_1_field_2,2026-06-27,68.2,sensitive,potato,1,18.0,0.6,sand,late,72,drip,groundwater_well,26.4,0
farmer_1,farmer_1_field_2,2026-06-28,48.5,sensitive,potato,2,18.0,0.0,sand,late,73,drip,groundwater_well,26.4,1
farmer_1,farmer_1_field_2,2026-06-29,69.1,sensitive,potato,1,18.0,0.0,sand,late,74,drip,groundwater_well,26.4,0
farmer_1,farmer_1_field_2,2026-06-30,53.1,sensitive,potato,2,18.0,0.0,sand,late,75,drip,groundwater_well,26.4,1
farmer_1,farmer_1_field_2,2026-07-01,42.3,sensitive,potato,3,18.0,0.1,sand,late,76,drip,groundwater_well,26.4,2
farmer_1,farmer_1_field_2,2026-07-02,59.5,sensitive,potato,1,18.0,0.0,sand,late,77,drip,groundwater_well,26.4,1
farmer_1,farmer_1_field_2,2026-07-03,,sensitive,potato,2,18.0,0.0,sand,late,78,drip,groundwater_well,26.4,2
farmer_1,farmer_1_field_2,2026-07-04,53.4,sensitive,potato,1,18.0,0.2,sand,late,79,drip,groundwater_well,26.4,1
farmer_1,farmer_1_field_2,2026-07-05,35.3,sensitive,potato,2,18.0,0.0,sand,late,80,drip,groundwater_well,26.4,2
farmer_1,farmer_1_field_2,2026-07-06,53.1,sensitive,potato,1,18.0,0.0,sand,late,81,drip,groundwater_well,26.4,1
farmer_1,farmer_1_field_2,2026-07-07,65.2,sensitive,potato,1,18.0,0.0,sand,late,82,drip,groundwater_well,26.4,0
farmer_1,farmer_1_field_2,2026-07-08,53.2,sensitive,potato,2,18.0,0.3,sand,late,83,drip,groundwater_well,26.4,1
farmer_1,farmer_1_field_2,2026-07-09,67.6,sensitive,potato,1,18.0,0.3,sand,late,84,drip,groundwater_well,26.4,0
farmer_1,farmer_1_field_2,2026-07-10,52.8,sensitive,potato,2,18.0,0.2,sand,late,85,drip,groundwater_well,26.4,1
farmer_1,farmer_1_field_2,2026-07-11,39.9,sensitive,potato,3,18.0,0.4,sand,late,86,drip,groundwater_well,26.4,2
farmer_1,farmer_1_field_2,2026-07-12,50.0,sensitive,potato,1,18.0,0.5,sand,late,87,drip,groundwater_well,26.4,1
farmer_1,farmer_1_field_2,2026-07-13,70.7,sensitive,potato,1,18.0,0.0,sand,late,88,drip,groundwater_well,26.4,0
farmer_1,farmer_1_field_2,2026-07-14,60.5,sensitive,potato,2,18.0,0.0,sand,late,89,drip,groundwater_well,26.4,1
farmer_1,farmer_1_field_2,2026-07-15,45.9,sensitive,potato,3,18.0,0.0,sand,late,90,drip,groundwater_well,26.4,1
farmer_1,farmer_1_field_2,2026-07-16,34.1,sensitive,potato,4,18.0,0.4,sand,late,91,drip,groundwater_well,26.4,2
farmer_1,farmer_1_field_2,2026-07-17,45.9,sensitive,potato,1,18.0,0.2,sand,late,92,drip,groundwater_well,26.4,1
farmer_1,farmer_1_field_2,2026-07-18,35.8,sensitive,potato,2,18.0,0.0,sand,late,93,drip,groundwater_well,26.4,2
farmer_1,farmer_1_field_2,2026-07-19,58.0,sensitive,potato,1,18.0,0.2,sand,late,94,drip,groundwater_well,26.4,1
farmer_1,farmer_1_field_2,2026-07-20,44.4,sensitive,potato,2,18.0,0.0,sand,late,95,drip,groundwater_well,26.4,2
farmer_1,farmer_1_field_2,2026-07-21,55.5,sensitive,potato,1,18.0,0.0,sand,late,96,drip,groundwater_well,26.4,1
farmer_1,farmer_1_field_2,2026-07-22,44.7,sensitive,potato,2,18.0,0.2,sand,late,97,drip,groundwater_well,26.4,2
farmer_1,farmer_1_field_2,2026-07-23,60.0,sensitive,potato,1,18.0,0.0,sand,late,98,drip,groundwater_well,26.4,1
farmer_1,farmer_1_field_2,2026-07-24,72.9,sensitive,potato,1,18.0,0.2,sand,late,99,drip,groundwater_well,26.4,0
farmer_1,farmer_1_field_2,2026-07-25,65.4,sensitive,potato,2,18.0,0.0,sand,late,100,drip,groundwater_well,26.4,0
farmer_1,farmer_1_field_2,2026-07-26,50.0,sensitive,potato,3,18.0,0.2,sand,late,101,drip,groundwater_well,26.4,1
farmer_1,farmer_1_field_2,2026-07-27,64.5,sensitive,potato,1,18.0,0.0,sand,late,102,drip,groundwater_well,26.4,0
farmer_1,farmer_1_field_2,2026-07-28,51.7,sensitive,potato,2,18.0,0.0,sand,late,103,drip,groundwater_well,26.4,1
farmer_1,farmer_1_field_2,2026-07-29,36.2,sensitive,potato,3,18.0,0.1,sand,late,104,drip,groundwater_well,26.4,2
farmer_1,farmer_1_field_2,2026-07-30,57.3,sensitive,potato,1,18.0,0.3,sand,late,105,drip,groundwater_well,26.4,1
farmer_1,farmer_1_field_2,2026-07-31,52.5,sensitive,potato,2,18.0,6.1,sand,late,106,drip,groundwater_well,26.4,1
farmer_1,farmer_1_field_2,2026-08-01,73.9,sensitive,potato,1,18.0,0.5,sand,late,107,drip,groundwater_well,26.4,0
farmer_1,farmer_1_field_2,2026-08-02,64.9,sensitive,potato,2,18.0,0.0,sand,late,108,drip,groundwater_well,26.4,0
farmer_1,farmer_1_field_2,2026-08-03,59.7,sensitive,potato,3,18.0,6.5,sand,late,109,drip,groundwater_well,26.4,1
farmer_1,farmer_1_field_2,2026-08-04,73.9,sensitive,potato,1,18.0,0.0,sand,late,110,drip,groundwater_well,26.4,0
farmer_1,farmer_1_field_2,2026-08-05,66.4,sensitive,potato,2,18.0,0.3,sand,late,111,drip,groundwater_well,26.4,0
farmer_1,farmer_1_field_2,2026-08-06,57.4,sensitive,potato,3,18.0,0.0,sand,late,112,drip,groundwater_well,26.4,1
farmer_1,farmer_1_field_2,2026-08-07,76.5,sensitive,potato,1,18.0,0.0,sand,late,113,drip,groundwater_well,26.4,0
farmer_1,farmer_1_field_2,2026-08-08,66.2,sensitive,potato,2,18.0,0.5,sand,late,114,drip,groundwater_well,26.4,0
farmer_1,farmer_1_field_2,2026-08-09,56.9,late,potato,3,18.0,0.0,sand,late,115,drip,groundwater_well,26.4,0
farmer_1,farmer_1_field_2,2026-08-10,49.3,late,potato,4,18.0,0.9,sand,late,116,drip,groundwater_well,26.4,0
farmer_1,farmer_1_field_2,2026-08-11,47.9,late,potato,5,18.0,0.0,sand,late,117,drip,groundwater_well,26.4,0
farmer_1,farmer_1_field_2,2026-08-12,40.6,late,potato,6,18.0,0.0,sand,late,118,drip,groundwater_well,26.4,1
farmer_1,farmer_1_field_2,2026-08-13,35.1,late,potato,7,18.0,0.0,sand,late,119,drip,groundwater_well,26.4,1
farmer_1,farmer_1_field_2,2026-08-14,22.8,late,potato,8,18.0,0.0,sand,late,120,drip,groundwater_well,26.4,1
farmer_1,farmer_1_field_2,2026-08-15,18.4,late,potato,9,18.0,0.5,sand,late,121,drip,groundwater_well,26.4,2
farmer_1,farmer_1_field_2,2026-08-16,41.5,late,potato,1,18.0,0.3,sand,late,122,drip,groundwater_well,26.4,1
farmer_1,farmer_1_field_2,2026-08-17,56.2,late,potato,1,18.0,0.0,sand,late,123,drip,groundwater_well,26.4,0
farmer_1,farmer_1_field_2,2026-08-18,49.8,late,potato,2,18.0,0.0,sand,late,124,drip,groundwater_well,26.4,0
farmer_1,farmer_1_field_2,2026-08-19,47.4,late,potato,3,18.0,0.0,sand,late,125,drip,groundwater_well,26.4,0
farmer_1,farmer_1_field_2,2026-08-20,37.6,late,potato,4,18.0,1.9,sand,late,126,drip,groundwater_well,26.4,0
farmer_1,farmer_1_field_2,2026-08-21,36.6,late,potato,5,18.0,0.4,sand,late,127,drip,groundwater_well,26.4,1
farmer_1,farmer_1_field_2,2026-08-22,57.5,late,potato,1,18.0,0.0,sand,late,128,drip,groundwater_well,26.4,0
farmer_1,farmer_1_field_2,2026-08-23,57.7,late,potato,2,18.0,0.6,sand,late,129,drip,groundwater_well,26.4,0
farmer_1,farmer_1_field_2,2026-08-24,55.3,late,potato,3,18.0,0.5,sand,late,130,drip,groundwater_well,26.4,0
farmer_1,farmer_1_field_2,2026-08-25,46.3,late,potato,4,18.0,0.0,sand,late,131,drip,groundwater_well,26.4,0
farmer_1,farmer_1_field_2,2026-08-26,39.6,late,potato,5,18.0,0.0,sand,late,132,drip,groundwater_well,26.4,0
farmer_1,farmer_1_field_2,2026-08-27,41.2,late,potato,6,18.0,0.0,sand,late,133,drip,groundwater_well,26.4,1
farmer_1,farmer_1_field_2,2026-08-28,33.9,late,potato,7,18.0,2.1,sand,late,134,drip,groundwater_well,26.4,1
farmer_1,farmer_1_field_2,2026-08-29,56.1,late,potato,1,18.0,0.0,sand,late,135,drip,groundwater_well,26.4,0
farmer_1,farmer_1_field_2,2026-08-30,48.5,late,potato,2,18.0,0.0,sand,late,136,drip,groundwater_well,26.4,0
farmer_1,farmer_1_field_2,2026-08-31,39.7,late,potato,3,18.0,0.0,sand,late,137,drip,groundwater_well,26.4,0
farmer_1,farmer_1_field_2,2026-09-01,41.1,late,potato,4,18.0,0.5,sand,late,138,drip,groundwater_well,26.4,0
farmer_1,farmer_1_field_2,2026-09-02,37.1,late,potato,5,18.0,0.3,sand,late,139,drip,groundwater_well,26.4,1
farmer_1,farmer_1_field_2,2026-09-03,56.2,late,potato,1,18.0,0.3,sand,late,140,drip,groundwater_well,26.4,0
farmer_1,farmer_1_field_2,2026-09-04,51.8,late,potato,2,18.0,0.4,sand,late,141,drip,groundwater_well,26.4,0
farmer_1,farmer_1_field_2,2026-09-05,52.2,late,potato,3,18.0,0.9,sand,late,142,drip,groundwater_well,26.4,0
farmer_1,farmer_1_field_2,2026-09-06,50.1,late,potato,4,18.0,0.0,sand,late,143,drip,groundwater_well,26.4,0
farmer_1,farmer_1_field_2,2026-09-07,45.0,late,potato,5,18.0,0.3,sand,late,144,drip,groundwater_well,26.4,0
farmer_1,farmer_1_field_2,2026-09-08,39.9,late,potato,6,18.0,0.0,sand,late,145,drip,groundwater_well,26.4,0
farmer_1,farmer_1_field_2,2026-09-09,35.6,late,potato,7,18.0,0.1,sand,late,146,drip,groundwater_well,26.4,1
farmer_1,farmer_1_field_2,2026-09-10,30.2,late,potato,8,18.0,0.7,sand,late,147,drip,groundwater_well,26.4,1
farmer_1,farmer_1_field_2,2026-09-11,24.4,late,potato,9,18.0,0.0,sand,late,148,drip,groundwater_well,26.4,1
farmer_1,farmer_1_field_2,2026-09-12,17.9,late,potato,10,18.0,0.8,sand,late,149,drip,groundwater_well,26.4,2
farmer_1,farmer_1_field_2,2026-09-13,48.3,late,potato,1,18.0,0.0,sand,late,150,drip,groundwater_well,26.4,0
farmer_1,farmer_1_field_2,2026-09-14,43.9,late,potato,2,18.0,0.0,sand,late,151,drip,groundwater_well,26.4,0
farmer_1,farmer_1_field_2,2026-09-15,35.5,late,potato,3,18.0,0.7,sand,late,152,drip,groundwater_well,26.4,1
farmer_1,farmer_1_field_2,2026-09-16,58.4,late,potato,1,18.0,0.0,sand,late,153,drip,groundwater_well,26.4,0
farmer_1,farmer_1_field_2,2026-09-17,53.1,late,potato,2,18.0,0.2,sand,late,154,drip,groundwater_well,26.4,0
farmer_1,farmer_1_field_2,2026-09-18,46.4,late,potato,3,18.0,0.0,sand,late,155,drip,groundwater_well,26.4,0
farmer_1,farmer_1_field_2,2026-09-19,48.2,late,potato,4,18.0,0.3,sand,late,156,drip,groundwater_well,26.4,0
farmer_1,farmer_1_field_2,2026-09-20,48.2,late,potato,5,18.0,0.0,sand,late,157,drip,groundwater_well,26.4,0
farmer_1,farmer_1_field_2,2026-09-21,48.2,late,potato,6,18.0,0.0,sand,late,158,drip,groundwater_well,26.4,0
farmer_1,farmer_1_field_2,2026-09-22,48.2,late,potato,7,18.0,0.2,sand,late,159,drip,groundwater_well,26.4,1
farmer_1,farmer_1_field_2,2026-09-23,48.2,late,potato,1,18.0,0.0,sand,late,160,drip,groundwater_well,26.4,0
farmer_1,farmer_1_field_2,2026-09-24,48.2,late,potato,2,18.0,0.2,sand,late,161,drip,groundwater_well,26.4,0
farmer_1,farmer_1_field_2,2026-09-25,54.7,late,potato,3,18.0,0.5,sand,late,162,drip,groundwater_well,26.4,0
farmer_1,farmer_1_field_2,2026-09-26,,late,potato,4,18.0,0.5,sand,late,163,drip,groundwater_well,26.4,0
farmer_1,farmer_1_field_2,2026-09-27,53.4,late,potato,5,18.0,2.7,sand,late,164,drip,groundwater_well,26.4,0
farmer_1,farmer_1_field_2,2026-09-28,49.0,late,potato,6,18.0,0.0,sand,late,165,drip,groundwater_well,26.4,0
farmer_1,farmer_1_field_2,2026-09-29,48.3,late,potato,7,18.0,0.5,sand,late,166,drip,groundwater_well,26.4,0
farmer_1,farmer_1_field_2,2026-09-30,36.2,late,potato,8,18.0,0.1,sand,late,167,drip,groundwater_well,26.4,0
farmer_1,farmer_1_field_3,2025-04-15,77.6,initial,potato,0,0.0,0.4,sand,late,0,drip,groundwater_well,28.1,0
farmer_1,farmer_1_field_3,2025-04-16,78.5,initial,potato,1,0.0,2.4,sand,late,1,drip,groundwater_well,28.1,0
farmer_1,farmer_1_field_3,2025-04-17,77.5,initial,potato,2,0.0,0.5,sand,late,2,drip,groundwater_well,28.1,0
farmer_1,farmer_1_field_3,2025-04-18,80.1,initial,potato,3,0.0,0.2,sand,late,3,drip,groundwater_well,28.1,0
farmer_1,farmer_1_field_3,2025-04-19,75.6,initial,potato,4,0.0,0.4,sand,late,4,drip,groundwater_well,28.1,0
farmer_1,farmer_1_field_3,2025-04-20,81.9,initial,potato,5,0.0,0.0,sand,late,5,drip,groundwater_well,28.1,0
farmer_1,farmer_1_field_3,2025-04-21,72.4,initial,potato,6,0.0,0.0,sand,late,6,drip,groundwater_well,28.1,0
farmer_1,farmer_1_field_3,2025-04-22,72.2,initial,potato,7,0.0,2.9,sand,late,7,drip,groundwater_well,28.1,0
farmer_1,farmer_1_field_3,2025-04-23,72.5,initial,potato,8,0.0,0.2,sand,late,8,drip,groundwater_well,28.1,0
farmer_1,farmer_1_field_3,2025-04-24,77.4,initial,potato,9,0.0,0.0,sand,late,9,drip,groundwater_well,28.1,0
farmer_1,farmer_1_field_3,2025-04-25,70.9,initial,potato,10,0.0,0.0,sand,late,10,drip,groundwater_well,28.1,0
farmer_1,farmer_1_field_3,2025-04-26,73.9,initial,potato,11,0.0,0.6,sand,late,11,drip,groundwater_well,28.1,0
farmer_1,farmer_1_field_3,2025-04-27,69.1,initial,potato,12,0.0,3.5,sand,late,12,drip,groundwater_well,28.1,0
farmer_1,farmer_1_field_3,2025-04-28,74.5,initial,potato,13,0.0,0.0,sand,late,13,drip,groundwater_well,28.1,0
farmer_1,farmer_1_field_3,2025-04-29,69.3,initial,potato,14,0.0,0.1,sand,late,14,drip,groundwater_well,28.1,0
farmer_1,farmer_1_field_3,2025-04-30,74.8,initial,potato,15,0.0,1.2,sand,late,15,drip,groundwater_well,28.1,0
farmer_1,farmer_1_field_3,2025-05-01,71.4,initial,potato,16,0.0,0.6,sand,late,16,drip,groundwater_well,28.1,0
farmer_1,farmer_1_field_3,2025-05-02,73.2,initial,potato,17,0.0,0.2,sand,late,17,drip,groundwater_well,28.1,0
farmer_1,farmer_1_field_3,2025-05-03,66.2,initial,potato,18,0.0,1.9,sand,late,18,drip,groundwater_well,28.1,0
farmer_1,farmer_1_field_3,2025-05-04,66.1,initial,potato,19,0.0,0.4,sand,late,19,drip,groundwater_well,28.1,0
farmer_1,farmer_1_field_3,2025-05-05,71.7,initial,potato,20,0.0,0.5,sand,late,20,drip,groundwater_well,28.1,0
farmer_1,farmer_1_field_3,2025-05-06,63.7,initial,potato,21,0.0,0.0,sand,late,21,drip,groundwater_well,28.1,0
farmer_1,farmer_1_field_3,2025-05-07,64.6,initial,potato,22,0.0,0.6,sand,late,22,drip,groundwater_well,28.1,0
farmer_1,farmer_1_field_3,2025-05-08,59.4,initial,potato,23,0.0,0.0,sand,late,23,drip,groundwater_well,28.1,0
farmer_1,farmer_1_field_3,2025-05-09,61.8,initial,potato,24,0.0,0.3,sand,late,24,drip,groundwater_well,28.1,0
farmer_1,farmer_1_field_3,2025-05-10,58.9,initial,potato,25,0.0,0.2,sand,late,25,drip,groundwater_well,28.1,0
farmer_1,farmer_1_field_3,2025-05-11,57.7,initial,potato,26,0.0,0.0,sand,late,26,drip,groundwater_well,28.1,0
farmer_1,farmer_1_field_3,2025-05-12,52.7,initial,potato,27,0.0,0.2,sand,late,27,drip,groundwater_well,28.1,0
farmer_1,farmer_1_field_3,2025-05-13,56.2,initial,potato,28,0.0,0.0,sand,late,28,drip,groundwater_well,28.1,0
farmer_1,farmer_1_field_3,2025-05-14,52.6,development,potato,29,0.0,0.2,sand,late,29,drip,groundwater_well,28.1,1
farmer_1,farmer_1_field_3,2025-05-15,43.4,development,potato,30,0.0,0.0,sand,late,30,drip,groundwater_well,28.1,1
farmer_1,farmer_1_field_3,2025-05-16,68.4,development,potato,1,18.0,0.0,sand,late,31,drip,groundwater_well,28.1,0
farmer_1,farmer_1_field_3,2025-05-17,62.7,development,potato,2,18.0,5.1,sand,late,32,drip,groundwater_well,28.1,0
farmer_1,farmer_1_field_3,2025-05-18,70.5,development,potato,3,18.0,0.9,sand,late,33,drip,groundwater_well,28.1,0
farmer_1,farmer_1_field_3,2025-05-19,67.0,development,potato,4,18.0,6.6,sand,late,34,drip,groundwater_well,28.1,0
farmer_1,farmer_1_field_3,2025-05-20,73.0,development,potato,5,18.0,0.0,sand,late,35,drip,groundwater_well,28.1,0
farmer_1,farmer_1_field_3,2025-05-21,67.5,development,potato,6,18.0,3.8,sand,late,36,drip,groundwater_well,28.1,0
farmer_1,farmer_1_field_3,2025-05-22,59.7,development,potato,7,18.0,0.1,sand,late,37,drip,groundwater_well,28.1,0
farmer_1,farmer_1_field_3,2025-05-23,63.0,development,potato,8,18.0,0.0,sand,late,38,drip,groundwater_well,28.1,0
farmer_1,farmer_1_field_3,2025-05-24,55.8,development,potato,9,18.0,0.0,sand,late,39,drip,groundwater_well,28.1,0
farmer_1,farmer_1_field_3,2025-05-25,51.0,development,potato,10,18.0,2.8,sand,late,40,drip,groundwater_well,28.1,0
farmer_1,farmer_1_field_3,2025-05-26,58.0,development,potato,11,18.0,0.2,sand,late,41,drip,groundwater_well,28.1,0
farmer_1,farmer_1_field_3,2025-05-27,48.4,development,potato,12,18.0,0.0,sand,late,42,drip,groundwater_well,28.1,1
farmer_1,farmer_1_field_3,2025-05-28,70.8,development,potato,1,18.0,0.3,sand,late,43,drip,groundwater_well,28.1,0
farmer_1,farmer_1_field_3,2025-05-29,71.0,development,potato,2,18.0,0.6,sand,late,44,drip,groundwater_well,28.1,0
farmer_1,farmer_1_field_3,2025-05-30,59.2,development,potato,3,18.0,0.2,sand,late,45,drip,groundwater_well,28.1,0
farmer_1,farmer_1_field_3,2025-05-31,66.5,development,potato,4,18.0,0.0,sand,late,46,drip,groundwater_well,28.1,0
farmer_1,farmer_1_field_3,2025-06-01,56.5,development,potato,5,18.0,0.0,sand,late,47,drip,groundwater_well,28.1,0
farmer_1,farmer_1_field_3,2025-06-02,47.9,development,potato,6,18.0,0.0,sand,late,48,drip,groundwater_well,28.1,1
farmer_1,farmer_1_field_3,2025-06-03,41.7,development,potato,7,18.0,0.0,sand,late,49,drip,groundwater_well,28.1,1
farmer_1,farmer_1_field_3,2025-06-04,36.7,development,potato,8,18.0,0.8,sand,late,50,drip,groundwater_well,28.1,1
farmer_1,farmer_1_field_3,2025-06-05,58.0,development,potato,1,18.0,0.0,sand,late,51,drip,groundwater_well,28.1,0
farmer_1,farmer_1_field_3,2025-06-06,49.3,development,potato,2,18.0,0.4,sand,late,52,drip,groundwater_well,28.1,0
farmer_1,farmer_1_field_3,2025-06-07,46.7,development,potato,3,18.0,14.4,sand,late,53,drip,groundwater_well,28.1,1
farmer_1,farmer_1_field_3,2025-06-08,67.6,development,potato,4,18.0,14.9,sand,late,54,drip,groundwater_well,28.1,0
farmer_1,farmer_1_field_3,2025-06-09,79.1,development,potato,5,18.0,0.4,sand,late,55,drip,groundwater_well,28.1,0
farmer_1,farmer_1_field_3,2025-06-10,80.9,development,potato,6,18.0,0.0,sand,late,56,drip,groundwater_well,28.1,0
farmer_1,farmer_1_field_3,2025-06-11,77.9,development,potato,7,18.0,0.6,sand,late,57,drip,groundwater_well,28.1,0
farmer_1,farmer_1_field_3,2025-06-12,79.2,development,potato,8,18.0,0.0,sand,late,58,drip,groundwater_well,28.1,0
farmer_1,farmer_1_field_3,2025-06-13,70.0,development,potato,9,18.0,0.0,sand,late,59,drip,groundwater_well,28.1,0
farmer_1,farmer_1_field_3,2025-06-14,68.7,development,potato,10,18.0,0.3,sand,late,60,drip,groundwater_well,28.1,0
farmer_1,farmer_1_field_3,2025-06-15,58.2,development,potato,11,18.0,0.1,sand,late,61,drip,groundwater_well,28.1,0
farmer_1,farmer_1_field_3,2025-06-16,53.1,development,potato,12,18.0,0.1,sand,late,62,drip,groundwater_well,28.1,0
farmer_1,farmer_1_field_3,2025-06-17,43.8,sensitive,potato,13,18.0,2.1,sand,late,63,drip,groundwater_well,28.1,1
farmer_1,farmer_1_field_3,2025-06-18,70.9,sensitive,potato,1,18.0,17.4,sand,late,64,drip,groundwater_well,28.1,0
farmer_1,farmer_1_field_3,2025-06-19,87.1,sensitive,potato,2,18.0,0.0,sand,late,65,drip,groundwater_well,28.1,0
farmer_1,farmer_1_field_3,2025-06-20,79.8,sensitive,potato,3,18.0,0.4,sand,late,66,drip,groundwater_well,28.1,0
farmer_1,farmer_1_field_3,2025-06-21,75.1,sensitive,potato,4,18.0,0.0,sand,late,67,drip,groundwater_well,28.1,0
farmer_1,farmer_1_field_3,2025-06-22,69.6,sensitive,potato,5,18.0,0.5,sand,late,68,drip,groundwater_well,28.1,0
farmer_1,farmer_1_field_3,2025-06-23,61.7,sensitive,potato,6,18.0,0.0,sand,late,69,drip,groundwater_well,28.1,1
farmer_1,farmer_1_field_3,2025-06-24,79.4,sensitive,potato,1,17.7,0.0,sand,late,70,drip,groundwater_well,28.1,0
farmer_1,farmer_1_field_3,2025-06-25,70.6,sensitive,potato,2,17.7,0.4,sand,late,71,drip,groundwater_well,28.1,0
farmer_1,farmer_1_field_3,2025-06-26,70.2,sensitive,potato,3,17.7,0.1,sand,late,72,drip,groundwater_well,28.1,0
farmer_1,farmer_1_field_3,2025-06-27,59.0,sensitive,potato,4,17.7,0.0,sand,late,73,drip,groundwater_well,28.1,1
farmer_1,farmer_1_field_3,2025-06-28,53.6,sensitive,potato,5,17.7,2.1,sand,late,74,drip,groundwater_well,28.1,1
farmer_1,farmer_1_field_3,2025-06-29,74.7,sensitive,potato,1,18.0,0.2,sand,late,75,drip,groundwater_well,28.1,0
farmer_1,farmer_1_field_3,2025-06-30,70.8,sensitive,potato,2,18.0,0.0,sand,late,76,drip,groundwater_well,28.1,0
farmer_1,farmer_1_field_3,2025-07-01,65.3,sensitive,potato,3,18.0,0.3,sand,late,77,drip,groundwater_well,28.1,1
farmer_1,farmer_1_field_3,2025-07-02,46.4,sensitive,potato,4,18.0,0.0,sand,late,78,drip,groundwater_well,28.1,1
farmer_1,farmer_1_field_3,2025-07-03,71.4,sensitive,potato,1,18.0,0.7,sand,late,79,drip,groundwater_well,28.1,0
farmer_1,farmer_1_field_3,2025-07-04,61.0,sensitive,potato,2,18.0,0.0,sand,late,80,drip,groundwater_well,28.1,1
farmer_1,farmer_1_field_3,2025-07-05,76.8,sensitive,potato,1,18.0,0.1,sand,late,81,drip,groundwater_well,28.1,0
farmer_1,farmer_1_field_3,2025-07-06,67.4,sensitive,potato,2,18.0,0.0,sand,late,82,drip,groundwater_well,28.1,0
farmer_1,farmer_1_field_3,2025-07-07,59.4,sensitive,potato,3,18.0,0.0,sand,late,83,drip,groundwater_well,28.1,1
farmer_1,farmer_1_field_3,2025-07-08,50.4,sensitive,potato,4,18.0,0.0,sand,late,84,drip,groundwater_well,28.1,1
farmer_1,farmer_1_field_3,2025-07-09,66.6,sensitive,potato,1,18.0,0.0,sand,late,85,drip,groundwater_well,28.1,0
farmer_1,farmer_1_field_3,2025-07-10,57.0,sensitive,potato,2,18.0,0.0,sand,late,86,drip,groundwater_well,28.1,1
farmer_1,farmer_1_field_3,2025-07-11,51.9,sensitive,potato,3,18.0,0.0,sand,late,87,drip,groundwater_well,28.1,1
farmer_1,farmer_1_field_3,2025-07-12,39.1,sensitive,potato,4,18.0,0.5,sand,late,88,drip,groundwater_well,28.1,2
farmer_1,farmer_1_field_3,2025-07-13,51.3,sensitive,potato,1,18.0,0.0,sand,late,89,drip,groundwater_well,28.1,1
farmer_1,farmer_1_field_3,2025-07-14,48.9,sensitive,potato,2,18.0,0.1,sand,late,90,drip,groundwater_well,28.1,1
farmer_1,farmer_1_field_3,2025-07-15,45.1,sensitive,potato,3,18.0,0.0,sand,late,91,drip,groundwater_well,28.1,2
farmer_1,farmer_1_field_3,2025-07-16,56.3,sensitive,potato,1,18.0,0.0,sand,late,92,drip,groundwater_well,28.1,1
farmer_1,farmer_1_field_3,2025-07-17,77.0,sensitive,potato,1,18.0,0.0,sand,late,93,drip,groundwater_well,28.1,0
farmer_1,farmer_1_field_3,2025-07-18,73.9,sensitive,potato,2,18.0,1.8,sand,late,94,drip,groundwater_well,28.1,0
farmer_1,farmer_1_field_3,2025-07-19,70.8,sensitive,potato,3,18.0,7.3,sand,late,95,drip,groundwater_well,28.1,0
farmer_1,farmer_1_field_3,2025-07-20,69.4,sensitive,potato,4,18.0,0.7,sand,late,96,drip,groundwater_well,28.1,0
farmer_1,farmer_1_field_3,2025-07-21,66.2,sensitive,potato,5,18.0,0.0,sand,late,97,drip,groundwater_well,28.1,0
farmer_1,farmer_1_field_3,2025-07-22,54.5,sensitive,potato,6,18.0,0.7,sand,late,98,drip,groundwater_well,28.1,1
farmer_1,farmer_1_field_3,2025-07-23,77.5,sensitive,potato,1,18.0,0.7,sand,late,99,drip,groundwater_well,28.1,0
farmer_1,farmer_1_field_3,2025-07-24,77.2,sensitive,potato,2,18.0,0.5,sand,late,100,drip,groundwater_well,28.1,0
farmer_1,farmer_1_field_3,2025-07-25,64.0,sensitive,potato,3,18.0,0.0,sand,late,101,drip,groundwater_well,28.1,0
farmer_1,farmer_1_field_3,2025-07-26,57.6,sensitive,potato,4,18.0,0.0,sand,late,102,drip,groundwater_well,28.1,1
farmer_1,farmer_1_field_3,2025-07-27,71.3,sensitive,potato,1,18.0,2.3,sand,late,103,drip,groundwater_well,28.1,0
farmer_1,farmer_1_field_3,2025-07-28,71.7,sensitive,potato,2,18.0,0.0,sand,late,104,drip,groundwater_well,28.1,0
farmer_1,farmer_1_field_3,2025-07-29,66.1,sensitive,potato,3,18.0,5.1,sand,late,105,drip,groundwater_well,28.1,1
farmer_1,farmer_1_field_3,2025-07-30,82.6,sensitive,potato,1,18.0,0.5,sand,late,106,drip,groundwater_well,28.1,0
farmer_1,farmer_1_field_3,2025-07-31,79.8,sensitive,potato,2,18.0,0.0,sand,late,107,drip,groundwater_well,28.1,0
farmer_1,farmer_1_field_3,2025-08-01,74.2,sensitive,potato,3,18.0,0.4,sand,late,108,drip,groundwater_well,28.1,0
farmer_1,farmer_1_field_3,2025-08-02,66.6,sensitive,potato,4,18.0,0.0,sand,late,109,drip,groundwater_well,28.1,0
farmer_1,farmer_1_field_3,2025-08-03,58.3,sensitive,potato,5,18.0,0.0,sand,late,110,drip,groundwater_well,28.1,1
farmer_1,farmer_1_field_3,2025-08-04,54.7,sensitive,potato,6,18.0,0.9,sand,late,111,drip,groundwater_well,28.1,1
farmer_1,farmer_1_field_3,2025-08-05,72.9,sensitive,potato,1,18.0,0.1,sand,late,112,drip,groundwater_well,28.1,0
farmer_1,farmer_1_field_3,2025-08-06,65.0,sensitive,potato,2,18.0,6.5,sand,late,113,drip,groundwater_well,28.1,0
farmer_1,farmer_1_field_3,2025-08-07,63.7,sensitive,potato,3,18.0,0.0,sand,late,114,drip,groundwater_well,28.1,0
farmer_1,farmer_1_field_3,2025-08-08,59.7,late,potato,4,18.0,0.3,sand,late,115,drip,groundwater_well,28.1,0
farmer_1,farmer_1_field_3,2025-08-09,48.8,late,potato,5,18.0,0.5,sand,late,116,drip,groundwater_well,28.1,0
farmer_1,farmer_1_field_3,2025-08-10,45.5,late,potato,6,18.0,0.0,sand,late,117,drip,groundwater_well,28.1,0
farmer_1,farmer_1_field_3,2025-08-11,42.8,late,potato,7,18.0,1.6,sand,late,118,drip,groundwater_well,28.1,0
farmer_1,farmer_1_field_3,2025-08-12,44.1,late,potato,8,18.0,0.5,sand,late,119,drip,groundwater_well,28.1,0
farmer_1,farmer_1_field_3,2025-08-13,39.2,late,potato,9,18.0,0.0,sand,late,120,drip,groundwater_well,28.1,1
farmer_1,farmer_1_field_3,2025-08-14,57.7,late,potato,1,18.0,0.0,sand,late,121,drip,groundwater_well,28.1,0
farmer_1,farmer_1_field_3,2025-08-15,52.9,late,potato,2,18.0,0.0,sand,late,122,drip,groundwater_well,28.1,0
farmer_1,farmer_1_field_3,2025-08-16,51.8,late,potato,3,18.0,0.1,sand,late,123,drip,groundwater_well,28.1,0
farmer_1,farmer_1_field_3,2025-08-17,50.6,late,potato,4,18.0,0.2,sand,late,124,drip,groundwater_well,28.1,0
farmer_1,farmer_1_field_3,2025-08-18,46.5,late,potato,5,18.0,0.0,sand,late,125,drip,groundwater_well,28.1,0
farmer_1,farmer_1_field_3,2025-08-19,44.8,late,potato,6,18.0,0.1,sand,late,126,drip,groundwater_well,28.1,1
farmer_1,farmer_1_field_3,2025-08-20,35.8,late,potato,7,18.0,0.4,sand,late,127,drip,groundwater_well,28.1,1
farmer_1,farmer_1_field_3,2025-08-21,55.1,late,potato,1,18.0,0.0,sand,late,128,drip,groundwater_well,28.1,0
farmer_1,farmer_1_field_3,2025-08-22,55.1,late,potato,2,18.0,0.3,sand,late,129,drip,groundwater_well,28.1,0
farmer_1,farmer_1_field_3,2025-08-23,55.1,late,potato,3,18.0,0.0,sand,late,130,drip,groundwater_well,28.1,0
farmer_1,farmer_1_field_3,2025-08-24,55.1,late,potato,4,18.0,0.0,sand,late,131,drip,groundwater_well,28.1,0
farmer_1,farmer_1_field_3,2025-08-25,55.1,late,potato,5,18.0,0.0,sand,late,132,drip,groundwater_well,28.1,1
farmer_1,farmer_1_field_3,2025-08-26,55.1,late,potato,6,18.0,0.1,sand,late,133,drip,groundwater_well,28.1,1
farmer_1,farmer_1_field_3,2025-08-27,34.0,late,potato,7,18.0,0.0,sand,late,134,drip,groundwater_well,28.1,1
farmer_1,farmer_1_field_3,2025-08-28,27.6,late,potato,8,18.0,12.4,sand,late,135,drip,groundwater_well,28.1,2
farmer_1,farmer_1_field_3,2025-08-29,64.5,late,potato,1,18.0,0.5,sand,late,136,drip,groundwater_well,28.1,0
farmer_1,farmer_1_field_3,2025-08-30,58.5,late,potato,2,18.0,0.0,sand,late,137,drip,groundwater_well,28.1,0
farmer_1,farmer_1_field_3,2025-08-31,60.1,late,potato,3,18.0,0.3,sand,late,138,drip,groundwater_well,28.1,0
farmer_1,farmer_1_field_3,2025-09-01,49.5,late,potato,4,18.0,0.0,sand,late,139,drip,groundwater_well,28.1,0
farmer_1,farmer_1_field_3,2025-09-02,46.5,late,potato,5,18.0,0.2,sand,late,140,drip,groundwater_well,28.1,0
farmer_1,farmer_1_field_3,2025-09-03,,late,potato,6,18.0,0.2,sand,late,141,drip,groundwater_well,28.1,0
farmer_1,farmer_1_field_3,2025-09-04,45.5,late,potato,7,18.0,0.5,sand,late,142,drip,groundwater_well,28.1,1
farmer_1,farmer_1_field_3,2025-09-05,69.9,late,potato,1,18.0,0.0,sand,late,143,drip,groundwater_well,28.1,0
farmer_1,farmer_1_field_3,2025-09-06,57.7,late,potato,2,18.0,0.0,sand,late,144,drip,groundwater_well,28.1,0
farmer_1,farmer_1_field_3,2025-09-07,57.3,late,potato,3,18.0,0.0,sand,late,145,drip,groundwater_well,28.1,0
farmer_1,farmer_1_field_3,2025-09-08,47.2,late,potato,4,18.0,0.0,sand,late,146,drip,groundwater_well,28.1,0
farmer_1,farmer_1_field_3,2025-09-09,52.0,late,potato,5,18.0,0.3,sand,late,147,drip,groundwater_well,28.1,0
farmer_1,farmer_1_field_3,2025-09-10,50.2,late,potato,6,18.0,0.0,sand,late,148,drip,groundwater_well,28.1,0
farmer_1,farmer_1_field_3,2025-09-11,42.2,late,potato,7,18.0,0.0,sand,late,149,drip,groundwater_well,28.1,0
farmer_1,farmer_1_field_3,2025-09-12,37.4,late,potato,8,18.0,0.0,sand,late,150,drip,groundwater_well,28.1,1
farmer_1,farmer_1_field_3,2025-09-13,33.7,late,potato,9,18.0,0.0,sand,late,151,drip,groundwater_well,28.1,1
farmer_1,farmer_1_field_3,2025-09-14,34.2,late,potato,10,18.0,2.0,sand,late,152,drip,groundwater_well,28.1,1
farmer_1,farmer_1_field_3,2025-09-15,33.3,late,potato,11,18.0,0.0,sand,late,153,drip,groundwater_well,28.1,1
farmer_1,farmer_1_field_3,2025-09-16,22.8,late,potato,12,18.0,3.1,sand,late,154,drip,groundwater_well,28.1,2
farmer_1,farmer_1_field_3,2025-09-17,48.6,late,potato,1,18.0,1.1,sand,late,155,drip,groundwater_well,28.1,0
farmer_1,farmer_1_field_3,2025-09-18,46.3,late,potato,2,18.0,0.0,sand,late,156,drip,groundwater_well,28.1,0
farmer_1,farmer_1_field_3,2025-09-19,45.5,late,potato,3,18.0,0.1,sand,late,157,drip,groundwater_well,28.1,0
farmer_1,farmer_1_field_3,2025-09-20,45.1,late,potato,4,18.0,0.2,sand,late,158,drip,groundwater_well,28.1,0
farmer_1,farmer_1_field_3,2025-09-21,40.9,late,potato,5,18.0,0.0,sand,late,159,drip,groundwater_well,28.1,1
farmer_1,farmer_1_field_3,2025-09-22,62.1,late,potato,1,18.0,0.0,sand,late,160,drip,groundwater_well,28.1,0
farmer_1,farmer_1_field_3,2025-09-23,61.3,late,potato,2,18.0,0.0,sand,late,161,drip,groundwater_well,28.1,0
farmer_1,farmer_1_field_3,2025-09-24,56.2,late,potato,3,18.0,0.0,sand,late,162,drip,groundwater_well,28.1,0
farmer_1,farmer_1_field_3,2025-09-25,56.4,late,potato,4,18.0,0.0,sand,late,163,drip,groundwater_well,28.1,0
farmer_1,farmer_1_field_3,2025-09-26,46.7,late,potato,5,18.0,0.5,sand,late,164,drip,groundwater_well,28.1,0
farmer_1,farmer_1_field_3,2025-09-27,46.6,late,potato,6,18.0,0.0,sand,late,165,drip,groundwater_well,28.1,0
farmer_1,farmer_1_field_3,2025-09-28,40.3,late,potato,7,18.0,0.0,sand,late,166,drip,groundwater_well,28.1,0
farmer_1,farmer_1_field_3,2025-09-29,41.3,late,potato,8,18.0,0.1,sand,late,167,drip,groundwater_well,28.1,0
farmer_1,farmer_1_field_3,2025-09-30,40.1,late,potato,9,18.0,0.5,sand,late,168,drip,groundwater_well,28.1,1
farmer_1,farmer_1_field_3,2026-04-15,65.6,initial,potato,0,0.0,0.2,sand,late,0,drip,groundwater_well,28.1,0
farmer_1,farmer_1_field_3,2026-04-16,60.7,initial,potato,1,0.0,0.3,sand,late,1,drip,groundwater_well,28.1,0
farmer_1,farmer_1_field_3,2026-04-17,55.4,initial,potato,2,0.0,0.9,sand,late,2,drip,groundwater_well,28.1,0
farmer_1,farmer_1_field_3,2026-04-18,56.7,initial,potato,3,0.0,0.0,sand,late,3,drip,groundwater_well,28.1,0
farmer_1,farmer_1_field_3,2026-04-19,63.9,initial,potato,4,0.0,0.0,sand,late,4,drip,groundwater_well,28.1,0
farmer_1,farmer_1_field_3,2026-04-20,58.6,initial,potato,5,0.0,0.0,sand,late,5,drip,groundwater_well,28.1,0
farmer_1,farmer_1_field_3,2026-04-21,53.7,initial,potato,6,0.0,0.0,sand,late,6,drip,groundwater_well,28.1,0
farmer_1,farmer_1_field_3,2026-04-22,55.7,initial,potato,7,0.0,0.0,sand,late,7,drip,groundwater_well,28.1,0
farmer_1,farmer_1_field_3,2026-04-23,56.3,initial,potato,8,0.0,0.0,sand,late,8,drip,groundwater_well,28.1,0
farmer_1,farmer_1_field_3,2026-04-24,42.2,initial,potato,9,0.0,0.0,sand,late,9,drip,groundwater_well,28.1,0
farmer_1,farmer_1_field_3,2026-04-25,44.4,initial,potato,10,0.0,0.2,sand,late,10,drip,groundwater_well,28.1,1
farmer_1,farmer_1_field_3,2026-04-26,43.7,initial,potato,11,0.0,0.0,sand,late,11,drip,groundwater_well,28.1,1
farmer_1,farmer_1_field_3,2026-04-27,43.8,initial,potato,12,0.0,0.2,sand,late,12,drip,groundwater_well,28.1,1
farmer_1,farmer_1_field_3,2026-04-28,64.9,initial,potato,1,18.0,0.1,sand,late,13,drip,groundwater_well,28.1,0
farmer_1,farmer_1_field_3,2026-04-29,61.1,initial,potato,2,18.0,0.4,sand,late,14,drip,groundwater_well,28.1,0
farmer_1,farmer_1_field_3,2026-04-30,60.1,initial,potato,3,18.0,0.0,sand,late,15,drip,groundwater_well,28.1,0
farmer_1,farmer_1_field_3,2026-05-01,59.4,initial,potato,4,18.0,0.0,sand,late,16,drip,groundwater_well,28.1,0
farmer_1,farmer_1_field_3,2026-05-02,57.4,initial,potato,5,18.0,0.0,sand,late,17,drip,groundwater_well,28.1,0
farmer_1,farmer_1_field_3,2026-05-03,52.7,initial,potato,6,18.0,6.8,sand,late,18,drip,groundwater_well,28.1,0
farmer_1,farmer_1_field_3,2026-05-04,63.8,initial,potato,7,18.0,0.0,sand,late,19,drip,groundwater_well,28.1,0
farmer_1,farmer_1_field_3,2026-05-05,65.9,initial,potato,8,18.0,4.1,sand,late,20,drip,groundwater_well,28.1,0
farmer_1,farmer_1_field_3,2026-05-06,65.7,initial,potato,9,18.0,0.9,sand,late,21,drip,groundwater_well,28.1,0
farmer_1,farmer_1_field_3,2026-05-07,64.0,initial,potato,10,18.0,5.5,sand,late,22,drip,groundwater_well,28.1,0
farmer_1,farmer_1_field_3,2026-05-08,67.0,initial,potato,11,18.0,0.1,sand,late,23,drip,groundwater_well,28.1,0
farmer_1,farmer_1_field_3,2026-05-09,71.9,initial,potato,12,18.0,0.0,sand,late,24,drip,groundwater_well,28.1,0
farmer_1,farmer_1_field_3,2026-05-10,71.1,initial,potato,13,18.0,0.4,sand,late,25,drip,groundwater_well,28.1,0
farmer_1,farmer_1_field_3,2026-05-11,64.4,initial,potato,14,18.0,0.4,sand,late,26,drip,groundwater_well,28.1,0
farmer_1,farmer_1_field_3,2026-05-12,62.7,initial,potato,15,18.0,0.2,sand,late,27,drip,groundwater_well,28.1,0
farmer_1,farmer_1_field_3,2026-05-13,58.3,initial,potato,16,18.0,1.7,sand,late,28,drip,groundwater_well,28.1,0
farmer_1,farmer_1_field_3,2026-05-14,60.0,development,potato,17,18.0,0.0,sand,late,29,drip,groundwater_well,28.1,0
farmer_1,farmer_1_field_3,2026-05-15,54.9,development,potato,18,18.0,0.0,sand,late,30,drip,groundwater_well,28.1,0
farmer_1,farmer_1_field_3,2026-05-16,52.2,development,potato,19,18.0,0.0,sand,late,31,drip,groundwater_well,28.1,0
farmer_1,farmer_1_field_3,2026-05-17,46.1,development,potato,20,18.0,0.6,sand,late,32,drip,groundwater_well,28.1,1
farmer_1,farmer_1_field_3,2026-05-18,70.5,development,potato,1,18.0,0.0,sand,late,33,drip,groundwater_well,28.1,0
farmer_1,farmer_1_field_3,2026-05-19,67.3,development,potato,2,18.0,0.4,sand,late,34,drip,groundwater_well,28.1,0
farmer_1,farmer_1_field_3,2026-05-20,63.4,development,potato,3,18.0,0.0,sand,late,35,drip,groundwater_well,28.1,0
farmer_1,farmer_1_field_3,2026-05-21,58.9,development,potato,4,18.0,10.4,sand,late,36,drip,groundwater_well,28.1,0
farmer_1,farmer_1_field_3,2026-05-22,73.4,development,potato,5,18.0,4.4,sand,late,37,drip,groundwater_well,28.1,0
farmer_1,farmer_1_field_3,2026-05-23,76.7,development,potato,6,18.0,0.0,sand,late,38,drip,groundwater_well,28.1,0
farmer_1,farmer_1_field_3,2026-05-24,71.0,development,potato,7,18.0,0.0,sand,late,39,drip,groundwater_well,28.1,0
farmer_1,farmer_1_field_3,2026-05-25,63.1,development,potato,8,18.0,0.0,sand,late,40,drip,groundwater_well,28.1,0
farmer_1,farmer_1_field_3,2026-05-26,61.5,development,potato,9,18.0,0.0,sand,late,41,drip,groundwater_well,28.1,0
farmer_1,farmer_1_field_3,2026-05-27,56.9,development,potato,10,18.0,0.6,sand,late,42,drip,groundwater_well,28.1,0
farmer_1,farmer_1_field_3,2026-05-28,50.1,development,potato,11,18.0,0.0,sand,late,43,drip,groundwater_well,28.1,1
farmer_1,farmer_1_field_3,2026-05-29,42.0,development,potato,12,18.0,0.0,sand,late,44,drip,groundwater_well,28.1,1
farmer_1,farmer_1_field_3,2026-05-30,44.4,development,potato,13,18.0,0.2,sand,late,45,drip,groundwater_well,28.1,1
farmer_1,farmer_1_field_3,2026-05-31,49.8,development,potato,14,18.0,0.0,sand,late,46,drip,groundwater_well,28.1,1
farmer_1,farmer_1_field_3,2026-06-01,35.2,development,potato,15,18.0,0.0,sand,late,47,drip,groundwater_well,28.1,2
farmer_1,farmer_1_field_3,2026-06-02,58.6,development,potato,1,18.0,0.0,sand,late,48,drip,groundwater_well,28.1,0
farmer_1,farmer_1_field_3,2026-06-03,48.5,development,potato,2,18.0,0.1,sand,late,49,drip,groundwater_well,28.1,0
farmer_1,farmer_1_field_3,2026-06-04,46.4,development,potato,3,18.0,0.6,sand,late,50,drip,groundwater_well,28.1,1
farmer_1,farmer_1_field_3,2026-06-05,40.5,development,potato,4,18.0,0.0,sand,late,51,drip,groundwater_well,28.1,1
farmer_1,farmer_1_field_3,2026-06-06,66.8,development,potato,1,18.0,4.3,sand,late,52,drip,groundwater_well,28.1,0
farmer_1,farmer_1_field_3,2026-06-07,67.1,development,potato,2,18.0,0.5,sand,late,53,drip,groundwater_well,28.1,0
farmer_1,farmer_1_field_3,2026-06-08,60.8,development,potato,3,18.0,0.3,sand,late,54,drip,groundwater_well,28.1,0
farmer_1,farmer_1_field_3,2026-06-09,55.4,development,potato,4,18.0,0.3,sand,late,55,drip,groundwater_well,28.1,0
farmer_1,farmer_1_field_3,2026-06-10,52.2,development,potato,5,18.0,0.0,sand,late,56,drip,groundwater_well,28.1,1
farmer_1,farmer_1_field_3,2026-06-11,52.2,development,potato,1,18.0,0.0,sand,late,57,drip,groundwater_well,28.1,0
farmer_1,farmer_1_field_3,2026-06-12,52.2,development,potato,2,18.0,0.1,sand,late,58,drip,groundwater_well,28.1,0
farmer_1,farmer_1_field_3,2026-06-13,52.2,development,potato,3,18.0,0.6,sand,late,59,drip,groundwater_well,28.1,0
farmer_1,farmer_1_field_3,2026-06-14,52.2,development,potato,4,18.0,0.0,sand,late,60,drip,groundwater_well,28.1,1
farmer_1,farmer_1_field_3,2026-06-15,74.1,development,potato,1,18.0,0.0,sand,late,61,drip,groundwater_well,28.1,0
farmer_1,farmer_1_field_3,2026-06-16,58.7,development,potato,2,18.0,0.0,sand,late,62,drip,groundwater_well,28.1,0
farmer_1,farmer_1_field_3,2026-06-17,54.5,sensitive,potato,3,18.0,0.0,sand,late,63,drip,groundwater_well,28.1,1
farmer_1,farmer_1_field_3,2026-06-18,70.3,sensitive,potato,1,18.0,0.6,sand,late,64,drip,groundwater_well,28.1,0
farmer_1,farmer_1_field_3,2026-06-19,56.3,sensitive,potato,2,18.0,0.5,sand,late,65,drip,groundwater_well,28.1,1
farmer_1,farmer_1_field_3,2026-06-20,72.3,sensitive,potato,1,18.0,0.0,sand,late,66,drip,groundwater_well,28.1,0
farmer_1,farmer_1_field_3,2026-06-21,64.1,sensitive,potato,2,18.0,0.0,sand,late,67,drip,groundwater_well,28.1,0
farmer_1,farmer_1_field_3,2026-06-22,57.6,sensitive,potato,3,18.0,1.0,sand,late,68,drip,groundwater_well,28.1,1
farmer_1,farmer_1_field_3,2026-06-23,46.1,sensitive,potato,4,18.0,0.6,sand,late,69,drip,groundwater_well,28.1,2
farmer_1,farmer_1_field_3,2026-06-24,61.3,sensitive,potato,1,18.0,0.0,sand,late,70,drip,groundwater_well,28.1,0
farmer_1,farmer_1_field_3,2026-06-25,48.8,sensitive,potato,2,18.0,0.4,sand,late,71,drip,groundwater_well,28.1,1
farmer_1,farmer_1_field_3,2026-06-26,74.0,sensitive,potato,1,18.0,0.0,sand,late,72,drip,groundwater_well,28.1,0
farmer_1,farmer_1_field_3,2026-06-27,54.8,sensitive,potato,2,18.0,0.6,sand,late,73,drip,groundwater_well,28.1,1
farmer_1,farmer_1_field_3,2026-06-28,71.0,sensitive,potato,1,18.0,0.0,sand,late,74,drip,groundwater_well,28.1,0
farmer_1,farmer_1_field_3,2026-06-29,63.3,sensitive,potato,2,18.0,0.0,sand,late,75,drip,groundwater_well,28.1,1
farmer_1,farmer_1_field_3,2026-06-30,48.8,sensitive,potato,3,18.0,0.0,sand,late,76,drip,groundwater_well,28.1,1
farmer_1,farmer_1_field_3,2026-07-01,63.8,sensitive,potato,1,18.0,0.1,sand,late,77,drip,groundwater_well,28.1,0
farmer_1,farmer_1_field_3,2026-07-02,51.5,sensitive,potato,2,18.0,0.0,sand,late,78,drip,groundwater_well,28.1,1
farmer_1,farmer_1_field_3,2026-07-03,68.0,sensitive,potato,1,18.0,0.0,sand,late,79,drip,groundwater_well,28.1,0
farmer_1,farmer_1_field_3,2026-07-04,52.0,sensitive,potato,2,18.0,0.2,sand,late,80,drip,groundwater_well,28.1,1
farmer_1,farmer_1_field_3,2026-07-05,73.3,sensitive,potato,1,18.0,0.0,sand,late,81,drip,groundwater_well,28.1,0
farmer_1,farmer_1_field_3,2026-07-06,55.1,sensitive,potato,2,18.0,0.0,sand,late,82,drip,groundwater_well,28.1,1
farmer_1,farmer_1_field_3,2026-07-07,71.0,sensitive,potato,1,18.0,0.0,sand,late,83,drip,groundwater_well,28.1,0
farmer_1,farmer_1_field_3,2026-07-08,60.9,sensitive,potato,2,18.0,0.3,sand,late,84,drip,groundwater_well,28.1,1
farmer_1,farmer_1_field_3,2026-07-09,72.7,sensitive,potato,1,18.0,0.3,sand,late,85,drip,groundwater_well,28.1,0
farmer_1,farmer_1_field_3,2026-07-10,67.7,sensitive,potato,2,18.0,0.2,sand,late,86,drip,groundwater_well,28.1,0
farmer_1,farmer_1_field_3,2026-07-11,49.8,sensitive,potato,3,18.0,0.4,sand,late,87,drip,groundwater_well,28.1,1
farmer_1,farmer_1_field_3,2026-07-12,42.6,sensitive,potato,4,18.0,0.5,sand,late,88,drip,groundwater_well,28.1,2
farmer_1,farmer_1_field_3,2026-07-13,58.5,sensitive,potato,1,18.0,0.0,sand,late,89,drip,groundwater_well,28.1,1
farmer_1,farmer_1_field_3,2026-07-14,76.3,sensitive,potato,1,18.0,0.0,sand,late,90,drip,groundwater_well,28.1,0
farmer_1,farmer_1_field_3,2026-07-15,60.9,sensitive,potato,2,18.0,0.0,sand,late,91,drip,groundwater_well,28.1,0
farmer_1,farmer_1_field_3,2026-07-16,51.2,sensitive,potato,3,18.0,0.4,sand,late,92,drip,groundwater_well,28.1,1
farmer_1,farmer_1_field_3,2026-07-17,38.2,sensitive,potato,4,18.0,0.2,sand,late,93,drip,groundwater_well,28.1,2
farmer_1,farmer_1_field_3,2026-07-18,52.7,sensitive,potato,1,18.0,0.0,sand,late,94,drip,groundwater_well,28.1,1
farmer_1,farmer_1_field_3,2026-07-19,72.1,sensitive,potato,1,18.0,0.2,sand,late,95,drip,groundwater_well,28.1,0
farmer_1,farmer_1_field_3,2026-07-20,57.5,sensitive,potato,2,18.0,0.0,sand,late,96,drip,groundwater_well,28.1,0
farmer_1,farmer_1_field_3,2026-07-21,47.1,sensitive,potato,3,18.0,0.0,sand,late,97,drip,groundwater_well,28.1,1
farmer_1,farmer_1_field_3,2026-07-22,47.1,sensitive,potato,4,18.0,0.2,sand,late,98,drip,groundwater_well,28.1,2
farmer_1,farmer_1_field_3,2026-07-23,47.1,sensitive,potato,1,18.0,0.0,sand,late,99,drip,groundwater_well,28.1,1
farmer_1,farmer_1_field_3,2026-07-24,47.1,sensitive,potato,1,18.0,0.2,sand,late,100,drip,groundwater_well,28.1,0
farmer_1,farmer_1_field_3,2026-07-25,47.1,sensitive,potato,2,18.0,0.0,sand,late,101,drip,groundwater_well,28.1,0
farmer_1,farmer_1_field_3,2026-07-26,47.1,sensitive,potato,3,18.0,0.2,sand,late,102,drip,groundwater_well,28.1,1
farmer_1,farmer_1_field_3,2026-07-27,47.1,sensitive,potato,4,18.0,0.0,sand,late,103,drip,groundwater_well,28.1,2
farmer_1,farmer_1_field_3,2026-07-28,47.1,sensitive,potato,1,18.0,0.0,sand,late,104,drip,groundwater_well,28.1,1
farmer_1,farmer_1_field_3,2026-07-29,47.1,sensitive,potato,1,18.0,0.1,sand,late,105,drip,groundwater_well,28.1,0
farmer_1,farmer_1_field_3,2026-07-30,47.1,sensitive,potato,2,18.0,0.3,sand,late,106,drip,groundwater_well,28.1,0
farmer_1,farmer_1_field_3,2026-07-31,54.6,sensitive,potato,3,18.0,6.1,sand,late,107,drip,groundwater_well,28.1,1
farmer_1,farmer_1_field_3,2026-08-01,85.2,sensitive,potato,1,18.0,0.5,sand,late,108,drip,groundwater_well,28.1,0
farmer_1,farmer_1_field_3,2026-08-02,80.7,sensitive,potato,2,18.0,0.0,sand,late,109,drip,groundwater_well,28.1,0
farmer_1,farmer_1_field_3,2026-08-03,65.6,sensitive,potato,3,18.0,6.5,sand,late,110,drip,groundwater_well,28.1,0
farmer_1,farmer_1_field_3,2026-08-04,67.3,sensitive,potato,4,18.0,0.0,sand,late,111,drip,groundwater_well,28.1,0
farmer_1,farmer_1_field_3,2026-08-05,48.8,sensitive,potato,5,18.0,0.3,sand,late,112,drip,groundwater_well,28.1,1
farmer_1,farmer_1_field_3,2026-08-06,72.1,sensitive,potato,1,18.0,0.0,sand,late,113,drip,groundwater_well,28.1,0
farmer_1,farmer_1_field_3,2026-08-07,59.9,sensitive,potato,2,18.0,0.0,sand,late,114,drip,groundwater_well,28.1,0
farmer_1,farmer_1_field_3,2026-08-08,48.5,late,potato,3,18.0,0.5,sand,late,115,drip,groundwater_well,28.1,0
farmer_1,farmer_1_field_3,2026-08-09,57.5,late,potato,4,18.0,0.0,sand,late,116,drip,groundwater_well,28.1,0
farmer_1,farmer_1_field_3,2026-08-10,43.3,late,potato,5,18.0,0.9,sand,late,117,drip,groundwater_well,28.1,0
farmer_1,farmer_1_field_3,2026-08-11,45.0,late,potato,6,18.0,0.0,sand,late,118,drip,groundwater_well,28.1,1
farmer_1,farmer_1_field_3,2026-08-12,31.0,late,potato,7,18.0,0.0,sand,late,119,drip,groundwater_well,28.1,1
farmer_1,farmer_1_field_3,2026-08-13,26.8,late,potato,8,18.0,0.0,sand,late,120,drip,groundwater_well,28.1,1
farmer_1,farmer_1_field_3,2026-08-14,26.8,late,potato,9,18.0,0.0,sand,late,121,drip,groundwater_well,28.1,2
farmer_1,farmer_1_field_3,2026-08-15,26.8,late,potato,1,18.0,0.5,sand,late,122,drip,groundwater_well,28.1,0
farmer_1,farmer_1_field_3,2026-08-16,26.8,late,potato,2,18.0,0.3,sand,late,123,drip,groundwater_well,28.1,1
farmer_1,farmer_1_field_3,2026-08-17,26.8,late,potato,1,18.0,0.0,sand,late,124,drip,groundwater_well,28.1,0
farmer_1,farmer_1_field_3,2026-08-18,26.8,late,potato,2,18.0,0.0,sand,late,125,drip,groundwater_well,28.1,0
farmer_1,farmer_1_field_3,2026-08-19,47.0,late,potato,3,18.0,0.0,sand,late,126,drip,groundwater_well,28.1,0
farmer_1,farmer_1_field_3,2026-08-20,50.3,late,potato,4,18.0,1.9,sand,late,127,drip,groundwater_well,28.1,0
farmer_1,farmer_1_field_3,2026-08-21,42.7,late,potato,5,18.0,0.4,sand,late,128,drip,groundwater_well,28.1,1
farmer_1,farmer_1_field_3,2026-08-22,40.0,late,potato,6,18.0,0.0,sand,late,129,drip,groundwater_well,28.1,1
farmer_1,farmer_1_field_3,2026-08-23,35.6,late,potato,7,18.0,0.6,sand,late,130,drip,groundwater_well,28.1,1
farmer_1,farmer_1_field_3,2026-08-24,29.4,late,potato,8,18.0,0.5,sand,late,131,drip,groundwater_well,28.1,1
farmer_1,farmer_1_field_3,2026-08-25,48.1,late,potato,1,18.0,0.0,sand,late,132,drip,groundwater_well,28.1,0
farmer_1,farmer_1_field_3,2026-08-26,48.2,late,potato,2,18.0,0.0,sand,late,133,drip,groundwater_well,28.1,0
farmer_1,farmer_1_field_3,2026-08-27,42.5,late,potato,3,18.0,0.0,sand,late,134,drip,groundwater_well,28.1,1
farmer_1,farmer_1_field_3,2026-08-28,37.7,late,potato,4,18.0,2.1,sand,late,135,drip,groundwater_well,28.1,1
farmer_1,farmer_1_field_3,2026-08-29,59.6,late,potato,1,18.0,0.0,sand,late,136,drip,groundwater_well,28.1,0
farmer_1,farmer_1_field_3,2026-08-30,50.2,late,potato,2,18.0,0.0,sand,late,137,drip,groundwater_well,28.1,0
farmer_1,farmer_1_field_3,2026-08-31,51.3,late,potato,3,18.0,0.0,sand,late,138,drip,groundwater_well,28.1,0
farmer_1,farmer_1_field_3,2026-09-01,45.6,late,potato,4,18.0,0.5,sand,late,139,drip,groundwater_well,28.1,0
farmer_1,farmer_1_field_3,2026-09-02,45.5,late,potato,5,18.0,0.3,sand,late,140,drip,groundwater_well,28.1,0
farmer_1,farmer_1_field_3,2026-09-03,37.2,late,potato,6,18.0,0.3,sand,late,141,drip,groundwater_well,28.1,1
farmer_1,farmer_1_field_3,2026-09-04,31.9,late,potato,7,18.0,0.4,sand,late,142,drip,groundwater_well,28.1,1
farmer_1,farmer_1_field_3,2026-09-05,36.3,late,potato,8,18.0,0.9,sand,late,143,drip,groundwater_well,28.1,1
farmer_1,farmer_1_field_3,2026-09-06,59.5,late,potato,1,18.0,0.0,sand,late,144,drip,groundwater_well,28.1,0
farmer_1,farmer_1_field_3,2026-09-07,53.6,late,potato,2,18.0,0.3,sand,late,145,drip,groundwater_well,28.1,0
farmer_1,farmer_1_field_3,2026-09-08,53.7,late,potato,3,18.0,0.0,sand,late,146,drip,groundwater_well,28.1,0
farmer_1,farmer_1_field_3,2026-09-09,44.6,late,potato,4,18.0,0.1,sand,late,147,drip,groundwater_well,28.1,0
farmer_1,farmer_1_field_3,2026-09-10,41.4,late,potato,5,18.0,0.7,sand,late,148,drip,groundwater_well,28.1,1
farmer_1,farmer_1_field_3,2026-09-11,65.9,late,potato,1,18.0,0.0,sand,late,149,drip,groundwater_well,28.1,0
farmer_1,farmer_1_field_3,2026-09-12,63.4,late,potato,2,18.0,0.8,sand,late,150,drip,groundwater_well,28.1,0
farmer_1,farmer_1_field_3,2026-09-13,56.7,late,potato,3,18.0,0.0,sand,late,151,drip,groundwater_well,28.1,0
farmer_1,farmer_1_field_3,2026-09-14,52.0,late,potato,4,18.0,0.0,sand,late,152,drip,groundwater_well,28.1,0
farmer_1,farmer_1_field_3,2026-09-15,47.4,late,potato,5,18.0,0.7,sand,late,153,drip,groundwater_well,28.1,0
farmer_1,farmer_1_field_3,2026-09-16,51.0,late,potato,6,18.0,0.0,sand,late,154,drip,groundwater_well,28.1,0
farmer_1,farmer_1_field_3,2026-09-17,44.0,late,potato,7,18.0,0.2,sand,late,155,drip,groundwater_well,28.1,0
farmer_1,farmer_1_field_3,2026-09-18,36.6,late,potato,8,18.0,0.0,sand,late,156,drip,groundwater_well,28.1,1
farmer_1,farmer_1_field_3,2026-09-19,41.7,late,potato,9,18.0,0.3,sand,late,157,drip,groundwater_well,28.1,1
farmer_1,farmer_1_field_3,2026-09-20,64.0,late,potato,1,18.0,0.0,sand,late,158,drip,groundwater_well,28.1,0
farmer_1,farmer_1_field_3,2026-09-21,62.7,late,potato,2,18.0,0.0,sand,late,159,drip,groundwater_well,28.1,0
farmer_1,farmer_1_field_3,2026-09-22,56.6,late,potato,3,18.0,0.2,sand,late,160,drip,groundwater_well,28.1,0
farmer_1,farmer_1_field_3,2026-09-23,48.9,late,potato,4,18.0,0.0,sand,late,161,drip,groundwater_well,28.1,0
farmer_1,farmer_1_field_3,2026-09-24,54.6,late,potato,5,18.0,0.2,sand,late,162,drip,groundwater_well,28.1,0
farmer_1,farmer_1_field_3,2026-09-25,42.5,late,potato,6,18.0,0.5,sand,late,163,drip,groundwater_well,28.1,0
farmer_1,farmer_1_field_3,2026-09-26,45.3,late,potato,7,18.0,0.5,sand,late,164,drip,groundwater_well,28.1,1
farmer_1,farmer_1_field_3,2026-09-27,37.7,late,potato,8,18.0,2.7,sand,late,165,drip,groundwater_well,28.1,1
farmer_1,farmer_1_field_3,2026-09-28,39.0,late,potato,9,18.0,0.0,sand,late,166,drip,groundwater_well,28.1,1
farmer_1,farmer_1_field_3,2026-09-29,34.3,late,potato,10,18.0,0.5,sand,late,167,drip,groundwater_well,28.1,1
farmer_1,farmer_1_field_3,2026-09-30,34.8,late,potato,11,18.0,0.1,sand,late,168,drip,groundwater_well,28.1,1
