farm_id,field_id,date,soil_moisture_pct_nfk,growth_stage,crop_type,days_since_last_irrigation,previous_irrigation_mm,onfarm_rain_gauge_mm,soil_type,crop_variety_maturity,days_after_planting,irrigation_type,water_source,field_area_ha,irrigation_need
farmer_2,farmer_2_field_1,2025-04-27,75.0,initial,maize,0,0.0,5.6,loam,late,0,pivot,irrigation_canal,7.1,0
farmer_2,farmer_2_field_1,2025-04-28,81.2,initial,maize,1,0.0,0.1,loam,late,1,pivot,irrigation_canal,7.1,0
farmer_2,farmer_2_field_1,2025-04-29,81.4,initial,maize,2,0.0,0.0,loam,late,2,pivot,irrigation_canal,7.1,0
farmer_2,farmer_2_field_1,2025-04-30,82.7,initial,maize,3,0.0,1.3,loam,late,3,pivot,irrigation_canal,7.1,0
farmer_2,farmer_2_field_1,2025-05-01,82.7,initial,maize,4,0.0,0.4,loam,late,4,pivot,irrigation_canal,7.1,0
farmer_2,farmer_2_field_1,2025-05-02,83.9,initial,maize,5,0.0,0.0,loam,late,5,pivot,irrigation_canal,7.1,0
farmer_2,farmer_2_field_1,2025-05-03,77.8,initial,maize,6,0.0,3.7,loam,late,6,pivot,irrigation_canal,7.1,0
farmer_2,farmer_2_field_1,2025-05-04,84.6,initial,maize,7,0.0,0.0,loam,late,7,pivot,irrigation_canal,7.1,0
farmer_2,farmer_2_field_1,2025-05-05,75.4,initial,maize,8,0.0,0.0,loam,late,8,pivot,irrigation_canal,7.1,0
farmer_2,farmer_2_field_1,2025-05-06,81.3,initial,maize,9,0.0,0.4,loam,late,9,pivot,irrigation_canal,7.1,0
farmer_2,farmer_2_field_1,2025-05-07,77.6,initial,maize,10,0.0,0.0,loam,late,10,pivot,irrigation_canal,7.1,0
farmer_2,farmer_2_field_1,2025-05-08,85.1,initial,maize,11,0.0,0.1,loam,late,11,pivot,irrigation_canal,7.1,0
farmer_2,farmer_2_field_1,2025-05-09,75.8,initial,maize,12,0.0,0.6,loam,late,12,pivot,irrigation_canal,7.1,0
farmer_2,farmer_2_field_1,2025-05-10,76.9,initial,maize,13,0.0,0.0,loam,late,13,pivot,irrigation_canal,7.1,0
farmer_2,farmer_2_field_1,2025-05-11,76.9,initial,maize,14,0.0,0.0,loam,late,14,pivot,irrigation_canal,7.1,0
farmer_2,farmer_2_field_1,2025-05-12,76.9,initial,maize,15,0.0,0.0,loam,late,15,pivot,irrigation_canal,7.1,0
farmer_2,farmer_2_field_1,2025-05-13,76.9,initial,maize,16,0.0,0.0,loam,late,16,pivot,irrigation_canal,7.1,0
farmer_2,farmer_2_field_1,2025-05-14,76.9,initial,maize,17,0.0,0.0,loam,late,17,pivot,irrigation_canal,7.1,0
farmer_2,farmer_2_field_1,2025-05-15,76.9,initial,maize,18,0.0,1.0,loam,late,18,pivot,irrigation_canal,7.1,0
farmer_2,farmer_2_field_1,2025-05-16,76.9,initial,maize,19,0.0,0.0,loam,late,19,pivot,irrigation_canal,7.1,0
farmer_2,farmer_2_field_1,2025-05-17,76.9,initial,maize,20,0.0,7.6,loam,late,20,pivot,irrigation_canal,7.1,0
farmer_2,farmer_2_field_1,2025-05-18,81.3,initial,maize,21,0.0,0.3,loam,late,21,pivot,irrigation_canal,7.1,0
farmer_2,farmer_2_field_1,2025-05-19,78.9,initial,maize,22,0.0,9.9,loam,late,22,pivot,irrigation_canal,7.1,0
farmer_2,farmer_2_field_1,2025-05-20,88.5,initial,maize,23,0.0,0.0,loam,late,23,pivot,irrigation_canal,7.1,0
farmer_2,farmer_2_field_1,2025-05-21,84.3,initial,maize,24,0.0,6.7,loam,late,24,pivot,irrigation_canal,7.1,0
farmer_2,farmer_2_field_1,2025-05-22,91.1,initial,maize,25,0.0,0.5,loam,late,25,pivot,irrigation_canal,7.1,0
farmer_2,farmer_2_field_1,2025-05-23,84.9,initial,maize,26,0.0,0.4,loam,late,26,pivot,irrigation_canal,7.1,0
farmer_2,farmer_2_field_1,2025-05-24,88.7,initial,maize,27,0.0,0.4,loam,late,27,pivot,irrigation_canal,7.1,0
farmer_2,farmer_2_field_1,2025-05-25,86.5,initial,maize,28,0.0,3.8,loam,late,28,pivot,irrigation_canal,7.1,0
farmer_2,farmer_2_field_1,2025-05-26,88.1,initial,maize,29,0.0,0.1,loam,late,29,pivot,irrigation_canal,7.1,0
farmer_2,farmer_2_field_1,2025-05-27,91.3,initial,maize,30,0.0,0.0,loam,late,30,pivot,irrigation_canal,7.1,0
farmer_2,farmer_2_field_1,2025-05-28,89.7,initial,maize,31,0.0,0.0,loam,late,31,pivot,irrigation_canal,7.1,0
farmer_2,farmer_2_field_1,2025-05-29,85.4,initial,maize,32,0.0,0.4,loam,late,32,pivot,irrigation_canal,7.1,0
farmer_2,farmer_2_field_1,2025-05-30,83.3,initial,maize,33,0.0,0.0,loam,late,33,pivot,irrigation_canal,7.1,0
farmer_2,farmer_2_field_1,2025-05-31,85.5,development,maize,34,0.0,0.1,loam,late,34,pivot,irrigation_canal,7.1,0
farmer_2,farmer_2_field_1,2025-06-01,83.0,development,maize,35,0.0,0.0,loam,late,35,pivot,irrigation_canal,7.1,0
farmer_2,farmer_2_field_1,2025-06-02,80.0,development,maize,36,0.0,0.0,loam,late,36,pivot,irrigation_canal,7.1,0
farmer_2,farmer_2_field_1,2025-06-03,82.1,development,maize,37,0.0,0.4,loam,late,37,pivot,irrigation_canal,7.1,0
farmer_2,farmer_2_field_1,2025-06-04,83.3,development,maize,38,0.0,0.0,loam,late,38,pivot,irrigation_canal,7.1,0
farmer_2,farmer_2_field_1,2025-06-05,75.4,development,maize,39,0.0,0.0,loam,late,39,pivot,irrigation_canal,7.1,0
farmer_2,farmer_2_field_1,2025-06-06,80.4,development,maize,40,0.0,0.4,loam,late,40,pivot,irrigation_canal,7.1,0
farmer_2,farmer_2_field_1,2025-06-07,67.8,development,maize,41,0.0,22.4,loam,late,41,pivot,irrigation_canal,7.1,0
farmer_2,farmer_2_field_1,2025-06-08,,development,maize,42,0.0,21.8,loam,late,42,pivot,irrigation_canal,7.1,0
farmer_2,farmer_2_field_1,2025-06-09,100.0,development,maize,43,0.0,0.0,loam,late,43,pivot,irrigation_canal,7.1,0
farmer_2,farmer_2_field_1,2025-06-10,90.4,development,maize,44,0.0,0.2,loam,late,44,pivot,irrigation_canal,7.1,0
farmer_2,farmer_2_field_1,2025-06-11,90.3,development,maize,45,0.0,0.0,loam,late,45,pivot,irrigation_canal,7.1,0
farmer_2,farmer_2_field_1,2025-06-12,89.4,development,maize,46,0.0,0.8,loam,late,46,pivot,irrigation_canal,7.1,0
farmer_2,farmer_2_field_1,2025-06-13,88.2,development,maize,47,0.0,0.7,loam,late,47,pivot,irrigation_canal,7.1,0
farmer_2,farmer_2_field_1,2025-06-14,88.2,development,maize,48,0.0,0.8,loam,late,48,pivot,irrigation_canal,7.1,0
farmer_2,farmer_2_field_1,2025-06-15,88.2,development,maize,49,0.0,0.0,loam,late,49,pivot,irrigation_canal,7.1,0
farmer_2,farmer_2_field_1,2025-06-16,88.2,development,maize,50,0.0,0.0,loam,late,50,pivot,irrigation_canal,7.1,0
farmer_2,farmer_2_field_1,2025-06-17,88.2,development,maize,51,0.0,2.0,loam,late,51,pivot,irrigation_canal,7.1,0
farmer_2,farmer_2_field_1,2025-06-18,88.2,development,maize,52,0.0,26.6,loam,late,52,pivot,irrigation_canal,7.1,0
farmer_2,farmer_2_field_1,2025-06-19,88.2,development,maize,53,0.0,0.2,loam,late,53,pivot,irrigation_canal,7.1,0
farmer_2,farmer_2_field_1,2025-06-20,88.2,development,maize,54,0.0,0.2,loam,late,54,pivot,irrigation_canal,7.1,0
farmer_2,farmer_2_field_1,2025-06-21,88.2,development,maize,55,0.0,0.6,loam,late,55,pivot,irrigation_canal,7.1,0
farmer_2,farmer_2_field_1,2025-06-22,88.2,development,maize,56,0.0,0.0,loam,late,56,pivot,irrigation_canal,7.1,0
farmer_2,farmer_2_field_1,2025-06-23,86.3,development,maize,57,0.0,0.2,loam,late,57,pivot,irrigation_canal,7.1,0
farmer_2,farmer_2_field_1,2025-06-24,87.6,development,maize,58,0.0,0.0,loam,late,58,pivot,irrigation_canal,7.1,0
farmer_2,farmer_2_field_1,2025-06-25,81.9,development,maize,59,0.0,0.2,loam,late,59,pivot,irrigation_canal,7.1,0
farmer_2,farmer_2_field_1,2025-06-26,77.9,development,maize,60,0.0,0.5,loam,late,60,pivot,irrigation_canal,7.1,0
farmer_2,farmer_2_field_1,2025-06-27,81.7,development,maize,61,0.0,0.6,loam,late,61,pivot,irrigation_canal,7.1,0
farmer_2,farmer_2_field_1,2025-06-28,75.4,development,maize,62,0.0,3.7,loam,late,62,pivot,irrigation_canal,7.1,0
farmer_2,farmer_2_field_1,2025-06-29,80.7,development,maize,63,0.0,0.0,loam,late,63,pivot,irrigation_canal,7.1,0
farmer_2,farmer_2_field_1,2025-06-30,75.6,development,maize,64,0.0,0.0,loam,late,64,pivot,irrigation_canal,7.1,0
farmer_2,farmer_2_field_1,2025-07-01,,development,maize,65,0.0,0.0,loam,late,65,pivot,irrigation_canal,7.1,0
farmer_2,farmer_2_field_1,2025-07-02,66.7,development,maize,66,0.0,0.0,loam,late,66,pivot,irrigation_canal,7.1,0
farmer_2,farmer_2_field_1,2025-07-03,73.2,development,maize,67,0.0,0.0,loam,late,67,pivot,irrigation_canal,7.1,0
farmer_2,farmer_2_field_1,2025-07-04,63.5,development,maize,68,0.0,0.0,loam,late,68,pivot,irrigation_canal,7.1,0
farmer_2,farmer_2_field_1,2025-07-05,58.9,development,maize,69,0.0,0.0,loam,late,69,pivot,irrigation_canal,7.1,0
farmer_2,farmer_2_field_1,2025-07-06,61.3,development,maize,70,0.0,0.0,loam,late,70,pivot,irrigation_canal,7.1,0
farmer_2,farmer_2_field_1,2025-07-07,57.6,development,maize,71,0.0,0.0,loam,late,71,pivot,irrigation_canal,7.1,0
farmer_2,farmer_2_field_1,2025-07-08,52.7,development,maize,72,0.0,0.0,loam,late,72,pivot,irrigation_canal,7.1,0
farmer_2,farmer_2_field_1,2025-07-09,51.9,development,maize,73,0.0,0.4,loam,late,73,pivot,irrigation_canal,7.1,1
farmer_2,farmer_2_field_1,2025-07-10,72.1,development,maize,1,30.0,0.0,loam,late,74,pivot,irrigation_canal,7.1,0
farmer_2,farmer_2_field_1,2025-07-11,62.9,development,maize,2,30.0,0.0,loam,late,75,pivot,irrigation_canal,7.1,0
farmer_2,farmer_2_field_1,2025-07-12,66.3,development,maize,3,30.0,0.8,loam,late,76,pivot,irrigation_canal,7.1,0
farmer_2,farmer_2_field_1,2025-07-13,61.1,development,maize,4,30.0,0.0,loam,late,77,pivot,irrigation_canal,7.1,0
farmer_2,farmer_2_field_1,2025-07-14,59.3,development,maize,5,30.0,0.0,loam,late,78,pivot,irrigation_canal,7.1,0
farmer_2,farmer_2_field_1,2025-07-15,59.2,development,maize,6,30.0,0.3,loam,late,79,pivot,irrigation_canal,7.1,0
farmer_2,farmer_2_field_1,2025-07-16,54.2,sensitive,maize,7,30.0,0.0,loam,late,80,pivot,irrigation_canal,7.1,1
farmer_2,farmer_2_field_1,2025-07-17,48.6,sensitive,maize,8,30.0,0.0,loam,late,81,pivot,irrigation_canal,7.1,1
farmer_2,farmer_2_field_1,2025-07-18,71.7,sensitive,maize,1,30.0,2.9,loam,late,82,pivot,irrigation_canal,7.1,0
farmer_2,farmer_2_field_1,2025-07-19,64.4,sensitive,maize,2,30.0,11.7,loam,late,83,pivot,irrigation_canal,7.1,0
farmer_2,farmer_2_field_1,2025-07-20,69.0,sensitive,maize,3,30.0,0.0,loam,late,84,pivot,irrigation_canal,7.1,0
farmer_2,farmer_2_field_1,2025-07-21,72.2,sensitive,maize,4,30.0,0.0,loam,late,85,pivot,irrigation_canal,7.1,0
farmer_2,farmer_2_field_1,2025-07-22,62.0,sensitive,maize,5,30.0,0.5,loam,late,86,pivot,irrigation_canal,7.1,0
farmer_2,farmer_2_field_1,2025-07-23,56.6,sensitive,maize,6,30.0,0.0,loam,late,87,pivot,irrigation_canal,7.1,1
farmer_2,farmer_2_field_1,2025-07-24,74.2,sensitive,maize,1,30.0,0.0,loam,late,88,pivot,irrigation_canal,7.1,0
farmer_2,farmer_2_field_1,2025-07-25,74.7,sensitive,maize,2,30.0,0.4,loam,late,89,pivot,irrigation_canal,7.1,0
farmer_2,farmer_2_field_1,2025-07-26,69.3,sensitive,maize,3,30.0,0.0,loam,late,90,pivot,irrigation_canal,7.1,0
farmer_2,farmer_2_field_1,2025-07-27,65.7,sensitive,maize,4,30.0,1.9,loam,late,91,pivot,irrigation_canal,7.1,0
farmer_2,farmer_2_field_1,2025-07-28,67.5,sensitive,maize,5,30.0,0.2,loam,late,92,pivot,irrigation_canal,7.1,0
farmer_2,farmer_2_field_1,2025-07-29,58.1,sensitive,maize,6,30.0,7.9,loam,late,93,pivot,irrigation_canal,7.1,1
farmer_2,farmer_2_field_1,2025-07-30,80.4,sensitive,maize,1,30.0,0.8,loam,late,94,pivot,irrigation_canal,7.1,0
farmer_2,farmer_2_field_1,2025-07-31,83.9,sensitive,maize,2,30.0,0.6,loam,late,95,pivot,irrigation_canal,7.1,0
farmer_2,farmer_2_field_1,2025-08-01,75.6,sensitive,maize,3,30.0,0.1,loam,late,96,pivot,irrigation_canal,7.1,0
farmer_2,farmer_2_field_1,2025-08-02,74.6,sensitive,maize,4,30.0,0.1,loam,late,97,pivot,irrigation_canal,7.1,0
farmer_2,farmer_2_field_1,2025-08-03,76.1,sensitive,maize,5,30.0,0.0,loam,late,98,pivot,irrigation_canal,7.1,0
farmer_2,farmer_2_field_1,2025-08-04,65.1,sensitive,maize,6,30.0,0.3,loam,late,99,pivot,irrigation_canal,7.1,0
farmer_2,farmer_2_field_1,2025-08-05,64.4,sensitive,maize,7,30.0,0.1,loam,late,100,pivot,irrigation_canal,7.1,1
farmer_2,farmer_2_field_1,2025-08-06,57.7,sensitive,maize,8,30.0,10.9,loam,late,101,pivot,irrigation_canal,7.1,1
farmer_2,farmer_2_field_1,2025-08-07,57.7,sensitive,maize,9,30.0,0.0,loam,late,102,pivot,irrigation_canal,7.1,0
farmer_2,farmer_2_field_1,2025-08-08,57.7,sensitive,maize,10,30.0,0.0,loam,late,103,pivot,irrigation_canal,7.1,1
farmer_2,farmer_2_field_1,2025-08-09,57.7,sensitive,maize,11,30.0,0.0,loam,late,104,pivot,irrigation_canal,7.1,1
farmer_2,farmer_2_field_1,2025-08-10,57.7,sensitive,maize,12,30.0,0.0,loam,late,105,pivot,irrigation_canal,7.1,1
farmer_2,farmer_2_field_1,2025-08-11,57.7,sensitive,maize,13,30.0,2.4,loam,late,106,pivot,irrigation_canal,7.1,2
farmer_2,farmer_2_field_1,2025-08-12,68.0,sensitive,maize,1,30.0,0.8,loam,late,107,pivot,irrigation_canal,7.1,0
farmer_2,farmer_2_field_1,2025-08-13,65.2,sensitive,maize,2,30.0,0.7,loam,late,108,pivot,irrigation_canal,7.1,0
farmer_2,farmer_2_field_1,2025-08-14,64.0,sensitive,maize,3,30.0,0.0,loam,late,109,pivot,irrigation_canal,7.1,1
farmer_2,farmer_2_field_1,2025-08-15,56.7,sensitive,maize,4,30.0,0.0,loam,late,110,pivot,irrigation_canal,7.1,1
farmer_2,farmer_2_field_1,2025-08-16,48.7,sensitive,maize,5,30.0,0.8,loam,late,111,pivot,irrigation_canal,7.1,1
farmer_2,farmer_2_field_1,2025-08-17,51.6,sensitive,maize,6,30.0,0.1,loam,late,112,pivot,irrigation_canal,7.1,1
farmer_2,farmer_2_field_1,2025-08-18,49.4,sensitive,maize,7,30.0,0.0,loam,late,113,pivot,irrigation_canal,7.1,2
farmer_2,farmer_2_field_1,2025-08-19,66.4,sensitive,maize,1,30.0,0.2,loam,late,114,pivot,irrigation_canal,7.1,0
farmer_2,farmer_2_field_1,2025-08-20,58.4,sensitive,maize,2,30.0,0.0,loam,late,115,pivot,irrigation_canal,7.1,1
farmer_2,farmer_2_field_1,2025-08-21,55.6,sensitive,maize,3,30.0,0.0,loam,late,116,pivot,irrigation_canal,7.1,1
farmer_2,farmer_2_field_1,2025-08-22,58.2,sensitive,maize,4,30.0,0.0,loam,late,117,pivot,irrigation_canal,7.1,1
farmer_2,farmer_2_field_1,2025-08-23,54.0,sensitive,maize,5,30.0,0.0,loam,late,118,pivot,irrigation_canal,7.1,1
farmer_2,farmer_2_field_1,2025-08-24,65.7,sensitive,maize,1,30.0,0.0,loam,late,119,pivot,irrigation_canal,7.1,0
farmer_2,farmer_2_field_1,2025-08-25,,sensitive,maize,2,30.0,0.1,loam,late,120,pivot,irrigation_canal,7.1,0
farmer_2,farmer_2_field_1,2025-08-26,,sensitive,maize,3,30.0,0.0,loam,late,121,pivot,irrigation_canal,7.1,1
farmer_2,farmer_2_field_1,2025-08-27,81.6,sensitive,maize,1,30.0,0.3,loam,late,122,pivot,irrigation_canal,7.1,0
farmer_2,farmer_2_field_1,2025-08-28,73.2,sensitive,maize,2,30.0,18.3,loam,late,123,pivot,irrigation_canal,7.1,0
farmer_2,farmer_2_field_1,2025-08-29,83.5,sensitive,maize,3,30.0,0.0,loam,late,124,pivot,irrigation_canal,7.1,0
farmer_2,farmer_2_field_1,2025-08-30,76.5,sensitive,maize,4,30.0,0.0,loam,late,125,pivot,irrigation_canal,7.1,0
farmer_2,farmer_2_field_1,2025-08-31,73.8,sensitive,maize,5,30.0,0.2,loam,late,126,pivot,irrigation_canal,7.1,0
farmer_2,farmer_2_field_1,2025-09-01,78.7,sensitive,maize,6,30.0,0.5,loam,late,127,pivot,irrigation_canal,7.1,0
farmer_2,farmer_2_field_1,2025-09-02,72.5,sensitive,maize,7,30.0,0.0,loam,late,128,pivot,irrigation_canal,7.1,0
farmer_2,farmer_2_field_1,2025-09-03,71.3,sensitive,maize,8,30.0,0.0,loam,late,129,pivot,irrigation_canal,7.1,0
farmer_2,farmer_2_field_1,2025-09-04,61.4,sensitive,maize,9,30.0,0.0,loam,late,130,pivot,irrigation_canal,7.1,0
farmer_2,farmer_2_field_1,2025-09-05,57.1,sensitive,maize,10,30.0,0.0,loam,late,131,pivot,irrigation_canal,7.1,0
farmer_2,farmer_2_field_1,2025-09-06,64.9,sensitive,maize,11,30.0,0.0,loam,late,132,pivot,irrigation_canal,7.1,1
farmer_2,farmer_2_field_1,2025-09-07,76.9,sensitive,maize,1,30.0,0.0,loam,late,133,pivot,irrigation_canal,7.1,0
farmer_2,farmer_2_field_1,2025-09-08,76.6,sensitive,maize,2,30.0,0.4,loam,late,134,pivot,irrigation_canal,7.1,0
farmer_2,farmer_2_field_1,2025-09-09,75.7,sensitive,maize,3,30.0,0.0,loam,late,135,pivot,irrigation_canal,7.1,0
farmer_2,farmer_2_field_1,2025-09-10,70.1,sensitive,maize,4,30.0,0.4,loam,late,136,pivot,irrigation_canal,7.1,0
farmer_2,farmer_2_field_1,2025-09-11,69.3,late,maize,5,30.0,0.0,loam,late,137,pivot,irrigation_canal,7.1,0
farmer_2,farmer_2_field_1,2025-09-12,61.3,late,maize,6,30.0,0.0,loam,late,138,pivot,irrigation_canal,7.1,0
farmer_2,farmer_2_field_1,2025-09-13,62.6,late,maize,7,30.0,0.0,loam,late,139,pivot,irrigation_canal,7.1,0
farmer_2,farmer_2_field_1,2025-09-14,58.9,late,maize,8,30.0,1.5,loam,late,140,pivot,irrigation_canal,7.1,0
farmer_2,farmer_2_field_1,2025-09-15,60.1,late,maize,9,30.0,0.0,loam,late,141,pivot,irrigation_canal,7.1,0
farmer_2,farmer_2_field_1,2025-09-16,64.3,late,maize,10,30.0,5.3,loam,late,142,pivot,irrigation_canal,7.1,0
farmer_2,farmer_2_field_1,2025-09-17,66.3,late,maize,11,30.0,2.7,loam,late,143,pivot,irrigation_canal,7.1,0
farmer_2,farmer_2_field_1,2025-09-18,53.5,late,maize,12,30.0,0.2,loam,late,144,pivot,irrigation_canal,7.1,0
farmer_2,farmer_2_field_1,2025-09-19,62.6,late,maize,13,30.0,0.1,loam,late,145,pivot,irrigation_canal,7.1,0
farmer_2,farmer_2_field_1,2025-09-20,61.9,late,maize,14,30.0,0.1,loam,late,146,pivot,irrigation_canal,7.1,0
farmer_2,farmer_2_field_1,2025-09-21,53.2,late,maize,15,30.0,1.3,loam,late,147,pivot,irrigation_canal,7.1,0
farmer_2,farmer_2_field_1,2025-09-22,58.5,late,maize,16,30.0,0.3,loam,late,148,pivot,irrigation_canal,7.1,0
farmer_2,farmer_2_field_1,2025-09-23,54.9,late,maize,17,30.0,0.8,loam,late,149,pivot,irrigation_canal,7.1,0
farmer_2,farmer_2_field_1,2025-09-24,60.5,late,maize,18,30.0,0.0,loam,late,150,pivot,irrigation_canal,7.1,0
farmer_2,farmer_2_field_1,2025-09-25,56.0,late,maize,19,30.0,0.0,loam,late,151,pivot,irrigation_canal,7.1,0
farmer_2,farmer_2_field_1,2025-09-26,50.3,late,maize,20,30.0,0.0,loam,late,152,pivot,irrigation_canal,7.1,0
farmer_2,farmer_2_field_1,2025-09-27,60.4,late,maize,21,30.0,0.1,loam,late,153,pivot,irrigation_canal,7.1,0
farmer_2,farmer_2_field_1,2025-09-28,53.2,late,maize,22,30.0,0.0,loam,late,154,pivot,irrigation_canal,7.1,0
farmer_2,farmer_2_field_1,2025-09-29,49.7,late,maize,23,30.0,0.0,loam,late,155,pivot,irrigation_canal,7.1,0
farmer_2,farmer_2_field_1,2025-09-30,54.2,late,maize,24,30.0,0.3,loam,late,156,pivot,irrigation_canal,7.1,0
farmer_2,farmer_2_field_1,2026-04-27,61.4,initial,maize,0,0.0,0.0,loam,late,0,pivot,irrigation_canal,7.1,0
farmer_2,farmer_2_field_1,2026-04-28,61.3,initial,maize,1,0.0,0.0,loam,late,1,pivot,irrigation_canal,7.1,0
farmer_2,farmer_2_field_1,2026-04-29,56.3,initial,maize,2,0.0,0.0,loam,late,2,pivot,irrigation_canal,7.1,0
farmer_2,farmer_2_field_1,2026-04-30,60.0,initial,maize,3,0.0,0.0,loam,late,3,pivot,irrigation_canal,7.1,0
farmer_2,farmer_2_field_1,2026-05-01,58.7,initial,maize,4,0.0,0.4,loam,late,4,pivot,irrigation_canal,7.1,0
farmer_2,farmer_2_field_1,2026-05-02,56.1,initial,maize,5,0.0,0.2,loam,late,5,pivot,irrigation_canal,7.1,0
farmer_2,farmer_2_field_1,2026-05-03,62.2,initial,maize,6,0.0,10.7,loam,late,6,pivot,irrigation_canal,7.1,0
farmer_2,farmer_2_field_1,2026-05-04,70.3,initial,maize,7,0.0,0.0,loam,late,7,pivot,irrigation_canal,7.1,0
farmer_2,farmer_2_field_1,2026-05-05,62.1,initial,maize,8,0.0,5.2,loam,late,8,pivot,irrigation_canal,7.1,0
farmer_2,farmer_2_field_1,2026-05-06,69.5,initial,maize,9,0.0,0.0,loam,late,9,pivot,irrigation_canal,7.1,0
farmer_2,farmer_2_field_1,2026-05-07,71.3,initial,maize,10,0.0,8.9,loam,late,10,pivot,irrigation_canal,7.1,0
farmer_2,farmer_2_field_1,2026-05-08,78.9,initial,maize,11,0.0,0.0,loam,late,11,pivot,irrigation_canal,7.1,0
farmer_2,farmer_2_field_1,2026-05-09,68.7,initial,maize,12,0.0,0.0,loam,late,12,pivot,irrigation_canal,7.1,0
farmer_2,farmer_2_field_1,2026-05-10,67.7,initial,maize,13,0.0,0.0,loam,late,13,pivot,irrigation_canal,7.1,0
farmer_2,farmer_2_field_1,2026-05-11,69.8,initial,maize,14,0.0,0.0,loam,late,14,pivot,irrigation_canal,7.1,0
farmer_2,farmer_2_field_1,2026-05-12,70.9,initial,maize,15,0.0,0.0,loam,late,15,pivot,irrigation_canal,7.1,0
farmer_2,farmer_2_field_1,2026-05-13,67.0,initial,maize,16,0.0,2.5,loam,late,16,pivot,irrigation_canal,7.1,0
farmer_2,farmer_2_field_1,2026-05-14,72.9,initial,maize,17,0.0,0.1,loam,late,17,pivot,irrigation_canal,7.1,0
farmer_2,farmer_2_field_1,2026-05-15,67.1,initial,maize,18,0.0,0.0,loam,late,18,pivot,irrigation_canal,7.1,0
farmer_2,farmer_2_field_1,2026-05-16,69.5,initial,maize,19,0.0,0.2,loam,late,19,pivot,irrigation_canal,7.1,0
farmer_2,farmer_2_field_1,2026-05-17,68.7,initial,maize,20,0.0,0.0,loam,late,20,pivot,irrigation_canal,7.1,0
farmer_2,farmer_2_field_1,2026-05-18,68.7,initial,maize,21,0.0,0.0,loam,late,21,pivot,irrigation_canal,7.1,0
farmer_2,farmer_2_field_1,2026-05-19,68.7,initial,maize,22,0.0,0.2,loam,late,22,pivot,irrigation_canal,7.1,0
farmer_2,farmer_2_field_1,2026-05-20,68.7,initial,maize,23,0.0,0.0,loam,late,23,pivot,irrigation_canal,7.1,0
farmer_2,farmer_2_field_1,2026-05-21,68.7,initial,maize,24,0.0,17.8,loam,late,24,pivot,irrigation_canal,7.1,0
farmer_2,farmer_2_field_1,2026-05-22,68.7,initial,maize,25,0.0,5.9,loam,late,25,pivot,irrigation_canal,7.1,0
farmer_2,farmer_2_field_1,2026-05-23,68.7,initial,maize,26,0.0,0.4,loam,late,26,pivot,irrigation_canal,7.1,0
farmer_2,farmer_2_field_1,2026-05-24,68.7,initial,maize,27,0.0,0.0,loam,late,27,pivot,irrigation_canal,7.1,0
farmer_2,farmer_2_field_1,2026-05-25,68.7,initial,maize,28,0.0,0.5,loam,late,28,pivot,irrigation_canal,7.1,0
farmer_2,farmer_2_field_1,2026-05-26,68.7,initial,maize,29,0.0,0.0,loam,late,29,pivot,irrigation_canal,7.1,0
farmer_2,farmer_2_field_1,2026-05-27,82.6,initial,maize,30,0.0,0.1,loam,late,30,pivot,irrigation_canal,7.1,0
farmer_2,farmer_2_field_1,2026-05-28,77.9,initial,maize,31,0.0,0.0,loam,late,31,pivot,irrigation_canal,7.1,0
farmer_2,farmer_2_field_1,2026-05-29,79.7,initial,maize,32,0.0,0.5,loam,late,32,pivot,irrigation_canal,7.1,0
farmer_2,farmer_2_field_1,2026-05-30,80.1,initial,maize,33,0.0,0.0,loam,late,33,pivot,irrigation_canal,7.1,0
farmer_2,farmer_2_field_1,2026-05-31,74.6,development,maize,34,0.0,0.1,loam,late,34,pivot,irrigation_canal,7.1,0
farmer_2,farmer_2_field_1,2026-06-01,74.3,development,maize,35,0.0,0.3,loam,late,35,pivot,irrigation_canal,7.1,0
farmer_2,farmer_2_field_1,2026-06-02,75.4,development,maize,36,0.0,0.3,loam,late,36,pivot,irrigation_canal,7.1,0
farmer_2,farmer_2_field_1,2026-06-03,68.5,development,maize,37,0.0,0.0,loam,late,37,pivot,irrigation_canal,7.1,0
farmer_2,farmer_2_field_1,2026-06-04,59.3,development,maize,38,0.0,0.0,loam,late,38,pivot,irrigation_canal,7.1,0
farmer_2,farmer_2_field_1,2026-06-05,69.1,development,maize,39,0.0,0.3,loam,late,39,pivot,irrigation_canal,7.1,0
farmer_2,farmer_2_field_1,2026-06-06,61.0,development,maize,40,0.0,5.4,loam,late,40,pivot,irrigation_canal,7.1,0
farmer_2,farmer_2_field_1,2026-06-07,68.1,development,maize,41,0.0,0.0,loam,late,41,pivot,irrigation_canal,7.1,0
farmer_2,farmer_2_field_1,2026-06-08,62.0,development,maize,42,0.0,0.1,loam,late,42,pivot,irrigation_canal,7.1,0
farmer_2,farmer_2_field_1,2026-06-09,57.1,development,maize,43,0.0,0.4,loam,late,43,pivot,irrigation_canal,7.1,0
farmer_2,farmer_2_field_1,2026-06-10,52.5,development,maize,44,0.0,0.2,loam,late,44,pivot,irrigation_canal,7.1,0
farmer_2,farmer_2_field_1,2026-06-11,53.0,development,maize,45,0.0,0.2,loam,late,45,pivot,irrigation_canal,7.1,0
farmer_2,farmer_2_field_1,2026-06-12,52.1,development,maize,46,0.0,0.7,loam,late,46,pivot,irrigation_canal,7.1,1
farmer_2,farmer_2_field_1,2026-06-13,50.7,development,maize,47,0.0,0.0,loam,late,47,pivot,irrigation_canal,7.1,1
farmer_2,farmer_2_field_1,2026-06-14,47.4,development,maize,48,0.0,0.0,loam,late,48,pivot,irrigation_canal,7.1,1
farmer_2,farmer_2_field_1,2026-06-15,46.3,development,maize,49,0.0,0.4,loam,late,49,pivot,irrigation_canal,7.1,1
farmer_2,farmer_2_field_1,2026-06-16,,development,maize,50,0.0,0.9,loam,late,50,pivot,irrigation_canal,7.1,1
farmer_2,farmer_2_field_1,2026-06-17,40.4,development,maize,51,0.0,0.5,loam,late,51,pivot,irrigation_canal,7.1,2
farmer_2,farmer_2_field_1,2026-06-18,40.4,development,maize,1,30.0,0.0,loam,late,52,pivot,irrigation_canal,7.1,0
farmer_2,farmer_2_field_1,2026-06-19,40.4,development,maize,2,30.0,0.0,loam,late,53,pivot,irrigation_canal,7.1,1
farmer_2,farmer_2_field_1,2026-06-20,40.4,development,maize,3,30.0,0.0,loam,late,54,pivot,irrigation_canal,7.1,1
farmer_2,farmer_2_field_1,2026-06-21,40.4,development,maize,4,30.0,0.0,loam,late,55,pivot,irrigation_canal,7.1,1
farmer_2,farmer_2_field_1,2026-06-22,63.0,development,maize,1,30.0,0.0,loam,late,56,pivot,irrigation_canal,7.1,0
farmer_2,farmer_2_field_1,2026-06-23,59.8,development,maize,2,30.0,0.0,loam,late,57,pivot,irrigation_canal,7.1,0
farmer_2,farmer_2_field_1,2026-06-24,54.0,development,maize,3,30.0,0.1,loam,late,58,pivot,irrigation_canal,7.1,0
farmer_2,farmer_2_field_1,2026-06-25,58.1,development,maize,4,30.0,2.1,loam,late,59,pivot,irrigation_canal,7.1,0
farmer_2,farmer_2_field_1,2026-06-26,50.1,development,maize,5,30.0,0.0,loam,late,60,pivot,irrigation_canal,7.1,1
farmer_2,farmer_2_field_1,2026-06-27,51.2,development,maize,6,30.0,0.6,loam,late,61,pivot,irrigation_canal,7.1,1
farmer_2,farmer_2_field_1,2026-06-28,64.9,development,maize,1,30.0,0.0,loam,late,62,pivot,irrigation_canal,7.1,0
farmer_2,farmer_2_field_1,2026-06-29,63.3,development,maize,2,30.0,0.0,loam,late,63,pivot,irrigation_canal,7.1,0
farmer_2,farmer_2_field_1,2026-06-30,60.3,development,maize,3,30.0,0.0,loam,late,64,pivot,irrigation_canal,7.1,0
farmer_2,farmer_2_field_1,2026-07-01,54.7,development,maize,4,30.0,0.0,loam,late,65,pivot,irrigation_canal,7.1,0
farmer_2,farmer_2_field_1,2026-07-02,47.8,development,maize,5,30.0,0.0,loam,late,66,pivot,irrigation_canal,7.1,1
farmer_2,farmer_2_field_1,2026-07-03,52.2,development,maize,6,30.0,0.0,loam,late,67,pivot,irrigation_canal,7.1,1
farmer_2,farmer_2_field_1,2026-07-04,,development,maize,7,30.0,0.0,loam,late,68,pivot,irrigation_canal,7.1,1
farmer_2,farmer_2_field_1,2026-07-05,40.3,development,maize,8,30.0,0.3,loam,late,69,pivot,irrigation_canal,7.1,1
farmer_2,farmer_2_field_1,2026-07-06,32.8,development,maize,9,30.0,0.0,loam,late,70,pivot,irrigation_canal,7.1,2
farmer_2,farmer_2_field_1,2026-07-07,55.1,development,maize,1,30.0,0.0,loam,late,71,pivot,irrigation_canal,7.1,0
farmer_2,farmer_2_field_1,2026-07-08,51.1,development,maize,2,30.0,0.0,loam,late,72,pivot,irrigation_canal,7.1,1
farmer_2,farmer_2_field_1,2026-07-09,44.1,development,maize,3,30.0,0.0,loam,late,73,pivot,irrigation_canal,7.1,1
farmer_2,farmer_2_field_1,2026-07-10,68.2,development,maize,1,30.0,0.3,loam,late,74,pivot,irrigation_canal,7.1,0
farmer_2,farmer_2_field_1,2026-07-11,62.4,development,maize,2,30.0,0.0,loam,late,75,pivot,irrigation_canal,7.1,0
farmer_2,farmer_2_field_1,2026-07-12,58.1,development,maize,3,30.0,0.0,loam,late,76,pivot,irrigation_canal,7.1,0
farmer_2,farmer_2_field_1,2026-07-13,49.3,development,maize,4,30.0,0.0,loam,late,77,pivot,irrigation_canal,7.1,0
farmer_2,farmer_2_field_1,2026-07-14,50.1,development,maize,5,30.0,0.9,loam,late,78,pivot,irrigation_canal,7.1,1
farmer_2,farmer_2_field_1,2026-07-15,44.9,development,maize,6,30.0,0.0,loam,late,79,pivot,irrigation_canal,7.1,1
farmer_2,farmer_2_field_1,2026-07-16,45.8,sensitive,maize,7,30.0,0.0,loam,late,80,pivot,irrigation_canal,7.1,2
farmer_2,farmer_2_field_1,2026-07-17,55.4,sensitive,maize,1,30.0,0.0,loam,late,81,pivot,irrigation_canal,7.1,1
farmer_2,farmer_2_field_1,2026-07-18,54.9,sensitive,maize,2,30.0,0.2,loam,late,82,pivot,irrigation_canal,7.1,1
farmer_2,farmer_2_field_1,2026-07-19,50.9,sensitive,maize,3,30.0,0.7,loam,late,83,pivot,irrigation_canal,7.1,1
farmer_2,farmer_2_field_1,2026-07-20,46.5,sensitive,maize,4,30.0,0.6,loam,late,84,pivot,irrigation_canal,7.1,2
farmer_2,farmer_2_field_1,2026-07-21,63.0,sensitive,maize,1,30.0,0.0,loam,late,85,pivot,irrigation_canal,7.1,1
farmer_2,farmer_2_field_1,2026-07-22,54.3,sensitive,maize,2,30.0,0.2,loam,late,86,pivot,irrigation_canal,7.1,1
farmer_2,farmer_2_field_1,2026-07-23,51.2,sensitive,maize,3,30.0,0.6,loam,late,87,pivot,irrigation_canal,7.1,1
farmer_2,farmer_2_field_1,2026-07-24,65.4,sensitive,maize,1,30.0,0.0,loam,late,88,pivot,irrigation_canal,7.1,0
farmer_2,farmer_2_field_1,2026-07-25,52.4,sensitive,maize,2,30.0,0.0,loam,late,89,pivot,irrigation_canal,7.1,1
farmer_2,farmer_2_field_1,2026-07-26,79.3,sensitive,maize,1,30.0,0.5,loam,late,90,pivot,irrigation_canal,7.1,0
farmer_2,farmer_2_field_1,2026-07-27,72.2,sensitive,maize,2,30.0,0.0,loam,late,91,pivot,irrigation_canal,7.1,0
farmer_2,farmer_2_field_1,2026-07-28,64.7,sensitive,maize,3,30.0,0.0,loam,late,92,pivot,irrigation_canal,7.1,0
farmer_2,farmer_2_field_1,2026-07-29,57.9,sensitive,maize,4,30.0,0.9,loam,late,93,pivot,irrigation_canal,7.1,1
farmer_2,farmer_2_field_1,2026-07-30,59.2,sensitive,maize,5,30.0,0.6,loam,late,94,pivot,irrigation_canal,7.1,1
farmer_2,farmer_2_field_1,2026-07-31,53.0,sensitive,maize,6,30.0,8.4,loam,late,95,pivot,irrigation_canal,7.1,1
farmer_2,farmer_2_field_1,2026-08-01,81.6,sensitive,maize,1,30.0,0.0,loam,late,96,pivot,irrigation_canal,7.1,0
farmer_2,farmer_2_field_1,2026-08-02,74.3,sensitive,maize,2,30.0,0.0,loam,late,97,pivot,irrigation_canal,7.1,0
farmer_2,farmer_2_field_1,2026-08-03,64.0,sensitive,maize,3,30.0,10.1,loam,late,98,pivot,irrigation_canal,7.1,0
farmer_2,farmer_2_field_1,2026-08-04,71.2,sensitive,maize,4,30.0,0.7,loam,late,99,pivot,irrigation_canal,7.1,0
farmer_2,farmer_2_field_1,2026-08-05,67.8,sensitive,maize,5,30.0,0.6,loam,late,100,pivot,irrigation_canal,7.1,0
farmer_2,farmer_2_field_1,2026-08-06,60.7,sensitive,maize,6,30.0,0.4,loam,late,101,pivot,irrigation_canal,7.1,1
farmer_2,farmer_2_field_1,2026-08-07,77.7,sensitive,maize,1,30.0,0.0,loam,late,102,pivot,irrigation_canal,7.1,0
farmer_2,farmer_2_field_1,2026-08-08,74.2,sensitive,maize,2,30.0,0.8,loam,late,103,pivot,irrigation_canal,7.1,0
farmer_2,farmer_2_field_1,2026-08-09,73.5,sensitive,maize,3,30.0,0.3,loam,late,104,pivot,irrigation_canal,7.1,0
farmer_2,farmer_2_field_1,2026-08-10,69.4,sensitive,maize,4,30.0,1.5,loam,late,105,pivot,irrigation_canal,7.1,0
farmer_2,farmer_2_field_1,2026-08-11,65.4,sensitive,maize,5,30.0,0.0,loam,late,106,pivot,irrigation_canal,7.1,1
farmer_2,farmer_2_field_1,2026-08-12,80.8,sensitive,maize,1,30.0,0.0,loam,late,107,pivot,irrigation_canal,7.1,0
farmer_2,farmer_2_field_1,2026-08-13,78.7,sensitive,maize,2,30.0,0.0,loam,late,108,pivot,irrigation_canal,7.1,0
farmer_2,farmer_2_field_1,2026-08-14,68.4,sensitive,maize,3,30.0,0.1,loam,late,109,pivot,irrigation_canal,7.1,0
farmer_2,farmer_2_field_1,2026-08-15,65.0,sensitive,maize,4,30.0,0.0,loam,late,110,pivot,irrigation_canal,7.1,0
farmer_2,farmer_2_field_1,2026-08-16,58.8,sensitive,maize,5,30.0,0.6,loam,late,111,pivot,irrigation_canal,7.1,1
farmer_2,farmer_2_field_1,2026-08-17,51.5,sensitive,maize,6,30.0,0.0,loam,late,112,pivot,irrigation_canal,7.1,1
farmer_2,farmer_2_field_1,2026-08-18,49.6,sensitive,maize,7,30.0,0.1,loam,late,113,pivot,irrigation_canal,7.1,1
farmer_2,farmer_2_field_1,2026-08-19,45.1,sensitive,maize,8,30.0,0.1,loam,late,114,pivot,irrigation_canal,7.1,2
farmer_2,farmer_2_field_1,2026-08-20,66.8,sensitive,maize,1,30.0,2.6,loam,late,115,pivot,irrigation_canal,7.1,0
farmer_2,farmer_2_field_1,2026-08-21,63.1,sensitive,maize,2,30.0,0.3,loam,late,116,pivot,irrigation_canal,7.1,0
farmer_2,farmer_2_field_1,2026-08-22,,sensitive,maize,3,30.0,0.0,loam,late,117,pivot,irrigation_canal,7.1,1
farmer_2,farmer_2_field_1,2026-08-23,52.4,sensitive,maize,4,30.0,0.1,loam,late,118,pivot,irrigation_canal,7.1,1
farmer_2,farmer_2_field_1,2026-08-24,77.0,sensitive,maize,1,30.0,0.0,loam,late,119,pivot,irrigation_canal,7.1,0
farmer_2,farmer_2_field_1,2026-08-25,68.2,sensitive,maize,2,30.0,0.0,loam,late,120,pivot,irrigation_canal,7.1,0
farmer_2,farmer_2_field_1,2026-08-26,69.1,sensitive,maize,3,30.0,0.0,loam,late,121,pivot,irrigation_canal,7.1,0
farmer_2,farmer_2_field_1,2026-08-27,61.2,sensitive,maize,4,30.0,0.4,loam,late,122,pivot,irrigation_canal,7.1,0
farmer_2,farmer_2_field_1,2026-08-28,62.8,sensitive,maize,5,30.0,3.7,loam,late,123,pivot,irrigation_canal,7.1,1
farmer_2,farmer_2_field_1,2026-08-29,60.0,sensitive,maize,6,30.0,0.0,loam,late,124,pivot,irrigation_canal,7.1,1
farmer_2,farmer_2_field_1,2026-08-30,81.1,sensitive,maize,1,30.0,0.6,loam,late,125,pivot,irrigation_canal,7.1,0
farmer_2,farmer_2_field_1,2026-08-31,70.0,sensitive,maize,2,30.0,0.0,loam,late,126,pivot,irrigation_canal,7.1,0
farmer_2,farmer_2_field_1,2026-09-01,74.9,sensitive,maize,3,30.0,0.0,loam,late,127,pivot,irrigation_canal,7.1,0
farmer_2,farmer_2_field_1,2026-09-02,65.8,sensitive,maize,4,30.0,0.5,loam,late,128,pivot,irrigation_canal,7.1,0
farmer_2,farmer_2_field_1,2026-09-03,63.1,sensitive,maize,5,30.0,0.0,loam,late,129,pivot,irrigation_canal,7.1,0
farmer_2,farmer_2_field_1,2026-09-04,61.8,sensitive,maize,6,30.0,0.4,loam,late,130,pivot,irrigation_canal,7.1,1
farmer_2,farmer_2_field_1,2026-09-05,63.0,sensitive,maize,7,30.0,0.5,loam,late,131,pivot,irrigation_canal,7.1,1
farmer_2,farmer_2_field_1,2026-09-06,58.7,sensitive,maize,8,30.0,0.2,loam,late,132,pivot,irrigation_canal,7.1,1
farmer_2,farmer_2_field_1,2026-09-07,52.2,sensitive,maize,9,30.0,0.0,loam,late,133,pivot,irrigation_canal,7.1,1
farmer_2,farmer_2_field_1,2026-09-08,50.2,sensitive,maize,10,30.0,0.1,loam,late,134,pivot,irrigation_canal,7.1,1
farmer_2,farmer_2_field_1,2026-09-09,66.3,sensitive,maize,1,30.0,0.0,loam,late,135,pivot,irrigation_canal,7.1,0
farmer_2,farmer_2_field_1,2026-09-10,,sensitive,maize,2,30.0,0.0,loam,late,136,pivot,irrigation_canal,7.1,0
farmer_2,farmer_2_field_1,2026-09-11,66.7,late,maize,3,30.0,0.7,loam,late,137,pivot,irrigation_canal,7.1,0
farmer_2,farmer_2_field_1,2026-09-12,58.3,late,maize,4,30.0,0.0,loam,late,138,pivot,irrigation_canal,7.1,0
farmer_2,farmer_2_field_1,2026-09-13,56.4,late,maize,5,30.0,0.4,loam,late,139,pivot,irrigation_canal,7.1,0
farmer_2,farmer_2_field_1,2026-09-14,60.2,late,maize,6,30.0,0.5,loam,late,140,pivot,irrigation_canal,7.1,0
farmer_2,farmer_2_field_1,2026-09-15,60.5,late,maize,7,30.0,0.2,loam,late,141,pivot,irrigation_canal,7.1,0
farmer_2,farmer_2_field_1,2026-09-16,53.3,late,maize,8,30.0,0.3,loam,late,142,pivot,irrigation_canal,7.1,0
farmer_2,farmer_2_field_1,2026-09-17,47.6,late,maize,9,30.0,0.0,loam,late,143,pivot,irrigation_canal,7.1,0
farmer_2,farmer_2_field_1,2026-09-18,54.3,late,maize,10,30.0,0.0,loam,late,144,pivot,irrigation_canal,7.1,0
farmer_2,farmer_2_field_1,2026-09-19,54.6,late,maize,11,30.0,0.0,loam,late,145,pivot,irrigation_canal,7.1,0
farmer_2,farmer_2_field_1,2026-09-20,,late,maize,12,30.0,0.0,loam,late,146,pivot,irrigation_canal,7.1,0
farmer_2,farmer_2_field_1,2026-09-21,44.9,late,maize,13,30.0,0.4,loam,late,147,pivot,irrigation_canal,7.1,0
farmer_2,farmer_2_field_1,2026-09-22,43.8,late,maize,14,30.0,0.7,loam,late,148,pivot,irrigation_canal,7.1,0
farmer_2,farmer_2_field_1,2026-09-23,41.1,late,maize,15,30.0,0.1,loam,late,149,pivot,irrigation_canal,7.1,0
farmer_2,farmer_2_field_1,2026-09-24,45.7,late,maize,16,30.0,0.0,loam,late,150,pivot,irrigation_canal,7.1,0
farmer_2,farmer_2_field_1,2026-09-25,44.8,late,maize,17,30.0,0.0,loam,late,151,pivot,irrigation_canal,7.1,0
farmer_2,farmer_2_field_1,2026-09-26,40.8,late,maize,18,30.0,0.0,loam,late,152,pivot,irrigation_canal,7.1,0
farmer_2,farmer_2_field_1,2026-09-27,45.1,late,maize,19,30.0,2.5,loam,late,153,pivot,irrigation_canal,7.1,1
farmer_2,farmer_2_field_1,2026-09-28,39.4,late,maize,20,30.0,0.2,loam,late,154,pivot,irrigation_canal,7.1,1
farmer_2,farmer_2_field_1,2026-09-29,,late,maize,21,30.0,0.5,loam,late,155,pivot,irrigation_canal,7.1,1
farmer_2,farmer_2_field_1,2026-09-30,59.5,late,maize,1,30.0,0.9,loam,late,156,pivot,irrigation_canal,7.1,0
farmer_2,farmer_2_field_2,2025-05-03,83.1,initial,maize,0,0.0,3.7,loam,early,0,pivot,irrigation_canal,5.9,0
farmer_2,farmer_2_field_2,2025-05-04,78.3,initial,maize,1,0.0,0.0,loam,early,1,pivot,irrigation_canal,5.9,0
farmer_2,farmer_2_field_2,2025-05-05,81.5,initial,maize,2,0.0,0.0,loam,early,2,pivot,irrigation_canal,5.9,0
farmer_2,farmer_2_field_2,2025-05-06,80.1,initial,maize,3,0.0,0.4,loam,early,3,pivot,irrigation_canal,5.9,0
farmer_2,farmer_2_field_2,2025-05-07,84.0,initial,maize,4,0.0,0.0,loam,early,4,pivot,irrigation_canal,5.9,0
farmer_2,farmer_2_field_2,2025-05-08,82.0,initial,maize,5,0.0,0.1,loam,early,5,pivot,irrigation_canal,5.9,0
farmer_2,farmer_2_field_2,2025-05-09,80.7,initial,maize,6,0.0,0.6,loam,early,6,pivot,irrigation_canal,5.9,0
farmer_2,farmer_2_field_2,2025-05-10,79.3,initial,maize,7,0.0,0.0,loam,early,7,pivot,irrigation_canal,5.9,0
farmer_2,farmer_2_field_2,2025-05-11,76.6,initial,maize,8,0.0,0.0,loam,early,8,pivot,irrigation_canal,5.9,0
farmer_2,farmer_2_field_2,2025-05-12,81.2,initial,maize,9,0.0,0.0,loam,early,9,pivot,irrigation_canal,5.9,0
farmer_2,farmer_2_field_2,2025-05-13,81.2,initial,maize,10,0.0,0.0,loam,early,10,pivot,irrigation_canal,5.9,0
farmer_2,farmer_2_field_2,2025-05-14,81.2,initial,maize,11,0.0,0.0,loam,early,11,pivot,irrigation_canal,5.9,0
farmer_2,farmer_2_field_2,2025-05-15,81.2,initial,maize,12,0.0,1.0,loam,early,12,pivot,irrigation_canal,5.9,0
farmer_2,farmer_2_field_2,2025-05-16,81.2,initial,maize,13,0.0,0.0,loam,early,13,pivot,irrigation_canal,5.9,0
farmer_2,farmer_2_field_2,2025-05-17,81.2,initial,maize,14,0.0,7.6,loam,early,14,pivot,irrigation_canal,5.9,0
farmer_2,farmer_2_field_2,2025-05-18,81.2,initial,maize,15,0.0,0.3,loam,early,15,pivot,irrigation_canal,5.9,0
farmer_2,farmer_2_field_2,2025-05-19,81.2,initial,maize,16,0.0,9.9,loam,early,16,pivot,irrigation_canal,5.9,0
farmer_2,farmer_2_field_2,2025-05-20,81.2,initial,maize,17,0.0,0.0,loam,early,17,pivot,irrigation_canal,5.9,0
farmer_2,farmer_2_field_2,2025-05-21,83.4,initial,maize,18,0.0,6.7,loam,early,18,pivot,irrigation_canal,5.9,0
farmer_2,farmer_2_field_2,2025-05-22,83.4,initial,maize,19,0.0,0.5,loam,early,19,pivot,irrigation_canal,5.9,0
farmer_2,farmer_2_field_2,2025-05-23,83.4,initial,maize,20,0.0,0.4,loam,early,20,pivot,irrigation_canal,5.9,0
farmer_2,farmer_2_field_2,2025-05-24,83.4,initial,maize,21,0.0,0.4,loam,early,21,pivot,irrigation_canal,5.9,0
farmer_2,farmer_2_field_2,2025-05-25,83.4,initial,maize,22,0.0,3.8,loam,early,22,pivot,irrigation_canal,5.9,0
farmer_2,farmer_2_field_2,2025-05-26,83.4,initial,maize,23,0.0,0.1,loam,early,23,pivot,irrigation_canal,5.9,0
farmer_2,farmer_2_field_2,2025-05-27,83.4,initial,maize,24,0.0,0.0,loam,early,24,pivot,irrigation_canal,5.9,0
farmer_2,farmer_2_field_2,2025-05-28,83.4,initial,maize,25,0.0,0.0,loam,early,25,pivot,irrigation_canal,5.9,0
farmer_2,farmer_2_field_2,2025-05-29,80.0,development,maize,26,0.0,0.4,loam,early,26,pivot,irrigation_canal,5.9,0
farmer_2,farmer_2_field_2,2025-05-30,84.6,development,maize,27,0.0,0.0,loam,early,27,pivot,irrigation_canal,5.9,0
farmer_2,farmer_2_field_2,2025-05-31,83.2,development,maize,28,0.0,0.1,loam,early,28,pivot,irrigation_canal,5.9,0
farmer_2,farmer_2_field_2,2025-06-01,79.7,development,maize,29,0.0,0.0,loam,early,29,pivot,irrigation_canal,5.9,0
farmer_2,farmer_2_field_2,2025-06-02,74.0,development,maize,30,0.0,0.0,loam,early,30,pivot,irrigation_canal,5.9,0
farmer_2,farmer_2_field_2,2025-06-03,74.8,development,maize,31,0.0,0.4,loam,early,31,pivot,irrigation_canal,5.9,0
farmer_2,farmer_2_field_2,2025-06-04,64.1,development,maize,32,0.0,0.0,loam,early,32,pivot,irrigation_canal,5.9,0
farmer_2,farmer_2_field_2,2025-06-05,66.5,development,maize,33,0.0,0.0,loam,early,33,pivot,irrigation_canal,5.9,0
farmer_2,farmer_2_field_2,2025-06-06,61.1,development,maize,34,0.0,0.4,loam,early,34,pivot,irrigation_canal,5.9,0
farmer_2,farmer_2_field_2,2025-06-07,61.7,development,maize,35,0.0,22.4,loam,early,35,pivot,irrigation_canal,5.9,0
farmer_2,farmer_2_field_2,2025-06-08,76.2,development,maize,36,0.0,21.8,loam,early,36,pivot,irrigation_canal,5.9,0
farmer_2,farmer_2_field_2,2025-06-09,94.9,development,maize,37,0.0,0.0,loam,early,37,pivot,irrigation_canal,5.9,0
farmer_2,farmer_2_field_2,2025-06-10,80.1,development,maize,38,0.0,0.2,loam,early,38,pivot,irrigation_canal,5.9,0
farmer_2,farmer_2_field_2,2025-06-11,77.5,development,maize,39,0.0,0.0,loam,early,39,pivot,irrigation_canal,5.9,0
farmer_2,farmer_2_field_2,2025-06-12,87.6,development,maize,40,0.0,0.8,loam,early,40,pivot,irrigation_canal,5.9,0
farmer_2,farmer_2_field_2,2025-06-13,78.8,development,maize,41,0.0,0.7,loam,early,41,pivot,irrigation_canal,5.9,0
farmer_2,farmer_2_field_2,2025-06-14,81.8,development,maize,42,0.0,0.8,loam,early,42,pivot,irrigation_canal,5.9,0
farmer_2,farmer_2_field_2,2025-06-15,78.7,development,maize,43,0.0,0.0,loam,early,43,pivot,irrigation_canal,5.9,0
farmer_2,farmer_2_field_2,2025-06-16,66.9,development,maize,44,0.0,0.0,loam,early,44,pivot,irrigation_canal,5.9,0
farmer_2,farmer_2_field_2,2025-06-17,73.8,development,maize,45,0.0,2.0,loam,early,45,pivot,irrigation_canal,5.9,0
farmer_2,farmer_2_field_2,2025-06-18,71.8,development,maize,46,0.0,26.6,loam,early,46,pivot,irrigation_canal,5.9,0
farmer_2,farmer_2_field_2,2025-06-19,84.5,development,maize,47,0.0,0.2,loam,early,47,pivot,irrigation_canal,5.9,0
farmer_2,farmer_2_field_2,2025-06-20,82.5,development,maize,48,0.0,0.2,loam,early,48,pivot,irrigation_canal,5.9,0
farmer_2,farmer_2_field_2,2025-06-21,78.6,development,maize,49,0.0,0.6,loam,early,49,pivot,irrigation_canal,5.9,0
farmer_2,farmer_2_field_2,2025-06-22,80.7,development,maize,50,0.0,0.0,loam,early,50,pivot,irrigation_canal,5.9,0
farmer_2,farmer_2_field_2,2025-06-23,79.2,development,maize,51,0.0,0.2,loam,early,51,pivot,irrigation_canal,5.9,0
farmer_2,farmer_2_field_2,2025-06-24,76.5,development,maize,52,0.0,0.0,loam,early,52,pivot,irrigation_canal,5.9,0
farmer_2,farmer_2_field_2,2025-06-25,75.7,development,maize,53,0.0,0.2,loam,early,53,pivot,irrigation_canal,5.9,0
farmer_2,farmer_2_field_2,2025-06-26,68.2,development,maize,54,0.0,0.5,loam,early,54,pivot,irrigation_canal,5.9,0
farmer_2,farmer_2_field_2,2025-06-27,69.6,development,maize,55,0.0,0.6,loam,early,55,pivot,irrigation_canal,5.9,0
farmer_2,farmer_2_field_2,2025-06-28,66.9,development,maize,56,0.0,3.7,loam,early,56,pivot,irrigation_canal,5.9,0
farmer_2,farmer_2_field_2,2025-06-29,62.2,development,maize,57,0.0,0.0,loam,early,57,pivot,irrigation_canal,5.9,0
farmer_2,farmer_2_field_2,2025-06-30,65.0,development,maize,58,0.0,0.0,loam,early,58,pivot,irrigation_canal,5.9,0
farmer_2,farmer_2_field_2,2025-07-01,59.1,development,maize,59,0.0,0.0,loam,early,59,pivot,irrigation_canal,5.9,0
farmer_2,farmer_2_field_2,2025-07-02,58.4,sensitive,maize,60,0.0,0.0,loam,early,60,pivot,irrigation_canal,5.9,1
farmer_2,farmer_2_field_2,2025-07-03,72.8,sensitive,maize,1,30.0,0.0,loam,early,61,pivot,irrigation_canal,5.9,0
farmer_2,farmer_2_field_2,2025-07-04,66.2,sensitive,maize,2,30.0,0.0,loam,early,62,pivot,irrigation_canal,5.9,0
farmer_2,farmer_2_field_2,2025-07-05,59.7,sensitive,maize,3,30.0,0.0,loam,early,63,pivot,irrigation_canal,5.9,0
farmer_2,farmer_2_field_2,2025-07-06,60.3,sensitive,maize,4,30.0,0.0,loam,early,64,pivot,irrigation_canal,5.9,1
farmer_2,farmer_2_field_2,2025-07-07,47.1,sensitive,maize,5,30.0,0.0,loam,early,65,pivot,irrigation_canal,5.9,1
farmer_2,farmer_2_field_2,2025-07-08,45.5,sensitive,maize,6,30.0,0.0,loam,early,66,pivot,irrigation_canal,5.9,1
farmer_2,farmer_2_field_2,2025-07-09,60.7,sensitive,maize,1,30.0,0.4,loam,early,67,pivot,irrigation_canal,5.9,0
farmer_2,farmer_2_field_2,2025-07-10,60.2,sensitive,maize,2,30.0,0.0,loam,early,68,pivot,irrigation_canal,5.9,1
farmer_2,farmer_2_field_2,2025-07-11,50.5,sensitive,maize,3,30.0,0.0,loam,early,69,pivot,irrigation_canal,5.9,1
farmer_2,farmer_2_field_2,2025-07-12,47.3,sensitive,maize,4,30.0,0.8,loam,early,70,pivot,irrigation_canal,5.9,1
farmer_2,farmer_2_field_2,2025-07-13,43.4,sensitive,maize,5,30.0,0.0,loam,early,71,pivot,irrigation_canal,5.9,2
farmer_2,farmer_2_field_2,2025-07-14,61.8,sensitive,maize,1,30.0,0.0,loam,early,72,pivot,irrigation_canal,5.9,0
farmer_2,farmer_2_field_2,2025-07-15,56.6,sensitive,maize,2,30.0,0.3,loam,early,73,pivot,irrigation_canal,5.9,1
farmer_2,farmer_2_field_2,2025-07-16,72.7,sensitive,maize,1,30.0,0.0,loam,early,74,pivot,irrigation_canal,5.9,0
farmer_2,farmer_2_field_2,2025-07-17,66.5,sensitive,maize,2,30.0,0.0,loam,early,75,pivot,irrigation_canal,5.9,0
farmer_2,farmer_2_field_2,2025-07-18,63.4,sensitive,maize,3,30.0,2.9,loam,early,76,pivot,irrigation_canal,5.9,0
farmer_2,farmer_2_field_2,2025-07-19,62.8,sensitive,maize,4,30.0,11.7,loam,early,77,pivot,irrigation_canal,5.9,0
farmer_2,farmer_2_field_2,2025-07-20,63.6,sensitive,maize,5,30.0,0.0,loam,early,78,pivot,irrigation_canal,5.9,0
farmer_2,farmer_2_field_2,2025-07-21,58.6,sensitive,maize,6,30.0,0.0,loam,early,79,pivot,irrigation_canal,5.9,0
farmer_2,farmer_2_field_2,2025-07-22,61.9,sensitive,maize,7,30.0,0.5,loam,early,80,pivot,irrigation_canal,5.9,1
farmer_2,farmer_2_field_2,2025-07-23,54.9,sensitive,maize,8,30.0,0.0,loam,early,81,pivot,irrigation_canal,5.9,1
farmer_2,farmer_2_field_2,2025-07-24,45.9,sensitive,maize,9,30.0,0.0,loam,early,82,pivot,irrigation_canal,5.9,1
farmer_2,farmer_2_field_2,2025-07-25,47.2,sensitive,maize,10,30.0,0.4,loam,early,83,pivot,irrigation_canal,5.9,2
farmer_2,farmer_2_field_2,2025-07-26,62.3,sensitive,maize,1,30.0,0.0,loam,early,84,pivot,irrigation_canal,5.9,0
farmer_2,farmer_2_field_2,2025-07-27,53.9,sensitive,maize,2,30.0,1.9,loam,early,85,pivot,irrigation_canal,5.9,1
farmer_2,farmer_2_field_2,2025-07-28,56.6,sensitive,maize,3,30.0,0.2,loam,early,86,pivot,irrigation_canal,5.9,1
farmer_2,farmer_2_field_2,2025-07-29,49.6,sensitive,maize,4,30.0,7.9,loam,early,87,pivot,irrigation_canal,5.9,1
farmer_2,farmer_2_field_2,2025-07-30,73.3,sensitive,maize,1,30.0,0.8,loam,early,88,pivot,irrigation_canal,5.9,0
farmer_2,farmer_2_field_2,2025-07-31,72.0,sensitive,maize,2,30.0,0.6,loam,early,89,pivot,irrigation_canal,5.9,0
farmer_2,farmer_2_field_2,2025-08-01,60.9,sensitive,maize,3,30.0,0.1,loam,early,90,pivot,irrigation_canal,5.9,0
farmer_2,farmer_2_field_2,2025-08-02,59.3,sensitive,maize,4,30.0,0.1,loam,early,91,pivot,irrigation_canal,5.9,0
farmer_2,farmer_2_field_2,2025-08-03,52.2,sensitive,maize,5,30.0,0.0,loam,early,92,pivot,irrigation_canal,5.9,1
farmer_2,farmer_2_field_2,2025-08-04,49.7,sensitive,maize,6,30.0,0.3,loam,early,93,pivot,irrigation_canal,5.9,1
farmer_2,farmer_2_field_2,2025-08-05,49.1,sensitive,maize,7,30.0,0.1,loam,early,94,pivot,irrigation_canal,5.9,1
farmer_2,farmer_2_field_2,2025-08-06,49.1,sensitive,maize,8,30.0,10.9,loam,early,95,pivot,irrigation_canal,5.9,2
farmer_2,farmer_2_field_2,2025-08-07,49.1,sensitive,maize,1,30.0,0.0,loam,early,96,pivot,irrigation_canal,5.9,0
farmer_2,farmer_2_field_2,2025-08-08,49.1,sensitive,maize,2,30.0,0.0,loam,early,97,pivot,irrigation_canal,5.9,0
farmer_2,farmer_2_field_2,2025-08-09,49.1,sensitive,maize,3,30.0,0.0,loam,early,98,pivot,irrigation_canal,5.9,0
farmer_2,farmer_2_field_2,2025-08-10,49.1,sensitive,maize,4,30.0,0.0,loam,early,99,pivot,irrigation_canal,5.9,1
farmer_2,farmer_2_field_2,2025-08-11,49.1,sensitive,maize,5,30.0,2.4,loam,early,100,pivot,irrigation_canal,5.9,1
farmer_2,farmer_2_field_2,2025-08-12,,sensitive,maize,6,30.0,0.8,loam,early,101,pivot,irrigation_canal,5.9,1
farmer_2,farmer_2_field_2,2025-08-13,49.1,late,maize,1,30.0,0.7,loam,early,102,pivot,irrigation_canal,5.9,0
farmer_2,farmer_2_field_2,2025-08-14,,late,maize,2,30.0,0.0,loam,early,103,pivot,irrigation_canal,5.9,0
farmer_2,farmer_2_field_2,2025-08-15,64.8,late,maize,3,30.0,0.0,loam,early,104,pivot,irrigation_canal,5.9,0
farmer_2,farmer_2_field_2,2025-08-16,58.5,late,maize,4,30.0,0.8,loam,early,105,pivot,irrigation_canal,5.9,0
farmer_2,farmer_2_field_2,2025-08-17,62.0,late,maize,5,30.0,0.1,loam,early,106,pivot,irrigation_canal,5.9,0
farmer_2,farmer_2_field_2,2025-08-18,62.2,late,maize,6,30.0,0.0,loam,early,107,pivot,irrigation_canal,5.9,0
farmer_2,farmer_2_field_2,2025-08-19,53.8,late,maize,7,30.0,0.2,loam,early,108,pivot,irrigation_canal,5.9,0
farmer_2,farmer_2_field_2,2025-08-20,48.3,late,maize,8,30.0,0.0,loam,early,109,pivot,irrigation_canal,5.9,0
farmer_2,farmer_2_field_2,2025-08-21,52.5,late,maize,9,30.0,0.0,loam,early,110,pivot,irrigation_canal,5.9,0
farmer_2,farmer_2_field_2,2025-08-22,51.2,late,maize,10,30.0,0.0,loam,early,111,pivot,irrigation_canal,5.9,0
farmer_2,farmer_2_field_2,2025-08-23,46.9,late,maize,11,30.0,0.0,loam,early,112,pivot,irrigation_canal,5.9,0
farmer_2,farmer_2_field_2,2025-08-24,43.5,late,maize,12,30.0,0.0,loam,early,113,pivot,irrigation_canal,5.9,0
farmer_2,farmer_2_field_2,2025-08-25,44.7,late,maize,13,30.0,0.1,loam,early,114,pivot,irrigation_canal,5.9,0
farmer_2,farmer_2_field_2,2025-08-26,39.2,late,maize,14,30.0,0.0,loam,early,115,pivot,irrigation_canal,5.9,0
farmer_2,farmer_2_field_2,2025-08-27,37.1,late,maize,15,30.0,0.3,loam,early,116,pivot,irrigation_canal,5.9,0
farmer_2,farmer_2_field_2,2025-08-28,34.5,late,maize,16,30.0,18.3,loam,early,117,pivot,irrigation_canal,5.9,1
farmer_2,farmer_2_field_2,2025-08-29,46.8,late,maize,17,30.0,0.0,loam,early,118,pivot,irrigation_canal,5.9,0
farmer_2,farmer_2_field_2,2025-08-30,47.6,late,maize,18,30.0,0.0,loam,early,119,pivot,irrigation_canal,5.9,0
farmer_2,farmer_2_field_2,2025-08-31,54.6,late,maize,19,30.0,0.2,loam,early,120,pivot,irrigation_canal,5.9,0
farmer_2,farmer_2_field_2,2025-09-01,46.3,late,maize,20,30.0,0.5,loam,early,121,pivot,irrigation_canal,5.9,0
farmer_2,farmer_2_field_2,2025-09-02,42.4,late,maize,21,30.0,0.0,loam,early,122,pivot,irrigation_canal,5.9,0
farmer_2,farmer_2_field_2,2025-09-03,44.7,late,maize,22,30.0,0.0,loam,early,123,pivot,irrigation_canal,5.9,0
farmer_2,farmer_2_field_2,2025-09-04,37.9,late,maize,23,30.0,0.0,loam,early,124,pivot,irrigation_canal,5.9,1
farmer_2,farmer_2_field_2,2025-09-05,34.1,late,maize,24,30.0,0.0,loam,early,125,pivot,irrigation_canal,5.9,1
farmer_2,farmer_2_field_2,2025-09-06,31.2,late,maize,25,30.0,0.0,loam,early,126,pivot,irrigation_canal,5.9,1
farmer_2,farmer_2_field_2,2025-09-07,30.5,late,maize,26,30.0,0.0,loam,early,127,pivot,irrigation_canal,5.9,1
farmer_2,farmer_2_field_2,2025-09-08,26.9,late,maize,27,30.0,0.4,loam,early,128,pivot,irrigation_canal,5.9,1
farmer_2,farmer_2_field_2,2025-09-09,54.0,late,maize,1,30.0,0.0,loam,early,129,pivot,irrigation_canal,5.9,0
farmer_2,farmer_2_field_2,2025-09-10,49.8,late,maize,2,30.0,0.4,loam,early,130,pivot,irrigation_canal,5.9,0
farmer_2,farmer_2_field_2,2025-09-11,50.3,late,maize,3,30.0,0.0,loam,early,131,pivot,irrigation_canal,5.9,0
farmer_2,farmer_2_field_2,2025-09-12,50.9,late,maize,4,30.0,0.0,loam,early,132,pivot,irrigation_canal,5.9,0
farmer_2,farmer_2_field_2,2025-09-13,44.7,late,maize,5,30.0,0.0,loam,early,133,pivot,irrigation_canal,5.9,0
farmer_2,farmer_2_field_2,2025-09-14,42.7,late,maize,6,30.0,1.5,loam,early,134,pivot,irrigation_canal,5.9,0
farmer_2,farmer_2_field_2,2025-09-15,46.8,late,maize,7,30.0,0.0,loam,early,135,pivot,irrigation_canal,5.9,0
farmer_2,farmer_2_field_2,2025-09-16,40.2,late,maize,8,30.0,5.3,loam,early,136,pivot,irrigation_canal,5.9,0
farmer_2,farmer_2_field_2,2025-09-17,43.1,late,maize,9,30.0,2.7,loam,early,137,pivot,irrigation_canal,5.9,0
farmer_2,farmer_2_field_2,2025-09-18,36.5,late,maize,10,30.0,0.2,loam,early,138,pivot,irrigation_canal,5.9,0
farmer_2,farmer_2_field_2,2025-09-19,44.4,late,maize,11,30.0,0.1,loam,early,139,pivot,irrigation_canal,5.9,0
farmer_2,farmer_2_field_2,2025-09-20,35.7,late,maize,12,30.0,0.1,loam,early,140,pivot,irrigation_canal,5.9,0
farmer_2,farmer_2_field_2,2025-09-21,42.3,late,maize,13,30.0,1.3,loam,early,141,pivot,irrigation_canal,5.9,0
farmer_2,farmer_2_field_2,2025-09-22,42.5,late,maize,14,30.0,0.3,loam,early,142,pivot,irrigation_canal,5.9,1
farmer_2,farmer_2_field_2,2025-09-23,37.7,late,maize,15,30.0,0.8,loam,early,143,pivot,irrigation_canal,5.9,1
farmer_2,farmer_2_field_2,2025-09-24,40.5,late,maize,16,30.0,0.0,loam,early,144,pivot,irrigation_canal,5.9,1
farmer_2,farmer_2_field_2,2025-09-25,36.4,late,maize,17,30.0,0.0,loam,early,145,pivot,irrigation_canal,5.9,1
farmer_2,farmer_2_field_2,2025-09-26,35.9,late,maize,18,30.0,0.0,loam,early,146,pivot,irrigation_canal,5.9,1
farmer_2,farmer_2_field_2,2025-09-27,36.8,late,maize,19,30.0,0.1,loam,early,147,pivot,irrigation_canal,5.9,1
farmer_2,farmer_2_field_2,2025-09-28,24.8,late,maize,20,30.0,0.0,loam,early,148,pivot,irrigation_canal,5.9,1
farmer_2,farmer_2_field_2,2025-09-29,29.1,late,maize,21,30.0,0.0,loam,early,149,pivot,irrigation_canal,5.9,1
farmer_2,farmer_2_field_2,2025-09-30,29.3,late,maize,22,30.0,0.3,loam,early,150,pivot,irrigation_canal,5.9,1
farmer_2,farmer_2_field_2,2026-05-03,50.1,initial,maize,0,0.0,10.7,loam,early,0,pivot,irrigation_canal,5.9,0
farmer_2,farmer_2_field_2,2026-05-04,51.6,initial,maize,1,0.0,0.0,loam,early,1,pivot,irrigation_canal,5.9,0
farmer_2,farmer_2_field_2,2026-05-05,57.0,initial,maize,2,0.0,5.2,loam,early,2,pivot,irrigation_canal,5.9,0
farmer_2,farmer_2_field_2,2026-05-06,62.5,initial,maize,3,0.0,0.0,loam,early,3,pivot,irrigation_canal,5.9,0
farmer_2,farmer_2_field_2,2026-05-07,56.9,initial,maize,4,0.0,8.9,loam,early,4,pivot,irrigation_canal,5.9,0
farmer_2,farmer_2_field_2,2026-05-08,63.6,initial,maize,5,0.0,0.0,loam,early,5,pivot,irrigation_canal,5.9,0
farmer_2,farmer_2_field_2,2026-05-09,63.3,initial,maize,6,0.0,0.0,loam,early,6,pivot,irrigation_canal,5.9,0
farmer_2,farmer_2_field_2,2026-05-10,66.5,initial,maize,7,0.0,0.0,loam,early,7,pivot,irrigation_canal,5.9,0
farmer_2,farmer_2_field_2,2026-05-11,57.9,initial,maize,8,0.0,0.0,loam,early,8,pivot,irrigation_canal,5.9,0
farmer_2,farmer_2_field_2,2026-05-12,56.2,initial,maize,9,0.0,0.0,loam,early,9,pivot,irrigation_canal,5.9,0
farmer_2,farmer_2_field_2,2026-05-13,57.3,initial,maize,10,0.0,2.5,loam,early,10,pivot,irrigation_canal,5.9,0
farmer_2,farmer_2_field_2,2026-05-14,63.5,initial,maize,11,0.0,0.1,loam,early,11,pivot,irrigation_canal,5.9,0
farmer_2,farmer_2_field_2,2026-05-15,66.0,initial,maize,12,0.0,0.0,loam,early,12,pivot,irrigation_canal,5.9,0
farmer_2,farmer_2_field_2,2026-05-16,58.1,initial,maize,13,0.0,0.2,loam,early,13,pivot,irrigation_canal,5.9,0
farmer_2,farmer_2_field_2,2026-05-17,56.2,initial,maize,14,0.0,0.0,loam,early,14,pivot,irrigation_canal,5.9,0
farmer_2,farmer_2_field_2,2026-05-18,48.2,initial,maize,15,0.0,0.0,loam,early,15,pivot,irrigation_canal,5.9,0
farmer_2,farmer_2_field_2,2026-05-19,60.3,initial,maize,16,0.0,0.2,loam,early,16,pivot,irrigation_canal,5.9,0
farmer_2,farmer_2_field_2,2026-05-20,58.6,initial,maize,17,0.0,0.0,loam,early,17,pivot,irrigation_canal,5.9,0
farmer_2,farmer_2_field_2,2026-05-21,53.3,initial,maize,18,0.0,17.8,loam,early,18,pivot,irrigation_canal,5.9,0
farmer_2,farmer_2_field_2,2026-05-22,66.8,initial,maize,19,0.0,5.9,loam,early,19,pivot,irrigation_canal,5.9,0
farmer_2,farmer_2_field_2,2026-05-23,67.2,initial,maize,20,0.0,0.4,loam,early,20,pivot,irrigation_canal,5.9,0
farmer_2,farmer_2_field_2,2026-05-24,68.1,initial,maize,21,0.0,0.0,loam,early,21,pivot,irrigation_canal,5.9,0
farmer_2,farmer_2_field_2,2026-05-25,65.9,initial,maize,22,0.0,0.5,loam,early,22,pivot,irrigation_canal,5.9,0
farmer_2,farmer_2_field_2,2026-05-26,66.5,initial,maize,23,0.0,0.0,loam,early,23,pivot,irrigation_canal,5.9,0
farmer_2,farmer_2_field_2,2026-05-27,67.3,initial,maize,24,0.0,0.1,loam,early,24,pivot,irrigation_canal,5.9,0
farmer_2,farmer_2_field_2,2026-05-28,62.3,initial,maize,25,0.0,0.0,loam,early,25,pivot,irrigation_canal,5.9,0
farmer_2,farmer_2_field_2,2026-05-29,72.0,development,maize,26,0.0,0.5,loam,early,26,pivot,irrigation_canal,5.9,0
farmer_2,farmer_2_field_2,2026-05-30,63.0,development,maize,27,0.0,0.0,loam,early,27,pivot,irrigation_canal,5.9,0
farmer_2,farmer_2_field_2,2026-05-31,61.3,development,maize,28,0.0,0.1,loam,early,28,pivot,irrigation_canal,5.9,0
farmer_2,farmer_2_field_2,2026-06-01,61.3,development,maize,29,0.0,0.3,loam,early,29,pivot,irrigation_canal,5.9,0
farmer_2,farmer_2_field_2,2026-06-02,59.1,development,maize,30,0.0,0.3,loam,early,30,pivot,irrigation_canal,5.9,0
farmer_2,farmer_2_field_2,2026-06-03,51.6,development,maize,31,0.0,0.0,loam,early,31,pivot,irrigation_canal,5.9,0
farmer_2,farmer_2_field_2,2026-06-04,49.1,development,maize,32,0.0,0.0,loam,early,32,pivot,irrigation_canal,5.9,0
farmer_2,farmer_2_field_2,2026-06-05,,development,maize,33,0.0,0.3,loam,early,33,pivot,irrigation_canal,5.9,0
farmer_2,farmer_2_field_2,2026-06-06,49.2,development,maize,34,0.0,5.4,loam,early,34,pivot,irrigation_canal,5.9,1
farmer_2,farmer_2_field_2,2026-06-07,74.5,development,maize,1,30.0,0.0,loam,early,35,pivot,irrigation_canal,5.9,0
farmer_2,farmer_2_field_2,2026-06-08,68.5,development,maize,2,30.0,0.1,loam,early,36,pivot,irrigation_canal,5.9,0
farmer_2,farmer_2_field_2,2026-06-09,66.4,development,maize,3,30.0,0.4,loam,early,37,pivot,irrigation_canal,5.9,0
farmer_2,farmer_2_field_2,2026-06-10,63.7,development,maize,4,30.0,0.2,loam,early,38,pivot,irrigation_canal,5.9,0
farmer_2,farmer_2_field_2,2026-06-11,59.1,development,maize,5,30.0,0.2,loam,early,39,pivot,irrigation_canal,5.9,0
farmer_2,farmer_2_field_2,2026-06-12,48.8,development,maize,6,30.0,0.7,loam,early,40,pivot,irrigation_canal,5.9,0
farmer_2,farmer_2_field_2,2026-06-13,50.8,development,maize,7,30.0,0.0,loam,early,41,pivot,irrigation_canal,5.9,0
farmer_2,farmer_2_field_2,2026-06-14,44.9,development,maize,8,30.0,0.0,loam,early,42,pivot,irrigation_canal,5.9,1
farmer_2,farmer_2_field_2,2026-06-15,45.9,development,maize,9,30.0,0.4,loam,early,43,pivot,irrigation_canal,5.9,1
farmer_2,farmer_2_field_2,2026-06-16,41.5,development,maize,10,30.0,0.9,loam,early,44,pivot,irrigation_canal,5.9,1
farmer_2,farmer_2_field_2,2026-06-17,42.9,development,maize,11,30.0,0.5,loam,early,45,pivot,irrigation_canal,5.9,1
farmer_2,farmer_2_field_2,2026-06-18,43.0,development,maize,12,30.0,0.0,loam,early,46,pivot,irrigation_canal,5.9,1
farmer_2,farmer_2_field_2,2026-06-19,52.4,development,maize,1,30.0,0.0,loam,early,47,pivot,irrigation_canal,5.9,0
farmer_2,farmer_2_field_2,2026-06-20,47.3,development,maize,2,30.0,0.0,loam,early,48,pivot,irrigation_canal,5.9,1
farmer_2,farmer_2_field_2,2026-06-21,67.4,development,maize,1,30.0,0.0,loam,early,49,pivot,irrigation_canal,5.9,0
farmer_2,farmer_2_field_2,2026-06-22,62.9,development,maize,2,30.0,0.0,loam,early,50,pivot,irrigation_canal,5.9,0
farmer_2,farmer_2_field_2,2026-06-23,56.2,development,maize,3,30.0,0.0,loam,early,51,pivot,irrigation_canal,5.9,0
farmer_2,farmer_2_field_2,2026-06-24,54.7,development,maize,4,30.0,0.1,loam,early,52,pivot,irrigation_canal,5.9,0
farmer_2,farmer_2_field_2,2026-06-25,53.4,development,maize,5,30.0,2.1,loam,early,53,pivot,irrigation_canal,5.9,0
farmer_2,farmer_2_field_2,2026-06-26,50.0,development,maize,6,30.0,0.0,loam,early,54,pivot,irrigation_canal,5.9,0
farmer_2,farmer_2_field_2,2026-06-27,45.0,development,maize,7,30.0,0.6,loam,early,55,pivot,irrigation_canal,5.9,1
farmer_2,farmer_2_field_2,2026-06-28,43.4,development,maize,8,30.0,0.0,loam,early,56,pivot,irrigation_canal,5.9,1
farmer_2,farmer_2_field_2,2026-06-29,34.1,development,maize,9,30.0,0.0,loam,early,57,pivot,irrigation_canal,5.9,1
farmer_2,farmer_2_field_2,2026-06-30,34.0,development,maize,10,30.0,0.0,loam,early,58,pivot,irrigation_canal,5.9,2
farmer_2,farmer_2_field_2,2026-07-01,51.9,development,maize,1,30.0,0.0,loam,early,59,pivot,irrigation_canal,5.9,0
farmer_2,farmer_2_field_2,2026-07-02,48.9,sensitive,maize,2,30.0,0.0,loam,early,60,pivot,irrigation_canal,5.9,1
farmer_2,farmer_2_field_2,2026-07-03,44.3,sensitive,maize,3,30.0,0.0,loam,early,61,pivot,irrigation_canal,5.9,2
farmer_2,farmer_2_field_2,2026-07-04,51.2,sensitive,maize,1,30.0,0.0,loam,early,62,pivot,irrigation_canal,5.9,1
farmer_2,farmer_2_field_2,2026-07-05,50.3,sensitive,maize,2,30.0,0.3,loam,early,63,pivot,irrigation_canal,5.9,1
farmer_2,farmer_2_field_2,2026-07-06,50.3,sensitive,maize,3,30.0,0.0,loam,early,64,pivot,irrigation_canal,5.9,2
farmer_2,farmer_2_field_2,2026-07-07,50.3,sensitive,maize,1,30.0,0.0,loam,early,65,pivot,irrigation_canal,5.9,1
farmer_2,farmer_2_field_2,2026-07-08,50.3,sensitive,maize,2,30.0,0.0,loam,early,66,pivot,irrigation_canal,5.9,1
farmer_2,farmer_2_field_2,2026-07-09,50.3,sensitive,maize,3,30.0,0.0,loam,early,67,pivot,irrigation_canal,5.9,2
farmer_2,farmer_2_field_2,2026-07-10,50.3,sensitive,maize,1,30.0,0.3,loam,early,68,pivot,irrigation_canal,5.9,1
farmer_2,farmer_2_field_2,2026-07-11,50.3,sensitive,maize,2,30.0,0.0,loam,early,69,pivot,irrigation_canal,5.9,1
farmer_2,farmer_2_field_2,2026-07-12,50.3,sensitive,maize,1,30.0,0.0,loam,early,70,pivot,irrigation_canal,5.9,0
farmer_2,farmer_2_field_2,2026-07-13,50.3,sensitive,maize,2,30.0,0.0,loam,early,71,pivot,irrigation_canal,5.9,0
farmer_2,farmer_2_field_2,2026-07-14,50.3,sensitive,maize,3,30.0,0.9,loam,early,72,pivot,irrigation_canal,5.9,1
farmer_2,farmer_2_field_2,2026-07-15,40.7,sensitive,maize,4,30.0,0.0,loam,early,73,pivot,irrigation_canal,5.9,1
farmer_2,farmer_2_field_2,2026-07-16,58.2,sensitive,maize,1,30.0,0.0,loam,early,74,pivot,irrigation_canal,5.9,0
farmer_2,farmer_2_field_2,2026-07-17,57.1,sensitive,maize,2,30.0,0.0,loam,early,75,pivot,irrigation_canal,5.9,1
farmer_2,farmer_2_field_2,2026-07-18,47.1,sensitive,maize,3,30.0,0.2,loam,early,76,pivot,irrigation_canal,5.9,1
farmer_2,farmer_2_field_2,2026-07-19,47.1,sensitive,maize,4,30.0,0.7,loam,early,77,pivot,irrigation_canal,5.9,2
farmer_2,farmer_2_field_2,2026-07-20,47.1,sensitive,maize,1,30.0,0.6,loam,early,78,pivot,irrigation_canal,5.9,0
farmer_2,farmer_2_field_2,2026-07-21,47.1,sensitive,maize,2,30.0,0.0,loam,early,79,pivot,irrigation_canal,5.9,1
farmer_2,farmer_2_field_2,2026-07-22,47.1,sensitive,maize,3,30.0,0.2,loam,early,80,pivot,irrigation_canal,5.9,1
farmer_2,farmer_2_field_2,2026-07-23,47.1,sensitive,maize,4,30.0,0.6,loam,early,81,pivot,irrigation_canal,5.9,2
farmer_2,farmer_2_field_2,2026-07-24,47.1,sensitive,maize,1,30.0,0.0,loam,early,82,pivot,irrigation_canal,5.9,1
farmer_2,farmer_2_field_2,2026-07-25,47.1,sensitive,maize,2,30.0,0.0,loam,early,83,pivot,irrigation_canal,5.9,1
farmer_2,farmer_2_field_2,2026-07-26,47.1,sensitive,maize,1,30.0,0.5,loam,early,84,pivot,irrigation_canal,5.9,0
farmer_2,farmer_2_field_2,2026-07-27,,sensitive,maize,2,30.0,0.0,loam,early,85,pivot,irrigation_canal,5.9,0
farmer_2,farmer_2_field_2,2026-07-28,57.7,sensitive,maize,3,30.0,0.0,loam,early,86,pivot,irrigation_canal,5.9,1
farmer_2,farmer_2_field_2,2026-07-29,46.2,sensitive,maize,4,30.0,0.9,loam,early,87,pivot,irrigation_canal,5.9,1
farmer_2,farmer_2_field_2,2026-07-30,46.5,sensitive,maize,5,30.0,0.6,loam,early,88,pivot,irrigation_canal,5.9,1
farmer_2,farmer_2_field_2,2026-07-31,63.8,sensitive,maize,1,30.0,8.4,loam,early,89,pivot,irrigation_canal,5.9,0
farmer_2,farmer_2_field_2,2026-08-01,66.3,sensitive,maize,2,30.0,0.0,loam,early,90,pivot,irrigation_canal,5.9,0
farmer_2,farmer_2_field_2,2026-08-02,59.4,sensitive,maize,3,30.0,0.0,loam,early,91,pivot,irrigation_canal,5.9,1
farmer_2,farmer_2_field_2,2026-08-03,74.5,sensitive,maize,1,30.0,10.1,loam,early,92,pivot,irrigation_canal,5.9,0
farmer_2,farmer_2_field_2,2026-08-04,78.1,sensitive,maize,2,30.0,0.7,loam,early,93,pivot,irrigation_canal,5.9,0
farmer_2,farmer_2_field_2,2026-08-05,67.5,sensitive,maize,3,30.0,0.6,loam,early,94,pivot,irrigation_canal,5.9,0
farmer_2,farmer_2_field_2,2026-08-06,62.2,sensitive,maize,4,30.0,0.4,loam,early,95,pivot,irrigation_canal,5.9,0
farmer_2,farmer_2_field_2,2026-08-07,62.6,sensitive,maize,5,30.0,0.0,loam,early,96,pivot,irrigation_canal,5.9,0
farmer_2,farmer_2_field_2,2026-08-08,52.3,sensitive,maize,6,30.0,0.8,loam,early,97,pivot,irrigation_canal,5.9,1
farmer_2,farmer_2_field_2,2026-08-09,49.1,sensitive,maize,7,30.0,0.3,loam,early,98,pivot,irrigation_canal,5.9,1
farmer_2,farmer_2_field_2,2026-08-10,48.1,sensitive,maize,8,30.0,1.5,loam,early,99,pivot,irrigation_canal,5.9,1
farmer_2,farmer_2_field_2,2026-08-11,66.2,sensitive,maize,1,30.0,0.0,loam,early,100,pivot,irrigation_canal,5.9,0
farmer_2,farmer_2_field_2,2026-08-12,58.4,sensitive,maize,2,30.0,0.0,loam,early,101,pivot,irrigation_canal,5.9,1
farmer_2,farmer_2_field_2,2026-08-13,47.8,late,maize,3,30.0,0.0,loam,early,102,pivot,irrigation_canal,5.9,0
farmer_2,farmer_2_field_2,2026-08-14,48.0,late,maize,4,30.0,0.1,loam,early,103,pivot,irrigation_canal,5.9,0
farmer_2,farmer_2_field_2,2026-08-15,44.9,late,maize,5,30.0,0.0,loam,early,104,pivot,irrigation_canal,5.9,0
farmer_2,farmer_2_field_2,2026-08-16,40.2,late,maize,6,30.0,0.6,loam,early,105,pivot,irrigation_canal,5.9,0
farmer_2,farmer_2_field_2,2026-08-17,43.6,late,maize,7,30.0,0.0,loam,early,106,pivot,irrigation_canal,5.9,0
farmer_2,farmer_2_field_2,2026-08-18,41.0,late,maize,8,30.0,0.1,loam,early,107,pivot,irrigation_canal,5.9,0
farmer_2,farmer_2_field_2,2026-08-19,39.1,late,maize,9,30.0,0.1,loam,early,108,pivot,irrigation_canal,5.9,1
farmer_2,farmer_2_field_2,2026-08-20,59.6,late,maize,1,30.0,2.6,loam,early,109,pivot,irrigation_canal,5.9,0
farmer_2,farmer_2_field_2,2026-08-21,56.9,late,maize,2,30.0,0.3,loam,early,110,pivot,irrigation_canal,5.9,0
farmer_2,farmer_2_field_2,2026-08-22,55.0,late,maize,3,30.0,0.0,loam,early,111,pivot,irrigation_canal,5.9,0
farmer_2,farmer_2_field_2,2026-08-23,52.7,late,maize,4,30.0,0.1,loam,early,112,pivot,irrigation_canal,5.9,0
farmer_2,farmer_2_field_2,2026-08-24,,late,maize,5,30.0,0.0,loam,early,113,pivot,irrigation_canal,5.9,0
farmer_2,farmer_2_field_2,2026-08-25,51.4,late,maize,6,30.0,0.0,loam,early,114,pivot,irrigation_canal,5.9,0
farmer_2,farmer_2_field_2,2026-08-26,47.5,late,maize,7,30.0,0.0,loam,early,115,pivot,irrigation_canal,5.9,0
farmer_2,farmer_2_field_2,2026-08-27,38.4,late,maize,8,30.0,0.4,loam,early,116,pivot,irrigation_canal,5.9,0
farmer_2,farmer_2_field_2,2026-08-28,43.7,late,maize,9,30.0,3.7,loam,early,117,pivot,irrigation_canal,5.9,0
farmer_2,farmer_2_field_2,2026-08-29,43.8,late,maize,10,30.0,0.0,loam,early,118,pivot,irrigation_canal,5.9,0
farmer_2,farmer_2_field_2,2026-08-30,45.0,late,maize,11,30.0,0.6,loam,early,119,pivot,irrigation_canal,5.9,0
farmer_2,farmer_2_field_2,2026-08-31,45.1,late,maize,12,30.0,0.0,loam,early,120,pivot,irrigation_canal,5.9,0
farmer_2,farmer_2_field_2,2026-09-01,35.6,late,maize,13,30.0,0.0,loam,early,121,pivot,irrigation_canal,5.9,1
farmer_2,farmer_2_field_2,2026-09-02,,late,maize,14,30.0,0.5,loam,early,122,pivot,irrigation_canal,5.9,1
farmer_2,farmer_2_field_2,2026-09-03,36.5,late,maize,15,30.0,0.0,loam,early,123,pivot,irrigation_canal,5.9,1
farmer_2,farmer_2_field_2,2026-09-04,53.6,late,maize,1,30.0,0.4,loam,early,124,pivot,irrigation_canal,5.9,0
farmer_2,farmer_2_field_2,2026-09-05,,late,maize,2,30.0,0.5,loam,early,125,pivot,irrigation_canal,5.9,0
farmer_2,farmer_2_field_2,2026-09-06,48.5,late,maize,3,30.0,0.2,loam,early,126,pivot,irrigation_canal,5.9,0
farmer_2,farmer_2_field_2,2026-09-07,50.4,late,maize,4,30.0,0.0,loam,early,127,pivot,irrigation_canal,5.9,0
farmer_2,farmer_2_field_2,2026-09-08,51.0,late,maize,5,30.0,0.1,loam,early,128,pivot,irrigation_canal,5.9,0
farmer_2,farmer_2_field_2,2026-09-09,50.7,late,maize,6,30.0,0.0,loam,early,129,pivot,irrigation_canal,5.9,0
farmer_2,farmer_2_field_2,2026-09-10,46.7,late,maize,7,30.0,0.0,loam,early,130,pivot,irrigation_canal,5.9,0
farmer_2,farmer_2_field_2,2026-09-11,39.7,late,maize,8,30.0,0.7,loam,early,131,pivot,irrigation_canal,5.9,0
farmer_2,farmer_2_field_2,2026-09-12,39.0,late,maize,9,30.0,0.0,loam,early,132,pivot,irrigation_canal,5.9,0
farmer_2,farmer_2_field_2,2026-09-13,39.8,late,maize,10,30.0,0.4,loam,early,133,pivot,irrigation_canal,5.9,0
farmer_2,farmer_2_field_2,2026-09-14,35.4,late,maize,11,30.0,0.5,loam,early,134,pivot,irrigation_canal,5.9,0
farmer_2,farmer_2_field_2,2026-09-15,36.6,late,maize,12,30.0,0.2,loam,early,135,pivot,irrigation_canal,5.9,1
farmer_2,farmer_2_field_2,2026-09-16,36.9,late,maize,13,30.0,0.3,loam,early,136,pivot,irrigation_canal,5.9,1
farmer_2,farmer_2_field_2,2026-09-17,39.7,late,maize,14,30.0,0.0,loam,early,137,pivot,irrigation_canal,5.9,1
farmer_2,farmer_2_field_2,2026-09-18,35.6,late,maize,15,30.0,0.0,loam,early,138,pivot,irrigation_canal,5.9,1
farmer_2,farmer_2_field_2,2026-09-19,27.1,late,maize,16,30.0,0.0,loam,early,139,pivot,irrigation_canal,5.9,1
farmer_2,farmer_2_field_2,2026-09-20,37.1,late,maize,17,30.0,0.0,loam,early,140,pivot,irrigation_canal,5.9,1
farmer_2,farmer_2_field_2,2026-09-21,50.8,late,maize,1,30.0,0.4,loam,early,141,pivot,irrigation_canal,5.9,0
farmer_2,farmer_2_field_2,2026-09-22,44.2,late,maize,2,30.0,0.7,loam,early,142,pivot,irrigation_canal,5.9,0
farmer_2,farmer_2_field_2,2026-09-23,48.2,late,maize,3,30.0,0.1,loam,early,143,pivot,irrigation_canal,5.9,0
farmer_2,farmer_2_field_2,2026-09-24,45.8,late,maize,4,30.0,0.0,loam,early,144,pivot,irrigation_canal,5.9,0
farmer_2,farmer_2_field_2,2026-09-25,37.9,late,maize,5,30.0,0.0,loam,early,145,pivot,irrigation_canal,5.9,0
farmer_2,farmer_2_field_2,2026-09-26,45.9,late,maize,6,30.0,0.0,loam,early,146,pivot,irrigation_canal,5.9,0
farmer_2,farmer_2_field_2,2026-09-27,37.8,late,maize,7,30.0,2.5,loam,early,147,pivot,irrigation_canal,5.9,0
farmer_2,farmer_2_field_2,2026-09-28,37.2,late,maize,8,30.0,0.2,loam,early,148,pivot,irrigation_canal,5.9,0
farmer_2,farmer_2_field_2,2026-09-29,40.3,late,maize,9,30.0,0.5,loam,early,149,pivot,irrigation_canal,5.9,0
farmer_2,farmer_2_field_2,2026-09-30,37.7,late,maize,10,30.0,0.9,loam,early,150,pivot,irrigation_canal,5.9,0
farmer_2,farmer_2_field_3,2025-04-25,63.4,initial,maize,0,0.0,0.3,loam,early,0,pivot,irrigation_canal,35.7,0
farmer_2,farmer_2_field_3,2025-04-26,61.8,initial,maize,1,0.0,0.0,loam,early,1,pivot,irrigation_canal,35.7,0
farmer_2,farmer_2_field_3,2025-04-27,60.7,initial,maize,2,0.0,5.6,loam,early,2,pivot,irrigation_canal,35.7,0
farmer_2,farmer_2_field_3,2025-04-28,65.7,initial,maize,3,0.0,0.1,loam,early,3,pivot,irrigation_canal,35.7,0
farmer_2,farmer_2_field_3,2025-04-29,62.7,initial,maize,4,0.0,0.0,loam,early,4,pivot,irrigation_canal,35.7,0
farmer_2,farmer_2_field_3,2025-04-30,63.1,initial,maize,5,0.0,1.3,loam,early,5,pivot,irrigation_canal,35.7,0
farmer_2,farmer_2_field_3,2025-05-01,65.4,initial,maize,6,0.0,0.4,loam,early,6,pivot,irrigation_canal,35.7,0
farmer_2,farmer_2_field_3,2025-05-02,58.8,initial,maize,7,0.0,0.0,loam,early,7,pivot,irrigation_canal,35.7,0
farmer_2,farmer_2_field_3,2025-05-03,65.8,initial,maize,8,0.0,3.7,loam,early,8,pivot,irrigation_canal,35.7,0
farmer_2,farmer_2_field_3,2025-05-04,61.4,initial,maize,9,0.0,0.0,loam,early,9,pivot,irrigation_canal,35.7,0
farmer_2,farmer_2_field_3,2025-05-05,63.1,initial,maize,10,0.0,0.0,loam,early,10,pivot,irrigation_canal,35.7,0
farmer_2,farmer_2_field_3,2025-05-06,61.2,initial,maize,11,0.0,0.4,loam,early,11,pivot,irrigation_canal,35.7,0
farmer_2,farmer_2_field_3,2025-05-07,61.0,initial,maize,12,0.0,0.0,loam,early,12,pivot,irrigation_canal,35.7,0
farmer_2,farmer_2_field_3,2025-05-08,68.2,initial,maize,13,0.0,0.1,loam,early,13,pivot,irrigation_canal,35.7,0
farmer_2,farmer_2_field_3,2025-05-09,65.0,initial,maize,14,0.0,0.6,loam,early,14,pivot,irrigation_canal,35.7,0
farmer_2,farmer_2_field_3,2025-05-10,66.6,initial,maize,15,0.0,0.0,loam,early,15,pivot,irrigation_canal,35.7,0
farmer_2,farmer_2_field_3,2025-05-11,59.9,initial,maize,16,0.0,0.0,loam,early,16,pivot,irrigation_canal,35.7,0
farmer_2,farmer_2_field_3,2025-05-12,62.8,initial,maize,17,0.0,0.0,loam,early,17,pivot,irrigation_canal,35.7,0
farmer_2,farmer_2_field_3,2025-05-13,60.2,initial,maize,18,0.0,0.0,loam,early,18,pivot,irrigation_canal,35.7,0
farmer_2,farmer_2_field_3,2025-05-14,59.5,initial,maize,19,0.0,0.0,loam,early,19,pivot,irrigation_canal,35.7,0
farmer_2,farmer_2_field_3,2025-05-15,53.9,initial,maize,20,0.0,1.0,loam,early,20,pivot,irrigation_canal,35.7,0
farmer_2,farmer_2_field_3,2025-05-16,59.8,initial,maize,21,0.0,0.0,loam,early,21,pivot,irrigation_canal,35.7,0
farmer_2,farmer_2_field_3,2025-05-17,57.7,initial,maize,22,0.0,7.6,loam,early,22,pivot,irrigation_canal,35.7,0
farmer_2,farmer_2_field_3,2025-05-18,67.7,initial,maize,23,0.0,0.3,loam,early,23,pivot,irrigation_canal,35.7,0
farmer_2,farmer_2_field_3,2025-05-19,63.0,initial,maize,24,0.0,9.9,loam,early,24,pivot,irrigation_canal,35.7,0
farmer_2,farmer_2_field_3,2025-05-20,69.5,initial,maize,25,0.0,0.0,loam,early,25,pivot,irrigation_canal,35.7,0
farmer_2,farmer_2_field_3,2025-05-21,68.6,development,maize,26,0.0,6.7,loam,early,26,pivot,irrigation_canal,35.7,0
farmer_2,farmer_2_field_3,2025-05-22,71.3,development,maize,27,0.0,0.5,loam,early,27,pivot,irrigation_canal,35.7,0
farmer_2,farmer_2_field_3,2025-05-23,63.5,development,maize,28,0.0,0.4,loam,early,28,pivot,irrigation_canal,35.7,0
farmer_2,farmer_2_field_3,2025-05-24,69.7,development,maize,29,0.0,0.4,loam,early,29,pivot,irrigation_canal,35.7,0
farmer_2,farmer_2_field_3,2025-05-25,62.2,development,maize,30,0.0,3.8,loam,early,30,pivot,irrigation_canal,35.7,0
farmer_2,farmer_2_field_3,2025-05-26,69.2,development,maize,31,0.0,0.1,loam,early,31,pivot,irrigation_canal,35.7,0
farmer_2,farmer_2_field_3,2025-05-27,63.5,development,maize,32,0.0,0.0,loam,early,32,pivot,irrigation_canal,35.7,0
farmer_2,farmer_2_field_3,2025-05-28,64.1,development,maize,33,0.0,0.0,loam,early,33,pivot,irrigation_canal,35.7,0
farmer_2,farmer_2_field_3,2025-05-29,58.6,development,maize,34,0.0,0.4,loam,early,34,pivot,irrigation_canal,35.7,0
farmer_2,farmer_2_field_3,2025-05-30,53.7,development,maize,35,0.0,0.0,loam,early,35,pivot,irrigation_canal,35.7,0
farmer_2,farmer_2_field_3,2025-05-31,55.7,development,maize,36,0.0,0.1,loam,early,36,pivot,irrigation_canal,35.7,0
farmer_2,farmer_2_field_3,2025-06-01,47.8,development,maize,37,0.0,0.0,loam,early,37,pivot,irrigation_canal,35.7,0
farmer_2,farmer_2_field_3,2025-06-02,52.5,development,maize,38,0.0,0.0,loam,early,38,pivot,irrigation_canal,35.7,0
farmer_2,farmer_2_field_3,2025-06-03,48.0,development,maize,39,0.0,0.4,loam,early,39,pivot,irrigation_canal,35.7,1
farmer_2,farmer_2_field_3,2025-06-04,48.1,development,maize,40,0.0,0.0,loam,early,40,pivot,irrigation_canal,35.7,1
farmer_2,farmer_2_field_3,2025-06-05,62.4,development,maize,1,30.0,0.0,loam,early,41,pivot,irrigation_canal,35.7,0
farmer_2,farmer_2_field_3,2025-06-06,62.9,development,maize,2,30.0,0.4,loam,early,42,pivot,irrigation_canal,35.7,0
farmer_2,farmer_2_field_3,2025-06-07,66.5,development,maize,3,30.0,22.4,loam,early,43,pivot,irrigation_canal,35.7,0
farmer_2,farmer_2_field_3,2025-06-08,76.0,development,maize,4,30.0,21.8,loam,early,44,pivot,irrigation_canal,35.7,0
farmer_2,farmer_2_field_3,2025-06-09,90.9,development,maize,5,30.0,0.0,loam,early,45,pivot,irrigation_canal,35.7,0
farmer_2,farmer_2_field_3,2025-06-10,83.5,development,maize,6,30.0,0.2,loam,early,46,pivot,irrigation_canal,35.7,0
farmer_2,farmer_2_field_3,2025-06-11,82.1,development,maize,7,30.0,0.0,loam,early,47,pivot,irrigation_canal,35.7,0
farmer_2,farmer_2_field_3,2025-06-12,84.7,development,maize,8,30.0,0.8,loam,early,48,pivot,irrigation_canal,35.7,0
farmer_2,farmer_2_field_3,2025-06-13,80.0,development,maize,9,30.0,0.7,loam,early,49,pivot,irrigation_canal,35.7,0
farmer_2,farmer_2_field_3,2025-06-14,79.2,development,maize,10,30.0,0.8,loam,early,50,pivot,irrigation_canal,35.7,0
farmer_2,farmer_2_field_3,2025-06-15,74.8,development,maize,11,30.0,0.0,loam,early,51,pivot,irrigation_canal,35.7,0
farmer_2,farmer_2_field_3,2025-06-16,69.5,development,maize,12,30.0,0.0,loam,early,52,pivot,irrigation_canal,35.7,0
farmer_2,farmer_2_field_3,2025-06-17,76.3,development,maize,13,30.0,2.0,loam,early,53,pivot,irrigation_canal,35.7,0
farmer_2,farmer_2_field_3,2025-06-18,76.8,development,maize,14,30.0,26.6,loam,early,54,pivot,irrigation_canal,35.7,0
farmer_2,farmer_2_field_3,2025-06-19,97.2,development,maize,15,30.0,0.2,loam,early,55,pivot,irrigation_canal,35.7,0
farmer_2,farmer_2_field_3,2025-06-20,85.5,development,maize,16,30.0,0.2,loam,early,56,pivot,irrigation_canal,35.7,0
farmer_2,farmer_2_field_3,2025-06-21,87.9,development,maize,17,30.0,0.6,loam,early,57,pivot,irrigation_canal,35.7,0
farmer_2,farmer_2_field_3,2025-06-22,81.3,development,maize,18,30.0,0.0,loam,early,58,pivot,irrigation_canal,35.7,0
farmer_2,farmer_2_field_3,2025-06-23,81.2,development,maize,19,30.0,0.2,loam,early,59,pivot,irrigation_canal,35.7,0
farmer_2,farmer_2_field_3,2025-06-24,79.4,sensitive,maize,20,30.0,0.0,loam,early,60,pivot,irrigation_canal,35.7,0
farmer_2,farmer_2_field_3,2025-06-25,69.6,sensitive,maize,21,30.0,0.2,loam,early,61,pivot,irrigation_canal,35.7,0
farmer_2,farmer_2_field_3,2025-06-26,70.0,sensitive,maize,22,30.0,0.5,loam,early,62,pivot,irrigation_canal,35.7,0
farmer_2,farmer_2_field_3,2025-06-27,68.3,sensitive,maize,23,30.0,0.6,loam,early,63,pivot,irrigation_canal,35.7,0
farmer_2,farmer_2_field_3,2025-06-28,66.7,sensitive,maize,24,30.0,3.7,loam,early,64,pivot,irrigation_canal,35.7,0
farmer_2,farmer_2_field_3,2025-06-29,65.9,sensitive,maize,25,30.0,0.0,loam,early,65,pivot,irrigation_canal,35.7,0
farmer_2,farmer_2_field_3,2025-06-30,57.6,sensitive,maize,26,30.0,0.0,loam,early,66,pivot,irrigation_canal,35.7,0
farmer_2,farmer_2_field_3,2025-07-01,58.6,sensitive,maize,27,30.0,0.0,loam,early,67,pivot,irrigation_canal,35.7,1
farmer_2,farmer_2_field_3,2025-07-02,51.7,sensitive,maize,28,30.0,0.0,loam,early,68,pivot,irrigation_canal,35.7,1
farmer_2,farmer_2_field_3,2025-07-03,52.3,sensitive,maize,29,30.0,0.0,loam,early,69,pivot,irrigation_canal,35.7,1
farmer_2,farmer_2_field_3,2025-07-04,43.4,sensitive,maize,30,30.0,0.0,loam,early,70,pivot,irrigation_canal,35.7,2
farmer_2,farmer_2_field_3,2025-07-05,55.8,sensitive,maize,1,30.0,0.0,loam,early,71,pivot,irrigation_canal,35.7,1
farmer_2,farmer_2_field_3,2025-07-06,54.5,sensitive,maize,2,30.0,0.0,loam,early,72,pivot,irrigation_canal,35.7,1
farmer_2,farmer_2_field_3,2025-07-07,56.0,sensitive,maize,3,30.0,0.0,loam,early,73,pivot,irrigation_canal,35.7,1
farmer_2,farmer_2_field_3,2025-07-08,47.0,sensitive,maize,4,30.0,0.0,loam,early,74,pivot,irrigation_canal,35.7,2
farmer_2,farmer_2_field_3,2025-07-09,61.9,sensitive,maize,1,30.0,0.4,loam,early,75,pivot,irrigation_canal,35.7,0
farmer_2,farmer_2_field_3,2025-07-10,60.2,sensitive,maize,2,30.0,0.0,loam,early,76,pivot,irrigation_canal,35.7,1
farmer_2,farmer_2_field_3,2025-07-11,51.0,sensitive,maize,3,30.0,0.0,loam,early,77,pivot,irrigation_canal,35.7,1
farmer_2,farmer_2_field_3,2025-07-12,45.6,sensitive,maize,4,30.0,0.8,loam,early,78,pivot,irrigation_canal,35.7,1
farmer_2,farmer_2_field_3,2025-07-13,49.0,sensitive,maize,5,30.0,0.0,loam,early,79,pivot,irrigation_canal,35.7,2
farmer_2,farmer_2_field_3,2025-07-14,59.4,sensitive,maize,1,30.0,0.0,loam,early,80,pivot,irrigation_canal,35.7,0
farmer_2,farmer_2_field_3,2025-07-15,50.3,sensitive,maize,2,30.0,0.3,loam,early,81,pivot,irrigation_canal,35.7,1
farmer_2,farmer_2_field_3,2025-07-16,52.8,sensitive,maize,3,30.0,0.0,loam,early,82,pivot,irrigation_canal,35.7,1
farmer_2,farmer_2_field_3,2025-07-17,49.0,sensitive,maize,4,30.0,0.0,loam,early,83,pivot,irrigation_canal,35.7,1
farmer_2,farmer_2_field_3,2025-07-18,48.2,sensitive,maize,5,30.0,2.9,loam,early,84,pivot,irrigation_canal,35.7,1
farmer_2,farmer_2_field_3,2025-07-19,46.1,sensitive,maize,6,30.0,11.7,loam,early,85,pivot,irrigation_canal,35.7,2
farmer_2,farmer_2_field_3,2025-07-20,74.4,sensitive,maize,1,30.0,0.0,loam,early,86,pivot,irrigation_canal,35.7,0
farmer_2,farmer_2_field_3,2025-07-21,68.3,sensitive,maize,2,30.0,0.0,loam,early,87,pivot,irrigation_canal,35.7,0
farmer_2,farmer_2_field_3,2025-07-22,57.6,sensitive,maize,3,30.0,0.5,loam,early,88,pivot,irrigation_canal,35.7,0
farmer_2,farmer_2_field_3,2025-07-23,56.5,sensitive,maize,4,30.0,0.0,loam,early,89,pivot,irrigation_canal,35.7,1
farmer_2,farmer_2_field_3,2025-07-24,78.6,sensitive,maize,1,30.0,0.0,loam,early,90,pivot,irrigation_canal,35.7,0
farmer_2,farmer_2_field_3,2025-07-25,69.7,sensitive,maize,2,30.0,0.4,loam,early,91,pivot,irrigation_canal,35.7,0
farmer_2,farmer_2_field_3,2025-07-26,66.9,sensitive,maize,3,30.0,0.0,loam,early,92,pivot,irrigation_canal,35.7,0
farmer_2,farmer_2_field_3,2025-07-27,63.1,sensitive,maize,4,30.0,1.9,loam,early,93,pivot,irrigation_canal,35.7,0
farmer_2,farmer_2_field_3,2025-07-28,61.6,sensitive,maize,5,30.0,0.2,loam,early,94,pivot,irrigation_canal,35.7,0
farmer_2,farmer_2_field_3,2025-07-29,54.4,sensitive,maize,6,30.0,7.9,loam,early,95,pivot,irrigation_canal,35.7,1
farmer_2,farmer_2_field_3,2025-07-30,80.9,sensitive,maize,1,30.0,0.8,loam,early,96,pivot,irrigation_canal,35.7,0
farmer_2,farmer_2_field_3,2025-07-31,80.0,sensitive,maize,2,30.0,0.6,loam,early,97,pivot,irrigation_canal,35.7,0
farmer_2,farmer_2_field_3,2025-08-01,73.7,sensitive,maize,3,30.0,0.1,loam,early,98,pivot,irrigation_canal,35.7,0
farmer_2,farmer_2_field_3,2025-08-02,72.4,sensitive,maize,4,30.0,0.1,loam,early,99,pivot,irrigation_canal,35.7,0
farmer_2,farmer_2_field_3,2025-08-03,63.8,sensitive,maize,5,30.0,0.0,loam,early,100,pivot,irrigation_canal,35.7,0
farmer_2,farmer_2_field_3,2025-08-04,61.3,sensitive,maize,6,30.0,0.3,loam,early,101,pivot,irrigation_canal,35.7,0
farmer_2,farmer_2_field_3,2025-08-05,60.0,late,maize,7,30.0,0.1,loam,early,102,pivot,irrigation_canal,35.7,0
farmer_2,farmer_2_field_3,2025-08-06,61.1,late,maize,8,30.0,10.9,loam,early,103,pivot,irrigation_canal,35.7,0
farmer_2,farmer_2_field_3,2025-08-07,59.8,late,maize,9,30.0,0.0,loam,early,104,pivot,irrigation_canal,35.7,0
farmer_2,farmer_2_field_3,2025-08-08,54.9,late,maize,10,30.0,0.0,loam,early,105,pivot,irrigation_canal,35.7,0
farmer_2,farmer_2_field_3,2025-08-09,63.7,late,maize,11,30.0,0.0,loam,early,106,pivot,irrigation_canal,35.7,0
farmer_2,farmer_2_field_3,2025-08-10,57.9,late,maize,12,30.0,0.0,loam,early,107,pivot,irrigation_canal,35.7,0
farmer_2,farmer_2_field_3,2025-08-11,58.0,late,maize,13,30.0,2.4,loam,early,108,pivot,irrigation_canal,35.7,0
farmer_2,farmer_2_field_3,2025-08-12,50.2,late,maize,14,30.0,0.8,loam,early,109,pivot,irrigation_canal,35.7,0
farmer_2,farmer_2_field_3,2025-08-13,53.5,late,maize,15,30.0,0.7,loam,early,110,pivot,irrigation_canal,35.7,0
farmer_2,farmer_2_field_3,2025-08-14,57.0,late,maize,16,30.0,0.0,loam,early,111,pivot,irrigation_canal,35.7,0
farmer_2,farmer_2_field_3,2025-08-15,47.8,late,maize,17,30.0,0.0,loam,early,112,pivot,irrigation_canal,35.7,0
farmer_2,farmer_2_field_3,2025-08-16,,late,maize,18,30.0,0.8,loam,early,113,pivot,irrigation_canal,35.7,0
farmer_2,farmer_2_field_3,2025-08-17,48.3,late,maize,19,30.0,0.1,loam,early,114,pivot,irrigation_canal,35.7,0
farmer_2,farmer_2_field_3,2025-08-18,42.7,late,maize,20,30.0,0.0,loam,early,115,pivot,irrigation_canal,35.7,0
farmer_2,farmer_2_field_3,2025-08-19,41.5,late,maize,21,30.0,0.2,loam,early,116,pivot,irrigation_canal,35.7,0
farmer_2,farmer_2_field_3,2025-08-20,44.7,late,maize,22,30.0,0.0,loam,early,117,pivot,irrigation_canal,35.7,0
farmer_2,farmer_2_field_3,2025-08-21,42.9,late,maize,23,30.0,0.0,loam,early,118,pivot,irrigation_canal,35.7,1
farmer_2,farmer_2_field_3,2025-08-22,54.2,late,maize,1,30.0,0.0,loam,early,119,pivot,irrigation_canal,35.7,0
farmer_2,farmer_2_field_3,2025-08-23,55.4,late,maize,2,30.0,0.0,loam,early,120,pivot,irrigation_canal,35.7,0
farmer_2,farmer_2_field_3,2025-08-24,58.0,late,maize,3,30.0,0.0,loam,early,121,pivot,irrigation_canal,35.7,0
farmer_2,farmer_2_field_3,2025-08-25,55.2,late,maize,4,30.0,0.1,loam,early,122,pivot,irrigation_canal,35.7,0
farmer_2,farmer_2_field_3,2025-08-26,57.3,late,maize,5,30.0,0.0,loam,early,123,pivot,irrigation_canal,35.7,0
farmer_2,farmer_2_field_3,2025-08-27,49.5,late,maize,6,30.0,0.3,loam,early,124,pivot,irrigation_canal,35.7,0
farmer_2,farmer_2_field_3,2025-08-28,47.7,late,maize,7,30.0,18.3,loam,early,125,pivot,irrigation_canal,35.7,0
farmer_2,farmer_2_field_3,2025-08-29,62.7,late,maize,8,30.0,0.0,loam,early,126,pivot,irrigation_canal,35.7,0
farmer_2,farmer_2_field_3,2025-08-30,62.0,late,maize,9,30.0,0.0,loam,early,127,pivot,irrigation_canal,35.7,0
farmer_2,farmer_2_field_3,2025-08-31,53.5,late,maize,10,30.0,0.2,loam,early,128,pivot,irrigation_canal,35.7,0
farmer_2,farmer_2_field_3,2025-09-01,58.6,late,maize,11,30.0,0.5,loam,early,129,pivot,irrigation_canal,35.7,0
farmer_2,farmer_2_field_3,2025-09-02,52.0,late,maize,12,30.0,0.0,loam,early,130,pivot,irrigation_canal,35.7,0
farmer_2,farmer_2_field_3,2025-09-03,51.1,late,maize,13,30.0,0.0,loam,early,131,pivot,irrigation_canal,35.7,0
farmer_2,farmer_2_field_3,2025-09-04,57.4,late,maize,14,30.0,0.0,loam,early,132,pivot,irrigation_canal,35.7,0
farmer_2,farmer_2_field_3,2025-09-05,46.9,late,maize,15,30.0,0.0,loam,early,133,pivot,irrigation_canal,35.7,0
farmer_2,farmer_2_field_3,2025-09-06,45.6,late,maize,16,30.0,0.0,loam,early,134,pivot,irrigation_canal,35.7,0
farmer_2,farmer_2_field_3,2025-09-07,50.6,late,maize,17,30.0,0.0,loam,early,135,pivot,irrigation_canal,35.7,0
farmer_2,farmer_2_field_3,2025-09-08,39.4,late,maize,18,30.0,0.4,loam,early,136,pivot,irrigation_canal,35.7,0
farmer_2,farmer_2_field_3,2025-09-09,42.8,late,maize,19,30.0,0.0,loam,early,137,pivot,irrigation_canal,35.7,0
farmer_2,farmer_2_field_3,2025-09-10,41.5,late,maize,20,30.0,0.4,loam,early,138,pivot,irrigation_canal,35.7,0
farmer_2,farmer_2_field_3,2025-09-11,36.9,late,maize,21,30.0,0.0,loam,early,139,pivot,irrigation_canal,35.7,0
farmer_2,farmer_2_field_3,2025-09-12,36.8,late,maize,22,30.0,0.0,loam,early,140,pivot,irrigation_canal,35.7,1
farmer_2,farmer_2_field_3,2025-09-13,39.9,late,maize,23,30.0,0.0,loam,early,141,pivot,irrigation_canal,35.7,1
farmer_2,farmer_2_field_3,2025-09-14,36.9,late,maize,24,30.0,1.5,loam,early,142,pivot,irrigation_canal,35.7,1
farmer_2,farmer_2_field_3,2025-09-15,53.5,late,maize,1,30.0,0.0,loam,early,143,pivot,irrigation_canal,35.7,0
farmer_2,farmer_2_field_3,2025-09-16,56.2,late,maize,2,30.0,5.3,loam,early,144,pivot,irrigation_canal,35.7,0
farmer_2,farmer_2_field_3,2025-09-17,58.7,late,maize,3,30.0,2.7,loam,early,145,pivot,irrigation_canal,35.7,0
farmer_2,farmer_2_field_3,2025-09-18,57.3,late,maize,4,30.0,0.2,loam,early,146,pivot,irrigation_canal,35.7,0
farmer_2,farmer_2_field_3,2025-09-19,60.8,late,maize,5,30.0,0.1,loam,early,147,pivot,irrigation_canal,35.7,0
farmer_2,farmer_2_field_3,2025-09-20,54.2,late,maize,6,30.0,0.1,loam,early,148,pivot,irrigation_canal,35.7,0
farmer_2,farmer_2_field_3,2025-09-21,51.9,late,maize,7,30.0,1.3,loam,early,149,pivot,irrigation_canal,35.7,0
farmer_2,farmer_2_field_3,2025-09-22,,late,maize,8,30.0,0.3,loam,early,150,pivot,irrigation_canal,35.7,0
farmer_2,farmer_2_field_3,2025-09-23,54.4,late,maize,9,30.0,0.8,loam,early,151,pivot,irrigation_canal,35.7,0
farmer_2,farmer_2_field_3,2025-09-24,50.8,late,maize,10,30.0,0.0,loam,early,152,pivot,irrigation_canal,35.7,0
farmer_2,farmer_2_field_3,2025-09-25,49.5,late,maize,11,30.0,0.0,loam,early,153,pivot,irrigation_canal,35.7,0
farmer_2,farmer_2_field_3,2025-09-26,45.8,late,maize,12,30.0,0.0,loam,early,154,pivot,irrigation_canal,35.7,0
farmer_2,farmer_2_field_3,2025-09-27,50.0,late,maize,13,30.0,0.1,loam,early,155,pivot,irrigation_canal,35.7,0
farmer_2,farmer_2_field_3,2025-09-28,50.0,late,maize,14,30.0,0.0,loam,early,156,pivot,irrigation_canal,35.7,0
farmer_2,farmer_2_field_3,2025-09-29,50.0,late,maize,15,30.0,0.0,loam,early,157,pivot,irrigation_canal,35.7,0
farmer_2,farmer_2_field_3,2025-09-30,46.0,late,maize,16,30.0,0.3,loam,early,158,pivot,irrigation_canal,35.7,0
farmer_2,farmer_2_field_3,2026-04-25,70.8,initial,maize,0,0.0,0.2,loam,early,0,pivot,irrigation_canal,35.7,0
farmer_2,farmer_2_field_3,2026-04-26,,initial,maize,1,0.0,0.2,loam,early,1,pivot,irrigation_canal,35.7,0
farmer_2,farmer_2_field_3,2026-04-27,69.1,initial,maize,2,0.0,0.0,loam,early,2,pivot,irrigation_canal,35.7,0
farmer_2,farmer_2_field_3,2026-04-28,69.4,initial,maize,3,0.0,0.0,loam,early,3,pivot,irrigation_canal,35.7,0
farmer_2,farmer_2_field_3,2026-04-29,67.7,initial,maize,4,0.0,0.0,loam,early,4,pivot,irrigation_canal,35.7,0
farmer_2,farmer_2_field_3,2026-04-30,67.7,initial,maize,5,0.0,0.0,loam,early,5,pivot,irrigation_canal,35.7,0
farmer_2,farmer_2_field_3,2026-05-01,67.7,initial,maize,6,0.0,0.4,loam,early,6,pivot,irrigation_canal,35.7,0
farmer_2,farmer_2_field_3,2026-05-02,67.7,initial,maize,7,0.0,0.2,loam,early,7,pivot,irrigation_canal,35.7,0
farmer_2,farmer_2_field_3,2026-05-03,67.7,initial,maize,8,0.0,10.7,loam,early,8,pivot,irrigation_canal,35.7,0
farmer_2,farmer_2_field_3,2026-05-04,67.7,initial,maize,9,0.0,0.0,loam,early,9,pivot,irrigation_canal,35.7,0
farmer_2,farmer_2_field_3,2026-05-05,67.7,initial,maize,10,0.0,5.2,loam,early,10,pivot,irrigation_canal,35.7,0
farmer_2,farmer_2_field_3,2026-05-06,67.7,initial,maize,11,0.0,0.0,loam,early,11,pivot,irrigation_canal,35.7,0
farmer_2,farmer_2_field_3,2026-05-07,77.4,initial,maize,12,0.0,8.9,loam,early,12,pivot,irrigation_canal,35.7,0
farmer_2,farmer_2_field_3,2026-05-08,75.1,initial,maize,13,0.0,0.0,loam,early,13,pivot,irrigation_canal,35.7,0
farmer_2,farmer_2_field_3,2026-05-09,81.6,initial,maize,14,0.0,0.0,loam,early,14,pivot,irrigation_canal,35.7,0
farmer_2,farmer_2_field_3,2026-05-10,84.2,initial,maize,15,0.0,0.0,loam,early,15,pivot,irrigation_canal,35.7,0
farmer_2,farmer_2_field_3,2026-05-11,74.7,initial,maize,16,0.0,0.0,loam,early,16,pivot,irrigation_canal,35.7,0
farmer_2,farmer_2_field_3,2026-05-12,78.4,initial,maize,17,0.0,0.0,loam,early,17,pivot,irrigation_canal,35.7,0
farmer_2,farmer_2_field_3,2026-05-13,76.4,initial,maize,18,0.0,2.5,loam,early,18,pivot,irrigation_canal,35.7,0
farmer_2,farmer_2_field_3,2026-05-14,84.7,initial,maize,19,0.0,0.1,loam,early,19,pivot,irrigation_canal,35.7,0
farmer_2,farmer_2_field_3,2026-05-15,80.6,initial,maize,20,0.0,0.0,loam,early,20,pivot,irrigation_canal,35.7,0
farmer_2,farmer_2_field_3,2026-05-16,74.2,initial,maize,21,0.0,0.2,loam,early,21,pivot,irrigation_canal,35.7,0
farmer_2,farmer_2_field_3,2026-05-17,76.1,initial,maize,22,0.0,0.0,loam,early,22,pivot,irrigation_canal,35.7,0
farmer_2,farmer_2_field_3,2026-05-18,69.3,initial,maize,23,0.0,0.0,loam,early,23,pivot,irrigation_canal,35.7,0
farmer_2,farmer_2_field_3,2026-05-19,76.7,initial,maize,24,0.0,0.2,loam,early,24,pivot,irrigation_canal,35.7,0
farmer_2,farmer_2_field_3,2026-05-20,72.1,initial,maize,25,0.0,0.0,loam,early,25,pivot,irrigation_canal,35.7,0
farmer_2,farmer_2_field_3,2026-05-21,72.3,development,maize,26,0.0,17.8,loam,early,26,pivot,irrigation_canal,35.7,0
farmer_2,farmer_2_field_3,2026-05-22,84.9,development,maize,27,0.0,5.9,loam,early,27,pivot,irrigation_canal,35.7,0
farmer_2,farmer_2_field_3,2026-05-23,91.1,development,maize,28,0.0,0.4,loam,early,28,pivot,irrigation_canal,35.7,0
farmer_2,farmer_2_field_3,2026-05-24,80.1,development,maize,29,0.0,0.0,loam,early,29,pivot,irrigation_canal,35.7,0
farmer_2,farmer_2_field_3,2026-05-25,87.6,development,maize,30,0.0,0.5,loam,early,30,pivot,irrigation_canal,35.7,0
farmer_2,farmer_2_field_3,2026-05-26,83.5,development,maize,31,0.0,0.0,loam,early,31,pivot,irrigation_canal,35.7,0
farmer_2,farmer_2_field_3,2026-05-27,84.7,development,maize,32,0.0,0.1,loam,early,32,pivot,irrigation_canal,35.7,0
farmer_2,farmer_2_field_3,2026-05-28,76.8,development,maize,33,0.0,0.0,loam,early,33,pivot,irrigation_canal,35.7,0
farmer_2,farmer_2_field_3,2026-05-29,73.9,development,maize,34,0.0,0.5,loam,early,34,pivot,irrigation_canal,35.7,0
farmer_2,farmer_2_field_3,2026-05-30,73.6,development,maize,35,0.0,0.0,loam,early,35,pivot,irrigation_canal,35.7,0
farmer_2,farmer_2_field_3,2026-05-31,69.5,development,maize,36,0.0,0.1,loam,early,36,pivot,irrigation_canal,35.7,0
farmer_2,farmer_2_field_3,2026-06-01,75.6,development,maize,37,0.0,0.3,loam,early,37,pivot,irrigation_canal,35.7,0
farmer_2,farmer_2_field_3,2026-06-02,67.3,development,maize,38,0.0,0.3,loam,early,38,pivot,irrigation_canal,35.7,0
farmer_2,farmer_2_field_3,2026-06-03,66.5,development,maize,39,0.0,0.0,loam,early,39,pivot,irrigation_canal,35.7,0
farmer_2,farmer_2_field_3,2026-06-04,65.3,development,maize,40,0.0,0.0,loam,early,40,pivot,irrigation_canal,35.7,0
farmer_2,farmer_2_field_3,2026-06-05,64.7,development,maize,41,0.0,0.3,loam,early,41,pivot,irrigation_canal,35.7,0
farmer_2,farmer_2_field_3,2026-06-06,66.3,development,maize,42,0.0,5.4,loam,early,42,pivot,irrigation_canal,35.7,0
farmer_2,farmer_2_field_3,2026-06-07,54.3,development,maize,43,0.0,0.0,loam,early,43,pivot,irrigation_canal,35.7,0
farmer_2,farmer_2_field_3,2026-06-08,56.2,development,maize,44,0.0,0.1,loam,early,44,pivot,irrigation_canal,35.7,0
farmer_2,farmer_2_field_3,2026-06-09,58.4,development,maize,45,0.0,0.4,loam,early,45,pivot,irrigation_canal,35.7,0
farmer_2,farmer_2_field_3,2026-06-10,,development,maize,46,0.0,0.2,loam,early,46,pivot,irrigation_canal,35.7,0
farmer_2,farmer_2_field_3,2026-06-11,51.5,development,maize,47,0.0,0.2,loam,early,47,pivot,irrigation_canal,35.7,0
farmer_2,farmer_2_field_3,2026-06-12,48.0,development,maize,48,0.0,0.7,loam,early,48,pivot,irrigation_canal,35.7,1
farmer_2,farmer_2_field_3,2026-06-13,69.8,development,maize,1,30.0,0.0,loam,early,49,pivot,irrigation_canal,35.7,0
farmer_2,farmer_2_field_3,2026-06-14,64.7,development,maize,2,30.0,0.0,loam,early,50,pivot,irrigation_canal,35.7,0
farmer_2,farmer_2_field_3,2026-06-15,62.8,development,maize,3,30.0,0.4,loam,early,51,pivot,irrigation_canal,35.7,0
farmer_2,farmer_2_field_3,2026-06-16,56.0,development,maize,4,30.0,0.9,loam,early,52,pivot,irrigation_canal,35.7,0
farmer_2,farmer_2_field_3,2026-06-17,54.4,development,maize,5,30.0,0.5,loam,early,53,pivot,irrigation_canal,35.7,0
farmer_2,farmer_2_field_3,2026-06-18,,development,maize,6,30.0,0.0,loam,early,54,pivot,irrigation_canal,35.7,0
farmer_2,farmer_2_field_3,2026-06-19,43.6,development,maize,7,30.0,0.0,loam,early,55,pivot,irrigation_canal,35.7,1
farmer_2,farmer_2_field_3,2026-06-20,67.0,development,maize,1,30.0,0.0,loam,early,56,pivot,irrigation_canal,35.7,0
farmer_2,farmer_2_field_3,2026-06-21,67.0,development,maize,2,30.0,0.0,loam,early,57,pivot,irrigation_canal,35.7,0
farmer_2,farmer_2_field_3,2026-06-22,67.0,development,maize,3,30.0,0.0,loam,early,58,pivot,irrigation_canal,35.7,0
farmer_2,farmer_2_field_3,2026-06-23,67.0,development,maize,4,30.0,0.0,loam,early,59,pivot,irrigation_canal,35.7,0
farmer_2,farmer_2_field_3,2026-06-24,67.0,sensitive,maize,5,30.0,0.1,loam,early,60,pivot,irrigation_canal,35.7,1
farmer_2,farmer_2_field_3,2026-06-25,67.0,sensitive,maize,6,30.0,2.1,loam,early,61,pivot,irrigation_canal,35.7,1
farmer_2,farmer_2_field_3,2026-06-26,67.0,sensitive,maize,7,30.0,0.0,loam,early,62,pivot,irrigation_canal,35.7,2
farmer_2,farmer_2_field_3,2026-06-27,67.0,sensitive,maize,1,30.0,0.6,loam,early,63,pivot,irrigation_canal,35.7,1
farmer_2,farmer_2_field_3,2026-06-28,54.5,sensitive,maize,2,30.0,0.0,loam,early,64,pivot,irrigation_canal,35.7,1
farmer_2,farmer_2_field_3,2026-06-29,48.6,sensitive,maize,3,30.0,0.0,loam,early,65,pivot,irrigation_canal,35.7,1
farmer_2,farmer_2_field_3,2026-06-30,65.5,sensitive,maize,1,30.0,0.0,loam,early,66,pivot,irrigation_canal,35.7,0
farmer_2,farmer_2_field_3,2026-07-01,55.8,sensitive,maize,2,30.0,0.0,loam,early,67,pivot,irrigation_canal,35.7,1
farmer_2,farmer_2_field_3,2026-07-02,47.9,sensitive,maize,3,30.0,0.0,loam,early,68,pivot,irrigation_canal,35.7,1
farmer_2,farmer_2_field_3,2026-07-03,39.8,sensitive,maize,4,30.0,0.0,loam,early,69,pivot,irrigation_canal,35.7,2
farmer_2,farmer_2_field_3,2026-07-04,56.9,sensitive,maize,1,30.0,0.0,loam,early,70,pivot,irrigation_canal,35.7,1
farmer_2,farmer_2_field_3,2026-07-05,69.8,sensitive,maize,1,30.0,0.3,loam,early,71,pivot,irrigation_canal,35.7,0
farmer_2,farmer_2_field_3,2026-07-06,66.8,sensitive,maize,2,30.0,0.0,loam,early,72,pivot,irrigation_canal,35.7,0
farmer_2,farmer_2_field_3,2026-07-07,60.4,sensitive,maize,3,30.0,0.0,loam,early,73,pivot,irrigation_canal,35.7,0
farmer_2,farmer_2_field_3,2026-07-08,62.0,sensitive,maize,4,30.0,0.0,loam,early,74,pivot,irrigation_canal,35.7,1
farmer_2,farmer_2_field_3,2026-07-09,46.9,sensitive,maize,5,30.0,0.0,loam,early,75,pivot,irrigation_canal,35.7,1
farmer_2,farmer_2_field_3,2026-07-10,45.0,sensitive,maize,6,30.0,0.3,loam,early,76,pivot,irrigation_canal,35.7,2
farmer_2,farmer_2_field_3,2026-07-11,57.2,sensitive,maize,1,30.0,0.0,loam,early,77,pivot,irrigation_canal,35.7,1
farmer_2,farmer_2_field_3,2026-07-12,75.0,sensitive,maize,1,30.0,0.0,loam,early,78,pivot,irrigation_canal,35.7,0
farmer_2,farmer_2_field_3,2026-07-13,73.5,sensitive,maize,2,30.0,0.0,loam,early,79,pivot,irrigation_canal,35.7,0
farmer_2,farmer_2_field_3,2026-07-14,64.2,sensitive,maize,3,30.0,0.9,loam,early,80,pivot,irrigation_canal,35.7,0
farmer_2,farmer_2_field_3,2026-07-15,58.6,sensitive,maize,4,30.0,0.0,loam,early,81,pivot,irrigation_canal,35.7,0
farmer_2,farmer_2_field_3,2026-07-16,57.7,sensitive,maize,5,30.0,0.0,loam,early,82,pivot,irrigation_canal,35.7,1
farmer_2,farmer_2_field_3,2026-07-17,65.1,sensitive,maize,1,30.0,0.0,loam,early,83,pivot,irrigation_canal,35.7,0
farmer_2,farmer_2_field_3,2026-07-18,68.1,sensitive,maize,2,30.0,0.2,loam,early,84,pivot,irrigation_canal,35.7,0
farmer_2,farmer_2_field_3,2026-07-19,61.0,sensitive,maize,3,30.0,0.7,loam,early,85,pivot,irrigation_canal,35.7,1
farmer_2,farmer_2_field_3,2026-07-20,53.6,sensitive,maize,4,30.0,0.6,loam,early,86,pivot,irrigation_canal,35.7,1
farmer_2,farmer_2_field_3,2026-07-21,49.3,sensitive,maize,5,30.0,0.0,loam,early,87,pivot,irrigation_canal,35.7,1
farmer_2,farmer_2_field_3,2026-07-22,64.6,sensitive,maize,1,30.0,0.2,loam,early,88,pivot,irrigation_canal,35.7,0
farmer_2,farmer_2_field_3,2026-07-23,59.9,sensitive,maize,2,30.0,0.6,loam,early,89,pivot,irrigation_canal,35.7,0
farmer_2,farmer_2_field_3,2026-07-24,53.4,sensitive,maize,3,30.0,0.0,loam,early,90,pivot,irrigation_canal,35.7,1
farmer_2,farmer_2_field_3,2026-07-25,49.8,sensitive,maize,4,30.0,0.0,loam,early,91,pivot,irrigation_canal,35.7,1
farmer_2,farmer_2_field_3,2026-07-26,43.6,sensitive,maize,5,30.0,0.5,loam,early,92,pivot,irrigation_canal,35.7,2
farmer_2,farmer_2_field_3,2026-07-27,55.9,sensitive,maize,1,30.0,0.0,loam,early,93,pivot,irrigation_canal,35.7,0
farmer_2,farmer_2_field_3,2026-07-28,60.3,sensitive,maize,2,30.0,0.0,loam,early,94,pivot,irrigation_canal,35.7,1
farmer_2,farmer_2_field_3,2026-07-29,50.2,sensitive,maize,3,30.0,0.9,loam,early,95,pivot,irrigation_canal,35.7,1
farmer_2,farmer_2_field_3,2026-07-30,46.6,sensitive,maize,4,30.0,0.6,loam,early,96,pivot,irrigation_canal,35.7,1
farmer_2,farmer_2_field_3,2026-07-31,41.8,sensitive,maize,5,30.0,8.4,loam,early,97,pivot,irrigation_canal,35.7,2
farmer_2,farmer_2_field_3,2026-08-01,70.4,sensitive,maize,1,30.0,0.0,loam,early,98,pivot,irrigation_canal,35.7,0
farmer_2,farmer_2_field_3,2026-08-02,62.9,sensitive,maize,2,30.0,0.0,loam,early,99,pivot,irrigation_canal,35.7,0
farmer_2,farmer_2_field_3,2026-08-03,57.2,sensitive,maize,3,30.0,10.1,loam,early,100,pivot,irrigation_canal,35.7,1
farmer_2,farmer_2_field_3,2026-08-04,56.4,sensitive,maize,4,30.0,0.7,loam,early,101,pivot,irrigation_canal,35.7,1
farmer_2,farmer_2_field_3,2026-08-05,54.4,late,maize,5,30.0,0.6,loam,early,102,pivot,irrigation_canal,35.7,0
farmer_2,farmer_2_field_3,2026-08-06,48.6,late,maize,6,30.0,0.4,loam,early,103,pivot,irrigation_canal,35.7,0
farmer_2,farmer_2_field_3,2026-08-07,48.5,late,maize,7,30.0,0.0,loam,early,104,pivot,irrigation_canal,35.7,0
farmer_2,farmer_2_field_3,2026-08-08,48.2,late,maize,8,30.0,0.8,loam,early,105,pivot,irrigation_canal,35.7,0
farmer_2,farmer_2_field_3,2026-08-09,41.3,late,maize,9,30.0,0.3,loam,early,106,pivot,irrigation_canal,35.7,0
farmer_2,farmer_2_field_3,2026-08-10,42.8,late,maize,10,30.0,1.5,loam,early,107,pivot,irrigation_canal,35.7,0
farmer_2,farmer_2_field_3,2026-08-11,42.8,late,maize,11,30.0,0.0,loam,early,108,pivot,irrigation_canal,35.7,0
farmer_2,farmer_2_field_3,2026-08-12,41.7,late,maize,12,30.0,0.0,loam,early,109,pivot,irrigation_canal,35.7,1
farmer_2,farmer_2_field_3,2026-08-13,40.4,late,maize,13,30.0,0.0,loam,early,110,pivot,irrigation_canal,35.7,1
farmer_2,farmer_2_field_3,2026-08-14,36.9,late,maize,14,30.0,0.1,loam,early,111,pivot,irrigation_canal,35.7,1
farmer_2,farmer_2_field_3,2026-08-15,32.5,late,maize,15,30.0,0.0,loam,early,112,pivot,irrigation_canal,35.7,1
farmer_2,farmer_2_field_3,2026-08-16,34.1,late,maize,16,30.0,0.6,loam,early,113,pivot,irrigation_canal,35.7,1
farmer_2,farmer_2_field_3,2026-08-17,24.4,late,maize,17,30.0,0.0,loam,early,114,pivot,irrigation_canal,35.7,1
farmer_2,farmer_2_field_3,2026-08-18,25.0,late,maize,18,30.0,0.1,loam,early,115,pivot,irrigation_canal,35.7,1
farmer_2,farmer_2_field_3,2026-08-19,29.3,late,maize,19,30.0,0.1,loam,early,116,pivot,irrigation_canal,35.7,2
farmer_2,farmer_2_field_3,2026-08-20,39.7,late,maize,1,30.0,2.6,loam,early,117,pivot,irrigation_canal,35.7,0
farmer_2,farmer_2_field_3,2026-08-21,40.6,late,maize,2,30.0,0.3,loam,early,118,pivot,irrigation_canal,35.7,0
farmer_2,farmer_2_field_3,2026-08-22,40.1,late,maize,3,30.0,0.0,loam,early,119,pivot,irrigation_canal,35.7,0
farmer_2,farmer_2_field_3,2026-08-23,39.1,late,maize,4,30.0,0.1,loam,early,120,pivot,irrigation_canal,35.7,1
farmer_2,farmer_2_field_3,2026-08-24,35.0,late,maize,5,30.0,0.0,loam,early,121,pivot,irrigation_canal,35.7,1
farmer_2,farmer_2_field_3,2026-08-25,56.2,late,maize,1,30.0,0.0,loam,early,122,pivot,irrigation_canal,35.7,0
farmer_2,farmer_2_field_3,2026-08-26,,late,maize,2,30.0,0.0,loam,early,123,pivot,irrigation_canal,35.7,0
farmer_2,farmer_2_field_3,2026-08-27,57.6,late,maize,3,30.0,0.4,loam,early,124,pivot,irrigation_canal,35.7,0
farmer_2,farmer_2_field_3,2026-08-28,58.2,late,maize,4,30.0,3.7,loam,early,125,pivot,irrigation_canal,35.7,0
farmer_2,farmer_2_field_3,2026-08-29,49.5,late,maize,5,30.0,0.0,loam,early,126,pivot,irrigation_canal,35.7,0
farmer_2,farmer_2_field_3,2026-08-30,49.2,late,maize,6,30.0,0.6,loam,early,127,pivot,irrigation_canal,35.7,0
farmer_2,farmer_2_field_3,2026-08-31,48.4,late,maize,7,30.0,0.0,loam,early,128,pivot,irrigation_canal,35.7,0
farmer_2,farmer_2_field_3,2026-09-01,47.7,late,maize,8,30.0,0.0,loam,early,129,pivot,irrigation_canal,35.7,0
farmer_2,farmer_2_field_3,2026-09-02,45.1,late,maize,9,30.0,0.5,loam,early,130,pivot,irrigation_canal,35.7,0
farmer_2,farmer_2_field_3,2026-09-03,53.3,late,maize,10,30.0,0.0,loam,early,131,pivot,irrigation_canal,35.7,0
farmer_2,farmer_2_field_3,2026-09-04,42.2,late,maize,11,30.0,0.4,loam,early,132,pivot,irrigation_canal,35.7,0
farmer_2,farmer_2_field_3,2026-09-05,45.0,late,maize,12,30.0,0.5,loam,early,133,pivot,irrigation_canal,35.7,0
farmer_2,farmer_2_field_3,2026-09-06,41.5,late,maize,13,30.0,0.2,loam,early,134,pivot,irrigation_canal,35.7,0
farmer_2,farmer_2_field_3,2026-09-07,40.7,late,maize,14,30.0,0.0,loam,early,135,pivot,irrigation_canal,35.7,0
farmer_2,farmer_2_field_3,2026-09-08,38.3,late,maize,15,30.0,0.1,loam,early,136,pivot,irrigation_canal,35.7,1
farmer_2,farmer_2_field_3,2026-09-09,32.0,late,maize,16,30.0,0.0,loam,early,137,pivot,irrigation_canal,35.7,1
farmer_2,farmer_2_field_3,2026-09-10,35.9,late,maize,17,30.0,0.0,loam,early,138,pivot,irrigation_canal,35.7,1
farmer_2,farmer_2_field_3,2026-09-11,34.8,late,maize,18,30.0,0.7,loam,early,139,pivot,irrigation_canal,35.7,1
farmer_2,farmer_2_field_3,2026-09-12,34.1,late,maize,19,30.0,0.0,loam,early,140,pivot,irrigation_canal,35.7,1
farmer_2,farmer_2_field_3,2026-09-13,28.3,late,maize,20,30.0,0.4,loam,early,141,pivot,irrigation_canal,35.7,1
farmer_2,farmer_2_field_3,2026-09-14,29.8,late,maize,21,30.0,0.5,loam,early,142,pivot,irrigation_canal,35.7,1
farmer_2,farmer_2_field_3,2026-09-15,50.6,late,maize,1,30.0,0.2,loam,early,143,pivot,irrigation_canal,35.7,0
farmer_2,farmer_2_field_3,2026-09-16,50.5,late,maize,2,30.0,0.3,loam,early,144,pivot,irrigation_canal,35.7,0
farmer_2,farmer_2_field_3,2026-09-17,45.3,late,maize,3,30.0,0.0,loam,early,145,pivot,irrigation_canal,35.7,0
farmer_2,farmer_2_field_3,2026-09-18,53.0,late,maize,4,30.0,0.0,loam,early,146,pivot,irrigation_canal,35.7,0
farmer_2,farmer_2_field_3,2026-09-19,46.7,late,maize,5,30.0,0.0,loam,early,147,pivot,irrigation_canal,35.7,0
farmer_2,farmer_2_field_3,2026-09-20,43.2,late,maize,6,30.0,0.0,loam,early,148,pivot,irrigation_canal,35.7,0
farmer_2,farmer_2_field_3,2026-09-21,44.6,late,maize,7,30.0,0.4,loam,early,149,pivot,irrigation_canal,35.7,0
farmer_2,farmer_2_field_3,2026-09-22,33.7,late,maize,8,30.0,0.7,loam,early,150,pivot,irrigation_canal,35.7,0
farmer_2,farmer_2_field_3,2026-09-23,36.5,late,maize,9,30.0,0.1,loam,early,151,pivot,irrigation_canal,35.7,1
farmer_2,farmer_2_field_3,2026-09-24,38.7,late,maize,10,30.0,0.0,loam,early,152,pivot,irrigation_canal,35.7,1
farmer_2,farmer_2_field_3,2026-09-25,35.6,late,maize,11,30.0,0.0,loam,early,153,pivot,irrigation_canal,35.7,1
farmer_2,farmer_2_field_3,2026-09-26,37.7,late,maize,12,30.0,0.0,loam,early,154,pivot,irrigation_canal,35.7,1
farmer_2,farmer_2_field_3,2026-09-27,28.5,late,maize,13,30.0,2.5,loam,early,155,pivot,irrigation_canal,35.7,1
farmer_2,farmer_2_field_3,2026-09-28,36.3,late,maize,14,30.0,0.2,loam,early,156,pivot,irrigation_canal,35.7,1
farmer_2,farmer_2_field_3,2026-09-29,35.5,late,maize,15,30.0,0.5,loam,early,157,pivot,irrigation_canal,35.7,1
farmer_2,farmer_2_field_3,2026-09-30,31.3,late,maize,16,30.0,0.9,loam,early,158,pivot,irrigation_canal,35.7,1
