farm_id,field_id,date,soil_moisture_pct_nfk,growth_stage,crop_type,days_since_last_irrigation,previous_irrigation_mm,onfarm_rain_gauge_mm,soil_type,crop_variety_maturity,days_after_planting,irrigation_type,water_source,field_area_ha,irrigation_need
farm_1,farm_1_field_1,2026-04-16,68.6,initial,sugar_beet,0,0.0,3.9,loam,medium,0,drip,groundwater_well,4.4,0
farm_1,farm_1_field_1,2026-04-17,74.0,initial,sugar_beet,1,0.0,0.0,loam,medium,1,drip,groundwater_well,4.4,0
farm_1,farm_1_field_1,2026-04-18,68.0,initial,sugar_beet,2,0.0,0.1,loam,medium,2,drip,groundwater_well,4.4,0
farm_1,farm_1_field_1,2026-04-19,68.8,initial,sugar_beet,3,0.0,0.3,loam,medium,3,drip,groundwater_well,4.4,0
farm_1,farm_1_field_1,2026-04-20,74.7,initial,sugar_beet,4,0.0,0.0,loam,medium,4,drip,groundwater_well,4.4,0
farm_1,farm_1_field_1,2026-04-21,74.5,initial,sugar_beet,5,0.0,0.6,loam,medium,5,drip,groundwater_well,4.4,0
farm_1,farm_1_field_1,2026-04-22,77.3,initial,sugar_beet,6,0.0,3.5,loam,medium,6,drip,groundwater_well,4.4,0
farm_1,farm_1_field_1,2026-04-23,77.1,initial,sugar_beet,7,0.0,0.0,loam,medium,7,drip,groundwater_well,4.4,0
farm_1,farm_1_field_1,2026-04-24,69.2,initial,sugar_beet,8,0.0,0.4,loam,medium,8,drip,groundwater_well,4.4,0
farm_1,farm_1_field_1,2026-04-25,74.0,initial,sugar_beet,9,0.0,0.0,loam,medium,9,drip,groundwater_well,4.4,0
farm_1,farm_1_field_1,2026-04-26,72.9,initial,sugar_beet,10,0.0,0.0,loam,medium,10,drip,groundwater_well,4.4,0
farm_1,farm_1_field_1,2026-04-27,70.8,initial,sugar_beet,11,0.0,5.5,loam,medium,11,drip,groundwater_well,4.4,0
farm_1,farm_1_field_1,2026-04-28,73.8,initial,sugar_beet,12,0.0,0.0,loam,medium,12,drip,groundwater_well,4.4,0
farm_1,farm_1_field_1,2026-04-29,71.1,initial,sugar_beet,13,0.0,0.5,loam,medium,13,drip,groundwater_well,4.4,0
farm_1,farm_1_field_1,2026-04-30,79.5,initial,sugar_beet,14,0.0,1.6,loam,medium,14,drip,groundwater_well,4.4,0
farm_1,farm_1_field_1,2026-05-01,76.4,initial,sugar_beet,15,0.0,0.6,loam,medium,15,drip,groundwater_well,4.4,0
farm_1,farm_1_field_1,2026-05-02,75.4,initial,sugar_beet,16,0.0,0.0,loam,medium,16,drip,groundwater_well,4.4,0
farm_1,farm_1_field_1,2026-05-03,78.3,initial,sugar_beet,17,0.0,2.5,loam,medium,17,drip,groundwater_well,4.4,0
farm_1,farm_1_field_1,2026-05-04,70.8,initial,sugar_beet,18,0.0,0.2,loam,medium,18,drip,groundwater_well,4.4,0
farm_1,farm_1_field_1,2026-05-05,74.9,initial,sugar_beet,19,0.0,0.1,loam,medium,19,drip,groundwater_well,4.4,0
farm_1,farm_1_field_1,2026-05-06,70.7,initial,sugar_beet,20,0.0,0.0,loam,medium,20,drip,groundwater_well,4.4,0
farm_1,farm_1_field_1,2026-05-07,69.3,initial,sugar_beet,21,0.0,0.0,loam,medium,21,drip,groundwater_well,4.4,0
farm_1,farm_1_field_1,2026-05-08,77.6,initial,sugar_beet,22,0.0,0.6,loam,medium,22,drip,groundwater_well,4.4,0
farm_1,farm_1_field_1,2026-05-09,71.6,initial,sugar_beet,23,0.0,1.6,loam,medium,23,drip,groundwater_well,4.4,0
farm_1,farm_1_field_1,2026-05-10,71.6,initial,sugar_beet,24,0.0,0.0,loam,medium,24,drip,groundwater_well,4.4,0
farm_1,farm_1_field_1,2026-05-11,76.2,development,sugar_beet,25,0.0,0.8,loam,medium,25,drip,groundwater_well,4.4,0
farm_1,farm_1_field_1,2026-05-12,69.2,development,sugar_beet,26,0.0,0.0,loam,medium,26,drip,groundwater_well,4.4,0
farm_1,farm_1_field_1,2026-05-13,72.4,development,sugar_beet,27,0.0,0.2,loam,medium,27,drip,groundwater_well,4.4,0
farm_1,farm_1_field_1,2026-05-14,61.1,development,sugar_beet,28,0.0,0.0,loam,medium,28,drip,groundwater_well,4.4,0
farm_1,farm_1_field_1,2026-05-15,63.7,development,sugar_beet,29,0.0,0.0,loam,medium,29,drip,groundwater_well,4.4,0
farm_1,farm_1_field_1,2026-05-16,57.7,development,sugar_beet,30,0.0,0.0,loam,medium,30,drip,groundwater_well,4.4,0
farm_1,farm_1_field_1,2026-05-17,59.7,development,sugar_beet,31,0.0,6.2,loam,medium,31,drip,groundwater_well,4.4,0
farm_1,farm_1_field_1,2026-05-18,65.2,development,sugar_beet,32,0.0,0.8,loam,medium,32,drip,groundwater_well,4.4,0
farm_1,farm_1_field_1,2026-05-19,64.9,development,sugar_beet,33,0.0,8.1,loam,medium,33,drip,groundwater_well,4.4,0
farm_1,farm_1_field_1,2026-05-20,65.6,development,sugar_beet,34,0.0,0.0,loam,medium,34,drip,groundwater_well,4.4,0
farm_1,farm_1_field_1,2026-05-21,59.6,development,sugar_beet,35,0.0,5.7,loam,medium,35,drip,groundwater_well,4.4,0
farm_1,farm_1_field_1,2026-05-22,66.2,development,sugar_beet,36,0.0,0.2,loam,medium,36,drip,groundwater_well,4.4,0
farm_1,farm_1_field_1,2026-05-23,65.1,development,sugar_beet,37,0.0,0.7,loam,medium,37,drip,groundwater_well,4.4,0
farm_1,farm_1_field_1,2026-05-24,65.8,development,sugar_beet,38,0.0,0.0,loam,medium,38,drip,groundwater_well,4.4,0
farm_1,farm_1_field_1,2026-05-25,57.0,development,sugar_beet,39,0.0,3.6,loam,medium,39,drip,groundwater_well,4.4,0
farm_1,farm_1_field_1,2026-05-26,60.6,development,sugar_beet,40,0.0,0.0,loam,medium,40,drip,groundwater_well,4.4,0
farm_1,farm_1_field_1,2026-05-27,60.6,development,sugar_beet,41,0.0,0.0,loam,medium,41,drip,groundwater_well,4.4,0
farm_1,farm_1_field_1,2026-05-28,58.6,development,sugar_beet,42,0.0,0.0,loam,medium,42,drip,groundwater_well,4.4,0
farm_1,farm_1_field_1,2026-05-29,59.0,development,sugar_beet,43,0.0,0.3,loam,medium,43,drip,groundwater_well,4.4,0
farm_1,farm_1_field_1,2026-05-30,58.2,development,sugar_beet,44,0.0,0.1,loam,medium,44,drip,groundwater_well,4.4,0
farm_1,farm_1_field_1,2026-05-31,46.2,development,sugar_beet,45,0.0,0.0,loam,medium,45,drip,groundwater_well,4.4,0
farm_1,farm_1_field_1,2026-06-01,46.6,development,sugar_beet,46,0.0,0.6,loam,medium,46,drip,groundwater_well,4.4,1
farm_1,farm_1_field_1,2026-06-02,63.9,development,sugar_beet,1,18.0,0.0,loam,medium,47,drip,groundwater_well,4.4,0
farm_1,farm_1_field_1,2026-06-03,58.3,development,sugar_beet,2,18.0,0.0,loam,medium,48,drip,groundwater_well,4.4,0
farm_1,farm_1_field_1,2026-06-04,54.2,development,sugar_beet,3,18.0,0.0,loam,medium,49,drip,groundwater_well,4.4,0
farm_1,farm_1_field_1,2026-06-05,59.5,development,sugar_beet,4,18.0,0.1,loam,medium,50,drip,groundwater_well,4.4,0
farm_1,farm_1_field_1,2026-06-06,49.7,development,sugar_beet,5,18.0,0.4,loam,medium,51,drip,groundwater_well,4.4,0
farm_1,farm_1_field_1,2026-06-07,41.3,development,sugar_beet,6,18.0,18.8,loam,medium,52,drip,groundwater_well,4.4,1
farm_1,farm_1_field_1,2026-06-08,78.1,development,sugar_beet,1,18.0,18.3,loam,medium,53,drip,groundwater_well,4.4,0
farm_1,farm_1_field_1,2026-06-09,83.3,development,sugar_beet,2,18.0,0.1,loam,medium,54,drip,groundwater_well,4.4,0
farm_1,farm_1_field_1,2026-06-10,84.1,development,sugar_beet,3,18.0,0.4,loam,medium,55,drip,groundwater_well,4.4,0
farm_1,farm_1_field_1,2026-06-11,79.2,development,sugar_beet,4,18.0,0.0,loam,medium,56,drip,groundwater_well,4.4,0
farm_1,farm_1_field_1,2026-06-12,80.4,development,sugar_beet,5,18.0,0.0,loam,medium,57,drip,groundwater_well,4.4,0
farm_1,farm_1_field_1,2026-06-13,77.3,development,sugar_beet,6,18.0,0.8,loam,medium,58,drip,groundwater_well,4.4,0
farm_1,farm_1_field_1,2026-06-14,74.6,development,sugar_beet,7,18.0,0.0,loam,medium,59,drip,groundwater_well,4.4,0
farm_1,farm_1_field_1,2026-06-15,69.1,sensitive,sugar_beet,8,18.0,1.0,loam,medium,60,drip,groundwater_well,4.4,0
farm_1,farm_1_field_1,2026-06-16,69.0,sensitive,sugar_beet,9,18.0,0.0,loam,medium,61,drip,groundwater_well,4.4,0
farm_1,farm_1_field_1,2026-06-17,63.8,sensitive,sugar_beet,10,18.0,0.9,loam,medium,62,drip,groundwater_well,4.4,0
farm_1,farm_1_field_1,2026-06-18,60.3,sensitive,sugar_beet,11,18.0,22.0,loam,medium,63,drip,groundwater_well,4.4,0
farm_1,farm_1_field_1,2026-06-19,71.3,sensitive,sugar_beet,12,18.0,0.2,loam,medium,64,drip,groundwater_well,4.4,0
farm_1,farm_1_field_1,2026-06-20,66.8,sensitive,sugar_beet,13,18.0,0.4,loam,medium,65,drip,groundwater_well,4.4,0
farm_1,farm_1_field_1,2026-06-21,65.4,sensitive,sugar_beet,14,18.0,0.2,loam,medium,66,drip,groundwater_well,4.4,0
farm_1,farm_1_field_1,2026-06-22,61.9,sensitive,sugar_beet,15,18.0,0.2,loam,medium,67,drip,groundwater_well,4.4,0
farm_1,farm_1_field_1,2026-06-23,53.8,sensitive,sugar_beet,16,18.0,0.1,loam,medium,68,drip,groundwater_well,4.4,0
farm_1,farm_1_field_1,2026-06-24,56.2,sensitive,sugar_beet,17,18.0,0.0,loam,medium,69,drip,groundwater_well,4.4,0
farm_1,farm_1_field_1,2026-06-25,55.3,sensitive,sugar_beet,18,18.0,0.0,loam,medium,70,drip,groundwater_well,4.4,1
farm_1,farm_1_field_1,2026-06-26,49.3,sensitive,sugar_beet,19,18.0,0.0,loam,medium,71,drip,groundwater_well,4.4,1
farm_1,farm_1_field_1,2026-06-27,42.7,sensitive,sugar_beet,20,18.0,0.0,loam,medium,72,drip,groundwater_well,4.4,1
farm_1,farm_1_field_1,2026-06-28,51.6,sensitive,sugar_beet,1,18.0,3.0,loam,medium,73,drip,groundwater_well,4.4,1
farm_1,farm_1_field_1,2026-06-29,69.8,sensitive,sugar_beet,1,18.0,0.0,loam,medium,74,drip,groundwater_well,4.4,0
farm_1,farm_1_field_1,2026-06-30,62.4,sensitive,sugar_beet,2,18.0,0.6,loam,medium,75,drip,groundwater_well,4.4,0
farm_1,farm_1_field_1,2026-07-01,58.6,sensitive,sugar_beet,3,18.0,0.0,loam,medium,76,drip,groundwater_well,4.4,0
farm_1,farm_1_field_1,2026-07-02,51.5,sensitive,sugar_beet,4,18.0,0.0,loam,medium,77,drip,groundwater_well,4.4,0
farm_1,farm_1_field_1,2026-07-03,52.0,sensitive,sugar_beet,5,18.0,0.4,loam,medium,78,drip,groundwater_well,4.4,1
farm_1,farm_1_field_1,2026-07-04,48.4,sensitive,sugar_beet,6,18.0,0.3,loam,medium,79,drip,groundwater_well,4.4,1
farm_1,farm_1_field_1,2026-07-05,41.3,sensitive,sugar_beet,7,18.0,0.0,loam,medium,80,drip,groundwater_well,4.4,1
farm_1,farm_1_field_1,2026-07-06,52.8,sensitive,sugar_beet,1,18.0,0.7,loam,medium,81,drip,groundwater_well,4.4,1
farm_1,farm_1_field_1,2026-07-07,48.4,sensitive,sugar_beet,2,18.0,0.0,loam,medium,82,drip,groundwater_well,4.4,1
farm_1,farm_1_field_1,2026-07-08,36.4,sensitive,sugar_beet,3,18.0,1.2,loam,medium,83,drip,groundwater_well,4.4,1
farm_1,farm_1_field_1,2026-07-09,52.6,sensitive,sugar_beet,1,18.0,3.6,loam,medium,84,drip,groundwater_well,4.4,1
farm_1,farm_1_field_1,2026-07-10,59.2,sensitive,sugar_beet,1,18.0,0.0,loam,medium,85,drip,groundwater_well,4.4,0
farm_1,farm_1_field_1,2026-07-11,61.3,sensitive,sugar_beet,2,18.0,0.2,loam,medium,86,drip,groundwater_well,4.4,0
farm_1,farm_1_field_1,2026-07-12,53.9,sensitive,sugar_beet,3,18.0,0.5,loam,medium,87,drip,groundwater_well,4.4,0
farm_1,farm_1_field_1,2026-07-13,51.6,sensitive,sugar_beet,4,18.0,1.0,loam,medium,88,drip,groundwater_well,4.4,1
farm_1,farm_1_field_1,2026-07-14,62.0,sensitive,sugar_beet,1,18.0,0.2,loam,medium,89,drip,groundwater_well,4.4,0
farm_1,farm_1_field_1,2026-07-15,60.9,sensitive,sugar_beet,2,18.0,0.0,loam,medium,90,drip,groundwater_well,4.4,0
farm_1,farm_1_field_1,2026-07-16,56.6,sensitive,sugar_beet,3,18.0,0.3,loam,medium,91,drip,groundwater_well,4.4,0
farm_1,farm_1_field_1,2026-07-17,55.4,sensitive,sugar_beet,4,18.0,0.0,loam,medium,92,drip,groundwater_well,4.4,1
farm_1,farm_1_field_1,2026-07-18,46.3,sensitive,sugar_beet,5,18.0,0.0,loam,medium,93,drip,groundwater_well,4.4,1
farm_1,farm_1_field_1,2026-07-19,44.7,sensitive,sugar_beet,6,18.0,0.0,loam,medium,94,drip,groundwater_well,4.4,1
farm_1,farm_1_field_1,2026-07-20,53.3,sensitive,sugar_beet,1,18.0,0.0,loam,medium,95,drip,groundwater_well,4.4,1
farm_1,farm_1_field_1,2026-07-21,49.6,sensitive,sugar_beet,2,18.0,0.3,loam,medium,96,drip,groundwater_well,4.4,1
farm_1,farm_1_field_1,2026-07-22,54.9,sensitive,sugar_beet,1,18.0,0.0,loam,medium,97,drip,groundwater_well,4.4,0
farm_1,farm_1_field_1,2026-07-23,53.5,sensitive,sugar_beet,2,18.0,0.0,loam,medium,98,drip,groundwater_well,4.4,0
farm_1,farm_1_field_1,2026-07-24,47.3,sensitive,sugar_beet,3,18.0,0.0,loam,medium,99,drip,groundwater_well,4.4,1
farm_1,farm_1_field_1,2026-07-25,49.8,sensitive,sugar_beet,4,18.0,0.0,loam,medium,100,drip,groundwater_well,4.4,1
farm_1,farm_1_field_1,2026-07-26,42.4,sensitive,sugar_beet,5,18.0,0.3,loam,medium,101,drip,groundwater_well,4.4,1
farm_1,farm_1_field_1,2026-07-27,42.0,sensitive,sugar_beet,6,18.0,1.9,loam,medium,102,drip,groundwater_well,4.4,2
farm_1,farm_1_field_1,2026-07-28,47.9,sensitive,sugar_beet,1,18.0,0.6,loam,medium,103,drip,groundwater_well,4.4,1
farm_1,farm_1_field_1,2026-07-29,46.9,sensitive,sugar_beet,2,18.0,7.3,loam,medium,104,drip,groundwater_well,4.4,1
farm_1,farm_1_field_1,2026-07-30,49.9,sensitive,sugar_beet,3,18.0,0.2,loam,medium,105,drip,groundwater_well,4.4,1
farm_1,farm_1_field_1,2026-07-31,58.3,sensitive,sugar_beet,1,18.0,0.3,loam,medium,106,drip,groundwater_well,4.4,0
farm_1,farm_1_field_1,2026-08-01,52.7,sensitive,sugar_beet,2,18.0,0.0,loam,medium,107,drip,groundwater_well,4.4,1
farm_1,farm_1_field_1,2026-08-02,54.8,sensitive,sugar_beet,3,18.0,0.0,loam,medium,108,drip,groundwater_well,4.4,1
farm_1,farm_1_field_1,2026-08-03,46.3,sensitive,sugar_beet,4,18.0,0.0,loam,medium,109,drip,groundwater_well,4.4,1
farm_1,farm_1_field_1,2026-08-04,53.6,late,sugar_beet,1,18.0,0.5,loam,medium,110,drip,groundwater_well,4.4,0
farm_1,farm_1_field_1,2026-08-05,47.8,late,sugar_beet,2,18.0,0.2,loam,medium,111,drip,groundwater_well,4.4,0
farm_1,farm_1_field_1,2026-08-06,54.2,late,sugar_beet,3,18.0,8.7,loam,medium,112,drip,groundwater_well,4.4,0
farm_1,farm_1_field_1,2026-08-07,62.1,late,sugar_beet,4,18.0,0.0,loam,medium,113,drip,groundwater_well,4.4,0
farm_1,farm_1_field_1,2026-08-08,52.3,late,sugar_beet,5,18.0,0.0,loam,medium,114,drip,groundwater_well,4.4,0
farm_1,farm_1_field_1,2026-08-09,52.6,late,sugar_beet,6,18.0,0.1,loam,medium,115,drip,groundwater_well,4.4,0
farm_1,farm_1_field_1,2026-08-10,48.5,late,sugar_beet,7,18.0,0.0,loam,medium,116,drip,groundwater_well,4.4,0
farm_1,farm_1_field_1,2026-08-11,41.8,late,sugar_beet,8,18.0,0.9,loam,medium,117,drip,groundwater_well,4.4,0
farm_1,farm_1_field_1,2026-08-12,40.9,late,sugar_beet,9,18.0,0.0,loam,medium,118,drip,groundwater_well,4.4,0
farm_1,farm_1_field_1,2026-08-13,34.6,late,sugar_beet,10,18.0,0.0,loam,medium,119,drip,groundwater_well,4.4,0
farm_1,farm_1_field_1,2026-08-14,39.7,late,sugar_beet,11,18.0,0.0,loam,medium,120,drip,groundwater_well,4.4,1
farm_1,farm_1_field_1,2026-08-15,37.2,late,sugar_beet,12,18.0,0.0,loam,medium,121,drip,groundwater_well,4.4,1
farm_1,farm_1_field_1,2026-08-16,44.9,late,sugar_beet,1,18.0,0.6,loam,medium,122,drip,groundwater_well,4.4,0
farm_1,farm_1_field_1,2026-08-17,44.9,late,sugar_beet,2,18.0,0.0,loam,medium,123,drip,groundwater_well,4.4,0
farm_1,farm_1_field_1,2026-08-18,51.5,late,sugar_beet,3,18.0,0.3,loam,medium,124,drip,groundwater_well,4.4,0
farm_1,farm_1_field_1,2026-08-19,46.8,late,sugar_beet,4,18.0,0.0,loam,medium,125,drip,groundwater_well,4.4,0
farm_1,farm_1_field_1,2026-08-20,35.6,late,sugar_beet,5,18.0,0.2,loam,medium,126,drip,groundwater_well,4.4,0
farm_1,farm_1_field_1,2026-08-21,36.6,late,sugar_beet,6,18.0,0.0,loam,medium,127,drip,groundwater_well,4.4,1
farm_1,farm_1_field_1,2026-08-22,51.5,late,sugar_beet,1,18.0,0.4,loam,medium,128,drip,groundwater_well,4.4,0
farm_1,farm_1_field_1,2026-08-23,45.0,late,sugar_beet,2,18.0,0.1,loam,medium,129,drip,groundwater_well,4.4,0
farm_1,farm_1_field_1,2026-08-24,42.5,late,sugar_beet,3,18.0,0.0,loam,medium,130,drip,groundwater_well,4.4,0
farm_1,farm_1_field_1,2026-08-25,38.9,late,sugar_beet,4,18.0,0.7,loam,medium,131,drip,groundwater_well,4.4,0
farm_1,farm_1_field_1,2026-08-26,39.1,late,sugar_beet,5,18.0,0.0,loam,medium,132,drip,groundwater_well,4.4,0
farm_1,farm_1_field_1,2026-08-27,39.3,late,sugar_beet,6,18.0,0.2,loam,medium,133,drip,groundwater_well,4.4,1
farm_1,farm_1_field_1,2026-08-28,33.6,late,sugar_beet,7,18.0,14.8,loam,medium,134,drip,groundwater_well,4.4,1
farm_1,farm_1_field_1,2026-08-29,61.2,late,sugar_beet,1,18.0,0.0,loam,medium,135,drip,groundwater_well,4.4,0
farm_1,farm_1_field_1,2026-08-30,57.0,late,sugar_beet,2,18.0,0.1,loam,medium,136,drip,groundwater_well,4.4,0
farm_1,farm_1_field_1,2026-08-31,50.8,late,sugar_beet,3,18.0,0.0,loam,medium,137,drip,groundwater_well,4.4,0
farm_1,farm_1_field_1,2026-09-01,53.4,late,sugar_beet,4,18.0,0.6,loam,medium,138,drip,groundwater_well,4.4,0
farm_1,farm_1_field_1,2026-09-02,52.6,late,sugar_beet,5,18.0,0.2,loam,medium,139,drip,groundwater_well,4.4,0
farm_1,farm_1_field_1,2026-09-03,52.4,late,sugar_beet,6,18.0,0.0,loam,medium,140,drip,groundwater_well,4.4,0
farm_1,farm_1_field_1,2026-09-04,43.3,late,sugar_beet,7,18.0,0.1,loam,medium,141,drip,groundwater_well,4.4,0
farm_1,farm_1_field_1,2026-09-05,48.0,late,sugar_beet,8,18.0,0.0,loam,medium,142,drip,groundwater_well,4.4,0
farm_1,farm_1_field_1,2026-09-06,44.6,late,sugar_beet,9,18.0,0.2,loam,medium,143,drip,groundwater_well,4.4,0
farm_1,farm_1_field_1,2026-09-07,44.5,late,sugar_beet,10,18.0,0.0,loam,medium,144,drip,groundwater_well,4.4,0
farm_1,farm_1_field_1,2026-09-08,41.1,late,sugar_beet,11,18.0,0.0,loam,medium,145,drip,groundwater_well,4.4,0
farm_1,farm_1_field_1,2026-09-09,33.6,late,sugar_beet,12,18.0,0.0,loam,medium,146,drip,groundwater_well,4.4,1
farm_1,farm_1_field_1,2026-09-10,35.2,late,sugar_beet,13,18.0,0.0,loam,medium,147,drip,groundwater_well,4.4,1
farm_1,farm_1_field_1,2026-09-11,35.7,late,sugar_beet,14,18.0,0.0,loam,medium,148,drip,groundwater_well,4.4,1
farm_1,farm_1_field_1,2026-09-12,36.3,late,sugar_beet,15,18.0,0.1,loam,medium,149,drip,groundwater_well,4.4,1
farm_1,farm_1_field_1,2026-09-13,46.1,late,sugar_beet,1,18.0,0.0,loam,medium,150,drip,groundwater_well,4.4,0
farm_1,farm_1_field_1,2026-09-14,40.7,late,sugar_beet,2,18.0,1.6,loam,medium,151,drip,groundwater_well,4.4,0
farm_1,farm_1_field_1,2026-09-15,39.1,late,sugar_beet,3,18.0,0.0,loam,medium,152,drip,groundwater_well,4.4,0
farm_1,farm_1_field_1,2026-09-16,42.4,late,sugar_beet,4,18.0,4.9,loam,medium,153,drip,groundwater_well,4.4,0
farm_1,farm_1_field_1,2026-09-17,42.2,late,sugar_beet,5,18.0,2.0,loam,medium,154,drip,groundwater_well,4.4,0
farm_1,farm_1_field_1,2026-09-18,40.9,late,sugar_beet,6,18.0,0.0,loam,medium,155,drip,groundwater_well,4.4,0
farm_1,farm_1_field_1,2026-09-19,38.0,late,sugar_beet,7,18.0,0.7,loam,medium,156,drip,groundwater_well,4.4,0
farm_1,farm_1_field_1,2026-09-20,39.6,late,sugar_beet,8,18.0,0.0,loam,medium,157,drip,groundwater_well,4.4,0
farm_1,farm_1_field_1,2026-09-21,38.1,late,sugar_beet,9,18.0,0.0,loam,medium,158,drip,groundwater_well,4.4,1
farm_1,farm_1_field_1,2026-09-22,35.7,late,sugar_beet,10,18.0,0.5,loam,medium,159,drip,groundwater_well,4.4,1
farm_1,farm_1_field_1,2026-09-23,48.5,late,sugar_beet,1,18.0,0.0,loam,medium,160,drip,groundwater_well,4.4,0
farm_1,farm_1_field_1,2026-09-24,51.8,late,sugar_beet,2,18.0,0.0,loam,medium,161,drip,groundwater_well,4.4,0
farm_1,farm_1_field_1,2026-09-25,39.2,late,sugar_beet,3,18.0,0.6,loam,medium,162,drip,groundwater_well,4.4,0
farm_1,farm_1_field_1,2026-09-26,40.3,late,sugar_beet,4,18.0,0.0,loam,medium,163,drip,groundwater_well,4.4,0
farm_1,farm_1_field_1,2026-09-27,42.0,late,sugar_beet,5,18.0,0.0,loam,medium,164,drip,groundwater_well,4.4,0
farm_1,farm_1_field_1,2026-09-28,39.5,late,sugar_beet,6,18.0,0.4,loam,medium,165,drip,groundwater_well,4.4,0
farm_1,farm_1_field_1,2026-09-29,44.0,late,sugar_beet,7,18.0,0.0,loam,medium,166,drip,groundwater_well,4.4,0
farm_1,farm_1_field_1,2026-09-30,40.1,late,sugar_beet,8,18.0,0.0,loam,medium,167,drip,groundwater_well,4.4,0
farm_1,farm_1_field_2,2026-04-18,54.4,initial,potato,0,0.0,0.1,loamy_sand,early,0,hose_reel,groundwater_well,13.8,0
farm_1,farm_1_field_2,2026-04-19,65.3,initial,potato,1,0.0,0.3,loamy_sand,early,1,hose_reel,groundwater_well,13.8,0
farm_1,farm_1_field_2,2026-04-20,65.9,initial,potato,2,0.0,0.0,loamy_sand,early,2,hose_reel,groundwater_well,13.8,0
farm_1,farm_1_field_2,2026-04-21,56.7,initial,potato,3,0.0,0.6,loamy_sand,early,3,hose_reel,groundwater_well,13.8,0
farm_1,farm_1_field_2,2026-04-22,56.5,initial,potato,4,0.0,3.5,loamy_sand,early,4,hose_reel,groundwater_well,13.8,0
farm_1,farm_1_field_2,2026-04-23,59.1,initial,potato,5,0.0,0.0,loamy_sand,early,5,hose_reel,groundwater_well,13.8,0
farm_1,farm_1_field_2,2026-04-24,53.2,initial,potato,6,0.0,0.4,loamy_sand,early,6,hose_reel,groundwater_well,13.8,0
farm_1,farm_1_field_2,2026-04-25,61.3,initial,potato,7,0.0,0.0,loamy_sand,early,7,hose_reel,groundwater_well,13.8,0
farm_1,farm_1_field_2,2026-04-26,57.2,initial,potato,8,0.0,0.0,loamy_sand,early,8,hose_reel,groundwater_well,13.8,0
farm_1,farm_1_field_2,2026-04-27,57.9,initial,potato,9,0.0,5.5,loamy_sand,early,9,hose_reel,groundwater_well,13.8,0
farm_1,farm_1_field_2,2026-04-28,64.1,initial,potato,10,0.0,0.0,loamy_sand,early,10,hose_reel,groundwater_well,13.8,0
farm_1,farm_1_field_2,2026-04-29,65.4,initial,potato,11,0.0,0.5,loamy_sand,early,11,hose_reel,groundwater_well,13.8,0
farm_1,farm_1_field_2,2026-04-30,65.7,initial,potato,12,0.0,1.6,loamy_sand,early,12,hose_reel,groundwater_well,13.8,0
farm_1,farm_1_field_2,2026-05-01,57.6,initial,potato,13,0.0,0.6,loamy_sand,early,13,hose_reel,groundwater_well,13.8,0
farm_1,farm_1_field_2,2026-05-02,55.4,initial,potato,14,0.0,0.0,loamy_sand,early,14,hose_reel,groundwater_well,13.8,0
farm_1,farm_1_field_2,2026-05-03,61.8,initial,potato,15,0.0,2.5,loamy_sand,early,15,hose_reel,groundwater_well,13.8,0
farm_1,farm_1_field_2,2026-05-04,57.0,initial,potato,16,0.0,0.2,loamy_sand,early,16,hose_reel,groundwater_well,13.8,0
farm_1,farm_1_field_2,2026-05-05,58.9,initial,potato,17,0.0,0.1,loamy_sand,early,17,hose_reel,groundwater_well,13.8,0
farm_1,farm_1_field_2,2026-05-06,62.4,initial,potato,18,0.0,0.0,loamy_sand,early,18,hose_reel,groundwater_well,13.8,0
farm_1,farm_1_field_2,2026-05-07,54.2,initial,potato,19,0.0,0.0,loamy_sand,early,19,hose_reel,groundwater_well,13.8,0
farm_1,farm_1_field_2,2026-05-08,54.8,initial,potato,20,0.0,0.6,loamy_sand,early,20,hose_reel,groundwater_well,13.8,1
farm_1,farm_1_field_2,2026-05-09,60.1,development,potato,21,0.0,1.6,loamy_sand,early,21,hose_reel,groundwater_well,13.8,1
farm_1,farm_1_field_2,2026-05-10,49.0,development,potato,22,0.0,0.0,loamy_sand,early,22,hose_reel,groundwater_well,13.8,1
farm_1,farm_1_field_2,2026-05-11,51.4,development,potato,23,0.0,0.8,loamy_sand,early,23,hose_reel,groundwater_well,13.8,1
farm_1,farm_1_field_2,2026-05-12,43.7,development,potato,24,0.0,0.0,loamy_sand,early,24,hose_reel,groundwater_well,13.8,1
farm_1,farm_1_field_2,2026-05-13,43.3,development,potato,25,0.0,0.2,loamy_sand,early,25,hose_reel,groundwater_well,13.8,1
farm_1,farm_1_field_2,2026-05-14,50.5,development,potato,26,0.0,0.0,loamy_sand,early,26,hose_reel,groundwater_well,13.8,2
farm_1,farm_1_field_2,2026-05-15,78.8,development,potato,1,40.0,0.0,loamy_sand,early,27,hose_reel,groundwater_well,13.8,0
farm_1,farm_1_field_2,2026-05-16,77.7,development,potato,2,40.0,0.0,loamy_sand,early,28,hose_reel,groundwater_well,13.8,0
farm_1,farm_1_field_2,2026-05-17,80.6,development,potato,3,40.0,6.2,loamy_sand,early,29,hose_reel,groundwater_well,13.8,0
farm_1,farm_1_field_2,2026-05-18,75.0,development,potato,4,40.0,0.8,loamy_sand,early,30,hose_reel,groundwater_well,13.8,0
farm_1,farm_1_field_2,2026-05-19,78.7,development,potato,5,40.0,8.1,loamy_sand,early,31,hose_reel,groundwater_well,13.8,0
farm_1,farm_1_field_2,2026-05-20,79.4,development,potato,6,40.0,0.0,loamy_sand,early,32,hose_reel,groundwater_well,13.8,0
farm_1,farm_1_field_2,2026-05-21,78.1,development,potato,7,40.0,5.7,loamy_sand,early,33,hose_reel,groundwater_well,13.8,0
farm_1,farm_1_field_2,2026-05-22,80.3,development,potato,8,40.0,0.2,loamy_sand,early,34,hose_reel,groundwater_well,13.8,0
farm_1,farm_1_field_2,2026-05-23,77.3,development,potato,9,40.0,0.7,loamy_sand,early,35,hose_reel,groundwater_well,13.8,0
farm_1,farm_1_field_2,2026-05-24,78.2,development,potato,10,40.0,0.0,loamy_sand,early,36,hose_reel,groundwater_well,13.8,0
farm_1,farm_1_field_2,2026-05-25,79.9,development,potato,11,40.0,3.6,loamy_sand,early,37,hose_reel,groundwater_well,13.8,0
farm_1,farm_1_field_2,2026-05-26,72.1,development,potato,12,40.0,0.0,loamy_sand,early,38,hose_reel,groundwater_well,13.8,0
farm_1,farm_1_field_2,2026-05-27,71.8,development,potato,13,40.0,0.0,loamy_sand,early,39,hose_reel,groundwater_well,13.8,0
farm_1,farm_1_field_2,2026-05-28,69.9,development,potato,14,40.0,0.0,loamy_sand,early,40,hose_reel,groundwater_well,13.8,0
farm_1,farm_1_field_2,2026-05-29,65.7,development,potato,15,40.0,0.3,loamy_sand,early,41,hose_reel,groundwater_well,13.8,0
farm_1,farm_1_field_2,2026-05-30,64.8,development,potato,16,40.0,0.1,loamy_sand,early,42,hose_reel,groundwater_well,13.8,0
farm_1,farm_1_field_2,2026-05-31,69.7,development,potato,17,40.0,0.0,loamy_sand,early,43,hose_reel,groundwater_well,13.8,0
farm_1,farm_1_field_2,2026-06-01,59.1,development,potato,18,40.0,0.6,loamy_sand,early,44,hose_reel,groundwater_well,13.8,1
farm_1,farm_1_field_2,2026-06-02,56.5,development,potato,19,40.0,0.0,loamy_sand,early,45,hose_reel,groundwater_well,13.8,1
farm_1,farm_1_field_2,2026-06-03,56.3,development,potato,20,40.0,0.0,loamy_sand,early,46,hose_reel,groundwater_well,13.8,1
farm_1,farm_1_field_2,2026-06-04,50.7,sensitive,potato,21,40.0,0.0,loamy_sand,early,47,hose_reel,groundwater_well,13.8,2
farm_1,farm_1_field_2,2026-06-05,81.2,sensitive,potato,1,35.3,0.1,loamy_sand,early,48,hose_reel,groundwater_well,13.8,0
farm_1,farm_1_field_2,2026-06-06,81.1,sensitive,potato,2,35.3,0.4,loamy_sand,early,49,hose_reel,groundwater_well,13.8,0
farm_1,farm_1_field_2,2026-06-07,69.4,sensitive,potato,3,35.3,18.8,loamy_sand,early,50,hose_reel,groundwater_well,13.8,0
farm_1,farm_1_field_2,2026-06-08,84.0,sensitive,potato,4,35.3,18.3,loamy_sand,early,51,hose_reel,groundwater_well,13.8,0
farm_1,farm_1_field_2,2026-06-09,99.7,sensitive,potato,5,35.3,0.1,loamy_sand,early,52,hose_reel,groundwater_well,13.8,0
farm_1,farm_1_field_2,2026-06-10,93.1,sensitive,potato,6,35.3,0.4,loamy_sand,early,53,hose_reel,groundwater_well,13.8,0
farm_1,farm_1_field_2,2026-06-11,92.8,sensitive,potato,7,35.3,0.0,loamy_sand,early,54,hose_reel,groundwater_well,13.8,0
farm_1,farm_1_field_2,2026-06-12,93.1,sensitive,potato,8,35.3,0.0,loamy_sand,early,55,hose_reel,groundwater_well,13.8,0
farm_1,farm_1_field_2,2026-06-13,81.0,sensitive,potato,9,35.3,0.8,loamy_sand,early,56,hose_reel,groundwater_well,13.8,0
farm_1,farm_1_field_2,2026-06-14,84.0,sensitive,potato,10,35.3,0.0,loamy_sand,early,57,hose_reel,groundwater_well,13.8,0
farm_1,farm_1_field_2,2026-06-15,72.6,sensitive,potato,11,35.3,1.0,loamy_sand,early,58,hose_reel,groundwater_well,13.8,0
farm_1,farm_1_field_2,2026-06-16,72.7,sensitive,potato,12,35.3,0.0,loamy_sand,early,59,hose_reel,groundwater_well,13.8,0
farm_1,farm_1_field_2,2026-06-17,64.6,sensitive,potato,13,35.3,0.9,loamy_sand,early,60,hose_reel,groundwater_well,13.8,1
farm_1,farm_1_field_2,2026-06-18,60.3,sensitive,potato,14,35.3,22.0,loamy_sand,early,61,hose_reel,groundwater_well,13.8,1
farm_1,farm_1_field_2,2026-06-19,80.9,sensitive,potato,15,35.3,0.2,loamy_sand,early,62,hose_reel,groundwater_well,13.8,0
farm_1,farm_1_field_2,2026-06-20,72.4,sensitive,potato,16,35.3,0.4,loamy_sand,early,63,hose_reel,groundwater_well,13.8,0
farm_1,farm_1_field_2,2026-06-21,72.7,sensitive,potato,17,35.3,0.2,loamy_sand,early,64,hose_reel,groundwater_well,13.8,0
farm_1,farm_1_field_2,2026-06-22,71.1,sensitive,potato,18,35.3,0.2,loamy_sand,early,65,hose_reel,groundwater_well,13.8,1
farm_1,farm_1_field_2,2026-06-23,59.9,sensitive,potato,19,35.3,0.1,loamy_sand,early,66,hose_reel,groundwater_well,13.8,1
farm_1,farm_1_field_2,2026-06-24,53.0,sensitive,potato,20,35.3,0.0,loamy_sand,early,67,hose_reel,groundwater_well,13.8,1
farm_1,farm_1_field_2,2026-06-25,50.0,sensitive,potato,21,35.3,0.0,loamy_sand,early,68,hose_reel,groundwater_well,13.8,2
farm_1,farm_1_field_2,2026-06-26,82.2,sensitive,potato,1,31.0,0.0,loamy_sand,early,69,hose_reel,groundwater_well,13.8,0
farm_1,farm_1_field_2,2026-06-27,76.5,sensitive,potato,2,31.0,0.0,loamy_sand,early,70,hose_reel,groundwater_well,13.8,0
farm_1,farm_1_field_2,2026-06-28,71.0,sensitive,potato,3,31.0,3.0,loamy_sand,early,71,hose_reel,groundwater_well,13.8,0
farm_1,farm_1_field_2,2026-06-29,69.5,sensitive,potato,4,31.0,0.0,loamy_sand,early,72,hose_reel,groundwater_well,13.8,0
farm_1,farm_1_field_2,2026-06-30,67.0,sensitive,potato,5,31.0,0.6,loamy_sand,early,73,hose_reel,groundwater_well,13.8,1
farm_1,farm_1_field_2,2026-07-01,61.6,sensitive,potato,6,31.0,0.0,loamy_sand,early,74,hose_reel,groundwater_well,13.8,1
farm_1,farm_1_field_2,2026-07-02,57.5,sensitive,potato,7,31.0,0.0,loamy_sand,early,75,hose_reel,groundwater_well,13.8,1
farm_1,farm_1_field_2,2026-07-03,51.9,sensitive,potato,8,31.0,0.4,loamy_sand,early,76,hose_reel,groundwater_well,13.8,2
farm_1,farm_1_field_2,2026-07-04,79.9,sensitive,potato,1,33.6,0.3,loamy_sand,early,77,hose_reel,groundwater_well,13.8,0
farm_1,farm_1_field_2,2026-07-05,75.7,sensitive,potato,2,33.6,0.0,loamy_sand,early,78,hose_reel,groundwater_well,13.8,0
farm_1,farm_1_field_2,2026-07-06,69.2,sensitive,potato,3,33.6,0.7,loamy_sand,early,79,hose_reel,groundwater_well,13.8,1
farm_1,farm_1_field_2,2026-07-07,69.3,sensitive,potato,4,33.6,0.0,loamy_sand,early,80,hose_reel,groundwater_well,13.8,1
farm_1,farm_1_field_2,2026-07-08,62.5,sensitive,potato,5,33.6,1.2,loamy_sand,early,81,hose_reel,groundwater_well,13.8,1
farm_1,farm_1_field_2,2026-07-09,57.3,sensitive,potato,6,33.6,3.6,loamy_sand,early,82,hose_reel,groundwater_well,13.8,1
farm_1,farm_1_field_2,2026-07-10,53.0,sensitive,potato,7,33.6,0.0,loamy_sand,early,83,hose_reel,groundwater_well,13.8,1
farm_1,farm_1_field_2,2026-07-11,48.9,sensitive,potato,8,33.6,0.2,loamy_sand,early,84,hose_reel,groundwater_well,13.8,2
farm_1,farm_1_field_2,2026-07-12,76.8,late,potato,1,34.6,0.5,loamy_sand,early,85,hose_reel,groundwater_well,13.8,0
farm_1,farm_1_field_2,2026-07-13,70.5,late,potato,2,34.6,1.0,loamy_sand,early,86,hose_reel,groundwater_well,13.8,0
farm_1,farm_1_field_2,2026-07-14,80.0,late,potato,3,34.6,0.2,loamy_sand,early,87,hose_reel,groundwater_well,13.8,0
farm_1,farm_1_field_2,2026-07-15,74.1,late,potato,4,34.6,0.0,loamy_sand,early,88,hose_reel,groundwater_well,13.8,0
farm_1,farm_1_field_2,2026-07-16,64.8,late,potato,5,34.6,0.3,loamy_sand,early,89,hose_reel,groundwater_well,13.8,0
farm_1,farm_1_field_2,2026-07-17,71.1,late,potato,6,34.6,0.0,loamy_sand,early,90,hose_reel,groundwater_well,13.8,0
farm_1,farm_1_field_2,2026-07-18,63.6,late,potato,7,34.6,0.0,loamy_sand,early,91,hose_reel,groundwater_well,13.8,0
farm_1,farm_1_field_2,2026-07-19,59.7,late,potato,8,34.6,0.0,loamy_sand,early,92,hose_reel,groundwater_well,13.8,0
farm_1,farm_1_field_2,2026-07-20,52.9,late,potato,9,34.6,0.0,loamy_sand,early,93,hose_reel,groundwater_well,13.8,0
farm_1,farm_1_field_2,2026-07-21,50.1,late,potato,10,34.6,0.3,loamy_sand,early,94,hose_reel,groundwater_well,13.8,0
farm_1,farm_1_field_2,2026-07-22,48.1,late,potato,11,34.6,0.0,loamy_sand,early,95,hose_reel,groundwater_well,13.8,0
farm_1,farm_1_field_2,2026-07-23,48.7,late,potato,12,34.6,0.0,loamy_sand,early,96,hose_reel,groundwater_well,13.8,1
farm_1,farm_1_field_2,2026-07-24,41.5,late,potato,13,34.6,0.0,loamy_sand,early,97,hose_reel,groundwater_well,13.8,1
farm_1,farm_1_field_2,2026-07-25,82.9,late,potato,1,40.0,0.0,loamy_sand,early,98,hose_reel,groundwater_well,13.8,0
farm_1,farm_1_field_2,2026-07-26,76.3,late,potato,2,40.0,0.3,loamy_sand,early,99,hose_reel,groundwater_well,13.8,0
farm_1,farm_1_field_2,2026-07-27,73.2,late,potato,3,40.0,1.9,loamy_sand,early,100,hose_reel,groundwater_well,13.8,0
farm_1,farm_1_field_2,2026-07-28,73.4,late,potato,4,40.0,0.6,loamy_sand,early,101,hose_reel,groundwater_well,13.8,0
farm_1,farm_1_field_2,2026-07-29,74.7,late,potato,5,40.0,7.3,loamy_sand,early,102,hose_reel,groundwater_well,13.8,0
farm_1,farm_1_field_2,2026-07-30,80.8,late,potato,6,40.0,0.2,loamy_sand,early,103,hose_reel,groundwater_well,13.8,0
farm_1,farm_1_field_2,2026-07-31,65.8,late,potato,7,40.0,0.3,loamy_sand,early,104,hose_reel,groundwater_well,13.8,0
farm_1,farm_1_field_2,2026-08-01,68.1,late,potato,8,40.0,0.0,loamy_sand,early,105,hose_reel,groundwater_well,13.8,0
farm_1,farm_1_field_2,2026-08-02,71.9,late,potato,9,40.0,0.0,loamy_sand,early,106,hose_reel,groundwater_well,13.8,0
farm_1,farm_1_field_2,2026-08-03,58.0,late,potato,10,40.0,0.0,loamy_sand,early,107,hose_reel,groundwater_well,13.8,0
farm_1,farm_1_field_2,2026-08-04,60.9,late,potato,11,40.0,0.5,loamy_sand,early,108,hose_reel,groundwater_well,13.8,0
farm_1,farm_1_field_2,2026-08-05,52.2,late,potato,12,40.0,0.2,loamy_sand,early,109,hose_reel,groundwater_well,13.8,0
farm_1,farm_1_field_2,2026-08-06,54.9,late,potato,13,40.0,8.7,loamy_sand,early,110,hose_reel,groundwater_well,13.8,0
farm_1,farm_1_field_2,2026-08-07,59.8,late,potato,14,40.0,0.0,loamy_sand,early,111,hose_reel,groundwater_well,13.8,0
farm_1,farm_1_field_2,2026-08-08,58.8,late,potato,15,40.0,0.0,loamy_sand,early,112,hose_reel,groundwater_well,13.8,0
farm_1,farm_1_field_2,2026-08-09,49.5,late,potato,16,40.0,0.1,loamy_sand,early,113,hose_reel,groundwater_well,13.8,0
farm_1,farm_1_field_2,2026-08-10,45.6,late,potato,17,40.0,0.0,loamy_sand,early,114,hose_reel,groundwater_well,13.8,1
farm_1,farm_1_field_2,2026-08-11,49.6,late,potato,18,40.0,0.9,loamy_sand,early,115,hose_reel,groundwater_well,13.8,1
farm_1,farm_1_field_2,2026-08-12,42.4,late,potato,19,40.0,0.0,loamy_sand,early,116,hose_reel,groundwater_well,13.8,1
farm_1,farm_1_field_2,2026-08-13,37.8,late,potato,20,40.0,0.0,loamy_sand,early,117,hose_reel,groundwater_well,13.8,1
farm_1,farm_1_field_2,2026-08-14,34.4,late,potato,21,40.0,0.0,loamy_sand,early,118,hose_reel,groundwater_well,13.8,1
farm_1,farm_1_field_2,2026-08-15,31.1,late,potato,22,40.0,0.0,loamy_sand,early,119,hose_reel,groundwater_well,13.8,1
farm_1,farm_1_field_2,2026-08-16,32.6,late,potato,23,40.0,0.6,loamy_sand,early,120,hose_reel,groundwater_well,13.8,2
farm_1,farm_1_field_2,2026-08-17,71.6,late,potato,1,40.0,0.0,loamy_sand,early,121,hose_reel,groundwater_well,13.8,0
farm_1,farm_1_field_2,2026-08-18,67.6,late,potato,2,40.0,0.3,loamy_sand,early,122,hose_reel,groundwater_well,13.8,0
farm_1,farm_1_field_2,2026-08-19,64.8,late,potato,3,40.0,0.0,loamy_sand,early,123,hose_reel,groundwater_well,13.8,0
farm_1,farm_1_field_2,2026-08-20,64.1,late,potato,4,40.0,0.2,loamy_sand,early,124,hose_reel,groundwater_well,13.8,0
farm_1,farm_1_field_2,2026-08-21,55.2,late,potato,5,40.0,0.0,loamy_sand,early,125,hose_reel,groundwater_well,13.8,0
farm_1,farm_1_field_2,2026-08-22,60.6,late,potato,6,40.0,0.4,loamy_sand,early,126,hose_reel,groundwater_well,13.8,0
farm_1,farm_1_field_2,2026-08-23,59.3,late,potato,7,40.0,0.1,loamy_sand,early,127,hose_reel,groundwater_well,13.8,0
farm_1,farm_1_field_2,2026-08-24,44.7,late,potato,8,40.0,0.0,loamy_sand,early,128,hose_reel,groundwater_well,13.8,0
farm_1,farm_1_field_2,2026-08-25,48.2,late,potato,9,40.0,0.7,loamy_sand,early,129,hose_reel,groundwater_well,13.8,1
farm_1,farm_1_field_2,2026-08-26,45.5,late,potato,10,40.0,0.0,loamy_sand,early,130,hose_reel,groundwater_well,13.8,1
farm_1,farm_1_field_2,2026-08-27,45.0,late,potato,11,40.0,0.2,loamy_sand,early,131,hose_reel,groundwater_well,13.8,1
farm_1,farm_1_field_2,2026-08-28,74.1,late,potato,1,40.0,14.8,loamy_sand,early,132,hose_reel,groundwater_well,13.8,0
farm_1,farm_1_field_2,2026-08-29,86.2,late,potato,2,40.0,0.0,loamy_sand,early,133,hose_reel,groundwater_well,13.8,0
farm_1,farm_1_field_2,2026-08-30,87.9,late,potato,3,40.0,0.1,loamy_sand,early,134,hose_reel,groundwater_well,13.8,0
farm_1,farm_1_field_2,2026-08-31,88.3,late,potato,4,40.0,0.0,loamy_sand,early,135,hose_reel,groundwater_well,13.8,0
farm_1,farm_1_field_2,2026-09-01,84.3,late,potato,5,40.0,0.6,loamy_sand,early,136,hose_reel,groundwater_well,13.8,0
farm_1,farm_1_field_2,2026-09-02,76.1,late,potato,6,40.0,0.2,loamy_sand,early,137,hose_reel,groundwater_well,13.8,0
farm_1,farm_1_field_2,2026-09-03,73.7,late,potato,7,40.0,0.0,loamy_sand,early,138,hose_reel,groundwater_well,13.8,0
farm_1,farm_1_field_2,2026-09-04,78.2,late,potato,8,40.0,0.1,loamy_sand,early,139,hose_reel,groundwater_well,13.8,0
farm_1,farm_1_field_2,2026-09-05,70.6,late,potato,9,40.0,0.0,loamy_sand,early,140,hose_reel,groundwater_well,13.8,0
farm_1,farm_1_field_2,2026-09-06,72.8,late,potato,10,40.0,0.2,loamy_sand,early,141,hose_reel,groundwater_well,13.8,0
farm_1,farm_1_field_2,2026-09-07,69.0,late,potato,11,40.0,0.0,loamy_sand,early,142,hose_reel,groundwater_well,13.8,0
farm_1,farm_1_field_2,2026-09-08,64.4,late,potato,12,40.0,0.0,loamy_sand,early,143,hose_reel,groundwater_well,13.8,0
farm_1,farm_1_field_2,2026-09-09,67.5,late,potato,13,40.0,0.0,loamy_sand,early,144,hose_reel,groundwater_well,13.8,0
farm_1,farm_1_field_2,2026-09-10,63.3,late,potato,14,40.0,0.0,loamy_sand,early,145,hose_reel,groundwater_well,13.8,0
farm_1,farm_1_field_2,2026-09-11,60.3,late,potato,15,40.0,0.0,loamy_sand,early,146,hose_reel,groundwater_well,13.8,0
farm_1,farm_1_field_2,2026-09-12,52.3,late,potato,16,40.0,0.1,loamy_sand,early,147,hose_reel,groundwater_well,13.8,0
farm_1,farm_1_field_2,2026-09-13,57.6,late,potato,17,40.0,0.0,loamy_sand,early,148,hose_reel,groundwater_well,13.8,0
farm_1,farm_1_field_2,2026-09-14,52.5,late,potato,18,40.0,1.6,loamy_sand,early,149,hose_reel,groundwater_well,13.8,0
farm_1,farm_1_field_2,2026-09-15,50.2,late,potato,19,40.0,0.0,loamy_sand,early,150,hose_reel,groundwater_well,13.8,0
farm_1,farm_1_field_2,2026-09-16,39.5,late,potato,20,40.0,4.9,loamy_sand,early,151,hose_reel,groundwater_well,13.8,1
farm_1,farm_1_field_2,2026-09-17,50.7,late,potato,21,40.0,2.0,loamy_sand,early,152,hose_reel,groundwater_well,13.8,1
farm_1,farm_1_field_2,2026-09-18,46.1,late,potato,22,40.0,0.0,loamy_sand,early,153,hose_reel,groundwater_well,13.8,1
farm_1,farm_1_field_2,2026-09-19,46.8,late,potato,23,40.0,0.7,loamy_sand,early,154,hose_reel,groundwater_well,13.8,1
farm_1,farm_1_field_2,2026-09-20,48.7,late,potato,24,40.0,0.0,loamy_sand,early,155,hose_reel,groundwater_well,13.8,1
farm_1,farm_1_field_2,2026-09-21,85.7,late,potato,1,38.7,0.0,loamy_sand,early,156,hose_reel,groundwater_well,13.8,0
farm_1,farm_1_field_2,2026-09-22,80.9,late,potato,2,38.7,0.5,loamy_sand,early,157,hose_reel,groundwater_well,13.8,0
farm_1,farm_1_field_2,2026-09-23,78.1,late,potato,3,38.7,0.0,loamy_sand,early,158,hose_reel,groundwater_well,13.8,0
farm_1,farm_1_field_2,2026-09-24,74.5,late,potato,4,38.7,0.0,loamy_sand,early,159,hose_reel,groundwater_well,13.8,0
farm_1,farm_1_field_2,2026-09-25,66.6,late,potato,5,38.7,0.6,loamy_sand,early,160,hose_reel,groundwater_well,13.8,0
farm_1,farm_1_field_2,2026-09-26,70.3,late,potato,6,38.7,0.0,loamy_sand,early,161,hose_reel,groundwater_well,13.8,0
farm_1,farm_1_field_2,2026-09-27,73.9,late,potato,7,38.7,0.0,loamy_sand,early,162,hose_reel,groundwater_well,13.8,0
farm_1,farm_1_field_2,2026-09-28,69.4,late,potato,8,38.7,0.4,loamy_sand,early,163,hose_reel,groundwater_well,13.8,0
farm_1,farm_1_field_2,2026-09-29,69.0,late,potato,9,38.7,0.0,loamy_sand,early,164,hose_reel,groundwater_well,13.8,0
farm_1,farm_1_field_2,2026-09-30,66.2,late,potato,10,38.7,0.0,loamy_sand,early,165,hose_reel,groundwater_well,13.8,0
farm_1,farm_1_field_3,2026-05-04,73.7,initial,maize,0,0.0,0.2,loam,medium,0,pivot,groundwater_well,42.2,0
farm_1,farm_1_field_3,2026-05-05,70.9,initial,maize,1,0.0,0.1,loam,medium,1,pivot,groundwater_well,42.2,0
farm_1,farm_1_field_3,2026-05-06,69.7,initial,maize,2,0.0,0.0,loam,medium,2,pivot,groundwater_well,42.2,0
farm_1,farm_1_field_3,2026-05-07,72.3,initial,maize,3,0.0,0.0,loam,medium,3,pivot,groundwater_well,42.2,0
farm_1,farm_1_field_3,2026-05-08,64.4,initial,maize,4,0.0,0.6,loam,medium,4,pivot,groundwater_well,42.2,0
farm_1,farm_1_field_3,2026-05-09,69.4,initial,maize,5,0.0,1.6,loam,medium,5,pivot,groundwater_well,42.2,0
farm_1,farm_1_field_3,2026-05-10,67.1,initial,maize,6,0.0,0.0,loam,medium,6,pivot,groundwater_well,42.2,0
farm_1,farm_1_field_3,2026-05-11,69.1,initial,maize,7,0.0,0.8,loam,medium,7,pivot,groundwater_well,42.2,0
farm_1,farm_1_field_3,2026-05-12,66.7,initial,maize,8,0.0,0.0,loam,medium,8,pivot,groundwater_well,42.2,0
farm_1,farm_1_field_3,2026-05-13,70.2,initial,maize,9,0.0,0.2,loam,medium,9,pivot,groundwater_well,42.2,0
farm_1,farm_1_field_3,2026-05-14,67.3,initial,maize,10,0.0,0.0,loam,medium,10,pivot,groundwater_well,42.2,0
farm_1,farm_1_field_3,2026-05-15,70.3,initial,maize,11,0.0,0.0,loam,medium,11,pivot,groundwater_well,42.2,0
farm_1,farm_1_field_3,2026-05-16,66.5,initial,maize,12,0.0,0.0,loam,medium,12,pivot,groundwater_well,42.2,0
farm_1,farm_1_field_3,2026-05-17,62.9,initial,maize,13,0.0,6.2,loam,medium,13,pivot,groundwater_well,42.2,0
farm_1,farm_1_field_3,2026-05-18,71.7,initial,maize,14,0.0,0.8,loam,medium,14,pivot,groundwater_well,42.2,0
farm_1,farm_1_field_3,2026-05-19,70.3,initial,maize,15,0.0,8.1,loam,medium,15,pivot,groundwater_well,42.2,0
farm_1,farm_1_field_3,2026-05-20,73.6,initial,maize,16,0.0,0.0,loam,medium,16,pivot,groundwater_well,42.2,0
farm_1,farm_1_field_3,2026-05-21,67.9,initial,maize,17,0.0,5.7,loam,medium,17,pivot,groundwater_well,42.2,0
farm_1,farm_1_field_3,2026-05-22,74.1,initial,maize,18,0.0,0.2,loam,medium,18,pivot,groundwater_well,42.2,0
farm_1,farm_1_field_3,2026-05-23,81.4,initial,maize,19,0.0,0.7,loam,medium,19,pivot,groundwater_well,42.2,0
farm_1,farm_1_field_3,2026-05-24,78.6,initial,maize,20,0.0,0.0,loam,medium,20,pivot,groundwater_well,42.2,0
farm_1,farm_1_field_3,2026-05-25,76.8,initial,maize,21,0.0,3.6,loam,medium,21,pivot,groundwater_well,42.2,0
farm_1,farm_1_field_3,2026-05-26,76.0,initial,maize,22,0.0,0.0,loam,medium,22,pivot,groundwater_well,42.2,0
farm_1,farm_1_field_3,2026-05-27,77.7,initial,maize,23,0.0,0.0,loam,medium,23,pivot,groundwater_well,42.2,0
farm_1,farm_1_field_3,2026-05-28,71.9,initial,maize,24,0.0,0.0,loam,medium,24,pivot,groundwater_well,42.2,0
farm_1,farm_1_field_3,2026-05-29,73.4,initial,maize,25,0.0,0.3,loam,medium,25,pivot,groundwater_well,42.2,0
farm_1,farm_1_field_3,2026-05-30,75.0,initial,maize,26,0.0,0.1,loam,medium,26,pivot,groundwater_well,42.2,0
farm_1,farm_1_field_3,2026-05-31,66.3,initial,maize,27,0.0,0.0,loam,medium,27,pivot,groundwater_well,42.2,0
farm_1,farm_1_field_3,2026-06-01,79.4,initial,maize,28,0.0,0.6,loam,medium,28,pivot,groundwater_well,42.2,0
farm_1,farm_1_field_3,2026-06-02,70.6,initial,maize,29,0.0,0.0,loam,medium,29,pivot,groundwater_well,42.2,0
farm_1,farm_1_field_3,2026-06-03,74.9,development,maize,30,0.0,0.0,loam,medium,30,pivot,groundwater_well,42.2,0
farm_1,farm_1_field_3,2026-06-04,73.6,development,maize,31,0.0,0.0,loam,medium,31,pivot,groundwater_well,42.2,0
farm_1,farm_1_field_3,2026-06-05,66.5,development,maize,32,0.0,0.1,loam,medium,32,pivot,groundwater_well,42.2,0
farm_1,farm_1_field_3,2026-06-06,67.6,development,maize,33,0.0,0.4,loam,medium,33,pivot,groundwater_well,42.2,0
farm_1,farm_1_field_3,2026-06-07,59.3,development,maize,34,0.0,18.8,loam,medium,34,pivot,groundwater_well,42.2,0
farm_1,farm_1_field_3,2026-06-08,73.0,development,maize,35,0.0,18.3,loam,medium,35,pivot,groundwater_well,42.2,0
farm_1,farm_1_field_3,2026-06-09,85.0,development,maize,36,0.0,0.1,loam,medium,36,pivot,groundwater_well,42.2,0
farm_1,farm_1_field_3,2026-06-10,86.4,development,maize,37,0.0,0.4,loam,medium,37,pivot,groundwater_well,42.2,0
farm_1,farm_1_field_3,2026-06-11,86.3,development,maize,38,0.0,0.0,loam,medium,38,pivot,groundwater_well,42.2,0
farm_1,farm_1_field_3,2026-06-12,79.2,development,maize,39,0.0,0.0,loam,medium,39,pivot,groundwater_well,42.2,0
farm_1,farm_1_field_3,2026-06-13,80.9,development,maize,40,0.0,0.8,loam,medium,40,pivot,groundwater_well,42.2,0
farm_1,farm_1_field_3,2026-06-14,76.6,development,maize,41,0.0,0.0,loam,medium,41,pivot,groundwater_well,42.2,0
farm_1,farm_1_field_3,2026-06-15,77.8,development,maize,42,0.0,1.0,loam,medium,42,pivot,groundwater_well,42.2,0
farm_1,farm_1_field_3,2026-06-16,71.4,development,maize,43,0.0,0.0,loam,medium,43,pivot,groundwater_well,42.2,0
farm_1,farm_1_field_3,2026-06-17,76.8,development,maize,44,0.0,0.9,loam,medium,44,pivot,groundwater_well,42.2,0
farm_1,farm_1_field_3,2026-06-18,64.7,development,maize,45,0.0,22.0,loam,medium,45,pivot,groundwater_well,42.2,0
farm_1,farm_1_field_3,2026-06-19,83.2,development,maize,46,0.0,0.2,loam,medium,46,pivot,groundwater_well,42.2,0
farm_1,farm_1_field_3,2026-06-20,73.7,development,maize,47,0.0,0.4,loam,medium,47,pivot,groundwater_well,42.2,0
farm_1,farm_1_field_3,2026-06-21,76.2,development,maize,48,0.0,0.2,loam,medium,48,pivot,groundwater_well,42.2,0
farm_1,farm_1_field_3,2026-06-22,73.2,development,maize,49,0.0,0.2,loam,medium,49,pivot,groundwater_well,42.2,0
farm_1,farm_1_field_3,2026-06-23,71.7,development,maize,50,0.0,0.1,loam,medium,50,pivot,groundwater_well,42.2,0
farm_1,farm_1_field_3,2026-06-24,71.3,development,maize,51,0.0,0.0,loam,medium,51,pivot,groundwater_well,42.2,0
farm_1,farm_1_field_3,2026-06-25,67.1,development,maize,52,0.0,0.0,loam,medium,52,pivot,groundwater_well,42.2,0
farm_1,farm_1_field_3,2026-06-26,65.1,development,maize,53,0.0,0.0,loam,medium,53,pivot,groundwater_well,42.2,0
farm_1,farm_1_field_3,2026-06-27,63.5,development,maize,54,0.0,0.0,loam,medium,54,pivot,groundwater_well,42.2,0
farm_1,farm_1_field_3,2026-06-28,59.1,development,maize,55,0.0,3.0,loam,medium,55,pivot,groundwater_well,42.2,0
farm_1,farm_1_field_3,2026-06-29,60.6,development,maize,56,0.0,0.0,loam,medium,56,pivot,groundwater_well,42.2,0
farm_1,farm_1_field_3,2026-06-30,62.1,development,maize,57,0.0,0.6,loam,medium,57,pivot,groundwater_well,42.2,0
farm_1,farm_1_field_3,2026-07-01,58.6,development,maize,58,0.0,0.0,loam,medium,58,pivot,groundwater_well,42.2,0
farm_1,farm_1_field_3,2026-07-02,54.9,development,maize,59,0.0,0.0,loam,medium,59,pivot,groundwater_well,42.2,0
farm_1,farm_1_field_3,2026-07-03,54.2,development,maize,60,0.0,0.4,loam,medium,60,pivot,groundwater_well,42.2,0
farm_1,farm_1_field_3,2026-07-04,56.2,development,maize,61,0.0,0.3,loam,medium,61,pivot,groundwater_well,42.2,1
farm_1,farm_1_field_3,2026-07-05,50.7,development,maize,62,0.0,0.0,loam,medium,62,pivot,groundwater_well,42.2,1
farm_1,farm_1_field_3,2026-07-06,48.4,development,maize,63,0.0,0.7,loam,medium,63,pivot,groundwater_well,42.2,1
farm_1,farm_1_field_3,2026-07-07,64.9,development,maize,1,30.0,0.0,loam,medium,64,pivot,groundwater_well,42.2,0
farm_1,farm_1_field_3,2026-07-08,62.2,development,maize,2,30.0,1.2,loam,medium,65,pivot,groundwater_well,42.2,0
farm_1,farm_1_field_3,2026-07-09,59.1,development,maize,3,30.0,3.6,loam,medium,66,pivot,groundwater_well,42.2,0
farm_1,farm_1_field_3,2026-07-10,60.8,development,maize,4,30.0,0.0,loam,medium,67,pivot,groundwater_well,42.2,0
farm_1,farm_1_field_3,2026-07-11,56.0,development,maize,5,30.0,0.2,loam,medium,68,pivot,groundwater_well,42.2,0
farm_1,farm_1_field_3,2026-07-12,60.7,development,maize,6,30.0,0.5,loam,medium,69,pivot,groundwater_well,42.2,0
farm_1,farm_1_field_3,2026-07-13,61.0,sensitive,maize,7,30.0,1.0,loam,medium,70,pivot,groundwater_well,42.2,1
farm_1,farm_1_field_3,2026-07-14,50.4,sensitive,maize,8,30.0,0.2,loam,medium,71,pivot,groundwater_well,42.2,1
farm_1,farm_1_field_3,2026-07-15,53.1,sensitive,maize,9,30.0,0.0,loam,medium,72,pivot,groundwater_well,42.2,1
farm_1,farm_1_field_3,2026-07-16,46.1,sensitive,maize,10,30.0,0.3,loam,medium,73,pivot,groundwater_well,42.2,2
farm_1,farm_1_field_3,2026-07-17,63.3,sensitive,maize,1,30.0,0.0,loam,medium,74,pivot,groundwater_well,42.2,0
farm_1,farm_1_field_3,2026-07-18,64.6,sensitive,maize,2,30.0,0.0,loam,medium,75,pivot,groundwater_well,42.2,1
farm_1,farm_1_field_3,2026-07-19,56.7,sensitive,maize,3,30.0,0.0,loam,medium,76,pivot,groundwater_well,42.2,1
farm_1,farm_1_field_3,2026-07-20,48.9,sensitive,maize,4,30.0,0.0,loam,medium,77,pivot,groundwater_well,42.2,1
farm_1,farm_1_field_3,2026-07-21,53.1,sensitive,maize,5,30.0,0.3,loam,medium,78,pivot,groundwater_well,42.2,1
farm_1,farm_1_field_3,2026-07-22,44.9,sensitive,maize,6,30.0,0.0,loam,medium,79,pivot,groundwater_well,42.2,2
farm_1,farm_1_field_3,2026-07-23,59.8,sensitive,maize,1,30.0,0.0,loam,medium,80,pivot,groundwater_well,42.2,1
farm_1,farm_1_field_3,2026-07-24,58.3,sensitive,maize,2,30.0,0.0,loam,medium,81,pivot,groundwater_well,42.2,1
farm_1,farm_1_field_3,2026-07-25,57.0,sensitive,maize,3,30.0,0.0,loam,medium,82,pivot,groundwater_well,42.2,1
farm_1,farm_1_field_3,2026-07-26,51.7,sensitive,maize,4,30.0,0.3,loam,medium,83,pivot,groundwater_well,42.2,1
farm_1,farm_1_field_3,2026-07-27,41.7,sensitive,maize,5,30.0,1.9,loam,medium,84,pivot,groundwater_well,42.2,2
farm_1,farm_1_field_3,2026-07-28,66.8,sensitive,maize,1,30.0,0.6,loam,medium,85,pivot,groundwater_well,42.2,0
farm_1,farm_1_field_3,2026-07-29,63.1,sensitive,maize,2,30.0,7.3,loam,medium,86,pivot,groundwater_well,42.2,1
farm_1,farm_1_field_3,2026-07-30,65.3,sensitive,maize,3,30.0,0.2,loam,medium,87,pivot,groundwater_well,42.2,0
farm_1,farm_1_field_3,2026-07-31,60.8,sensitive,maize,4,30.0,0.3,loam,medium,88,pivot,groundwater_well,42.2,1
farm_1,farm_1_field_3,2026-08-01,52.7,sensitive,maize,5,30.0,0.0,loam,medium,89,pivot,groundwater_well,42.2,1
farm_1,farm_1_field_3,2026-08-02,48.8,sensitive,maize,6,30.0,0.0,loam,medium,90,pivot,groundwater_well,42.2,1
farm_1,farm_1_field_3,2026-08-03,49.0,sensitive,maize,7,30.0,0.0,loam,medium,91,pivot,groundwater_well,42.2,1
farm_1,farm_1_field_3,2026-08-04,64.8,sensitive,maize,1,30.0,0.5,loam,medium,92,pivot,groundwater_well,42.2,0
farm_1,farm_1_field_3,2026-08-05,64.0,sensitive,maize,2,30.0,0.2,loam,medium,93,pivot,groundwater_well,42.2,1
farm_1,farm_1_field_3,2026-08-06,61.8,sensitive,maize,3,30.0,8.7,loam,medium,94,pivot,groundwater_well,42.2,1
farm_1,farm_1_field_3,2026-08-07,82.7,sensitive,maize,1,30.0,0.0,loam,medium,95,pivot,groundwater_well,42.2,0
farm_1,farm_1_field_3,2026-08-08,79.8,sensitive,maize,2,30.0,0.0,loam,medium,96,pivot,groundwater_well,42.2,0
farm_1,farm_1_field_3,2026-08-09,77.1,sensitive,maize,3,30.0,0.1,loam,medium,97,pivot,groundwater_well,42.2,0
farm_1,farm_1_field_3,2026-08-10,71.0,sensitive,maize,4,30.0,0.0,loam,medium,98,pivot,groundwater_well,42.2,0
farm_1,farm_1_field_3,2026-08-11,61.7,sensitive,maize,5,30.0,0.9,loam,medium,99,pivot,groundwater_well,42.2,0
farm_1,farm_1_field_3,2026-08-12,59.7,sensitive,maize,6,30.0,0.0,loam,medium,100,pivot,groundwater_well,42.2,0
farm_1,farm_1_field_3,2026-08-13,56.3,sensitive,maize,7,30.0,0.0,loam,medium,101,pivot,groundwater_well,42.2,1
farm_1,farm_1_field_3,2026-08-14,59.0,sensitive,maize,8,30.0,0.0,loam,medium,102,pivot,groundwater_well,42.2,1
farm_1,farm_1_field_3,2026-08-15,56.0,sensitive,maize,9,30.0,0.0,loam,medium,103,pivot,groundwater_well,42.2,1
farm_1,farm_1_field_3,2026-08-16,74.8,sensitive,maize,1,30.0,0.6,loam,medium,104,pivot,groundwater_well,42.2,0
farm_1,farm_1_field_3,2026-08-17,70.2,sensitive,maize,2,30.0,0.0,loam,medium,105,pivot,groundwater_well,42.2,0
farm_1,farm_1_field_3,2026-08-18,68.8,sensitive,maize,3,30.0,0.3,loam,medium,106,pivot,groundwater_well,42.2,0
farm_1,farm_1_field_3,2026-08-19,63.7,sensitive,maize,4,30.0,0.0,loam,medium,107,pivot,groundwater_well,42.2,1
farm_1,farm_1_field_3,2026-08-20,60.1,sensitive,maize,5,30.0,0.2,loam,medium,108,pivot,groundwater_well,42.2,1
farm_1,farm_1_field_3,2026-08-21,53.0,sensitive,maize,6,30.0,0.0,loam,medium,109,pivot,groundwater_well,42.2,1
farm_1,farm_1_field_3,2026-08-22,69.0,sensitive,maize,1,30.0,0.4,loam,medium,110,pivot,groundwater_well,42.2,0
farm_1,farm_1_field_3,2026-08-23,67.9,sensitive,maize,2,30.0,0.1,loam,medium,111,pivot,groundwater_well,42.2,0
farm_1,farm_1_field_3,2026-08-24,65.4,sensitive,maize,3,30.0,0.0,loam,medium,112,pivot,groundwater_well,42.2,0
farm_1,farm_1_field_3,2026-08-25,59.9,sensitive,maize,4,30.0,0.7,loam,medium,113,pivot,groundwater_well,42.2,0
farm_1,farm_1_field_3,2026-08-26,60.3,sensitive,maize,5,30.0,0.0,loam,medium,114,pivot,groundwater_well,42.2,1
farm_1,farm_1_field_3,2026-08-27,58.1,sensitive,maize,6,30.0,0.2,loam,medium,115,pivot,groundwater_well,42.2,1
farm_1,farm_1_field_3,2026-08-28,43.6,sensitive,maize,7,30.0,14.8,loam,medium,116,pivot,groundwater_well,42.2,1
farm_1,farm_1_field_3,2026-08-29,63.9,sensitive,maize,8,30.0,0.0,loam,medium,117,pivot,groundwater_well,42.2,1
farm_1,farm_1_field_3,2026-08-30,52.4,sensitive,maize,9,30.0,0.1,loam,medium,118,pivot,groundwater_well,42.2,1
farm_1,farm_1_field_3,2026-08-31,52.6,sensitive,maize,10,30.0,0.0,loam,medium,119,pivot,groundwater_well,42.2,1
farm_1,farm_1_field_3,2026-09-01,47.7,late,maize,11,30.0,0.6,loam,medium,120,pivot,groundwater_well,42.2,0
farm_1,farm_1_field_3,2026-09-02,42.9,late,maize,12,30.0,0.2,loam,medium,121,pivot,groundwater_well,42.2,0
farm_1,farm_1_field_3,2026-09-03,47.3,late,maize,13,30.0,0.0,loam,medium,122,pivot,groundwater_well,42.2,0
farm_1,farm_1_field_3,2026-09-04,45.3,late,maize,14,30.0,0.1,loam,medium,123,pivot,groundwater_well,42.2,0
farm_1,farm_1_field_3,2026-09-05,44.6,late,maize,15,30.0,0.0,loam,medium,124,pivot,groundwater_well,42.2,0
farm_1,farm_1_field_3,2026-09-06,45.3,late,maize,16,30.0,0.2,loam,medium,125,pivot,groundwater_well,42.2,0
farm_1,farm_1_field_3,2026-09-07,44.1,late,maize,17,30.0,0.0,loam,medium,126,pivot,groundwater_well,42.2,1
farm_1,farm_1_field_3,2026-09-08,40.0,late,maize,18,30.0,0.0,loam,medium,127,pivot,groundwater_well,42.2,1
farm_1,farm_1_field_3,2026-09-09,61.2,late,maize,1,30.0,0.0,loam,medium,128,pivot,groundwater_well,42.2,0
farm_1,farm_1_field_3,2026-09-10,54.2,late,maize,2,30.0,0.0,loam,medium,129,pivot,groundwater_well,42.2,0
farm_1,farm_1_field_3,2026-09-11,58.5,late,maize,3,30.0,0.0,loam,medium,130,pivot,groundwater_well,42.2,0
farm_1,farm_1_field_3,2026-09-12,53.6,late,maize,4,30.0,0.1,loam,medium,131,pivot,groundwater_well,42.2,0
farm_1,farm_1_field_3,2026-09-13,57.6,late,maize,5,30.0,0.0,loam,medium,132,pivot,groundwater_well,42.2,0
farm_1,farm_1_field_3,2026-09-14,59.5,late,maize,6,30.0,1.6,loam,medium,133,pivot,groundwater_well,42.2,0
farm_1,farm_1_field_3,2026-09-15,49.9,late,maize,7,30.0,0.0,loam,medium,134,pivot,groundwater_well,42.2,0
farm_1,farm_1_field_3,2026-09-16,49.5,late,maize,8,30.0,4.9,loam,medium,135,pivot,groundwater_well,42.2,0
farm_1,farm_1_field_3,2026-09-17,52.3,late,maize,9,30.0,2.0,loam,medium,136,pivot,groundwater_well,42.2,0
farm_1,farm_1_field_3,2026-09-18,46.5,late,maize,10,30.0,0.0,loam,medium,137,pivot,groundwater_well,42.2,0
farm_1,farm_1_field_3,2026-09-19,53.5,late,maize,11,30.0,0.7,loam,medium,138,pivot,groundwater_well,42.2,0
farm_1,farm_1_field_3,2026-09-20,50.6,late,maize,12,30.0,0.0,loam,medium,139,pivot,groundwater_well,42.2,0
farm_1,farm_1_field_3,2026-09-21,53.3,late,maize,13,30.0,0.0,loam,medium,140,pivot,groundwater_well,42.2,0
farm_1,farm_1_field_3,2026-09-22,48.4,late,maize,14,30.0,0.5,loam,medium,141,pivot,groundwater_well,42.2,0
farm_1,farm_1_field_3,2026-09-23,54.3,late,maize,15,30.0,0.0,loam,medium,142,pivot,groundwater_well,42.2,0
farm_1,farm_1_field_3,2026-09-24,45.7,late,maize,16,30.0,0.0,loam,medium,143,pivot,groundwater_well,42.2,0
farm_1,farm_1_field_3,2026-09-25,46.6,late,maize,17,30.0,0.6,loam,medium,144,pivot,groundwater_well,42.2,0
farm_1,farm_1_field_3,2026-09-26,44.5,late,maize,18,30.0,0.0,loam,medium,145,pivot,groundwater_well,42.2,0
farm_1,farm_1_field_3,2026-09-27,45.5,late,maize,19,30.0,0.0,loam,medium,146,pivot,groundwater_well,42.2,0
farm_1,farm_1_field_3,2026-09-28,43.4,late,maize,20,30.0,0.4,loam,medium,147,pivot,groundwater_well,42.2,1
farm_1,farm_1_field_3,2026-09-29,42.5,late,maize,21,30.0,0.0,loam,medium,148,pivot,groundwater_well,42.2,1
farm_1,farm_1_field_3,2026-09-30,39.0,late,maize,22,30.0,0.0,loam,medium,149,pivot,groundwater_well,42.2,1
farm_1,farm_1_field_4,2026-04-15,51.3,initial,sugar_beet,2,0.0,0.3,loam,early,2,drip,groundwater_well,12.4,0
farm_1,farm_1_field_4,2026-04-16,57.9,initial,sugar_beet,3,0.0,3.9,loam,early,3,drip,groundwater_well,12.4,0
farm_1,farm_1_field_4,2026-04-17,52.0,initial,sugar_beet,4,0.0,0.0,loam,early,4,drip,groundwater_well,12.4,0
farm_1,farm_1_field_4,2026-04-18,59.6,initial,sugar_beet,5,0.0,0.1,loam,early,5,drip,groundwater_well,12.4,0
farm_1,farm_1_field_4,2026-04-19,58.4,initial,sugar_beet,6,0.0,0.3,loam,early,6,drip,groundwater_well,12.4,0
farm_1,farm_1_field_4,2026-04-20,52.4,initial,sugar_beet,7,0.0,0.0,loam,early,7,drip,groundwater_well,12.4,0
farm_1,farm_1_field_4,2026-04-21,54.4,initial,sugar_beet,8,0.0,0.6,loam,early,8,drip,groundwater_well,12.4,0
farm_1,farm_1_field_4,2026-04-22,60.5,initial,sugar_beet,9,0.0,3.5,loam,early,9,drip,groundwater_well,12.4,0
farm_1,farm_1_field_4,2026-04-23,60.0,initial,sugar_beet,10,0.0,0.0,loam,early,10,drip,groundwater_well,12.4,0
farm_1,farm_1_field_4,2026-04-24,64.7,initial,sugar_beet,11,0.0,0.4,loam,early,11,drip,groundwater_well,12.4,0
farm_1,farm_1_field_4,2026-04-25,62.9,initial,sugar_beet,12,0.0,0.0,loam,early,12,drip,groundwater_well,12.4,0
farm_1,farm_1_field_4,2026-04-26,59.6,initial,sugar_beet,13,0.0,0.0,loam,early,13,drip,groundwater_well,12.4,0
farm_1,farm_1_field_4,2026-04-27,60.4,initial,sugar_beet,14,0.0,5.5,loam,early,14,drip,groundwater_well,12.4,0
farm_1,farm_1_field_4,2026-04-28,62.8,initial,sugar_beet,15,0.0,0.0,loam,early,15,drip,groundwater_well,12.4,0
farm_1,farm_1_field_4,2026-04-29,63.6,initial,sugar_beet,16,0.0,0.5,loam,early,16,drip,groundwater_well,12.4,0
farm_1,farm_1_field_4,2026-04-30,62.2,initial,sugar_beet,17,0.0,1.6,loam,early,17,drip,groundwater_well,12.4,0
farm_1,farm_1_field_4,2026-05-01,55.5,initial,sugar_beet,18,0.0,0.6,loam,early,18,drip,groundwater_well,12.4,0
farm_1,farm_1_field_4,2026-05-02,56.7,initial,sugar_beet,19,0.0,0.0,loam,early,19,drip,groundwater_well,12.4,0
farm_1,farm_1_field_4,2026-05-03,60.3,initial,sugar_beet,20,0.0,2.5,loam,early,20,drip,groundwater_well,12.4,0
farm_1,farm_1_field_4,2026-05-04,62.5,development,sugar_beet,21,0.0,0.2,loam,early,21,drip,groundwater_well,12.4,0
farm_1,farm_1_field_4,2026-05-05,54.7,development,sugar_beet,22,0.0,0.1,loam,early,22,drip,groundwater_well,12.4,0
farm_1,farm_1_field_4,2026-05-06,59.4,development,sugar_beet,23,0.0,0.0,loam,early,23,drip,groundwater_well,12.4,0
farm_1,farm_1_field_4,2026-05-07,58.2,development,sugar_beet,24,0.0,0.0,loam,early,24,drip,groundwater_well,12.4,0
farm_1,farm_1_field_4,2026-05-08,58.1,development,sugar_beet,25,0.0,0.6,loam,early,25,drip,groundwater_well,12.4,0
farm_1,farm_1_field_4,2026-05-09,60.1,development,sugar_beet,26,0.0,1.6,loam,early,26,drip,groundwater_well,12.4,0
farm_1,farm_1_field_4,2026-05-10,52.5,development,sugar_beet,27,0.0,0.0,loam,early,27,drip,groundwater_well,12.4,0
farm_1,farm_1_field_4,2026-05-11,53.4,development,sugar_beet,28,0.0,0.8,loam,early,28,drip,groundwater_well,12.4,1
farm_1,farm_1_field_4,2026-05-12,48.4,development,sugar_beet,29,0.0,0.0,loam,early,29,drip,groundwater_well,12.4,1
farm_1,farm_1_field_4,2026-05-13,51.6,development,sugar_beet,30,0.0,0.2,loam,early,30,drip,groundwater_well,12.4,1
farm_1,farm_1_field_4,2026-05-14,57.9,development,sugar_beet,1,18.0,0.0,loam,early,31,drip,groundwater_well,12.4,0
farm_1,farm_1_field_4,2026-05-15,55.6,development,sugar_beet,2,18.0,0.0,loam,early,32,drip,groundwater_well,12.4,0
farm_1,farm_1_field_4,2026-05-16,57.2,development,sugar_beet,3,18.0,0.0,loam,early,33,drip,groundwater_well,12.4,0
farm_1,farm_1_field_4,2026-05-17,52.3,development,sugar_beet,4,18.0,6.2,loam,early,34,drip,groundwater_well,12.4,0
farm_1,farm_1_field_4,2026-05-18,61.4,development,sugar_beet,5,18.0,0.8,loam,early,35,drip,groundwater_well,12.4,0
farm_1,farm_1_field_4,2026-05-19,52.9,development,sugar_beet,6,18.0,8.1,loam,early,36,drip,groundwater_well,12.4,0
farm_1,farm_1_field_4,2026-05-20,60.4,development,sugar_beet,7,18.0,0.0,loam,early,37,drip,groundwater_well,12.4,0
farm_1,farm_1_field_4,2026-05-21,61.4,development,sugar_beet,8,18.0,5.7,loam,early,38,drip,groundwater_well,12.4,0
farm_1,farm_1_field_4,2026-05-22,63.6,development,sugar_beet,9,18.0,0.2,loam,early,39,drip,groundwater_well,12.4,0
farm_1,farm_1_field_4,2026-05-23,60.3,development,sugar_beet,10,18.0,0.7,loam,early,40,drip,groundwater_well,12.4,0
farm_1,farm_1_field_4,2026-05-24,56.0,development,sugar_beet,11,18.0,0.0,loam,early,41,drip,groundwater_well,12.4,0
farm_1,farm_1_field_4,2026-05-25,57.5,development,sugar_beet,12,18.0,3.6,loam,early,42,drip,groundwater_well,12.4,0
farm_1,farm_1_field_4,2026-05-26,55.2,development,sugar_beet,13,18.0,0.0,loam,early,43,drip,groundwater_well,12.4,0
farm_1,farm_1_field_4,2026-05-27,53.0,development,sugar_beet,14,18.0,0.0,loam,early,44,drip,groundwater_well,12.4,0
farm_1,farm_1_field_4,2026-05-28,56.9,development,sugar_beet,15,18.0,0.0,loam,early,45,drip,groundwater_well,12.4,0
farm_1,farm_1_field_4,2026-05-29,52.6,development,sugar_beet,16,18.0,0.3,loam,early,46,drip,groundwater_well,12.4,1
farm_1,farm_1_field_4,2026-05-30,51.4,development,sugar_beet,17,18.0,0.1,loam,early,47,drip,groundwater_well,12.4,1
farm_1,farm_1_field_4,2026-05-31,63.0,development,sugar_beet,1,18.0,0.0,loam,early,48,drip,groundwater_well,12.4,0
farm_1,farm_1_field_4,2026-06-01,61.2,development,sugar_beet,2,18.0,0.6,loam,early,49,drip,groundwater_well,12.4,0
farm_1,farm_1_field_4,2026-06-02,57.1,development,sugar_beet,3,18.0,0.0,loam,early,50,drip,groundwater_well,12.4,0
farm_1,farm_1_field_4,2026-06-03,54.0,sensitive,sugar_beet,4,18.0,0.0,loam,early,51,drip,groundwater_well,12.4,1
farm_1,farm_1_field_4,2026-06-04,53.6,sensitive,sugar_beet,5,18.0,0.0,loam,early,52,drip,groundwater_well,12.4,1
farm_1,farm_1_field_4,2026-06-05,64.0,sensitive,sugar_beet,1,18.0,0.1,loam,early,53,drip,groundwater_well,12.4,0
farm_1,farm_1_field_4,2026-06-06,60.1,sensitive,sugar_beet,2,18.0,0.4,loam,early,54,drip,groundwater_well,12.4,1
farm_1,farm_1_field_4,2026-06-07,53.8,sensitive,sugar_beet,3,18.0,18.8,loam,early,55,drip,groundwater_well,12.4,1
farm_1,farm_1_field_4,2026-06-08,77.2,sensitive,sugar_beet,1,18.0,18.3,loam,early,56,drip,groundwater_well,12.4,0
farm_1,farm_1_field_4,2026-06-09,91.6,sensitive,sugar_beet,2,18.0,0.1,loam,early,57,drip,groundwater_well,12.4,0
farm_1,farm_1_field_4,2026-06-10,84.4,sensitive,sugar_beet,3,18.0,0.4,loam,early,58,drip,groundwater_well,12.4,0
farm_1,farm_1_field_4,2026-06-11,82.7,sensitive,sugar_beet,4,18.0,0.0,loam,early,59,drip,groundwater_well,12.4,0
farm_1,farm_1_field_4,2026-06-12,75.9,sensitive,sugar_beet,5,18.0,0.0,loam,early,60,drip,groundwater_well,12.4,0
farm_1,farm_1_field_4,2026-06-13,68.7,sensitive,sugar_beet,6,18.0,0.8,loam,early,61,drip,groundwater_well,12.4,0
farm_1,farm_1_field_4,2026-06-14,77.8,sensitive,sugar_beet,7,18.0,0.0,loam,early,62,drip,groundwater_well,12.4,0
farm_1,farm_1_field_4,2026-06-15,66.3,sensitive,sugar_beet,8,18.0,1.0,loam,early,63,drip,groundwater_well,12.4,0
farm_1,farm_1_field_4,2026-06-16,64.8,sensitive,sugar_beet,9,18.0,0.0,loam,early,64,drip,groundwater_well,12.4,0
farm_1,farm_1_field_4,2026-06-17,57.9,sensitive,sugar_beet,10,18.0,0.9,loam,early,65,drip,groundwater_well,12.4,0
farm_1,farm_1_field_4,2026-06-18,63.9,sensitive,sugar_beet,11,18.0,22.0,loam,early,66,drip,groundwater_well,12.4,0
farm_1,farm_1_field_4,2026-06-19,71.7,sensitive,sugar_beet,12,18.0,0.2,loam,early,67,drip,groundwater_well,12.4,0
farm_1,farm_1_field_4,2026-06-20,70.5,sensitive,sugar_beet,13,18.0,0.4,loam,early,68,drip,groundwater_well,12.4,0
farm_1,farm_1_field_4,2026-06-21,68.4,sensitive,sugar_beet,14,18.0,0.2,loam,early,69,drip,groundwater_well,12.4,0
farm_1,farm_1_field_4,2026-06-22,66.8,sensitive,sugar_beet,15,18.0,0.2,loam,early,70,drip,groundwater_well,12.4,0
farm_1,farm_1_field_4,2026-06-23,60.8,sensitive,sugar_beet,16,18.0,0.1,loam,early,71,drip,groundwater_well,12.4,0
farm_1,farm_1_field_4,2026-06-24,57.5,sensitive,sugar_beet,17,18.0,0.0,loam,early,72,drip,groundwater_well,12.4,1
farm_1,farm_1_field_4,2026-06-25,63.2,sensitive,sugar_beet,1,18.0,0.0,loam,early,73,drip,groundwater_well,12.4,0
farm_1,farm_1_field_4,2026-06-26,61.1,sensitive,sugar_beet,2,18.0,0.0,loam,early,74,drip,groundwater_well,12.4,0
farm_1,farm_1_field_4,2026-06-27,60.2,sensitive,sugar_beet,3,18.0,0.0,loam,early,75,drip,groundwater_well,12.4,0
farm_1,farm_1_field_4,2026-06-28,57.6,sensitive,sugar_beet,4,18.0,3.0,loam,early,76,drip,groundwater_well,12.4,1
farm_1,farm_1_field_4,2026-06-29,55.7,sensitive,sugar_beet,5,18.0,0.0,loam,early,77,drip,groundwater_well,12.4,1
farm_1,farm_1_field_4,2026-06-30,52.9,sensitive,sugar_beet,6,18.0,0.6,loam,early,78,drip,groundwater_well,12.4,1
farm_1,farm_1_field_4,2026-07-01,65.5,sensitive,sugar_beet,1,18.0,0.0,loam,early,79,drip,groundwater_well,12.4,0
farm_1,farm_1_field_4,2026-07-02,60.3,sensitive,sugar_beet,2,18.0,0.0,loam,early,80,drip,groundwater_well,12.4,0
farm_1,farm_1_field_4,2026-07-03,54.6,sensitive,sugar_beet,3,18.0,0.4,loam,early,81,drip,groundwater_well,12.4,1
farm_1,farm_1_field_4,2026-07-04,67.8,sensitive,sugar_beet,1,18.0,0.3,loam,early,82,drip,groundwater_well,12.4,0
farm_1,farm_1_field_4,2026-07-05,63.4,sensitive,sugar_beet,2,18.0,0.0,loam,early,83,drip,groundwater_well,12.4,0
farm_1,farm_1_field_4,2026-07-06,52.2,sensitive,sugar_beet,3,18.0,0.7,loam,early,84,drip,groundwater_well,12.4,1
farm_1,farm_1_field_4,2026-07-07,55.2,sensitive,sugar_beet,4,18.0,0.0,loam,early,85,drip,groundwater_well,12.4,1
farm_1,farm_1_field_4,2026-07-08,61.3,sensitive,sugar_beet,1,18.0,1.2,loam,early,86,drip,groundwater_well,12.4,0
farm_1,farm_1_field_4,2026-07-09,60.5,sensitive,sugar_beet,2,18.0,3.6,loam,early,87,drip,groundwater_well,12.4,0
farm_1,farm_1_field_4,2026-07-10,56.4,sensitive,sugar_beet,3,18.0,0.0,loam,early,88,drip,groundwater_well,12.4,0
farm_1,farm_1_field_4,2026-07-11,63.8,sensitive,sugar_beet,4,18.0,0.2,loam,early,89,drip,groundwater_well,12.4,1
farm_1,farm_1_field_4,2026-07-12,52.4,sensitive,sugar_beet,5,18.0,0.5,loam,early,90,drip,groundwater_well,12.4,1
farm_1,farm_1_field_4,2026-07-13,48.8,sensitive,sugar_beet,6,18.0,1.0,loam,early,91,drip,groundwater_well,12.4,1
farm_1,farm_1_field_4,2026-07-14,49.8,sensitive,sugar_beet,7,18.0,0.2,loam,early,92,drip,groundwater_well,12.4,1
farm_1,farm_1_field_4,2026-07-15,42.2,late,sugar_beet,8,18.0,0.0,loam,early,93,drip,groundwater_well,12.4,0
farm_1,farm_1_field_4,2026-07-16,43.1,late,sugar_beet,9,18.0,0.3,loam,early,94,drip,groundwater_well,12.4,1
farm_1,farm_1_field_4,2026-07-17,41.3,late,sugar_beet,10,18.0,0.0,loam,early,95,drip,groundwater_well,12.4,1
farm_1,farm_1_field_4,2026-07-18,51.6,late,sugar_beet,1,18.0,0.0,loam,early,96,drip,groundwater_well,12.4,0
farm_1,farm_1_field_4,2026-07-19,46.7,late,sugar_beet,2,18.0,0.0,loam,early,97,drip,groundwater_well,12.4,0
farm_1,farm_1_field_4,2026-07-20,49.8,late,sugar_beet,3,18.0,0.0,loam,early,98,drip,groundwater_well,12.4,0
farm_1,farm_1_field_4,2026-07-21,44.3,late,sugar_beet,4,18.0,0.3,loam,early,99,drip,groundwater_well,12.4,0
farm_1,farm_1_field_4,2026-07-22,48.0,late,sugar_beet,5,18.0,0.0,loam,early,100,drip,groundwater_well,12.4,1
farm_1,farm_1_field_4,2026-07-23,50.1,late,sugar_beet,1,18.0,0.0,loam,early,101,drip,groundwater_well,12.4,0
farm_1,farm_1_field_4,2026-07-24,52.4,late,sugar_beet,2,18.0,0.0,loam,early,102,drip,groundwater_well,12.4,0
farm_1,farm_1_field_4,2026-07-25,46.3,late,sugar_beet,3,18.0,0.0,loam,early,103,drip,groundwater_well,12.4,0
farm_1,farm_1_field_4,2026-07-26,47.5,late,sugar_beet,4,18.0,0.3,loam,early,104,drip,groundwater_well,12.4,0
farm_1,farm_1_field_4,2026-07-27,46.1,late,sugar_beet,5,18.0,1.9,loam,early,105,drip,groundwater_well,12.4,0
farm_1,farm_1_field_4,2026-07-28,44.5,late,sugar_beet,6,18.0,0.6,loam,early,106,drip,groundwater_well,12.4,0
farm_1,farm_1_field_4,2026-07-29,44.0,late,sugar_beet,7,18.0,7.3,loam,early,107,drip,groundwater_well,12.4,1
farm_1,farm_1_field_4,2026-07-30,46.0,late,sugar_beet,8,18.0,0.2,loam,early,108,drip,groundwater_well,12.4,0
farm_1,farm_1_field_4,2026-07-31,44.1,late,sugar_beet,9,18.0,0.3,loam,early,109,drip,groundwater_well,12.4,0
farm_1,farm_1_field_4,2026-08-01,35.6,late,sugar_beet,10,18.0,0.0,loam,early,110,drip,groundwater_well,12.4,1
farm_1,farm_1_field_4,2026-08-02,41.9,late,sugar_beet,11,18.0,0.0,loam,early,111,drip,groundwater_well,12.4,1
farm_1,farm_1_field_4,2026-08-03,52.2,late,sugar_beet,1,18.0,0.0,loam,early,112,drip,groundwater_well,12.4,0
farm_1,farm_1_field_4,2026-08-04,47.1,late,sugar_beet,2,18.0,0.5,loam,early,113,drip,groundwater_well,12.4,0
farm_1,farm_1_field_4,2026-08-05,46.4,late,sugar_beet,3,18.0,0.2,loam,early,114,drip,groundwater_well,12.4,0
farm_1,farm_1_field_4,2026-08-06,42.4,late,sugar_beet,4,18.0,8.7,loam,early,115,drip,groundwater_well,12.4,0
farm_1,farm_1_field_4,2026-08-07,50.7,late,sugar_beet,5,18.0,0.0,loam,early,116,drip,groundwater_well,12.4,0
farm_1,farm_1_field_4,2026-08-08,43.6,late,sugar_beet,6,18.0,0.0,loam,early,117,drip,groundwater_well,12.4,0
farm_1,farm_1_field_4,2026-08-09,48.2,late,sugar_beet,7,18.0,0.1,loam,early,118,drip,groundwater_well,12.4,0
farm_1,farm_1_field_4,2026-08-10,42.3,late,sugar_beet,8,18.0,0.0,loam,early,119,drip,groundwater_well,12.4,0
farm_1,farm_1_field_4,2026-08-11,39.6,late,sugar_beet,9,18.0,0.9,loam,early,120,drip,groundwater_well,12.4,1
farm_1,farm_1_field_4,2026-08-12,45.0,late,sugar_beet,10,18.0,0.0,loam,early,121,drip,groundwater_well,12.4,1
farm_1,farm_1_field_4,2026-08-13,48.9,late,sugar_beet,1,18.0,0.0,loam,early,122,drip,groundwater_well,12.4,0
farm_1,farm_1_field_4,2026-08-14,44.9,late,sugar_beet,2,18.0,0.0,loam,early,123,drip,groundwater_well,12.4,0
farm_1,farm_1_field_4,2026-08-15,49.4,late,sugar_beet,3,18.0,0.0,loam,early,124,drip,groundwater_well,12.4,0
farm_1,farm_1_field_4,2026-08-16,44.8,late,sugar_beet,4,18.0,0.6,loam,early,125,drip,groundwater_well,12.4,0
farm_1,farm_1_field_4,2026-08-17,49.0,late,sugar_beet,5,18.0,0.0,loam,early,126,drip,groundwater_well,12.4,0
farm_1,farm_1_field_4,2026-08-18,37.8,late,sugar_beet,6,18.0,0.3,loam,early,127,drip,groundwater_well,12.4,1
farm_1,farm_1_field_4,2026-08-19,40.5,late,sugar_beet,7,18.0,0.0,loam,early,128,drip,groundwater_well,12.4,1
farm_1,farm_1_field_4,2026-08-20,54.9,late,sugar_beet,1,18.0,0.2,loam,early,129,drip,groundwater_well,12.4,0
farm_1,farm_1_field_4,2026-08-21,54.2,late,sugar_beet,2,18.0,0.0,loam,early,130,drip,groundwater_well,12.4,0
farm_1,farm_1_field_4,2026-08-22,48.9,late,sugar_beet,3,18.0,0.4,loam,early,131,drip,groundwater_well,12.4,0
farm_1,farm_1_field_4,2026-08-23,49.1,late,sugar_beet,4,18.0,0.1,loam,early,132,drip,groundwater_well,12.4,0
farm_1,farm_1_field_4,2026-08-24,38.1,late,sugar_beet,5,18.0,0.0,loam,early,133,drip,groundwater_well,12.4,0
farm_1,farm_1_field_4,2026-08-25,42.6,late,sugar_beet,6,18.0,0.7,loam,early,134,drip,groundwater_well,12.4,1
farm_1,farm_1_field_4,2026-08-26,45.6,late,sugar_beet,7,18.0,0.0,loam,early,135,drip,groundwater_well,12.4,1
farm_1,farm_1_field_4,2026-08-27,35.8,late,sugar_beet,8,18.0,0.2,loam,early,136,drip,groundwater_well,12.4,1
farm_1,farm_1_field_4,2026-08-28,37.4,late,sugar_beet,9,18.0,14.8,loam,early,137,drip,groundwater_well,12.4,1
farm_1,farm_1_field_4,2026-08-29,57.9,late,sugar_beet,1,18.0,0.0,loam,early,138,drip,groundwater_well,12.4,0
farm_1,farm_1_field_4,2026-08-30,58.9,late,sugar_beet,2,18.0,0.1,loam,early,139,drip,groundwater_well,12.4,0
farm_1,farm_1_field_4,2026-08-31,53.8,late,sugar_beet,3,18.0,0.0,loam,early,140,drip,groundwater_well,12.4,0
farm_1,farm_1_field_4,2026-09-01,52.6,late,sugar_beet,4,18.0,0.6,loam,early,141,drip,groundwater_well,12.4,0
farm_1,farm_1_field_4,2026-09-02,53.2,late,sugar_beet,5,18.0,0.2,loam,early,142,drip,groundwater_well,12.4,0
farm_1,farm_1_field_4,2026-09-03,53.2,late,sugar_beet,6,18.0,0.0,loam,early,143,drip,groundwater_well,12.4,0
farm_1,farm_1_field_4,2026-09-04,55.4,late,sugar_beet,7,18.0,0.1,loam,early,144,drip,groundwater_well,12.4,0
farm_1,farm_1_field_4,2026-09-05,50.7,late,sugar_beet,8,18.0,0.0,loam,early,145,drip,groundwater_well,12.4,0
farm_1,farm_1_field_4,2026-09-06,47.9,late,sugar_beet,9,18.0,0.2,loam,early,146,drip,groundwater_well,12.4,0
farm_1,farm_1_field_4,2026-09-07,42.5,late,sugar_beet,10,18.0,0.0,loam,early,147,drip,groundwater_well,12.4,0
farm_1,farm_1_field_4,2026-09-08,41.1,late,sugar_beet,11,18.0,0.0,loam,early,148,drip,groundwater_well,12.4,1
farm_1,farm_1_field_4,2026-09-09,59.0,late,sugar_beet,1,18.0,0.0,loam,early,149,drip,groundwater_well,12.4,0
farm_1,farm_1_field_4,2026-09-10,50.1,late,sugar_beet,2,18.0,0.0,loam,early,150,drip,groundwater_well,12.4,0
farm_1,farm_1_field_4,2026-09-11,52.0,late,sugar_beet,3,18.0,0.0,loam,early,151,drip,groundwater_well,12.4,0
farm_1,farm_1_field_4,2026-09-12,50.5,late,sugar_beet,4,18.0,0.1,loam,early,152,drip,groundwater_well,12.4,0
farm_1,farm_1_field_4,2026-09-13,48.3,late,sugar_beet,5,18.0,0.0,loam,early,153,drip,groundwater_well,12.4,0
farm_1,farm_1_field_4,2026-09-14,46.1,late,sugar_beet,6,18.0,1.6,loam,early,154,drip,groundwater_well,12.4,0
farm_1,farm_1_field_4,2026-09-15,42.6,late,sugar_beet,7,18.0,0.0,loam,early,155,drip,groundwater_well,12.4,0
farm_1,farm_1_field_4,2026-09-16,40.9,late,sugar_beet,8,18.0,4.9,loam,early,156,drip,groundwater_well,12.4,0
farm_1,farm_1_field_4,2026-09-17,39.2,late,sugar_beet,9,18.0,2.0,loam,early,157,drip,groundwater_well,12.4,0
farm_1,farm_1_field_4,2026-09-18,47.3,late,sugar_beet,10,18.0,0.0,loam,early,158,drip,groundwater_well,12.4,0
farm_1,farm_1_field_4,2026-09-19,44.7,late,sugar_beet,11,18.0,0.7,loam,early,159,drip,groundwater_well,12.4,0
farm_1,farm_1_field_4,2026-09-20,39.1,late,sugar_beet,12,18.0,0.0,loam,early,160,drip,groundwater_well,12.4,1
farm_1,farm_1_field_4,2026-09-21,53.9,late,sugar_beet,1,18.0,0.0,loam,early,161,drip,groundwater_well,12.4,0
farm_1,farm_1_field_4,2026-09-22,58.1,late,sugar_beet,2,18.0,0.5,loam,early,162,drip,groundwater_well,12.4,0
farm_1,farm_1_field_4,2026-09-23,47.4,late,sugar_beet,3,18.0,0.0,loam,early,163,drip,groundwater_well,12.4,0
farm_1,farm_1_field_4,2026-09-24,55.4,late,sugar_beet,4,18.0,0.0,loam,early,164,drip,groundwater_well,12.4,0
farm_1,farm_1_field_4,2026-09-25,51.3,late,sugar_beet,5,18.0,0.6,loam,early,165,drip,groundwater_well,12.4,0
farm_1,farm_1_field_4,2026-09-26,48.2,late,sugar_beet,6,18.0,0.0,loam,early,166,drip,groundwater_well,12.4,0
farm_1,farm_1_field_4,2026-09-27,48.8,late,sugar_beet,7,18.0,0.0,loam,early,167,drip,groundwater_well,12.4,0
farm_1,farm_1_field_4,2026-09-28,47.9,late,sugar_beet,8,18.0,0.4,loam,early,168,drip,groundwater_well,12.4,0
farm_1,farm_1_field_4,2026-09-29,42.6,late,sugar_beet,9,18.0,0.0,loam,early,169,drip,groundwater_well,12.4,0
farm_1,farm_1_field_4,2026-09-30,50.7,late,sugar_beet,10,18.0,0.0,loam,early,170,drip,groundwater_well,12.4,0
farm_1,farm_1_field_5,2026-04-20,84.1,initial,potato,0,0.0,0.0,loam,medium,0,hose_reel,groundwater_well,13.3,0
farm_1,farm_1_field_5,2026-04-21,76.8,initial,potato,1,0.0,0.6,loam,medium,1,hose_reel,groundwater_well,13.3,0
farm_1,farm_1_field_5,2026-04-22,78.2,initial,potato,2,0.0,3.5,loam,medium,2,hose_reel,groundwater_well,13.3,0
farm_1,farm_1_field_5,2026-04-23,82.8,initial,potato,3,0.0,0.0,loam,medium,3,hose_reel,groundwater_well,13.3,0
farm_1,farm_1_field_5,2026-04-24,83.5,initial,potato,4,0.0,0.4,loam,medium,4,hose_reel,groundwater_well,13.3,0
farm_1,farm_1_field_5,2026-04-25,81.8,initial,potato,5,0.0,0.0,loam,medium,5,hose_reel,groundwater_well,13.3,0
farm_1,farm_1_field_5,2026-04-26,73.8,initial,potato,6,0.0,0.0,loam,medium,6,hose_reel,groundwater_well,13.3,0
farm_1,farm_1_field_5,2026-04-27,76.0,initial,potato,7,0.0,5.5,loam,medium,7,hose_reel,groundwater_well,13.3,0
farm_1,farm_1_field_5,2026-04-28,77.9,initial,potato,8,0.0,0.0,loam,medium,8,hose_reel,groundwater_well,13.3,0
farm_1,farm_1_field_5,2026-04-29,76.4,initial,potato,9,0.0,0.5,loam,medium,9,hose_reel,groundwater_well,13.3,0
farm_1,farm_1_field_5,2026-04-30,77.5,initial,potato,10,0.0,1.6,loam,medium,10,hose_reel,groundwater_well,13.3,0
farm_1,farm_1_field_5,2026-05-01,75.5,initial,potato,11,0.0,0.6,loam,medium,11,hose_reel,groundwater_well,13.3,0
farm_1,farm_1_field_5,2026-05-02,79.2,initial,potato,12,0.0,0.0,loam,medium,12,hose_reel,groundwater_well,13.3,0
farm_1,farm_1_field_5,2026-05-03,68.7,initial,potato,13,0.0,2.5,loam,medium,13,hose_reel,groundwater_well,13.3,0
farm_1,farm_1_field_5,2026-05-04,75.3,initial,potato,14,0.0,0.2,loam,medium,14,hose_reel,groundwater_well,13.3,0
farm_1,farm_1_field_5,2026-05-05,75.5,initial,potato,15,0.0,0.1,loam,medium,15,hose_reel,groundwater_well,13.3,0
farm_1,farm_1_field_5,2026-05-06,84.2,initial,potato,16,0.0,0.0,loam,medium,16,hose_reel,groundwater_well,13.3,0
farm_1,farm_1_field_5,2026-05-07,76.7,initial,potato,17,0.0,0.0,loam,medium,17,hose_reel,groundwater_well,13.3,0
farm_1,farm_1_field_5,2026-05-08,73.0,initial,potato,18,0.0,0.6,loam,medium,18,hose_reel,groundwater_well,13.3,0
farm_1,farm_1_field_5,2026-05-09,73.4,initial,potato,19,0.0,1.6,loam,medium,19,hose_reel,groundwater_well,13.3,0
farm_1,farm_1_field_5,2026-05-10,76.2,initial,potato,20,0.0,0.0,loam,medium,20,hose_reel,groundwater_well,13.3,0
farm_1,farm_1_field_5,2026-05-11,76.2,initial,potato,21,0.0,0.8,loam,medium,21,hose_reel,groundwater_well,13.3,0
farm_1,farm_1_field_5,2026-05-12,67.0,initial,potato,22,0.0,0.0,loam,medium,22,hose_reel,groundwater_well,13.3,0
farm_1,farm_1_field_5,2026-05-13,74.7,initial,potato,23,0.0,0.2,loam,medium,23,hose_reel,groundwater_well,13.3,0
farm_1,farm_1_field_5,2026-05-14,63.9,initial,potato,24,0.0,0.0,loam,medium,24,hose_reel,groundwater_well,13.3,0
farm_1,farm_1_field_5,2026-05-15,65.6,development,potato,25,0.0,0.0,loam,medium,25,hose_reel,groundwater_well,13.3,0
farm_1,farm_1_field_5,2026-05-16,71.6,development,potato,26,0.0,0.0,loam,medium,26,hose_reel,groundwater_well,13.3,0
farm_1,farm_1_field_5,2026-05-17,63.0,development,potato,27,0.0,6.2,loam,medium,27,hose_reel,groundwater_well,13.3,0
farm_1,farm_1_field_5,2026-05-18,70.7,development,potato,28,0.0,0.8,loam,medium,28,hose_reel,groundwater_well,13.3,0
farm_1,farm_1_field_5,2026-05-19,63.9,development,potato,29,0.0,8.1,loam,medium,29,hose_reel,groundwater_well,13.3,0
farm_1,farm_1_field_5,2026-05-20,73.5,development,potato,30,0.0,0.0,loam,medium,30,hose_reel,groundwater_well,13.3,0
farm_1,farm_1_field_5,2026-05-21,66.1,development,potato,31,0.0,5.7,loam,medium,31,hose_reel,groundwater_well,13.3,0
farm_1,farm_1_field_5,2026-05-22,70.0,development,potato,32,0.0,0.2,loam,medium,32,hose_reel,groundwater_well,13.3,0
farm_1,farm_1_field_5,2026-05-23,72.2,development,potato,33,0.0,0.7,loam,medium,33,hose_reel,groundwater_well,13.3,0
farm_1,farm_1_field_5,2026-05-24,64.2,development,potato,34,0.0,0.0,loam,medium,34,hose_reel,groundwater_well,13.3,0
farm_1,farm_1_field_5,2026-05-25,69.0,development,potato,35,0.0,3.6,loam,medium,35,hose_reel,groundwater_well,13.3,0
farm_1,farm_1_field_5,2026-05-26,58.4,development,potato,36,0.0,0.0,loam,medium,36,hose_reel,groundwater_well,13.3,0
farm_1,farm_1_field_5,2026-05-27,65.2,development,potato,37,0.0,0.0,loam,medium,37,hose_reel,groundwater_well,13.3,0
farm_1,farm_1_field_5,2026-05-28,63.2,development,potato,38,0.0,0.0,loam,medium,38,hose_reel,groundwater_well,13.3,0
farm_1,farm_1_field_5,2026-05-29,63.4,development,potato,39,0.0,0.3,loam,medium,39,hose_reel,groundwater_well,13.3,0
farm_1,farm_1_field_5,2026-05-30,58.9,development,potato,40,0.0,0.1,loam,medium,40,hose_reel,groundwater_well,13.3,0
farm_1,farm_1_field_5,2026-05-31,52.0,development,potato,41,0.0,0.0,loam,medium,41,hose_reel,groundwater_well,13.3,1
farm_1,farm_1_field_5,2026-06-01,48.7,development,potato,42,0.0,0.6,loam,medium,42,hose_reel,groundwater_well,13.3,1
farm_1,farm_1_field_5,2026-06-02,77.2,development,potato,1,40.0,0.0,loam,medium,43,hose_reel,groundwater_well,13.3,0
farm_1,farm_1_field_5,2026-06-03,79.6,development,potato,2,40.0,0.0,loam,medium,44,hose_reel,groundwater_well,13.3,0
farm_1,farm_1_field_5,2026-06-04,76.0,development,potato,3,40.0,0.0,loam,medium,45,hose_reel,groundwater_well,13.3,0
farm_1,farm_1_field_5,2026-06-05,76.1,development,potato,4,40.0,0.1,loam,medium,46,hose_reel,groundwater_well,13.3,0
farm_1,farm_1_field_5,2026-06-06,67.1,development,potato,5,40.0,0.4,loam,medium,47,hose_reel,groundwater_well,13.3,0
farm_1,farm_1_field_5,2026-06-07,65.1,development,potato,6,40.0,18.8,loam,medium,48,hose_reel,groundwater_well,13.3,0
farm_1,farm_1_field_5,2026-06-08,75.9,development,potato,7,40.0,18.3,loam,medium,49,hose_reel,groundwater_well,13.3,0
farm_1,farm_1_field_5,2026-06-09,89.4,development,potato,8,40.0,0.1,loam,medium,50,hose_reel,groundwater_well,13.3,0
farm_1,farm_1_field_5,2026-06-10,85.2,development,potato,9,40.0,0.4,loam,medium,51,hose_reel,groundwater_well,13.3,0
farm_1,farm_1_field_5,2026-06-11,81.8,development,potato,10,40.0,0.0,loam,medium,52,hose_reel,groundwater_well,13.3,0
farm_1,farm_1_field_5,2026-06-12,87.1,development,potato,11,40.0,0.0,loam,medium,53,hose_reel,groundwater_well,13.3,0
farm_1,farm_1_field_5,2026-06-13,86.1,development,potato,12,40.0,0.8,loam,medium,54,hose_reel,groundwater_well,13.3,0
farm_1,farm_1_field_5,2026-06-14,82.3,sensitive,potato,13,40.0,0.0,loam,medium,55,hose_reel,groundwater_well,13.3,0
farm_1,farm_1_field_5,2026-06-15,79.3,sensitive,potato,14,40.0,1.0,loam,medium,56,hose_reel,groundwater_well,13.3,0
farm_1,farm_1_field_5,2026-06-16,76.7,sensitive,potato,15,40.0,0.0,loam,medium,57,hose_reel,groundwater_well,13.3,0
farm_1,farm_1_field_5,2026-06-17,73.6,sensitive,potato,16,40.0,0.9,loam,medium,58,hose_reel,groundwater_well,13.3,0
farm_1,farm_1_field_5,2026-06-18,72.1,sensitive,potato,17,40.0,22.0,loam,medium,59,hose_reel,groundwater_well,13.3,0
farm_1,farm_1_field_5,2026-06-19,82.0,sensitive,potato,18,40.0,0.2,loam,medium,60,hose_reel,groundwater_well,13.3,0
farm_1,farm_1_field_5,2026-06-20,77.9,sensitive,potato,19,40.0,0.4,loam,medium,61,hose_reel,groundwater_well,13.3,0
farm_1,farm_1_field_5,2026-06-21,72.5,sensitive,potato,20,40.0,0.2,loam,medium,62,hose_reel,groundwater_well,13.3,0
farm_1,farm_1_field_5,2026-06-22,74.4,sensitive,potato,21,40.0,0.2,loam,medium,63,hose_reel,groundwater_well,13.3,0
farm_1,farm_1_field_5,2026-06-23,71.2,sensitive,potato,22,40.0,0.1,loam,medium,64,hose_reel,groundwater_well,13.3,0
farm_1,farm_1_field_5,2026-06-24,66.3,sensitive,potato,23,40.0,0.0,loam,medium,65,hose_reel,groundwater_well,13.3,0
farm_1,farm_1_field_5,2026-06-25,61.7,sensitive,potato,24,40.0,0.0,loam,medium,66,hose_reel,groundwater_well,13.3,1
farm_1,farm_1_field_5,2026-06-26,62.6,sensitive,potato,25,40.0,0.0,loam,medium,67,hose_reel,groundwater_well,13.3,1
farm_1,farm_1_field_5,2026-06-27,61.4,sensitive,potato,26,40.0,0.0,loam,medium,68,hose_reel,groundwater_well,13.3,1
farm_1,farm_1_field_5,2026-06-28,52.2,sensitive,potato,27,40.0,3.0,loam,medium,69,hose_reel,groundwater_well,13.3,1
farm_1,farm_1_field_5,2026-06-29,61.9,sensitive,potato,28,40.0,0.0,loam,medium,70,hose_reel,groundwater_well,13.3,1
farm_1,farm_1_field_5,2026-06-30,74.8,sensitive,potato,1,40.0,0.6,loam,medium,71,hose_reel,groundwater_well,13.3,0
farm_1,farm_1_field_5,2026-07-01,75.4,sensitive,potato,2,40.0,0.0,loam,medium,72,hose_reel,groundwater_well,13.3,0
farm_1,farm_1_field_5,2026-07-02,78.0,sensitive,potato,3,40.0,0.0,loam,medium,73,hose_reel,groundwater_well,13.3,0
farm_1,farm_1_field_5,2026-07-03,73.5,sensitive,potato,4,40.0,0.4,loam,medium,74,hose_reel,groundwater_well,13.3,0
farm_1,farm_1_field_5,2026-07-04,69.8,sensitive,potato,5,40.0,0.3,loam,medium,75,hose_reel,groundwater_well,13.3,1
farm_1,farm_1_field_5,2026-07-05,55.4,sensitive,potato,6,40.0,0.0,loam,medium,76,hose_reel,groundwater_well,13.3,1
farm_1,farm_1_field_5,2026-07-06,57.5,sensitive,potato,7,40.0,0.7,loam,medium,77,hose_reel,groundwater_well,13.3,1
farm_1,farm_1_field_5,2026-07-07,55.5,sensitive,potato,8,40.0,0.0,loam,medium,78,hose_reel,groundwater_well,13.3,1
farm_1,farm_1_field_5,2026-07-08,50.0,sensitive,potato,9,40.0,1.2,loam,medium,79,hose_reel,groundwater_well,13.3,1
farm_1,farm_1_field_5,2026-07-09,51.5,sensitive,potato,10,40.0,3.6,loam,medium,80,hose_reel,groundwater_well,13.3,2
farm_1,farm_1_field_5,2026-07-10,75.9,sensitive,potato,1,40.0,0.0,loam,medium,81,hose_reel,groundwater_well,13.3,0
farm_1,farm_1_field_5,2026-07-11,66.2,sensitive,potato,2,40.0,0.2,loam,medium,82,hose_reel,groundwater_well,13.3,0
farm_1,farm_1_field_5,2026-07-12,70.2,sensitive,potato,3,40.0,0.5,loam,medium,83,hose_reel,groundwater_well,13.3,0
farm_1,farm_1_field_5,2026-07-13,59.6,sensitive,potato,4,40.0,1.0,loam,medium,84,hose_reel,groundwater_well,13.3,0
farm_1,farm_1_field_5,2026-07-14,64.1,sensitive,potato,5,40.0,0.2,loam,medium,85,hose_reel,groundwater_well,13.3,1
farm_1,farm_1_field_5,2026-07-15,62.8,sensitive,potato,6,40.0,0.0,loam,medium,86,hose_reel,groundwater_well,13.3,1
farm_1,farm_1_field_5,2026-07-16,63.8,sensitive,potato,7,40.0,0.3,loam,medium,87,hose_reel,groundwater_well,13.3,1
farm_1,farm_1_field_5,2026-07-17,54.7,sensitive,potato,8,40.0,0.0,loam,medium,88,hose_reel,groundwater_well,13.3,1
farm_1,farm_1_field_5,2026-07-18,54.3,sensitive,potato,9,40.0,0.0,loam,medium,89,hose_reel,groundwater_well,13.3,2
farm_1,farm_1_field_5,2026-07-19,76.5,sensitive,potato,1,40.0,0.0,loam,medium,90,hose_reel,groundwater_well,13.3,0
farm_1,farm_1_field_5,2026-07-20,68.7,sensitive,potato,2,40.0,0.0,loam,medium,91,hose_reel,groundwater_well,13.3,0
farm_1,farm_1_field_5,2026-07-21,67.1,sensitive,potato,3,40.0,0.3,loam,medium,92,hose_reel,groundwater_well,13.3,0
farm_1,farm_1_field_5,2026-07-22,64.9,sensitive,potato,4,40.0,0.0,loam,medium,93,hose_reel,groundwater_well,13.3,1
farm_1,farm_1_field_5,2026-07-23,67.9,sensitive,potato,5,40.0,0.0,loam,medium,94,hose_reel,groundwater_well,13.3,1
farm_1,farm_1_field_5,2026-07-24,61.0,sensitive,potato,6,40.0,0.0,loam,medium,95,hose_reel,groundwater_well,13.3,1
farm_1,farm_1_field_5,2026-07-25,58.4,sensitive,potato,7,40.0,0.0,loam,medium,96,hose_reel,groundwater_well,13.3,1
farm_1,farm_1_field_5,2026-07-26,52.0,sensitive,potato,8,40.0,0.3,loam,medium,97,hose_reel,groundwater_well,13.3,1
farm_1,farm_1_field_5,2026-07-27,74.9,sensitive,potato,1,40.0,1.9,loam,medium,98,hose_reel,groundwater_well,13.3,0
farm_1,farm_1_field_5,2026-07-28,76.8,sensitive,potato,2,40.0,0.6,loam,medium,99,hose_reel,groundwater_well,13.3,0
farm_1,farm_1_field_5,2026-07-29,77.5,late,potato,3,40.0,7.3,loam,medium,100,hose_reel,groundwater_well,13.3,0
farm_1,farm_1_field_5,2026-07-30,79.6,late,potato,4,40.0,0.2,loam,medium,101,hose_reel,groundwater_well,13.3,0
farm_1,farm_1_field_5,2026-07-31,71.9,late,potato,5,40.0,0.3,loam,medium,102,hose_reel,groundwater_well,13.3,0
farm_1,farm_1_field_5,2026-08-01,67.1,late,potato,6,40.0,0.0,loam,medium,103,hose_reel,groundwater_well,13.3,0
farm_1,farm_1_field_5,2026-08-02,67.7,late,potato,7,40.0,0.0,loam,medium,104,hose_reel,groundwater_well,13.3,0
farm_1,farm_1_field_5,2026-08-03,61.8,late,potato,8,40.0,0.0,loam,medium,105,hose_reel,groundwater_well,13.3,0
farm_1,farm_1_field_5,2026-08-04,62.2,late,potato,9,40.0,0.5,loam,medium,106,hose_reel,groundwater_well,13.3,0
farm_1,farm_1_field_5,2026-08-05,57.4,late,potato,10,40.0,0.2,loam,medium,107,hose_reel,groundwater_well,13.3,0
farm_1,farm_1_field_5,2026-08-06,63.4,late,potato,11,40.0,8.7,loam,medium,108,hose_reel,groundwater_well,13.3,0
farm_1,farm_1_field_5,2026-08-07,66.5,late,potato,12,40.0,0.0,loam,medium,109,hose_reel,groundwater_well,13.3,0
farm_1,farm_1_field_5,2026-08-08,62.4,late,potato,13,40.0,0.0,loam,medium,110,hose_reel,groundwater_well,13.3,0
farm_1,farm_1_field_5,2026-08-09,58.9,late,potato,14,40.0,0.1,loam,medium,111,hose_reel,groundwater_well,13.3,0
farm_1,farm_1_field_5,2026-08-10,56.9,late,potato,15,40.0,0.0,loam,medium,112,hose_reel,groundwater_well,13.3,0
farm_1,farm_1_field_5,2026-08-11,58.3,late,potato,16,40.0,0.9,loam,medium,113,hose_reel,groundwater_well,13.3,0
farm_1,farm_1_field_5,2026-08-12,52.8,late,potato,17,40.0,0.0,loam,medium,114,hose_reel,groundwater_well,13.3,0
farm_1,farm_1_field_5,2026-08-13,47.5,late,potato,18,40.0,0.0,loam,medium,115,hose_reel,groundwater_well,13.3,0
farm_1,farm_1_field_5,2026-08-14,52.9,late,potato,19,40.0,0.0,loam,medium,116,hose_reel,groundwater_well,13.3,0
farm_1,farm_1_field_5,2026-08-15,49.9,late,potato,20,40.0,0.0,loam,medium,117,hose_reel,groundwater_well,13.3,0
farm_1,farm_1_field_5,2026-08-16,45.5,late,potato,21,40.0,0.6,loam,medium,118,hose_reel,groundwater_well,13.3,1
farm_1,farm_1_field_5,2026-08-17,45.4,late,potato,22,40.0,0.0,loam,medium,119,hose_reel,groundwater_well,13.3,1
farm_1,farm_1_field_5,2026-08-18,42.6,late,potato,23,40.0,0.3,loam,medium,120,hose_reel,groundwater_well,13.3,1
farm_1,farm_1_field_5,2026-08-19,39.6,late,potato,24,40.0,0.0,loam,medium,121,hose_reel,groundwater_well,13.3,1
farm_1,farm_1_field_5,2026-08-20,66.0,late,potato,1,40.0,0.2,loam,medium,122,hose_reel,groundwater_well,13.3,0
farm_1,farm_1_field_5,2026-08-21,64.8,late,potato,2,40.0,0.0,loam,medium,123,hose_reel,groundwater_well,13.3,0
farm_1,farm_1_field_5,2026-08-22,65.4,late,potato,3,40.0,0.4,loam,medium,124,hose_reel,groundwater_well,13.3,0
farm_1,farm_1_field_5,2026-08-23,58.8,late,potato,4,40.0,0.1,loam,medium,125,hose_reel,groundwater_well,13.3,0
farm_1,farm_1_field_5,2026-08-24,60.4,late,potato,5,40.0,0.0,loam,medium,126,hose_reel,groundwater_well,13.3,0
farm_1,farm_1_field_5,2026-08-25,60.6,late,potato,6,40.0,0.7,loam,medium,127,hose_reel,groundwater_well,13.3,0
farm_1,farm_1_field_5,2026-08-26,56.6,late,potato,7,40.0,0.0,loam,medium,128,hose_reel,groundwater_well,13.3,0
farm_1,farm_1_field_5,2026-08-27,56.1,late,potato,8,40.0,0.2,loam,medium,129,hose_reel,groundwater_well,13.3,0
farm_1,farm_1_field_5,2026-08-28,46.5,late,potato,9,40.0,14.8,loam,medium,130,hose_reel,groundwater_well,13.3,0
farm_1,farm_1_field_5,2026-08-29,56.9,late,potato,10,40.0,0.0,loam,medium,131,hose_reel,groundwater_well,13.3,0
farm_1,farm_1_field_5,2026-08-30,59.9,late,potato,11,40.0,0.1,loam,medium,132,hose_reel,groundwater_well,13.3,0
farm_1,farm_1_field_5,2026-08-31,56.4,late,potato,12,40.0,0.0,loam,medium,133,hose_reel,groundwater_well,13.3,0
farm_1,farm_1_field_5,2026-09-01,54.1,late,potato,13,40.0,0.6,loam,medium,134,hose_reel,groundwater_well,13.3,0
farm_1,farm_1_field_5,2026-09-02,58.1,late,potato,14,40.0,0.2,loam,medium,135,hose_reel,groundwater_well,13.3,0
farm_1,farm_1_field_5,2026-09-03,49.3,late,potato,15,40.0,0.0,loam,medium,136,hose_reel,groundwater_well,13.3,0
farm_1,farm_1_field_5,2026-09-04,46.8,late,potato,16,40.0,0.1,loam,medium,137,hose_reel,groundwater_well,13.3,0
farm_1,farm_1_field_5,2026-09-05,46.2,late,potato,17,40.0,0.0,loam,medium,138,hose_reel,groundwater_well,13.3,0
farm_1,farm_1_field_5,2026-09-06,47.2,late,potato,18,40.0,0.2,loam,medium,139,hose_reel,groundwater_well,13.3,1
farm_1,farm_1_field_5,2026-09-07,43.1,late,potato,19,40.0,0.0,loam,medium,140,hose_reel,groundwater_well,13.3,1
farm_1,farm_1_field_5,2026-09-08,37.6,late,potato,20,40.0,0.0,loam,medium,141,hose_reel,groundwater_well,13.3,1
farm_1,farm_1_field_5,2026-09-09,39.4,late,potato,21,40.0,0.0,loam,medium,142,hose_reel,groundwater_well,13.3,1
farm_1,farm_1_field_5,2026-09-10,46.8,late,potato,22,40.0,0.0,loam,medium,143,hose_reel,groundwater_well,13.3,1
farm_1,farm_1_field_5,2026-09-11,38.1,late,potato,23,40.0,0.0,loam,medium,144,hose_reel,groundwater_well,13.3,1
farm_1,farm_1_field_5,2026-09-12,68.7,late,potato,1,40.0,0.1,loam,medium,145,hose_reel,groundwater_well,13.3,0
farm_1,farm_1_field_5,2026-09-13,65.0,late,potato,2,40.0,0.0,loam,medium,146,hose_reel,groundwater_well,13.3,0
farm_1,farm_1_field_5,2026-09-14,63.1,late,potato,3,40.0,1.6,loam,medium,147,hose_reel,groundwater_well,13.3,0
farm_1,farm_1_field_5,2026-09-15,54.2,late,potato,4,40.0,0.0,loam,medium,148,hose_reel,groundwater_well,13.3,0
farm_1,farm_1_field_5,2026-09-16,54.6,late,potato,5,40.0,4.9,loam,medium,149,hose_reel,groundwater_well,13.3,0
farm_1,farm_1_field_5,2026-09-17,59.7,late,potato,6,40.0,2.0,loam,medium,150,hose_reel,groundwater_well,13.3,0
farm_1,farm_1_field_5,2026-09-18,59.0,late,potato,7,40.0,0.0,loam,medium,151,hose_reel,groundwater_well,13.3,0
farm_1,farm_1_field_5,2026-09-19,58.7,late,potato,8,40.0,0.7,loam,medium,152,hose_reel,groundwater_well,13.3,0
farm_1,farm_1_field_5,2026-09-20,58.8,late,potato,9,40.0,0.0,loam,medium,153,hose_reel,groundwater_well,13.3,0
farm_1,farm_1_field_5,2026-09-21,50.6,late,potato,10,40.0,0.0,loam,medium,154,hose_reel,groundwater_well,13.3,0
farm_1,farm_1_field_5,2026-09-22,52.9,late,potato,11,40.0,0.5,loam,medium,155,hose_reel,groundwater_well,13.3,0
farm_1,farm_1_field_5,2026-09-23,53.2,late,potato,12,40.0,0.0,loam,medium,156,hose_reel,groundwater_well,13.3,0
farm_1,farm_1_field_5,2026-09-24,54.1,late,potato,13,40.0,0.0,loam,medium,157,hose_reel,groundwater_well,13.3,0
farm_1,farm_1_field_5,2026-09-25,47.9,late,potato,14,40.0,0.6,loam,medium,158,hose_reel,groundwater_well,13.3,0
farm_1,farm_1_field_5,2026-09-26,53.7,late,potato,15,40.0,0.0,loam,medium,159,hose_reel,groundwater_well,13.3,0
farm_1,farm_1_field_5,2026-09-27,47.2,late,potato,16,40.0,0.0,loam,medium,160,hose_reel,groundwater_well,13.3,0
farm_1,farm_1_field_5,2026-09-28,50.0,late,potato,17,40.0,0.4,loam,medium,161,hose_reel,groundwater_well,13.3,0
farm_1,farm_1_field_5,2026-09-29,40.6,late,potato,18,40.0,0.0,loam,medium,162,hose_reel,groundwater_well,13.3,1
farm_1,farm_1_field_5,2026-09-30,70.9,late,potato,1,40.0,0.0,loam,medium,163,hose_reel,groundwater_well,13.3,0
farm_2,farm_2_field_1,2026-04-15,52.4,initial,potato,3,0.0,0.1,loam,late,3,hose_reel,irrigation_canal,21.8,0
farm_2,farm_2_field_1,2026-04-16,58.3,initial,potato,4,0.0,5.1,loam,late,4,hose_reel,irrigation_canal,21.8,0
farm_2,farm_2_field_1,2026-04-17,61.3,initial,potato,5,0.0,0.2,loam,late,5,hose_reel,irrigation_canal,21.8,0
farm_2,farm_2_field_1,2026-04-18,58.9,initial,potato,6,0.0,0.4,loam,late,6,hose_reel,irrigation_canal,21.8,0
farm_2,farm_2_field_1,2026-04-19,49.7,initial,potato,7,0.0,0.0,loam,late,7,hose_reel,irrigation_canal,21.8,0
farm_2,farm_2_field_1,2026-04-20,56.2,initial,potato,8,0.0,0.7,loam,late,8,hose_reel,irrigation_canal,21.8,0
farm_2,farm_2_field_1,2026-04-21,57.5,initial,potato,9,0.0,0.0,loam,late,9,hose_reel,irrigation_canal,21.8,0
farm_2,farm_2_field_1,2026-04-22,56.1,initial,potato,10,0.0,5.2,loam,late,10,hose_reel,irrigation_canal,21.8,0
farm_2,farm_2_field_1,2026-04-23,58.5,initial,potato,11,0.0,0.0,loam,late,11,hose_reel,irrigation_canal,21.8,0
farm_2,farm_2_field_1,2026-04-24,57.7,initial,potato,12,0.0,0.8,loam,late,12,hose_reel,irrigation_canal,21.8,0
farm_2,farm_2_field_1,2026-04-25,61.6,initial,potato,13,0.0,0.5,loam,late,13,hose_reel,irrigation_canal,21.8,0
farm_2,farm_2_field_1,2026-04-26,55.2,initial,potato,14,0.0,0.0,loam,late,14,hose_reel,irrigation_canal,21.8,0
farm_2,farm_2_field_1,2026-04-27,53.2,initial,potato,15,0.0,6.0,loam,late,15,hose_reel,irrigation_canal,21.8,0
farm_2,farm_2_field_1,2026-04-28,59.0,initial,potato,16,0.0,0.0,loam,late,16,hose_reel,irrigation_canal,21.8,0
farm_2,farm_2_field_1,2026-04-29,58.0,initial,potato,17,0.0,0.0,loam,late,17,hose_reel,irrigation_canal,21.8,0
farm_2,farm_2_field_1,2026-04-30,54.4,initial,potato,18,0.0,1.8,loam,late,18,hose_reel,irrigation_canal,21.8,0
farm_2,farm_2_field_1,2026-05-01,59.9,initial,potato,19,0.0,0.4,loam,late,19,hose_reel,irrigation_canal,21.8,0
farm_2,farm_2_field_1,2026-05-02,52.4,initial,potato,20,0.0,0.4,loam,late,20,hose_reel,irrigation_canal,21.8,0
farm_2,farm_2_field_1,2026-05-03,54.8,initial,potato,21,0.0,4.1,loam,late,21,hose_reel,irrigation_canal,21.8,0
farm_2,farm_2_field_1,2026-05-04,58.0,initial,potato,22,0.0,0.2,loam,late,22,hose_reel,irrigation_canal,21.8,0
farm_2,farm_2_field_1,2026-05-05,52.1,initial,potato,23,0.0,0.0,loam,late,23,hose_reel,irrigation_canal,21.8,0
farm_2,farm_2_field_1,2026-05-06,52.8,initial,potato,24,0.0,0.0,loam,late,24,hose_reel,irrigation_canal,21.8,0
farm_2,farm_2_field_1,2026-05-07,54.9,initial,potato,25,0.0,0.0,loam,late,25,hose_reel,irrigation_canal,21.8,0
farm_2,farm_2_field_1,2026-05-08,53.0,initial,potato,26,0.0,0.0,loam,late,26,hose_reel,irrigation_canal,21.8,0
farm_2,farm_2_field_1,2026-05-09,47.8,initial,potato,27,0.0,0.3,loam,late,27,hose_reel,irrigation_canal,21.8,0
farm_2,farm_2_field_1,2026-05-10,45.6,initial,potato,28,0.0,0.6,loam,late,28,hose_reel,irrigation_canal,21.8,0
farm_2,farm_2_field_1,2026-05-11,52.3,development,potato,29,0.0,0.3,loam,late,29,hose_reel,irrigation_canal,21.8,1
farm_2,farm_2_field_1,2026-05-12,48.5,development,potato,30,0.0,0.2,loam,late,30,hose_reel,irrigation_canal,21.8,1
farm_2,farm_2_field_1,2026-05-13,46.5,development,potato,31,0.0,0.0,loam,late,31,hose_reel,irrigation_canal,21.8,1
farm_2,farm_2_field_1,2026-05-14,75.6,development,potato,1,40.0,0.0,loam,late,32,hose_reel,irrigation_canal,21.8,0
farm_2,farm_2_field_1,2026-05-15,74.3,development,potato,2,40.0,0.1,loam,late,33,hose_reel,irrigation_canal,21.8,0
farm_2,farm_2_field_1,2026-05-16,69.6,development,potato,3,40.0,0.0,loam,late,34,hose_reel,irrigation_canal,21.8,0
farm_2,farm_2_field_1,2026-05-17,61.8,development,potato,4,40.0,8.7,loam,late,35,hose_reel,irrigation_canal,21.8,0
farm_2,farm_2_field_1,2026-05-18,71.4,development,potato,5,40.0,0.7,loam,late,36,hose_reel,irrigation_canal,21.8,0
farm_2,farm_2_field_1,2026-05-19,66.2,development,potato,6,40.0,11.8,loam,late,37,hose_reel,irrigation_canal,21.8,0
farm_2,farm_2_field_1,2026-05-20,73.0,development,potato,7,40.0,0.7,loam,late,38,hose_reel,irrigation_canal,21.8,0
farm_2,farm_2_field_1,2026-05-21,73.7,development,potato,8,40.0,6.6,loam,late,39,hose_reel,irrigation_canal,21.8,0
farm_2,farm_2_field_1,2026-05-22,72.0,development,potato,9,40.0,0.0,loam,late,40,hose_reel,irrigation_canal,21.8,0
farm_2,farm_2_field_1,2026-05-23,70.6,development,potato,10,40.0,0.0,loam,late,41,hose_reel,irrigation_canal,21.8,0
farm_2,farm_2_field_1,2026-05-24,65.8,development,potato,11,40.0,0.0,loam,late,42,hose_reel,irrigation_canal,21.8,0
farm_2,farm_2_field_1,2026-05-25,68.6,development,potato,12,40.0,4.2,loam,late,43,hose_reel,irrigation_canal,21.8,0
farm_2,farm_2_field_1,2026-05-26,71.2,development,potato,13,40.0,0.0,loam,late,44,hose_reel,irrigation_canal,21.8,0
farm_2,farm_2_field_1,2026-05-27,63.7,development,potato,14,40.0,0.1,loam,late,45,hose_reel,irrigation_canal,21.8,0
farm_2,farm_2_field_1,2026-05-28,64.6,development,potato,15,40.0,0.0,loam,late,46,hose_reel,irrigation_canal,21.8,0
farm_2,farm_2_field_1,2026-05-29,66.1,development,potato,16,40.0,0.5,loam,late,47,hose_reel,irrigation_canal,21.8,0
farm_2,farm_2_field_1,2026-05-30,64.8,development,potato,17,40.0,0.0,loam,late,48,hose_reel,irrigation_canal,21.8,0
farm_2,farm_2_field_1,2026-05-31,60.9,development,potato,18,40.0,0.0,loam,late,49,hose_reel,irrigation_canal,21.8,0
farm_2,farm_2_field_1,2026-06-01,58.2,development,potato,19,40.0,0.0,loam,late,50,hose_reel,irrigation_canal,21.8,0
farm_2,farm_2_field_1,2026-06-02,52.6,development,potato,20,40.0,0.1,loam,late,51,hose_reel,irrigation_canal,21.8,0
farm_2,farm_2_field_1,2026-06-03,53.0,development,potato,21,40.0,0.0,loam,late,52,hose_reel,irrigation_canal,21.8,1
farm_2,farm_2_field_1,2026-06-04,49.3,development,potato,22,40.0,0.1,loam,late,53,hose_reel,irrigation_canal,21.8,1
farm_2,farm_2_field_1,2026-06-05,42.8,development,potato,23,40.0,0.0,loam,late,54,hose_reel,irrigation_canal,21.8,1
farm_2,farm_2_field_1,2026-06-06,75.7,development,potato,1,40.0,0.6,loam,late,55,hose_reel,irrigation_canal,21.8,0
farm_2,farm_2_field_1,2026-06-07,72.8,development,potato,2,40.0,24.4,loam,late,56,hose_reel,irrigation_canal,21.8,0
farm_2,farm_2_field_1,2026-06-08,78.6,development,potato,3,40.0,23.8,loam,late,57,hose_reel,irrigation_canal,21.8,0
farm_2,farm_2_field_1,2026-06-09,100.0,development,potato,4,40.0,0.5,loam,late,58,hose_reel,irrigation_canal,21.8,0
farm_2,farm_2_field_1,2026-06-10,94.4,development,potato,5,40.0,0.0,loam,late,59,hose_reel,irrigation_canal,21.8,0
farm_2,farm_2_field_1,2026-06-11,97.3,development,potato,6,40.0,0.2,loam,late,60,hose_reel,irrigation_canal,21.8,0
farm_2,farm_2_field_1,2026-06-12,91.6,development,potato,7,40.0,0.0,loam,late,61,hose_reel,irrigation_canal,21.8,0
farm_2,farm_2_field_1,2026-06-13,87.8,development,potato,8,40.0,0.3,loam,late,62,hose_reel,irrigation_canal,21.8,0
farm_2,farm_2_field_1,2026-06-14,86.0,sensitive,potato,9,40.0,0.8,loam,late,63,hose_reel,irrigation_canal,21.8,0
farm_2,farm_2_field_1,2026-06-15,82.0,sensitive,potato,10,40.0,0.3,loam,late,64,hose_reel,irrigation_canal,21.8,0
farm_2,farm_2_field_1,2026-06-16,80.8,sensitive,potato,11,40.0,0.0,loam,late,65,hose_reel,irrigation_canal,21.8,0
farm_2,farm_2_field_1,2026-06-17,71.4,sensitive,potato,12,40.0,2.6,loam,late,66,hose_reel,irrigation_canal,21.8,0
farm_2,farm_2_field_1,2026-06-18,80.5,sensitive,potato,13,40.0,30.1,loam,late,67,hose_reel,irrigation_canal,21.8,0
farm_2,farm_2_field_1,2026-06-19,87.8,sensitive,potato,14,40.0,0.0,loam,late,68,hose_reel,irrigation_canal,21.8,0
farm_2,farm_2_field_1,2026-06-20,88.3,sensitive,potato,15,40.0,0.1,loam,late,69,hose_reel,irrigation_canal,21.8,0
farm_2,farm_2_field_1,2026-06-21,83.3,sensitive,potato,16,40.0,0.5,loam,late,70,hose_reel,irrigation_canal,21.8,0
farm_2,farm_2_field_1,2026-06-22,80.5,sensitive,potato,17,40.0,0.4,loam,late,71,hose_reel,irrigation_canal,21.8,0
farm_2,farm_2_field_1,2026-06-23,77.6,sensitive,potato,18,40.0,0.0,loam,late,72,hose_reel,irrigation_canal,21.8,0
farm_2,farm_2_field_1,2026-06-24,77.4,sensitive,potato,19,40.0,0.0,loam,late,73,hose_reel,irrigation_canal,21.8,0
farm_2,farm_2_field_1,2026-06-25,69.1,sensitive,potato,20,40.0,0.0,loam,late,74,hose_reel,irrigation_canal,21.8,0
farm_2,farm_2_field_1,2026-06-26,72.0,sensitive,potato,21,40.0,0.5,loam,late,75,hose_reel,irrigation_canal,21.8,0
farm_2,farm_2_field_1,2026-06-27,59.8,sensitive,potato,22,40.0,0.0,loam,late,76,hose_reel,irrigation_canal,21.8,0
farm_2,farm_2_field_1,2026-06-28,61.8,sensitive,potato,23,40.0,2.8,loam,late,77,hose_reel,irrigation_canal,21.8,1
farm_2,farm_2_field_1,2026-06-29,58.8,sensitive,potato,24,40.0,0.4,loam,late,78,hose_reel,irrigation_canal,21.8,1
farm_2,farm_2_field_1,2026-06-30,54.3,sensitive,potato,25,40.0,0.0,loam,late,79,hose_reel,irrigation_canal,21.8,1
farm_2,farm_2_field_1,2026-07-01,45.8,sensitive,potato,26,40.0,0.6,loam,late,80,hose_reel,irrigation_canal,21.8,1
farm_2,farm_2_field_1,2026-07-02,47.7,sensitive,potato,27,40.0,0.0,loam,late,81,hose_reel,irrigation_canal,21.8,1
farm_2,farm_2_field_1,2026-07-03,42.7,sensitive,potato,28,40.0,0.0,loam,late,82,hose_reel,irrigation_canal,21.8,2
farm_2,farm_2_field_1,2026-07-04,68.7,sensitive,potato,1,40.0,0.9,loam,late,83,hose_reel,irrigation_canal,21.8,0
farm_2,farm_2_field_1,2026-07-05,63.1,sensitive,potato,2,40.0,0.0,loam,late,84,hose_reel,irrigation_canal,21.8,0
farm_2,farm_2_field_1,2026-07-06,62.9,sensitive,potato,3,40.0,0.0,loam,late,85,hose_reel,irrigation_canal,21.8,1
farm_2,farm_2_field_1,2026-07-07,50.7,sensitive,potato,4,40.0,0.0,loam,late,86,hose_reel,irrigation_canal,21.8,1
farm_2,farm_2_field_1,2026-07-08,51.9,sensitive,potato,5,40.0,0.8,loam,late,87,hose_reel,irrigation_canal,21.8,1
farm_2,farm_2_field_1,2026-07-09,50.5,sensitive,potato,6,40.0,5.7,loam,late,88,hose_reel,irrigation_canal,21.8,1
farm_2,farm_2_field_1,2026-07-10,47.5,sensitive,potato,7,40.0,0.0,loam,late,89,hose_reel,irrigation_canal,21.8,1
farm_2,farm_2_field_1,2026-07-11,43.7,sensitive,potato,8,40.0,0.0,loam,late,90,hose_reel,irrigation_canal,21.8,2
farm_2,farm_2_field_1,2026-07-12,73.6,sensitive,potato,1,40.0,0.0,loam,late,91,hose_reel,irrigation_canal,21.8,0
farm_2,farm_2_field_1,2026-07-13,63.3,sensitive,potato,2,40.0,0.0,loam,late,92,hose_reel,irrigation_canal,21.8,0
farm_2,farm_2_field_1,2026-07-14,62.7,sensitive,potato,3,40.0,0.4,loam,late,93,hose_reel,irrigation_canal,21.8,1
farm_2,farm_2_field_1,2026-07-15,57.6,sensitive,potato,4,40.0,0.0,loam,late,94,hose_reel,irrigation_canal,21.8,1
farm_2,farm_2_field_1,2026-07-16,56.5,sensitive,potato,5,40.0,0.2,loam,late,95,hose_reel,irrigation_canal,21.8,1
farm_2,farm_2_field_1,2026-07-17,49.2,sensitive,potato,6,40.0,0.0,loam,late,96,hose_reel,irrigation_canal,21.8,1
farm_2,farm_2_field_1,2026-07-18,48.2,sensitive,potato,7,40.0,1.0,loam,late,97,hose_reel,irrigation_canal,21.8,2
farm_2,farm_2_field_1,2026-07-19,74.2,sensitive,potato,1,40.0,0.9,loam,late,98,hose_reel,irrigation_canal,21.8,0
farm_2,farm_2_field_1,2026-07-20,69.0,sensitive,potato,2,40.0,0.0,loam,late,99,hose_reel,irrigation_canal,21.8,0
farm_2,farm_2_field_1,2026-07-21,69.7,sensitive,potato,3,40.0,0.5,loam,late,100,hose_reel,irrigation_canal,21.8,0
farm_2,farm_2_field_1,2026-07-22,57.3,sensitive,potato,4,40.0,0.4,loam,late,101,hose_reel,irrigation_canal,21.8,1
farm_2,farm_2_field_1,2026-07-23,58.8,sensitive,potato,5,40.0,0.4,loam,late,102,hose_reel,irrigation_canal,21.8,1
farm_2,farm_2_field_1,2026-07-24,51.5,sensitive,potato,6,40.0,0.1,loam,late,103,hose_reel,irrigation_canal,21.8,1
farm_2,farm_2_field_1,2026-07-25,45.4,sensitive,potato,7,40.0,0.0,loam,late,104,hose_reel,irrigation_canal,21.8,1
farm_2,farm_2_field_1,2026-07-26,46.4,sensitive,potato,8,40.0,0.7,loam,late,105,hose_reel,irrigation_canal,21.8,2
farm_2,farm_2_field_1,2026-07-27,75.0,sensitive,potato,1,40.0,3.0,loam,late,106,hose_reel,irrigation_canal,21.8,0
farm_2,farm_2_field_1,2026-07-28,66.5,sensitive,potato,2,40.0,0.5,loam,late,107,hose_reel,irrigation_canal,21.8,0
farm_2,farm_2_field_1,2026-07-29,68.8,sensitive,potato,3,40.0,9.3,loam,late,108,hose_reel,irrigation_canal,21.8,0
farm_2,farm_2_field_1,2026-07-30,65.4,sensitive,potato,4,40.0,0.4,loam,late,109,hose_reel,irrigation_canal,21.8,0
farm_2,farm_2_field_1,2026-07-31,59.4,sensitive,potato,5,40.0,0.1,loam,late,110,hose_reel,irrigation_canal,21.8,0
farm_2,farm_2_field_1,2026-08-01,59.6,sensitive,potato,6,40.0,0.0,loam,late,111,hose_reel,irrigation_canal,21.8,1
farm_2,farm_2_field_1,2026-08-02,57.6,sensitive,potato,7,40.0,0.0,loam,late,112,hose_reel,irrigation_canal,21.8,1
farm_2,farm_2_field_1,2026-08-03,50.6,sensitive,potato,8,40.0,0.4,loam,late,113,hose_reel,irrigation_canal,21.8,1
farm_2,farm_2_field_1,2026-08-04,53.9,sensitive,potato,9,40.0,0.6,loam,late,114,hose_reel,irrigation_canal,21.8,1
farm_2,farm_2_field_1,2026-08-05,43.8,late,potato,10,40.0,0.5,loam,late,115,hose_reel,irrigation_canal,21.8,0
farm_2,farm_2_field_1,2026-08-06,41.3,late,potato,11,40.0,11.8,loam,late,116,hose_reel,irrigation_canal,21.8,1
farm_2,farm_2_field_1,2026-08-07,47.9,late,potato,12,40.0,0.7,loam,late,117,hose_reel,irrigation_canal,21.8,0
farm_2,farm_2_field_1,2026-08-08,45.7,late,potato,13,40.0,0.0,loam,late,118,hose_reel,irrigation_canal,21.8,0
farm_2,farm_2_field_1,2026-08-09,47.3,late,potato,14,40.0,0.0,loam,late,119,hose_reel,irrigation_canal,21.8,0
farm_2,farm_2_field_1,2026-08-10,40.2,late,potato,15,40.0,0.0,loam,late,120,hose_reel,irrigation_canal,21.8,1
farm_2,farm_2_field_1,2026-08-11,33.8,late,potato,16,40.0,2.8,loam,late,121,hose_reel,irrigation_canal,21.8,1
farm_2,farm_2_field_1,2026-08-12,34.8,late,potato,17,40.0,0.1,loam,late,122,hose_reel,irrigation_canal,21.8,1
farm_2,farm_2_field_1,2026-08-13,37.9,late,potato,18,40.0,0.0,loam,late,123,hose_reel,irrigation_canal,21.8,1
farm_2,farm_2_field_1,2026-08-14,58.5,late,potato,1,40.0,0.5,loam,late,124,hose_reel,irrigation_canal,21.8,0
farm_2,farm_2_field_1,2026-08-15,65.2,late,potato,2,40.0,0.1,loam,late,125,hose_reel,irrigation_canal,21.8,0
farm_2,farm_2_field_1,2026-08-16,58.3,late,potato,3,40.0,0.8,loam,late,126,hose_reel,irrigation_canal,21.8,0
farm_2,farm_2_field_1,2026-08-17,57.3,late,potato,4,40.0,0.0,loam,late,127,hose_reel,irrigation_canal,21.8,0
farm_2,farm_2_field_1,2026-08-18,52.2,late,potato,5,40.0,0.1,loam,late,128,hose_reel,irrigation_canal,21.8,0
farm_2,farm_2_field_1,2026-08-19,50.7,late,potato,6,40.0,0.0,loam,late,129,hose_reel,irrigation_canal,21.8,0
farm_2,farm_2_field_1,2026-08-20,51.1,late,potato,7,40.0,0.0,loam,late,130,hose_reel,irrigation_canal,21.8,0
farm_2,farm_2_field_1,2026-08-21,48.8,late,potato,8,40.0,0.3,loam,late,131,hose_reel,irrigation_canal,21.8,0
farm_2,farm_2_field_1,2026-08-22,44.3,late,potato,9,40.0,0.0,loam,late,132,hose_reel,irrigation_canal,21.8,0
farm_2,farm_2_field_1,2026-08-23,35.0,late,potato,10,40.0,0.6,loam,late,133,hose_reel,irrigation_canal,21.8,1
farm_2,farm_2_field_1,2026-08-24,39.7,late,potato,11,40.0,0.0,loam,late,134,hose_reel,irrigation_canal,21.8,1
farm_2,farm_2_field_1,2026-08-25,65.3,late,potato,1,40.0,0.0,loam,late,135,hose_reel,irrigation_canal,21.8,0
farm_2,farm_2_field_1,2026-08-26,63.5,late,potato,2,40.0,0.0,loam,late,136,hose_reel,irrigation_canal,21.8,0
farm_2,farm_2_field_1,2026-08-27,62.6,late,potato,3,40.0,0.2,loam,late,137,hose_reel,irrigation_canal,21.8,0
farm_2,farm_2_field_1,2026-08-28,54.2,late,potato,4,40.0,20.6,loam,late,138,hose_reel,irrigation_canal,21.8,0
farm_2,farm_2_field_1,2026-08-29,74.5,late,potato,5,40.0,0.0,loam,late,139,hose_reel,irrigation_canal,21.8,0
farm_2,farm_2_field_1,2026-08-30,71.9,late,potato,6,40.0,0.4,loam,late,140,hose_reel,irrigation_canal,21.8,0
farm_2,farm_2_field_1,2026-08-31,68.2,late,potato,7,40.0,0.0,loam,late,141,hose_reel,irrigation_canal,21.8,0
farm_2,farm_2_field_1,2026-09-01,64.6,late,potato,8,40.0,0.0,loam,late,142,hose_reel,irrigation_canal,21.8,0
farm_2,farm_2_field_1,2026-09-02,64.2,late,potato,9,40.0,0.0,loam,late,143,hose_reel,irrigation_canal,21.8,0
farm_2,farm_2_field_1,2026-09-03,60.4,late,potato,10,40.0,0.0,loam,late,144,hose_reel,irrigation_canal,21.8,0
farm_2,farm_2_field_1,2026-09-04,68.8,late,potato,11,40.0,0.9,loam,late,145,hose_reel,irrigation_canal,21.8,0
farm_2,farm_2_field_1,2026-09-05,56.3,late,potato,12,40.0,0.7,loam,late,146,hose_reel,irrigation_canal,21.8,0
farm_2,farm_2_field_1,2026-09-06,53.5,late,potato,13,40.0,0.0,loam,late,147,hose_reel,irrigation_canal,21.8,0
farm_2,farm_2_field_1,2026-09-07,53.4,late,potato,14,40.0,0.0,loam,late,148,hose_reel,irrigation_canal,21.8,0
farm_2,farm_2_field_1,2026-09-08,56.7,late,potato,15,40.0,0.6,loam,late,149,hose_reel,irrigation_canal,21.8,0
farm_2,farm_2_field_1,2026-09-09,47.9,late,potato,16,40.0,0.0,loam,late,150,hose_reel,irrigation_canal,21.8,0
farm_2,farm_2_field_1,2026-09-10,47.0,late,potato,17,40.0,0.3,loam,late,151,hose_reel,irrigation_canal,21.8,0
farm_2,farm_2_field_1,2026-09-11,43.5,late,potato,18,40.0,0.3,loam,late,152,hose_reel,irrigation_canal,21.8,0
farm_2,farm_2_field_1,2026-09-12,45.0,late,potato,19,40.0,0.0,loam,late,153,hose_reel,irrigation_canal,21.8,0
farm_2,farm_2_field_1,2026-09-13,45.5,late,potato,20,40.0,0.2,loam,late,154,hose_reel,irrigation_canal,21.8,1
farm_2,farm_2_field_1,2026-09-14,39.7,late,potato,21,40.0,2.5,loam,late,155,hose_reel,irrigation_canal,21.8,1
farm_2,farm_2_field_1,2026-09-15,36.6,late,potato,22,40.0,0.1,loam,late,156,hose_reel,irrigation_canal,21.8,1
farm_2,farm_2_field_1,2026-09-16,33.3,late,potato,23,40.0,5.6,loam,late,157,hose_reel,irrigation_canal,21.8,1
farm_2,farm_2_field_1,2026-09-17,67.7,late,potato,1,40.0,3.0,loam,late,158,hose_reel,irrigation_canal,21.8,0
farm_2,farm_2_field_1,2026-09-18,69.0,late,potato,2,40.0,0.1,loam,late,159,hose_reel,irrigation_canal,21.8,0
farm_2,farm_2_field_1,2026-09-19,68.5,late,potato,3,40.0,0.2,loam,late,160,hose_reel,irrigation_canal,21.8,0
farm_2,farm_2_field_1,2026-09-20,68.4,late,potato,4,40.0,0.0,loam,late,161,hose_reel,irrigation_canal,21.8,0
farm_2,farm_2_field_1,2026-09-21,66.7,late,potato,5,40.0,0.0,loam,late,162,hose_reel,irrigation_canal,21.8,0
farm_2,farm_2_field_1,2026-09-22,60.9,late,potato,6,40.0,0.0,loam,late,163,hose_reel,irrigation_canal,21.8,0
farm_2,farm_2_field_1,2026-09-23,62.8,late,potato,7,40.0,0.2,loam,late,164,hose_reel,irrigation_canal,21.8,0
farm_2,farm_2_field_1,2026-09-24,62.3,late,potato,8,40.0,0.0,loam,late,165,hose_reel,irrigation_canal,21.8,0
farm_2,farm_2_field_1,2026-09-25,54.7,late,potato,9,40.0,0.0,loam,late,166,hose_reel,irrigation_canal,21.8,0
farm_2,farm_2_field_1,2026-09-26,53.2,late,potato,10,40.0,0.0,loam,late,167,hose_reel,irrigation_canal,21.8,0
farm_2,farm_2_field_1,2026-09-27,56.1,late,potato,11,40.0,0.0,loam,late,168,hose_reel,irrigation_canal,21.8,0
farm_2,farm_2_field_1,2026-09-28,53.4,late,potato,12,40.0,0.1,loam,late,169,hose_reel,irrigation_canal,21.8,0
farm_2,farm_2_field_1,2026-09-29,56.4,late,potato,13,40.0,0.0,loam,late,170,hose_reel,irrigation_canal,21.8,0
farm_2,farm_2_field_1,2026-09-30,48.0,late,potato,14,40.0,0.0,loam,late,171,hose_reel,irrigation_canal,21.8,0
farm_2,farm_2_field_2,2026-04-29,74.1,initial,maize,0,0.0,0.0,sand,medium,0,pivot,irrigation_canal,27.8,0
farm_2,farm_2_field_2,2026-04-30,76.5,initial,maize,1,0.0,1.8,sand,medium,1,pivot,irrigation_canal,27.8,0
farm_2,farm_2_field_2,2026-05-01,76.3,initial,maize,2,0.0,0.4,sand,medium,2,pivot,irrigation_canal,27.8,0
farm_2,farm_2_field_2,2026-05-02,69.5,initial,maize,3,0.0,0.4,sand,medium,3,pivot,irrigation_canal,27.8,0
farm_2,farm_2_field_2,2026-05-03,77.5,initial,maize,4,0.0,4.1,sand,medium,4,pivot,irrigation_canal,27.8,0
farm_2,farm_2_field_2,2026-05-04,72.5,initial,maize,5,0.0,0.2,sand,medium,5,pivot,irrigation_canal,27.8,0
farm_2,farm_2_field_2,2026-05-05,80.5,initial,maize,6,0.0,0.0,sand,medium,6,pivot,irrigation_canal,27.8,0
farm_2,farm_2_field_2,2026-05-06,73.1,initial,maize,7,0.0,0.0,sand,medium,7,pivot,irrigation_canal,27.8,0
farm_2,farm_2_field_2,2026-05-07,78.3,initial,maize,8,0.0,0.0,sand,medium,8,pivot,irrigation_canal,27.8,0
farm_2,farm_2_field_2,2026-05-08,78.4,initial,maize,9,0.0,0.0,sand,medium,9,pivot,irrigation_canal,27.8,0
farm_2,farm_2_field_2,2026-05-09,71.4,initial,maize,10,0.0,0.3,sand,medium,10,pivot,irrigation_canal,27.8,0
farm_2,farm_2_field_2,2026-05-10,75.4,initial,maize,11,0.0,0.6,sand,medium,11,pivot,irrigation_canal,27.8,0
farm_2,farm_2_field_2,2026-05-11,72.6,initial,maize,12,0.0,0.3,sand,medium,12,pivot,irrigation_canal,27.8,0
farm_2,farm_2_field_2,2026-05-12,68.4,initial,maize,13,0.0,0.2,sand,medium,13,pivot,irrigation_canal,27.8,0
farm_2,farm_2_field_2,2026-05-13,68.6,initial,maize,14,0.0,0.0,sand,medium,14,pivot,irrigation_canal,27.8,0
farm_2,farm_2_field_2,2026-05-14,65.5,initial,maize,15,0.0,0.0,sand,medium,15,pivot,irrigation_canal,27.8,0
farm_2,farm_2_field_2,2026-05-15,65.8,initial,maize,16,0.0,0.1,sand,medium,16,pivot,irrigation_canal,27.8,0
farm_2,farm_2_field_2,2026-05-16,66.0,initial,maize,17,0.0,0.0,sand,medium,17,pivot,irrigation_canal,27.8,0
farm_2,farm_2_field_2,2026-05-17,62.5,initial,maize,18,0.0,8.7,sand,medium,18,pivot,irrigation_canal,27.8,0
farm_2,farm_2_field_2,2026-05-18,71.8,initial,maize,19,0.0,0.7,sand,medium,19,pivot,irrigation_canal,27.8,0
farm_2,farm_2_field_2,2026-05-19,71.7,initial,maize,20,0.0,11.8,sand,medium,20,pivot,irrigation_canal,27.8,0
farm_2,farm_2_field_2,2026-05-20,94.1,initial,maize,21,0.0,0.7,sand,medium,21,pivot,irrigation_canal,27.8,0
farm_2,farm_2_field_2,2026-05-21,85.0,initial,maize,22,0.0,6.6,sand,medium,22,pivot,irrigation_canal,27.8,0
farm_2,farm_2_field_2,2026-05-22,97.3,initial,maize,23,0.0,0.0,sand,medium,23,pivot,irrigation_canal,27.8,0
farm_2,farm_2_field_2,2026-05-23,95.3,initial,maize,24,0.0,0.0,sand,medium,24,pivot,irrigation_canal,27.8,0
farm_2,farm_2_field_2,2026-05-24,97.6,initial,maize,25,0.0,0.0,sand,medium,25,pivot,irrigation_canal,27.8,0
farm_2,farm_2_field_2,2026-05-25,91.3,initial,maize,26,0.0,4.2,sand,medium,26,pivot,irrigation_canal,27.8,0
farm_2,farm_2_field_2,2026-05-26,97.7,initial,maize,27,0.0,0.0,sand,medium,27,pivot,irrigation_canal,27.8,0
farm_2,farm_2_field_2,2026-05-27,92.2,initial,maize,28,0.0,0.1,sand,medium,28,pivot,irrigation_canal,27.8,0
farm_2,farm_2_field_2,2026-05-28,93.1,initial,maize,29,0.0,0.0,sand,medium,29,pivot,irrigation_canal,27.8,0
farm_2,farm_2_field_2,2026-05-29,91.2,development,maize,30,0.0,0.5,sand,medium,30,pivot,irrigation_canal,27.8,0
farm_2,farm_2_field_2,2026-05-30,91.1,development,maize,31,0.0,0.0,sand,medium,31,pivot,irrigation_canal,27.8,0
farm_2,farm_2_field_2,2026-05-31,82.1,development,maize,32,0.0,0.0,sand,medium,32,pivot,irrigation_canal,27.8,0
farm_2,farm_2_field_2,2026-06-01,79.5,development,maize,33,0.0,0.0,sand,medium,33,pivot,irrigation_canal,27.8,0
farm_2,farm_2_field_2,2026-06-02,76.0,development,maize,34,0.0,0.1,sand,medium,34,pivot,irrigation_canal,27.8,0
farm_2,farm_2_field_2,2026-06-03,72.8,development,maize,35,0.0,0.0,sand,medium,35,pivot,irrigation_canal,27.8,0
farm_2,farm_2_field_2,2026-06-04,64.0,development,maize,36,0.0,0.1,sand,medium,36,pivot,irrigation_canal,27.8,0
farm_2,farm_2_field_2,2026-06-05,58.0,development,maize,37,0.0,0.0,sand,medium,37,pivot,irrigation_canal,27.8,0
farm_2,farm_2_field_2,2026-06-06,57.1,development,maize,38,0.0,0.6,sand,medium,38,pivot,irrigation_canal,27.8,0
farm_2,farm_2_field_2,2026-06-07,55.0,development,maize,39,0.0,24.4,sand,medium,39,pivot,irrigation_canal,27.8,0
farm_2,farm_2_field_2,2026-06-08,84.3,development,maize,40,0.0,23.8,sand,medium,40,pivot,irrigation_canal,27.8,0
farm_2,farm_2_field_2,2026-06-09,100.0,development,maize,41,0.0,0.5,sand,medium,41,pivot,irrigation_canal,27.8,0
farm_2,farm_2_field_2,2026-06-10,93.8,development,maize,42,0.0,0.0,sand,medium,42,pivot,irrigation_canal,27.8,0
farm_2,farm_2_field_2,2026-06-11,86.9,development,maize,43,0.0,0.2,sand,medium,43,pivot,irrigation_canal,27.8,0
farm_2,farm_2_field_2,2026-06-12,90.6,development,maize,44,0.0,0.0,sand,medium,44,pivot,irrigation_canal,27.8,0
farm_2,farm_2_field_2,2026-06-13,84.5,development,maize,45,0.0,0.3,sand,medium,45,pivot,irrigation_canal,27.8,0
farm_2,farm_2_field_2,2026-06-14,84.0,development,maize,46,0.0,0.8,sand,medium,46,pivot,irrigation_canal,27.8,0
farm_2,farm_2_field_2,2026-06-15,71.3,development,maize,47,0.0,0.3,sand,medium,47,pivot,irrigation_canal,27.8,0
farm_2,farm_2_field_2,2026-06-16,72.8,development,maize,48,0.0,0.0,sand,medium,48,pivot,irrigation_canal,27.8,0
farm_2,farm_2_field_2,2026-06-17,71.7,development,maize,49,0.0,2.6,sand,medium,49,pivot,irrigation_canal,27.8,0
farm_2,farm_2_field_2,2026-06-18,71.6,development,maize,50,0.0,30.1,sand,medium,50,pivot,irrigation_canal,27.8,0
farm_2,farm_2_field_2,2026-06-19,98.7,development,maize,51,0.0,0.0,sand,medium,51,pivot,irrigation_canal,27.8,0
farm_2,farm_2_field_2,2026-06-20,94.3,development,maize,52,0.0,0.1,sand,medium,52,pivot,irrigation_canal,27.8,0
farm_2,farm_2_field_2,2026-06-21,90.7,development,maize,53,0.0,0.5,sand,medium,53,pivot,irrigation_canal,27.8,0
farm_2,farm_2_field_2,2026-06-22,84.9,development,maize,54,0.0,0.4,sand,medium,54,pivot,irrigation_canal,27.8,0
farm_2,farm_2_field_2,2026-06-23,82.1,development,maize,55,0.0,0.0,sand,medium,55,pivot,irrigation_canal,27.8,0
farm_2,farm_2_field_2,2026-06-24,75.3,development,maize,56,0.0,0.0,sand,medium,56,pivot,irrigation_canal,27.8,0
farm_2,farm_2_field_2,2026-06-25,76.3,development,maize,57,0.0,0.0,sand,medium,57,pivot,irrigation_canal,27.8,0
farm_2,farm_2_field_2,2026-06-26,75.4,development,maize,58,0.0,0.5,sand,medium,58,pivot,irrigation_canal,27.8,0
farm_2,farm_2_field_2,2026-06-27,66.9,development,maize,59,0.0,0.0,sand,medium,59,pivot,irrigation_canal,27.8,0
farm_2,farm_2_field_2,2026-06-28,58.7,development,maize,60,0.0,2.8,sand,medium,60,pivot,irrigation_canal,27.8,0
farm_2,farm_2_field_2,2026-06-29,61.5,development,maize,61,0.0,0.4,sand,medium,61,pivot,irrigation_canal,27.8,0
farm_2,farm_2_field_2,2026-06-30,56.6,development,maize,62,0.0,0.0,sand,medium,62,pivot,irrigation_canal,27.8,0
farm_2,farm_2_field_2,2026-07-01,56.6,development,maize,63,0.0,0.6,sand,medium,63,pivot,irrigation_canal,27.8,0
farm_2,farm_2_field_2,2026-07-02,47.5,development,maize,64,0.0,0.0,sand,medium,64,pivot,irrigation_canal,27.8,1
farm_2,farm_2_field_2,2026-07-03,43.1,development,maize,65,0.0,0.0,sand,medium,65,pivot,irrigation_canal,27.8,1
farm_2,farm_2_field_2,2026-07-04,80.5,development,maize,1,28.4,0.9,sand,medium,66,pivot,irrigation_canal,27.8,0
farm_2,farm_2_field_2,2026-07-05,71.0,development,maize,2,28.4,0.0,sand,medium,67,pivot,irrigation_canal,27.8,0
farm_2,farm_2_field_2,2026-07-06,69.7,development,maize,3,28.4,0.0,sand,medium,68,pivot,irrigation_canal,27.8,0
farm_2,farm_2_field_2,2026-07-07,64.5,development,maize,4,28.4,0.0,sand,medium,69,pivot,irrigation_canal,27.8,0
farm_2,farm_2_field_2,2026-07-08,62.8,sensitive,maize,5,28.4,0.8,sand,medium,70,pivot,irrigation_canal,27.8,0
farm_2,farm_2_field_2,2026-07-09,54.7,sensitive,maize,6,28.4,5.7,sand,medium,71,pivot,irrigation_canal,27.8,1
farm_2,farm_2_field_2,2026-07-10,55.2,sensitive,maize,7,28.4,0.0,sand,medium,72,pivot,irrigation_canal,27.8,1
farm_2,farm_2_field_2,2026-07-11,49.3,sensitive,maize,8,28.4,0.0,sand,medium,73,pivot,irrigation_canal,27.8,1
farm_2,farm_2_field_2,2026-07-12,41.9,sensitive,maize,9,28.4,0.0,sand,medium,74,pivot,irrigation_canal,27.8,2
farm_2,farm_2_field_2,2026-07-13,66.0,sensitive,maize,1,30.0,0.0,sand,medium,75,pivot,irrigation_canal,27.8,0
farm_2,farm_2_field_2,2026-07-14,67.8,sensitive,maize,2,30.0,0.4,sand,medium,76,pivot,irrigation_canal,27.8,0
farm_2,farm_2_field_2,2026-07-15,65.4,sensitive,maize,3,30.0,0.0,sand,medium,77,pivot,irrigation_canal,27.8,0
farm_2,farm_2_field_2,2026-07-16,52.7,sensitive,maize,4,30.0,0.2,sand,medium,78,pivot,irrigation_canal,27.8,1
farm_2,farm_2_field_2,2026-07-17,43.7,sensitive,maize,5,30.0,0.0,sand,medium,79,pivot,irrigation_canal,27.8,1
farm_2,farm_2_field_2,2026-07-18,35.8,sensitive,maize,6,30.0,1.0,sand,medium,80,pivot,irrigation_canal,27.8,2
farm_2,farm_2_field_2,2026-07-19,75.8,sensitive,maize,1,30.0,0.9,sand,medium,81,pivot,irrigation_canal,27.8,0
farm_2,farm_2_field_2,2026-07-20,72.8,sensitive,maize,2,30.0,0.0,sand,medium,82,pivot,irrigation_canal,27.8,0
farm_2,farm_2_field_2,2026-07-21,63.4,sensitive,maize,3,30.0,0.5,sand,medium,83,pivot,irrigation_canal,27.8,0
farm_2,farm_2_field_2,2026-07-22,57.1,sensitive,maize,4,30.0,0.4,sand,medium,84,pivot,irrigation_canal,27.8,1
farm_2,farm_2_field_2,2026-07-23,45.1,sensitive,maize,5,30.0,0.4,sand,medium,85,pivot,irrigation_canal,27.8,1
farm_2,farm_2_field_2,2026-07-24,40.3,sensitive,maize,6,30.0,0.1,sand,medium,86,pivot,irrigation_canal,27.8,2
farm_2,farm_2_field_2,2026-07-25,73.8,sensitive,maize,1,30.0,0.0,sand,medium,87,pivot,irrigation_canal,27.8,0
farm_2,farm_2_field_2,2026-07-26,67.9,sensitive,maize,2,30.0,0.7,sand,medium,88,pivot,irrigation_canal,27.8,0
farm_2,farm_2_field_2,2026-07-27,57.1,sensitive,maize,3,30.0,3.0,sand,medium,89,pivot,irrigation_canal,27.8,0
farm_2,farm_2_field_2,2026-07-28,53.9,sensitive,maize,4,30.0,0.5,sand,medium,90,pivot,irrigation_canal,27.8,1
farm_2,farm_2_field_2,2026-07-29,79.3,sensitive,maize,1,19.7,9.3,sand,medium,91,pivot,irrigation_canal,27.8,0
farm_2,farm_2_field_2,2026-07-30,77.2,sensitive,maize,2,19.7,0.4,sand,medium,92,pivot,irrigation_canal,27.8,0
farm_2,farm_2_field_2,2026-07-31,76.9,sensitive,maize,3,19.7,0.1,sand,medium,93,pivot,irrigation_canal,27.8,0
farm_2,farm_2_field_2,2026-08-01,68.1,sensitive,maize,4,19.7,0.0,sand,medium,94,pivot,irrigation_canal,27.8,0
farm_2,farm_2_field_2,2026-08-02,60.1,sensitive,maize,5,19.7,0.0,sand,medium,95,pivot,irrigation_canal,27.8,0
farm_2,farm_2_field_2,2026-08-03,59.5,sensitive,maize,6,19.7,0.4,sand,medium,96,pivot,irrigation_canal,27.8,1
farm_2,farm_2_field_2,2026-08-04,46.6,sensitive,maize,7,19.7,0.6,sand,medium,97,pivot,irrigation_canal,27.8,1
farm_2,farm_2_field_2,2026-08-05,79.5,sensitive,maize,1,25.4,0.5,sand,medium,98,pivot,irrigation_canal,27.8,0
farm_2,farm_2_field_2,2026-08-06,66.1,sensitive,maize,2,25.4,11.8,sand,medium,99,pivot,irrigation_canal,27.8,0
farm_2,farm_2_field_2,2026-08-07,81.3,sensitive,maize,3,25.4,0.7,sand,medium,100,pivot,irrigation_canal,27.8,0
farm_2,farm_2_field_2,2026-08-08,74.3,sensitive,maize,4,25.4,0.0,sand,medium,101,pivot,irrigation_canal,27.8,0
farm_2,farm_2_field_2,2026-08-09,63.4,sensitive,maize,5,25.4,0.0,sand,medium,102,pivot,irrigation_canal,27.8,0
farm_2,farm_2_field_2,2026-08-10,61.3,sensitive,maize,6,25.4,0.0,sand,medium,103,pivot,irrigation_canal,27.8,0
farm_2,farm_2_field_2,2026-08-11,54.2,sensitive,maize,7,25.4,2.8,sand,medium,104,pivot,irrigation_canal,27.8,1
farm_2,farm_2_field_2,2026-08-12,47.8,sensitive,maize,8,25.4,0.1,sand,medium,105,pivot,irrigation_canal,27.8,1
farm_2,farm_2_field_2,2026-08-13,69.7,sensitive,maize,1,25.9,0.0,sand,medium,106,pivot,irrigation_canal,27.8,0
farm_2,farm_2_field_2,2026-08-14,66.6,sensitive,maize,2,25.9,0.5,sand,medium,107,pivot,irrigation_canal,27.8,0
farm_2,farm_2_field_2,2026-08-15,61.6,sensitive,maize,3,25.9,0.1,sand,medium,108,pivot,irrigation_canal,27.8,0
farm_2,farm_2_field_2,2026-08-16,60.7,sensitive,maize,4,25.9,0.8,sand,medium,109,pivot,irrigation_canal,27.8,1
farm_2,farm_2_field_2,2026-08-17,50.2,sensitive,maize,5,25.9,0.0,sand,medium,110,pivot,irrigation_canal,27.8,1
farm_2,farm_2_field_2,2026-08-18,75.4,sensitive,maize,1,22.4,0.1,sand,medium,111,pivot,irrigation_canal,27.8,0
farm_2,farm_2_field_2,2026-08-19,70.5,sensitive,maize,2,22.4,0.0,sand,medium,112,pivot,irrigation_canal,27.8,0
farm_2,farm_2_field_2,2026-08-20,59.4,sensitive,maize,3,22.4,0.0,sand,medium,113,pivot,irrigation_canal,27.8,0
farm_2,farm_2_field_2,2026-08-21,51.0,sensitive,maize,4,22.4,0.3,sand,medium,114,pivot,irrigation_canal,27.8,1
farm_2,farm_2_field_2,2026-08-22,50.5,sensitive,maize,5,22.4,0.0,sand,medium,115,pivot,irrigation_canal,27.8,1
farm_2,farm_2_field_2,2026-08-23,40.9,sensitive,maize,6,22.4,0.6,sand,medium,116,pivot,irrigation_canal,27.8,2
farm_2,farm_2_field_2,2026-08-24,79.5,sensitive,maize,1,29.4,0.0,sand,medium,117,pivot,irrigation_canal,27.8,0
farm_2,farm_2_field_2,2026-08-25,67.4,sensitive,maize,2,29.4,0.0,sand,medium,118,pivot,irrigation_canal,27.8,0
farm_2,farm_2_field_2,2026-08-26,60.9,sensitive,maize,3,29.4,0.0,sand,medium,119,pivot,irrigation_canal,27.8,0
farm_2,farm_2_field_2,2026-08-27,60.1,late,maize,4,29.4,0.2,sand,medium,120,pivot,irrigation_canal,27.8,0
farm_2,farm_2_field_2,2026-08-28,50.8,late,maize,5,29.4,20.6,sand,medium,121,pivot,irrigation_canal,27.8,0
farm_2,farm_2_field_2,2026-08-29,78.7,late,maize,6,29.4,0.0,sand,medium,122,pivot,irrigation_canal,27.8,0
farm_2,farm_2_field_2,2026-08-30,79.1,late,maize,7,29.4,0.4,sand,medium,123,pivot,irrigation_canal,27.8,0
farm_2,farm_2_field_2,2026-08-31,66.9,late,maize,8,29.4,0.0,sand,medium,124,pivot,irrigation_canal,27.8,0
farm_2,farm_2_field_2,2026-09-01,67.8,late,maize,9,29.4,0.0,sand,medium,125,pivot,irrigation_canal,27.8,0
farm_2,farm_2_field_2,2026-09-02,68.1,late,maize,10,29.4,0.0,sand,medium,126,pivot,irrigation_canal,27.8,0
farm_2,farm_2_field_2,2026-09-03,66.8,late,maize,11,29.4,0.0,sand,medium,127,pivot,irrigation_canal,27.8,0
farm_2,farm_2_field_2,2026-09-04,65.4,late,maize,12,29.4,0.9,sand,medium,128,pivot,irrigation_canal,27.8,0
farm_2,farm_2_field_2,2026-09-05,57.0,late,maize,13,29.4,0.7,sand,medium,129,pivot,irrigation_canal,27.8,0
farm_2,farm_2_field_2,2026-09-06,58.2,late,maize,14,29.4,0.0,sand,medium,130,pivot,irrigation_canal,27.8,0
farm_2,farm_2_field_2,2026-09-07,56.5,late,maize,15,29.4,0.0,sand,medium,131,pivot,irrigation_canal,27.8,0
farm_2,farm_2_field_2,2026-09-08,54.7,late,maize,16,29.4,0.6,sand,medium,132,pivot,irrigation_canal,27.8,0
farm_2,farm_2_field_2,2026-09-09,48.3,late,maize,17,29.4,0.0,sand,medium,133,pivot,irrigation_canal,27.8,0
farm_2,farm_2_field_2,2026-09-10,49.1,late,maize,18,29.4,0.3,sand,medium,134,pivot,irrigation_canal,27.8,0
farm_2,farm_2_field_2,2026-09-11,42.4,late,maize,19,29.4,0.3,sand,medium,135,pivot,irrigation_canal,27.8,0
farm_2,farm_2_field_2,2026-09-12,46.7,late,maize,20,29.4,0.0,sand,medium,136,pivot,irrigation_canal,27.8,0
farm_2,farm_2_field_2,2026-09-13,35.8,late,maize,21,29.4,0.2,sand,medium,137,pivot,irrigation_canal,27.8,1
farm_2,farm_2_field_2,2026-09-14,77.9,late,maize,1,30.0,2.5,sand,medium,138,pivot,irrigation_canal,27.8,0
farm_2,farm_2_field_2,2026-09-15,74.2,late,maize,2,30.0,0.1,sand,medium,139,pivot,irrigation_canal,27.8,0
farm_2,farm_2_field_2,2026-09-16,76.5,late,maize,3,30.0,5.6,sand,medium,140,pivot,irrigation_canal,27.8,0
farm_2,farm_2_field_2,2026-09-17,76.7,late,maize,4,30.0,3.0,sand,medium,141,pivot,irrigation_canal,27.8,0
farm_2,farm_2_field_2,2026-09-18,78.3,late,maize,5,30.0,0.1,sand,medium,142,pivot,irrigation_canal,27.8,0
farm_2,farm_2_field_2,2026-09-19,75.6,late,maize,6,30.0,0.2,sand,medium,143,pivot,irrigation_canal,27.8,0
farm_2,farm_2_field_2,2026-09-20,79.6,late,maize,7,30.0,0.0,sand,medium,144,pivot,irrigation_canal,27.8,0
farm_2,farm_2_field_2,2026-09-21,75.2,late,maize,8,30.0,0.0,sand,medium,145,pivot,irrigation_canal,27.8,0
farm_2,farm_2_field_2,2026-09-22,74.8,late,maize,9,30.0,0.0,sand,medium,146,pivot,irrigation_canal,27.8,0
farm_2,farm_2_field_2,2026-09-23,71.8,late,maize,10,30.0,0.2,sand,medium,147,pivot,irrigation_canal,27.8,0
farm_2,farm_2_field_2,2026-09-24,66.4,late,maize,11,30.0,0.0,sand,medium,148,pivot,irrigation_canal,27.8,0
farm_2,farm_2_field_2,2026-09-25,69.1,late,maize,12,30.0,0.0,sand,medium,149,pivot,irrigation_canal,27.8,0
farm_2,farm_2_field_2,2026-09-26,64.4,late,maize,13,30.0,0.0,sand,medium,150,pivot,irrigation_canal,27.8,0
farm_2,farm_2_field_2,2026-09-27,57.3,late,maize,14,30.0,0.0,sand,medium,151,pivot,irrigation_canal,27.8,0
farm_2,farm_2_field_2,2026-09-28,54.3,late,maize,15,30.0,0.1,sand,medium,152,pivot,irrigation_canal,27.8,0
farm_2,farm_2_field_2,2026-09-29,62.4,late,maize,16,30.0,0.0,sand,medium,153,pivot,irrigation_canal,27.8,0
farm_2,farm_2_field_2,2026-09-30,53.8,late,maize,17,30.0,0.0,sand,medium,154,pivot,irrigation_canal,27.8,0
farm_2,farm_2_field_3,2026-04-18,72.3,initial,sugar_beet,0,0.0,0.4,loamy_sand,late,0,drip,irrigation_canal,38.9,0
farm_2,farm_2_field_3,2026-04-19,71.3,initial,sugar_beet,1,0.0,0.0,loamy_sand,late,1,drip,irrigation_canal,38.9,0
farm_2,farm_2_field_3,2026-04-20,69.8,initial,sugar_beet,2,0.0,0.7,loamy_sand,late,2,drip,irrigation_canal,38.9,0
farm_2,farm_2_field_3,2026-04-21,70.3,initial,sugar_beet,3,0.0,0.0,loamy_sand,late,3,drip,irrigation_canal,38.9,0
farm_2,farm_2_field_3,2026-04-22,67.0,initial,sugar_beet,4,0.0,5.2,loamy_sand,late,4,drip,irrigation_canal,38.9,0
farm_2,farm_2_field_3,2026-04-23,74.9,initial,sugar_beet,5,0.0,0.0,loamy_sand,late,5,drip,irrigation_canal,38.9,0
farm_2,farm_2_field_3,2026-04-24,74.1,initial,sugar_beet,6,0.0,0.8,loamy_sand,late,6,drip,irrigation_canal,38.9,0
farm_2,farm_2_field_3,2026-04-25,75.5,initial,sugar_beet,7,0.0,0.5,loamy_sand,late,7,drip,irrigation_canal,38.9,0
farm_2,farm_2_field_3,2026-04-26,79.3,initial,sugar_beet,8,0.0,0.0,loamy_sand,late,8,drip,irrigation_canal,38.9,0
farm_2,farm_2_field_3,2026-04-27,73.0,initial,sugar_beet,9,0.0,6.0,loamy_sand,late,9,drip,irrigation_canal,38.9,0
farm_2,farm_2_field_3,2026-04-28,76.3,initial,sugar_beet,10,0.0,0.0,loamy_sand,late,10,drip,irrigation_canal,38.9,0
farm_2,farm_2_field_3,2026-04-29,71.7,initial,sugar_beet,11,0.0,0.0,loamy_sand,late,11,drip,irrigation_canal,38.9,0
farm_2,farm_2_field_3,2026-04-30,73.4,initial,sugar_beet,12,0.0,1.8,loamy_sand,late,12,drip,irrigation_canal,38.9,0
farm_2,farm_2_field_3,2026-05-01,80.7,initial,sugar_beet,13,0.0,0.4,loamy_sand,late,13,drip,irrigation_canal,38.9,0
farm_2,farm_2_field_3,2026-05-02,76.0,initial,sugar_beet,14,0.0,0.4,loamy_sand,late,14,drip,irrigation_canal,38.9,0
farm_2,farm_2_field_3,2026-05-03,72.7,initial,sugar_beet,15,0.0,4.1,loamy_sand,late,15,drip,irrigation_canal,38.9,0
farm_2,farm_2_field_3,2026-05-04,77.6,initial,sugar_beet,16,0.0,0.2,loamy_sand,late,16,drip,irrigation_canal,38.9,0
farm_2,farm_2_field_3,2026-05-05,75.2,initial,sugar_beet,17,0.0,0.0,loamy_sand,late,17,drip,irrigation_canal,38.9,0
farm_2,farm_2_field_3,2026-05-06,74.2,initial,sugar_beet,18,0.0,0.0,loamy_sand,late,18,drip,irrigation_canal,38.9,0
farm_2,farm_2_field_3,2026-05-07,75.1,initial,sugar_beet,19,0.0,0.0,loamy_sand,late,19,drip,irrigation_canal,38.9,0
farm_2,farm_2_field_3,2026-05-08,74.1,initial,sugar_beet,20,0.0,0.0,loamy_sand,late,20,drip,irrigation_canal,38.9,0
farm_2,farm_2_field_3,2026-05-09,81.1,initial,sugar_beet,21,0.0,0.3,loamy_sand,late,21,drip,irrigation_canal,38.9,0
farm_2,farm_2_field_3,2026-05-10,75.5,initial,sugar_beet,22,0.0,0.6,loamy_sand,late,22,drip,irrigation_canal,38.9,0
farm_2,farm_2_field_3,2026-05-11,72.8,initial,sugar_beet,23,0.0,0.3,loamy_sand,late,23,drip,irrigation_canal,38.9,0
farm_2,farm_2_field_3,2026-05-12,71.2,initial,sugar_beet,24,0.0,0.2,loamy_sand,late,24,drip,irrigation_canal,38.9,0
farm_2,farm_2_field_3,2026-05-13,69.3,initial,sugar_beet,25,0.0,0.0,loamy_sand,late,25,drip,irrigation_canal,38.9,0
farm_2,farm_2_field_3,2026-05-14,72.2,initial,sugar_beet,26,0.0,0.0,loamy_sand,late,26,drip,irrigation_canal,38.9,0
farm_2,farm_2_field_3,2026-05-15,69.9,initial,sugar_beet,27,0.0,0.1,loamy_sand,late,27,drip,irrigation_canal,38.9,0
farm_2,farm_2_field_3,2026-05-16,71.0,initial,sugar_beet,28,0.0,0.0,loamy_sand,late,28,drip,irrigation_canal,38.9,0
farm_2,farm_2_field_3,2026-05-17,65.9,development,sugar_beet,29,0.0,8.7,loamy_sand,late,29,drip,irrigation_canal,38.9,0
farm_2,farm_2_field_3,2026-05-18,72.6,development,sugar_beet,30,0.0,0.7,loamy_sand,late,30,drip,irrigation_canal,38.9,0
farm_2,farm_2_field_3,2026-05-19,70.1,development,sugar_beet,31,0.0,11.8,loamy_sand,late,31,drip,irrigation_canal,38.9,0
farm_2,farm_2_field_3,2026-05-20,77.6,development,sugar_beet,32,0.0,0.7,loamy_sand,late,32,drip,irrigation_canal,38.9,0
farm_2,farm_2_field_3,2026-05-21,73.1,development,sugar_beet,33,0.0,6.6,loamy_sand,late,33,drip,irrigation_canal,38.9,0
farm_2,farm_2_field_3,2026-05-22,84.0,development,sugar_beet,34,0.0,0.0,loamy_sand,late,34,drip,irrigation_canal,38.9,0
farm_2,farm_2_field_3,2026-05-23,76.8,development,sugar_beet,35,0.0,0.0,loamy_sand,late,35,drip,irrigation_canal,38.9,0
farm_2,farm_2_field_3,2026-05-24,78.1,development,sugar_beet,36,0.0,0.0,loamy_sand,late,36,drip,irrigation_canal,38.9,0
farm_2,farm_2_field_3,2026-05-25,74.1,development,sugar_beet,37,0.0,4.2,loamy_sand,late,37,drip,irrigation_canal,38.9,0
farm_2,farm_2_field_3,2026-05-26,76.6,development,sugar_beet,38,0.0,0.0,loamy_sand,late,38,drip,irrigation_canal,38.9,0
farm_2,farm_2_field_3,2026-05-27,66.6,development,sugar_beet,39,0.0,0.1,loamy_sand,late,39,drip,irrigation_canal,38.9,0
farm_2,farm_2_field_3,2026-05-28,65.9,development,sugar_beet,40,0.0,0.0,loamy_sand,late,40,drip,irrigation_canal,38.9,0
farm_2,farm_2_field_3,2026-05-29,64.3,development,sugar_beet,41,0.0,0.5,loamy_sand,late,41,drip,irrigation_canal,38.9,0
farm_2,farm_2_field_3,2026-05-30,59.7,development,sugar_beet,42,0.0,0.0,loamy_sand,late,42,drip,irrigation_canal,38.9,0
farm_2,farm_2_field_3,2026-05-31,59.0,development,sugar_beet,43,0.0,0.0,loamy_sand,late,43,drip,irrigation_canal,38.9,0
farm_2,farm_2_field_3,2026-06-01,51.3,development,sugar_beet,44,0.0,0.0,loamy_sand,late,44,drip,irrigation_canal,38.9,0
farm_2,farm_2_field_3,2026-06-02,51.3,development,sugar_beet,45,0.0,0.1,loamy_sand,late,45,drip,irrigation_canal,38.9,1
farm_2,farm_2_field_3,2026-06-03,51.9,development,sugar_beet,46,0.0,0.0,loamy_sand,late,46,drip,irrigation_canal,38.9,1
farm_2,farm_2_field_3,2026-06-04,62.4,development,sugar_beet,1,18.0,0.1,loamy_sand,late,47,drip,irrigation_canal,38.9,0
farm_2,farm_2_field_3,2026-06-05,63.6,development,sugar_beet,2,18.0,0.0,loamy_sand,late,48,drip,irrigation_canal,38.9,0
farm_2,farm_2_field_3,2026-06-06,55.7,development,sugar_beet,3,18.0,0.6,loamy_sand,late,49,drip,irrigation_canal,38.9,0
farm_2,farm_2_field_3,2026-06-07,55.0,development,sugar_beet,4,18.0,24.4,loamy_sand,late,50,drip,irrigation_canal,38.9,1
farm_2,farm_2_field_3,2026-06-08,70.1,development,sugar_beet,5,18.0,23.8,loamy_sand,late,51,drip,irrigation_canal,38.9,0
farm_2,farm_2_field_3,2026-06-09,100.0,development,sugar_beet,6,18.0,0.5,loamy_sand,late,52,drip,irrigation_canal,38.9,0
farm_2,farm_2_field_3,2026-06-10,91.5,development,sugar_beet,7,18.0,0.0,loamy_sand,late,53,drip,irrigation_canal,38.9,0
farm_2,farm_2_field_3,2026-06-11,82.5,development,sugar_beet,8,18.0,0.2,loamy_sand,late,54,drip,irrigation_canal,38.9,0
farm_2,farm_2_field_3,2026-06-12,88.6,development,sugar_beet,9,18.0,0.0,loamy_sand,late,55,drip,irrigation_canal,38.9,0
farm_2,farm_2_field_3,2026-06-13,87.1,development,sugar_beet,10,18.0,0.3,loamy_sand,late,56,drip,irrigation_canal,38.9,0
farm_2,farm_2_field_3,2026-06-14,83.1,development,sugar_beet,11,18.0,0.8,loamy_sand,late,57,drip,irrigation_canal,38.9,0
farm_2,farm_2_field_3,2026-06-15,78.7,development,sugar_beet,12,18.0,0.3,loamy_sand,late,58,drip,irrigation_canal,38.9,0
farm_2,farm_2_field_3,2026-06-16,75.9,development,sugar_beet,13,18.0,0.0,loamy_sand,late,59,drip,irrigation_canal,38.9,0
farm_2,farm_2_field_3,2026-06-17,73.4,development,sugar_beet,14,18.0,2.6,loamy_sand,late,60,drip,irrigation_canal,38.9,0
farm_2,farm_2_field_3,2026-06-18,71.1,development,sugar_beet,15,18.0,30.1,loamy_sand,late,61,drip,irrigation_canal,38.9,0
farm_2,farm_2_field_3,2026-06-19,97.3,development,sugar_beet,16,18.0,0.0,loamy_sand,late,62,drip,irrigation_canal,38.9,0
farm_2,farm_2_field_3,2026-06-20,91.4,development,sugar_beet,17,18.0,0.1,loamy_sand,late,63,drip,irrigation_canal,38.9,0
farm_2,farm_2_field_3,2026-06-21,93.2,development,sugar_beet,18,18.0,0.5,loamy_sand,late,64,drip,irrigation_canal,38.9,0
farm_2,farm_2_field_3,2026-06-22,93.1,development,sugar_beet,19,18.0,0.4,loamy_sand,late,65,drip,irrigation_canal,38.9,0
farm_2,farm_2_field_3,2026-06-23,81.7,development,sugar_beet,20,18.0,0.0,loamy_sand,late,66,drip,irrigation_canal,38.9,0
farm_2,farm_2_field_3,2026-06-24,76.8,development,sugar_beet,21,18.0,0.0,loamy_sand,late,67,drip,irrigation_canal,38.9,0
farm_2,farm_2_field_3,2026-06-25,78.6,development,sugar_beet,22,18.0,0.0,loamy_sand,late,68,drip,irrigation_canal,38.9,0
farm_2,farm_2_field_3,2026-06-26,78.1,sensitive,sugar_beet,23,18.0,0.5,loamy_sand,late,69,drip,irrigation_canal,38.9,0
farm_2,farm_2_field_3,2026-06-27,72.8,sensitive,sugar_beet,24,18.0,0.0,loamy_sand,late,70,drip,irrigation_canal,38.9,0
farm_2,farm_2_field_3,2026-06-28,62.9,sensitive,sugar_beet,25,18.0,2.8,loamy_sand,late,71,drip,irrigation_canal,38.9,0
farm_2,farm_2_field_3,2026-06-29,62.1,sensitive,sugar_beet,26,18.0,0.4,loamy_sand,late,72,drip,irrigation_canal,38.9,0
farm_2,farm_2_field_3,2026-06-30,61.8,sensitive,sugar_beet,27,18.0,0.0,loamy_sand,late,73,drip,irrigation_canal,38.9,1
farm_2,farm_2_field_3,2026-07-01,54.1,sensitive,sugar_beet,28,18.0,0.6,loamy_sand,late,74,drip,irrigation_canal,38.9,1
farm_2,farm_2_field_3,2026-07-02,62.4,sensitive,sugar_beet,1,18.0,0.0,loamy_sand,late,75,drip,irrigation_canal,38.9,0
farm_2,farm_2_field_3,2026-07-03,59.8,sensitive,sugar_beet,2,18.0,0.0,loamy_sand,late,76,drip,irrigation_canal,38.9,1
farm_2,farm_2_field_3,2026-07-04,66.0,sensitive,sugar_beet,1,18.0,0.9,loamy_sand,late,77,drip,irrigation_canal,38.9,0
farm_2,farm_2_field_3,2026-07-05,63.5,sensitive,sugar_beet,2,18.0,0.0,loamy_sand,late,78,drip,irrigation_canal,38.9,0
farm_2,farm_2_field_3,2026-07-06,54.2,sensitive,sugar_beet,3,18.0,0.0,loamy_sand,late,79,drip,irrigation_canal,38.9,1
farm_2,farm_2_field_3,2026-07-07,50.2,sensitive,sugar_beet,4,18.0,0.0,loamy_sand,late,80,drip,irrigation_canal,38.9,1
farm_2,farm_2_field_3,2026-07-08,62.2,sensitive,sugar_beet,1,18.0,0.8,loamy_sand,late,81,drip,irrigation_canal,38.9,0
farm_2,farm_2_field_3,2026-07-09,55.5,sensitive,sugar_beet,2,18.0,5.7,loamy_sand,late,82,drip,irrigation_canal,38.9,0
farm_2,farm_2_field_3,2026-07-10,61.7,sensitive,sugar_beet,3,18.0,0.0,loamy_sand,late,83,drip,irrigation_canal,38.9,0
farm_2,farm_2_field_3,2026-07-11,59.8,sensitive,sugar_beet,4,18.0,0.0,loamy_sand,late,84,drip,irrigation_canal,38.9,1
farm_2,farm_2_field_3,2026-07-12,63.0,sensitive,sugar_beet,1,18.0,0.0,loamy_sand,late,85,drip,irrigation_canal,38.9,0
farm_2,farm_2_field_3,2026-07-13,60.6,sensitive,sugar_beet,2,18.0,0.0,loamy_sand,late,86,drip,irrigation_canal,38.9,0
farm_2,farm_2_field_3,2026-07-14,54.9,sensitive,sugar_beet,3,18.0,0.4,loamy_sand,late,87,drip,irrigation_canal,38.9,1
farm_2,farm_2_field_3,2026-07-15,69.3,sensitive,sugar_beet,1,18.0,0.0,loamy_sand,late,88,drip,irrigation_canal,38.9,0
farm_2,farm_2_field_3,2026-07-16,62.6,sensitive,sugar_beet,2,18.0,0.2,loamy_sand,late,89,drip,irrigation_canal,38.9,0
farm_2,farm_2_field_3,2026-07-17,56.3,sensitive,sugar_beet,3,18.0,0.0,loamy_sand,late,90,drip,irrigation_canal,38.9,1
farm_2,farm_2_field_3,2026-07-18,71.7,sensitive,sugar_beet,1,18.0,1.0,loamy_sand,late,91,drip,irrigation_canal,38.9,0
farm_2,farm_2_field_3,2026-07-19,67.1,sensitive,sugar_beet,2,18.0,0.9,loamy_sand,late,92,drip,irrigation_canal,38.9,0
farm_2,farm_2_field_3,2026-07-20,59.6,sensitive,sugar_beet,3,18.0,0.0,loamy_sand,late,93,drip,irrigation_canal,38.9,0
farm_2,farm_2_field_3,2026-07-21,60.1,sensitive,sugar_beet,4,18.0,0.5,loamy_sand,late,94,drip,irrigation_canal,38.9,1
farm_2,farm_2_field_3,2026-07-22,54.7,sensitive,sugar_beet,5,18.0,0.4,loamy_sand,late,95,drip,irrigation_canal,38.9,1
farm_2,farm_2_field_3,2026-07-23,44.3,sensitive,sugar_beet,6,18.0,0.4,loamy_sand,late,96,drip,irrigation_canal,38.9,1
farm_2,farm_2_field_3,2026-07-24,51.6,sensitive,sugar_beet,1,18.0,0.1,loamy_sand,late,97,drip,irrigation_canal,38.9,1
farm_2,farm_2_field_3,2026-07-25,71.9,sensitive,sugar_beet,1,18.0,0.0,loamy_sand,late,98,drip,irrigation_canal,38.9,0
farm_2,farm_2_field_3,2026-07-26,62.2,sensitive,sugar_beet,2,18.0,0.7,loamy_sand,late,99,drip,irrigation_canal,38.9,0
farm_2,farm_2_field_3,2026-07-27,59.4,sensitive,sugar_beet,3,18.0,3.0,loamy_sand,late,100,drip,irrigation_canal,38.9,1
farm_2,farm_2_field_3,2026-07-28,54.3,sensitive,sugar_beet,4,18.0,0.5,loamy_sand,late,101,drip,irrigation_canal,38.9,1
farm_2,farm_2_field_3,2026-07-29,45.7,sensitive,sugar_beet,5,18.0,9.3,loamy_sand,late,102,drip,irrigation_canal,38.9,1
farm_2,farm_2_field_3,2026-07-30,57.5,sensitive,sugar_beet,6,18.0,0.4,loamy_sand,late,103,drip,irrigation_canal,38.9,1
farm_2,farm_2_field_3,2026-07-31,52.7,sensitive,sugar_beet,7,18.0,0.1,loamy_sand,late,104,drip,irrigation_canal,38.9,1
farm_2,farm_2_field_3,2026-08-01,56.3,sensitive,sugar_beet,1,18.0,0.0,loamy_sand,late,105,drip,irrigation_canal,38.9,0
farm_2,farm_2_field_3,2026-08-02,57.6,sensitive,sugar_beet,2,18.0,0.0,loamy_sand,late,106,drip,irrigation_canal,38.9,1
farm_2,farm_2_field_3,2026-08-03,50.4,sensitive,sugar_beet,3,18.0,0.4,loamy_sand,late,107,drip,irrigation_canal,38.9,1
farm_2,farm_2_field_3,2026-08-04,46.5,sensitive,sugar_beet,4,18.0,0.6,loamy_sand,late,108,drip,irrigation_canal,38.9,1
farm_2,farm_2_field_3,2026-08-05,59.9,sensitive,sugar_beet,1,18.0,0.5,loamy_sand,late,109,drip,irrigation_canal,38.9,1
farm_2,farm_2_field_3,2026-08-06,71.7,sensitive,sugar_beet,1,18.0,11.8,loamy_sand,late,110,drip,irrigation_canal,38.9,0
farm_2,farm_2_field_3,2026-08-07,79.0,sensitive,sugar_beet,2,18.0,0.7,loamy_sand,late,111,drip,irrigation_canal,38.9,0
farm_2,farm_2_field_3,2026-08-08,75.2,sensitive,sugar_beet,3,18.0,0.0,loamy_sand,late,112,drip,irrigation_canal,38.9,0
farm_2,farm_2_field_3,2026-08-09,65.5,sensitive,sugar_beet,4,18.0,0.0,loamy_sand,late,113,drip,irrigation_canal,38.9,0
farm_2,farm_2_field_3,2026-08-10,61.5,sensitive,sugar_beet,5,18.0,0.0,loamy_sand,late,114,drip,irrigation_canal,38.9,0
farm_2,farm_2_field_3,2026-08-11,59.0,sensitive,sugar_beet,6,18.0,2.8,loamy_sand,late,115,drip,irrigation_canal,38.9,1
farm_2,farm_2_field_3,2026-08-12,46.5,sensitive,sugar_beet,7,18.0,0.1,loamy_sand,late,116,drip,irrigation_canal,38.9,1
farm_2,farm_2_field_3,2026-08-13,65.8,sensitive,sugar_beet,1,18.0,0.0,loamy_sand,late,117,drip,irrigation_canal,38.9,0
farm_2,farm_2_field_3,2026-08-14,58.0,sensitive,sugar_beet,2,18.0,0.5,loamy_sand,late,118,drip,irrigation_canal,38.9,0
farm_2,farm_2_field_3,2026-08-15,63.0,sensitive,sugar_beet,3,18.0,0.1,loamy_sand,late,119,drip,irrigation_canal,38.9,1
farm_2,farm_2_field_3,2026-08-16,63.6,sensitive,sugar_beet,1,18.0,0.8,loamy_sand,late,120,drip,irrigation_canal,38.9,0
farm_2,farm_2_field_3,2026-08-17,65.4,sensitive,sugar_beet,2,18.0,0.0,loamy_sand,late,121,drip,irrigation_canal,38.9,0
farm_2,farm_2_field_3,2026-08-18,66.0,sensitive,sugar_beet,3,18.0,0.1,loamy_sand,late,122,drip,irrigation_canal,38.9,0
farm_2,farm_2_field_3,2026-08-19,56.4,sensitive,sugar_beet,4,18.0,0.0,loamy_sand,late,123,drip,irrigation_canal,38.9,1
farm_2,farm_2_field_3,2026-08-20,55.7,sensitive,sugar_beet,5,18.0,0.0,loamy_sand,late,124,drip,irrigation_canal,38.9,1
farm_2,farm_2_field_3,2026-08-21,43.0,sensitive,sugar_beet,6,18.0,0.3,loamy_sand,late,125,drip,irrigation_canal,38.9,2
farm_2,farm_2_field_3,2026-08-22,57.3,late,sugar_beet,1,18.0,0.0,loamy_sand,late,126,drip,irrigation_canal,38.9,0
farm_2,farm_2_field_3,2026-08-23,49.5,late,sugar_beet,2,18.0,0.6,loamy_sand,late,127,drip,irrigation_canal,38.9,0
farm_2,farm_2_field_3,2026-08-24,50.7,late,sugar_beet,3,18.0,0.0,loamy_sand,late,128,drip,irrigation_canal,38.9,0
farm_2,farm_2_field_3,2026-08-25,47.2,late,sugar_beet,4,18.0,0.0,loamy_sand,late,129,drip,irrigation_canal,38.9,0
farm_2,farm_2_field_3,2026-08-26,42.6,late,sugar_beet,5,18.0,0.0,loamy_sand,late,130,drip,irrigation_canal,38.9,0
farm_2,farm_2_field_3,2026-08-27,39.3,late,sugar_beet,6,18.0,0.2,loamy_sand,late,131,drip,irrigation_canal,38.9,1
farm_2,farm_2_field_3,2026-08-28,36.1,late,sugar_beet,7,18.0,20.6,loamy_sand,late,132,drip,irrigation_canal,38.9,1
farm_2,farm_2_field_3,2026-08-29,58.2,late,sugar_beet,8,18.0,0.0,loamy_sand,late,133,drip,irrigation_canal,38.9,0
farm_2,farm_2_field_3,2026-08-30,49.8,late,sugar_beet,9,18.0,0.4,loamy_sand,late,134,drip,irrigation_canal,38.9,0
farm_2,farm_2_field_3,2026-08-31,50.3,late,sugar_beet,10,18.0,0.0,loamy_sand,late,135,drip,irrigation_canal,38.9,0
farm_2,farm_2_field_3,2026-09-01,49.4,late,sugar_beet,11,18.0,0.0,loamy_sand,late,136,drip,irrigation_canal,38.9,0
farm_2,farm_2_field_3,2026-09-02,47.2,late,sugar_beet,12,18.0,0.0,loamy_sand,late,137,drip,irrigation_canal,38.9,0
farm_2,farm_2_field_3,2026-09-03,41.7,late,sugar_beet,13,18.0,0.0,loamy_sand,late,138,drip,irrigation_canal,38.9,1
farm_2,farm_2_field_3,2026-09-04,39.4,late,sugar_beet,14,18.0,0.9,loamy_sand,late,139,drip,irrigation_canal,38.9,1
farm_2,farm_2_field_3,2026-09-05,56.9,late,sugar_beet,1,18.0,0.7,loamy_sand,late,140,drip,irrigation_canal,38.9,0
farm_2,farm_2_field_3,2026-09-06,57.6,late,sugar_beet,2,18.0,0.0,loamy_sand,late,141,drip,irrigation_canal,38.9,0
farm_2,farm_2_field_3,2026-09-07,52.0,late,sugar_beet,3,18.0,0.0,loamy_sand,late,142,drip,irrigation_canal,38.9,0
farm_2,farm_2_field_3,2026-09-08,52.6,late,sugar_beet,4,18.0,0.6,loamy_sand,late,143,drip,irrigation_canal,38.9,0
farm_2,farm_2_field_3,2026-09-09,44.6,late,sugar_beet,5,18.0,0.0,loamy_sand,late,144,drip,irrigation_canal,38.9,0
farm_2,farm_2_field_3,2026-09-10,44.4,late,sugar_beet,6,18.0,0.3,loamy_sand,late,145,drip,irrigation_canal,38.9,0
farm_2,farm_2_field_3,2026-09-11,43.4,late,sugar_beet,7,18.0,0.3,loamy_sand,late,146,drip,irrigation_canal,38.9,1
farm_2,farm_2_field_3,2026-09-12,63.1,late,sugar_beet,1,18.0,0.0,loamy_sand,late,147,drip,irrigation_canal,38.9,0
farm_2,farm_2_field_3,2026-09-13,62.6,late,sugar_beet,2,18.0,0.2,loamy_sand,late,148,drip,irrigation_canal,38.9,0
farm_2,farm_2_field_3,2026-09-14,45.3,late,sugar_beet,3,18.0,2.5,loamy_sand,late,149,drip,irrigation_canal,38.9,0
farm_2,farm_2_field_3,2026-09-15,52.4,late,sugar_beet,4,18.0,0.1,loamy_sand,late,150,drip,irrigation_canal,38.9,0
farm_2,farm_2_field_3,2026-09-16,49.5,late,sugar_beet,5,18.0,5.6,loamy_sand,late,151,drip,irrigation_canal,38.9,0
farm_2,farm_2_field_3,2026-09-17,50.7,late,sugar_beet,6,18.0,3.0,loamy_sand,late,152,drip,irrigation_canal,38.9,0
farm_2,farm_2_field_3,2026-09-18,49.5,late,sugar_beet,7,18.0,0.1,loamy_sand,late,153,drip,irrigation_canal,38.9,0
farm_2,farm_2_field_3,2026-09-19,53.5,late,sugar_beet,8,18.0,0.2,loamy_sand,late,154,drip,irrigation_canal,38.9,0
farm_2,farm_2_field_3,2026-09-20,53.0,late,sugar_beet,9,18.0,0.0,loamy_sand,late,155,drip,irrigation_canal,38.9,0
farm_2,farm_2_field_3,2026-09-21,48.0,late,sugar_beet,10,18.0,0.0,loamy_sand,late,156,drip,irrigation_canal,38.9,0
farm_2,farm_2_field_3,2026-09-22,51.6,late,sugar_beet,11,18.0,0.0,loamy_sand,late,157,drip,irrigation_canal,38.9,0
farm_2,farm_2_field_3,2026-09-23,40.3,late,sugar_beet,12,18.0,0.2,loamy_sand,late,158,drip,irrigation_canal,38.9,0
farm_2,farm_2_field_3,2026-09-24,42.7,late,sugar_beet,13,18.0,0.0,loamy_sand,late,159,drip,irrigation_canal,38.9,1
farm_2,farm_2_field_3,2026-09-25,59.1,late,sugar_beet,1,18.0,0.0,loamy_sand,late,160,drip,irrigation_canal,38.9,0
farm_2,farm_2_field_3,2026-09-26,54.6,late,sugar_beet,2,18.0,0.0,loamy_sand,late,161,drip,irrigation_canal,38.9,0
farm_2,farm_2_field_3,2026-09-27,57.1,late,sugar_beet,3,18.0,0.0,loamy_sand,late,162,drip,irrigation_canal,38.9,0
farm_2,farm_2_field_3,2026-09-28,56.4,late,sugar_beet,4,18.0,0.1,loamy_sand,late,163,drip,irrigation_canal,38.9,0
farm_2,farm_2_field_3,2026-09-29,51.0,late,sugar_beet,5,18.0,0.0,loamy_sand,late,164,drip,irrigation_canal,38.9,0
farm_2,farm_2_field_3,2026-09-30,49.8,late,sugar_beet,6,18.0,0.0,loamy_sand,late,165,drip,irrigation_canal,38.9,0
farm_2,farm_2_field_4,2026-04-20,65.7,initial,potato,0,0.0,0.7,loam,early,0,hose_reel,irrigation_canal,45.2,0
farm_2,farm_2_field_4,2026-04-21,68.2,initial,potato,1,0.0,0.0,loam,early,1,hose_reel,irrigation_canal,45.2,0
farm_2,farm_2_field_4,2026-04-22,69.3,initial,potato,2,0.0,5.2,loam,early,2,hose_reel,irrigation_canal,45.2,0
farm_2,farm_2_field_4,2026-04-23,71.0,initial,potato,3,0.0,0.0,loam,early,3,hose_reel,irrigation_canal,45.2,0
farm_2,farm_2_field_4,2026-04-24,70.7,initial,potato,4,0.0,0.8,loam,early,4,hose_reel,irrigation_canal,45.2,0
farm_2,farm_2_field_4,2026-04-25,64.6,initial,potato,5,0.0,0.5,loam,early,5,hose_reel,irrigation_canal,45.2,0
farm_2,farm_2_field_4,2026-04-26,68.2,initial,potato,6,0.0,0.0,loam,early,6,hose_reel,irrigation_canal,45.2,0
farm_2,farm_2_field_4,2026-04-27,69.0,initial,potato,7,0.0,6.0,loam,early,7,hose_reel,irrigation_canal,45.2,0
farm_2,farm_2_field_4,2026-04-28,74.2,initial,potato,8,0.0,0.0,loam,early,8,hose_reel,irrigation_canal,45.2,0
farm_2,farm_2_field_4,2026-04-29,70.0,initial,potato,9,0.0,0.0,loam,early,9,hose_reel,irrigation_canal,45.2,0
farm_2,farm_2_field_4,2026-04-30,69.8,initial,potato,10,0.0,1.8,loam,early,10,hose_reel,irrigation_canal,45.2,0
farm_2,farm_2_field_4,2026-05-01,73.5,initial,potato,11,0.0,0.4,loam,early,11,hose_reel,irrigation_canal,45.2,0
farm_2,farm_2_field_4,2026-05-02,72.3,initial,potato,12,0.0,0.4,loam,early,12,hose_reel,irrigation_canal,45.2,0
farm_2,farm_2_field_4,2026-05-03,62.0,initial,potato,13,0.0,4.1,loam,early,13,hose_reel,irrigation_canal,45.2,0
farm_2,farm_2_field_4,2026-05-04,68.6,initial,potato,14,0.0,0.2,loam,early,14,hose_reel,irrigation_canal,45.2,0
farm_2,farm_2_field_4,2026-05-05,71.3,initial,potato,15,0.0,0.0,loam,early,15,hose_reel,irrigation_canal,45.2,0
farm_2,farm_2_field_4,2026-05-06,66.3,initial,potato,16,0.0,0.0,loam,early,16,hose_reel,irrigation_canal,45.2,0
farm_2,farm_2_field_4,2026-05-07,70.8,initial,potato,17,0.0,0.0,loam,early,17,hose_reel,irrigation_canal,45.2,0
farm_2,farm_2_field_4,2026-05-08,63.6,initial,potato,18,0.0,0.0,loam,early,18,hose_reel,irrigation_canal,45.2,0
farm_2,farm_2_field_4,2026-05-09,65.5,initial,potato,19,0.0,0.3,loam,early,19,hose_reel,irrigation_canal,45.2,0
farm_2,farm_2_field_4,2026-05-10,63.2,initial,potato,20,0.0,0.6,loam,early,20,hose_reel,irrigation_canal,45.2,0
farm_2,farm_2_field_4,2026-05-11,62.5,development,potato,21,0.0,0.3,loam,early,21,hose_reel,irrigation_canal,45.2,0
farm_2,farm_2_field_4,2026-05-12,63.4,development,potato,22,0.0,0.2,loam,early,22,hose_reel,irrigation_canal,45.2,0
farm_2,farm_2_field_4,2026-05-13,61.0,development,potato,23,0.0,0.0,loam,early,23,hose_reel,irrigation_canal,45.2,0
farm_2,farm_2_field_4,2026-05-14,63.3,development,potato,24,0.0,0.0,loam,early,24,hose_reel,irrigation_canal,45.2,0
farm_2,farm_2_field_4,2026-05-15,57.8,development,potato,25,0.0,0.1,loam,early,25,hose_reel,irrigation_canal,45.2,0
farm_2,farm_2_field_4,2026-05-16,57.3,development,potato,26,0.0,0.0,loam,early,26,hose_reel,irrigation_canal,45.2,1
farm_2,farm_2_field_4,2026-05-17,51.1,development,potato,27,0.0,8.7,loam,early,27,hose_reel,irrigation_canal,45.2,1
farm_2,farm_2_field_4,2026-05-18,57.6,development,potato,28,0.0,0.7,loam,early,28,hose_reel,irrigation_canal,45.2,0
farm_2,farm_2_field_4,2026-05-19,67.0,development,potato,29,0.0,11.8,loam,early,29,hose_reel,irrigation_canal,45.2,1
farm_2,farm_2_field_4,2026-05-20,88.2,development,potato,1,35.1,0.7,loam,early,30,hose_reel,irrigation_canal,45.2,0
farm_2,farm_2_field_4,2026-05-21,85.0,development,potato,2,35.1,6.6,loam,early,31,hose_reel,irrigation_canal,45.2,0
farm_2,farm_2_field_4,2026-05-22,90.4,development,potato,3,35.1,0.0,loam,early,32,hose_reel,irrigation_canal,45.2,0
farm_2,farm_2_field_4,2026-05-23,88.5,development,potato,4,35.1,0.0,loam,early,33,hose_reel,irrigation_canal,45.2,0
farm_2,farm_2_field_4,2026-05-24,90.4,development,potato,5,35.1,0.0,loam,early,34,hose_reel,irrigation_canal,45.2,0
farm_2,farm_2_field_4,2026-05-25,82.9,development,potato,6,35.1,4.2,loam,early,35,hose_reel,irrigation_canal,45.2,0
farm_2,farm_2_field_4,2026-05-26,87.8,development,potato,7,35.1,0.0,loam,early,36,hose_reel,irrigation_canal,45.2,0
farm_2,farm_2_field_4,2026-05-27,80.7,development,potato,8,35.1,0.1,loam,early,37,hose_reel,irrigation_canal,45.2,0
farm_2,farm_2_field_4,2026-05-28,89.7,development,potato,9,35.1,0.0,loam,early,38,hose_reel,irrigation_canal,45.2,0
farm_2,farm_2_field_4,2026-05-29,83.7,development,potato,10,35.1,0.5,loam,early,39,hose_reel,irrigation_canal,45.2,0
farm_2,farm_2_field_4,2026-05-30,84.3,development,potato,11,35.1,0.0,loam,early,40,hose_reel,irrigation_canal,45.2,0
farm_2,farm_2_field_4,2026-05-31,75.9,development,potato,12,35.1,0.0,loam,early,41,hose_reel,irrigation_canal,45.2,0
farm_2,farm_2_field_4,2026-06-01,74.1,development,potato,13,35.1,0.0,loam,early,42,hose_reel,irrigation_canal,45.2,0
farm_2,farm_2_field_4,2026-06-02,71.0,development,potato,14,35.1,0.1,loam,early,43,hose_reel,irrigation_canal,45.2,0
farm_2,farm_2_field_4,2026-06-03,74.5,development,potato,15,35.1,0.0,loam,early,44,hose_reel,irrigation_canal,45.2,0
farm_2,farm_2_field_4,2026-06-04,69.3,development,potato,16,35.1,0.1,loam,early,45,hose_reel,irrigation_canal,45.2,0
farm_2,farm_2_field_4,2026-06-05,65.2,development,potato,17,35.1,0.0,loam,early,46,hose_reel,irrigation_canal,45.2,0
farm_2,farm_2_field_4,2026-06-06,66.4,sensitive,potato,18,35.1,0.6,loam,early,47,hose_reel,irrigation_canal,45.2,1
farm_2,farm_2_field_4,2026-06-07,62.0,sensitive,potato,19,35.1,24.4,loam,early,48,hose_reel,irrigation_canal,45.2,1
farm_2,farm_2_field_4,2026-06-08,72.5,sensitive,potato,20,35.1,23.8,loam,early,49,hose_reel,irrigation_canal,45.2,0
farm_2,farm_2_field_4,2026-06-09,85.9,sensitive,potato,21,35.1,0.5,loam,early,50,hose_reel,irrigation_canal,45.2,0
farm_2,farm_2_field_4,2026-06-10,91.1,sensitive,potato,22,35.1,0.0,loam,early,51,hose_reel,irrigation_canal,45.2,0
farm_2,farm_2_field_4,2026-06-11,87.6,sensitive,potato,23,35.1,0.2,loam,early,52,hose_reel,irrigation_canal,45.2,0
farm_2,farm_2_field_4,2026-06-12,81.9,sensitive,potato,24,35.1,0.0,loam,early,53,hose_reel,irrigation_canal,45.2,0
farm_2,farm_2_field_4,2026-06-13,82.9,sensitive,potato,25,35.1,0.3,loam,early,54,hose_reel,irrigation_canal,45.2,0
farm_2,farm_2_field_4,2026-06-14,80.4,sensitive,potato,26,35.1,0.8,loam,early,55,hose_reel,irrigation_canal,45.2,0
farm_2,farm_2_field_4,2026-06-15,70.2,sensitive,potato,27,35.1,0.3,loam,early,56,hose_reel,irrigation_canal,45.2,0
farm_2,farm_2_field_4,2026-06-16,77.0,sensitive,potato,28,35.1,0.0,loam,early,57,hose_reel,irrigation_canal,45.2,0
farm_2,farm_2_field_4,2026-06-17,71.0,sensitive,potato,29,35.1,2.6,loam,early,58,hose_reel,irrigation_canal,45.2,0
farm_2,farm_2_field_4,2026-06-18,65.5,sensitive,potato,30,35.1,30.1,loam,early,59,hose_reel,irrigation_canal,45.2,1
farm_2,farm_2_field_4,2026-06-19,89.1,sensitive,potato,31,35.1,0.0,loam,early,60,hose_reel,irrigation_canal,45.2,0
farm_2,farm_2_field_4,2026-06-20,86.6,sensitive,potato,32,35.1,0.1,loam,early,61,hose_reel,irrigation_canal,45.2,0
farm_2,farm_2_field_4,2026-06-21,80.9,sensitive,potato,33,35.1,0.5,loam,early,62,hose_reel,irrigation_canal,45.2,0
farm_2,farm_2_field_4,2026-06-22,75.5,sensitive,potato,34,35.1,0.4,loam,early,63,hose_reel,irrigation_canal,45.2,0
farm_2,farm_2_field_4,2026-06-23,71.8,sensitive,potato,35,35.1,0.0,loam,early,64,hose_reel,irrigation_canal,45.2,0
farm_2,farm_2_field_4,2026-06-24,66.4,sensitive,potato,36,35.1,0.0,loam,early,65,hose_reel,irrigation_canal,45.2,0
farm_2,farm_2_field_4,2026-06-25,66.4,sensitive,potato,37,35.1,0.0,loam,early,66,hose_reel,irrigation_canal,45.2,1
farm_2,farm_2_field_4,2026-06-26,58.1,sensitive,potato,38,35.1,0.5,loam,early,67,hose_reel,irrigation_canal,45.2,1
farm_2,farm_2_field_4,2026-06-27,65.4,sensitive,potato,39,35.1,0.0,loam,early,68,hose_reel,irrigation_canal,45.2,1
farm_2,farm_2_field_4,2026-06-28,60.3,sensitive,potato,40,35.1,2.8,loam,early,69,hose_reel,irrigation_canal,45.2,1
farm_2,farm_2_field_4,2026-06-29,56.4,sensitive,potato,41,35.1,0.4,loam,early,70,hose_reel,irrigation_canal,45.2,1
farm_2,farm_2_field_4,2026-06-30,57.2,sensitive,potato,42,35.1,0.0,loam,early,71,hose_reel,irrigation_canal,45.2,1
farm_2,farm_2_field_4,2026-07-01,81.8,sensitive,potato,1,38.6,0.6,loam,early,72,hose_reel,irrigation_canal,45.2,0
farm_2,farm_2_field_4,2026-07-02,77.9,sensitive,potato,2,38.6,0.0,loam,early,73,hose_reel,irrigation_canal,45.2,0
farm_2,farm_2_field_4,2026-07-03,73.7,sensitive,potato,3,38.6,0.0,loam,early,74,hose_reel,irrigation_canal,45.2,0
farm_2,farm_2_field_4,2026-07-04,71.1,sensitive,potato,4,38.6,0.9,loam,early,75,hose_reel,irrigation_canal,45.2,0
farm_2,farm_2_field_4,2026-07-05,60.7,sensitive,potato,5,38.6,0.0,loam,early,76,hose_reel,irrigation_canal,45.2,1
farm_2,farm_2_field_4,2026-07-06,63.2,sensitive,potato,6,38.6,0.0,loam,early,77,hose_reel,irrigation_canal,45.2,1
farm_2,farm_2_field_4,2026-07-07,66.0,sensitive,potato,7,38.6,0.0,loam,early,78,hose_reel,irrigation_canal,45.2,1
farm_2,farm_2_field_4,2026-07-08,58.1,sensitive,potato,8,38.6,0.8,loam,early,79,hose_reel,irrigation_canal,45.2,1
farm_2,farm_2_field_4,2026-07-09,50.9,sensitive,potato,9,38.6,5.7,loam,early,80,hose_reel,irrigation_canal,45.2,1
farm_2,farm_2_field_4,2026-07-10,78.2,sensitive,potato,1,40.0,0.0,loam,early,81,hose_reel,irrigation_canal,45.2,0
farm_2,farm_2_field_4,2026-07-11,79.0,sensitive,potato,2,40.0,0.0,loam,early,82,hose_reel,irrigation_canal,45.2,0
farm_2,farm_2_field_4,2026-07-12,73.4,sensitive,potato,3,40.0,0.0,loam,early,83,hose_reel,irrigation_canal,45.2,0
farm_2,farm_2_field_4,2026-07-13,74.8,sensitive,potato,4,40.0,0.0,loam,early,84,hose_reel,irrigation_canal,45.2,0
farm_2,farm_2_field_4,2026-07-14,70.4,late,potato,5,40.0,0.4,loam,early,85,hose_reel,irrigation_canal,45.2,0
farm_2,farm_2_field_4,2026-07-15,68.6,late,potato,6,40.0,0.0,loam,early,86,hose_reel,irrigation_canal,45.2,0
farm_2,farm_2_field_4,2026-07-16,64.4,late,potato,7,40.0,0.2,loam,early,87,hose_reel,irrigation_canal,45.2,0
farm_2,farm_2_field_4,2026-07-17,62.3,late,potato,8,40.0,0.0,loam,early,88,hose_reel,irrigation_canal,45.2,0
farm_2,farm_2_field_4,2026-07-18,63.4,late,potato,9,40.0,1.0,loam,early,89,hose_reel,irrigation_canal,45.2,0
farm_2,farm_2_field_4,2026-07-19,60.4,late,potato,10,40.0,0.9,loam,early,90,hose_reel,irrigation_canal,45.2,0
farm_2,farm_2_field_4,2026-07-20,52.8,late,potato,11,40.0,0.0,loam,early,91,hose_reel,irrigation_canal,45.2,0
farm_2,farm_2_field_4,2026-07-21,54.8,late,potato,12,40.0,0.5,loam,early,92,hose_reel,irrigation_canal,45.2,0
farm_2,farm_2_field_4,2026-07-22,56.5,late,potato,13,40.0,0.4,loam,early,93,hose_reel,irrigation_canal,45.2,0
farm_2,farm_2_field_4,2026-07-23,51.8,late,potato,14,40.0,0.4,loam,early,94,hose_reel,irrigation_canal,45.2,0
farm_2,farm_2_field_4,2026-07-24,51.1,late,potato,15,40.0,0.1,loam,early,95,hose_reel,irrigation_canal,45.2,0
farm_2,farm_2_field_4,2026-07-25,46.0,late,potato,16,40.0,0.0,loam,early,96,hose_reel,irrigation_canal,45.2,0
farm_2,farm_2_field_4,2026-07-26,48.4,late,potato,17,40.0,0.7,loam,early,97,hose_reel,irrigation_canal,45.2,1
farm_2,farm_2_field_4,2026-07-27,48.2,late,potato,18,40.0,3.0,loam,early,98,hose_reel,irrigation_canal,45.2,1
farm_2,farm_2_field_4,2026-07-28,42.6,late,potato,19,40.0,0.5,loam,early,99,hose_reel,irrigation_canal,45.2,1
farm_2,farm_2_field_4,2026-07-29,41.6,late,potato,20,40.0,9.3,loam,early,100,hose_reel,irrigation_canal,45.2,1
farm_2,farm_2_field_4,2026-07-30,48.6,late,potato,21,40.0,0.4,loam,early,101,hose_reel,irrigation_canal,45.2,1
farm_2,farm_2_field_4,2026-07-31,48.1,late,potato,22,40.0,0.1,loam,early,102,hose_reel,irrigation_canal,45.2,1
farm_2,farm_2_field_4,2026-08-01,50.1,late,potato,23,40.0,0.0,loam,early,103,hose_reel,irrigation_canal,45.2,1
farm_2,farm_2_field_4,2026-08-02,40.2,late,potato,24,40.0,0.0,loam,early,104,hose_reel,irrigation_canal,45.2,1
farm_2,farm_2_field_4,2026-08-03,35.4,late,potato,25,40.0,0.4,loam,early,105,hose_reel,irrigation_canal,45.2,1
farm_2,farm_2_field_4,2026-08-04,41.5,late,potato,26,40.0,0.6,loam,early,106,hose_reel,irrigation_canal,45.2,1
farm_2,farm_2_field_4,2026-08-05,39.5,late,potato,27,40.0,0.5,loam,early,107,hose_reel,irrigation_canal,45.2,1
farm_2,farm_2_field_4,2026-08-06,33.4,late,potato,28,40.0,11.8,loam,early,108,hose_reel,irrigation_canal,45.2,1
farm_2,farm_2_field_4,2026-08-07,45.5,late,potato,29,40.0,0.7,loam,early,109,hose_reel,irrigation_canal,45.2,1
farm_2,farm_2_field_4,2026-08-08,42.9,late,potato,30,40.0,0.0,loam,early,110,hose_reel,irrigation_canal,45.2,1
farm_2,farm_2_field_4,2026-08-09,33.5,late,potato,31,40.0,0.0,loam,early,111,hose_reel,irrigation_canal,45.2,1
farm_2,farm_2_field_4,2026-08-10,36.3,late,potato,32,40.0,0.0,loam,early,112,hose_reel,irrigation_canal,45.2,1
farm_2,farm_2_field_4,2026-08-11,32.2,late,potato,33,40.0,2.8,loam,early,113,hose_reel,irrigation_canal,45.2,2
farm_2,farm_2_field_4,2026-08-12,59.7,late,potato,1,40.0,0.1,loam,early,114,hose_reel,irrigation_canal,45.2,0
farm_2,farm_2_field_4,2026-08-13,59.5,late,potato,2,40.0,0.0,loam,early,115,hose_reel,irrigation_canal,45.2,0
farm_2,farm_2_field_4,2026-08-14,54.8,late,potato,3,40.0,0.5,loam,early,116,hose_reel,irrigation_canal,45.2,0
farm_2,farm_2_field_4,2026-08-15,56.3,late,potato,4,40.0,0.1,loam,early,117,hose_reel,irrigation_canal,45.2,0
farm_2,farm_2_field_4,2026-08-16,57.0,late,potato,5,40.0,0.8,loam,early,118,hose_reel,irrigation_canal,45.2,0
farm_2,farm_2_field_4,2026-08-17,57.0,late,potato,6,40.0,0.0,loam,early,119,hose_reel,irrigation_canal,45.2,0
farm_2,farm_2_field_4,2026-08-18,46.1,late,potato,7,40.0,0.1,loam,early,120,hose_reel,irrigation_canal,45.2,0
farm_2,farm_2_field_4,2026-08-19,50.5,late,potato,8,40.0,0.0,loam,early,121,hose_reel,irrigation_canal,45.2,0
farm_2,farm_2_field_4,2026-08-20,41.5,late,potato,9,40.0,0.0,loam,early,122,hose_reel,irrigation_canal,45.2,1
farm_2,farm_2_field_4,2026-08-21,43.0,late,potato,10,40.0,0.3,loam,early,123,hose_reel,irrigation_canal,45.2,1
farm_2,farm_2_field_4,2026-08-22,47.2,late,potato,11,40.0,0.0,loam,early,124,hose_reel,irrigation_canal,45.2,1
farm_2,farm_2_field_4,2026-08-23,44.5,late,potato,12,40.0,0.6,loam,early,125,hose_reel,irrigation_canal,45.2,1
farm_2,farm_2_field_4,2026-08-24,32.9,late,potato,13,40.0,0.0,loam,early,126,hose_reel,irrigation_canal,45.2,1
farm_2,farm_2_field_4,2026-08-25,31.9,late,potato,14,40.0,0.0,loam,early,127,hose_reel,irrigation_canal,45.2,1
farm_2,farm_2_field_4,2026-08-26,33.9,late,potato,15,40.0,0.0,loam,early,128,hose_reel,irrigation_canal,45.2,1
farm_2,farm_2_field_4,2026-08-27,32.4,late,potato,16,40.0,0.2,loam,early,129,hose_reel,irrigation_canal,45.2,1
farm_2,farm_2_field_4,2026-08-28,56.6,late,potato,1,40.0,20.6,loam,early,130,hose_reel,irrigation_canal,45.2,0
farm_2,farm_2_field_4,2026-08-29,76.5,late,potato,2,40.0,0.0,loam,early,131,hose_reel,irrigation_canal,45.2,0
farm_2,farm_2_field_4,2026-08-30,72.6,late,potato,3,40.0,0.4,loam,early,132,hose_reel,irrigation_canal,45.2,0
farm_2,farm_2_field_4,2026-08-31,74.8,late,potato,4,40.0,0.0,loam,early,133,hose_reel,irrigation_canal,45.2,0
farm_2,farm_2_field_4,2026-09-01,67.1,late,potato,5,40.0,0.0,loam,early,134,hose_reel,irrigation_canal,45.2,0
farm_2,farm_2_field_4,2026-09-02,62.5,late,potato,6,40.0,0.0,loam,early,135,hose_reel,irrigation_canal,45.2,0
farm_2,farm_2_field_4,2026-09-03,61.4,late,potato,7,40.0,0.0,loam,early,136,hose_reel,irrigation_canal,45.2,0
farm_2,farm_2_field_4,2026-09-04,62.3,late,potato,8,40.0,0.9,loam,early,137,hose_reel,irrigation_canal,45.2,0
farm_2,farm_2_field_4,2026-09-05,61.6,late,potato,9,40.0,0.7,loam,early,138,hose_reel,irrigation_canal,45.2,0
farm_2,farm_2_field_4,2026-09-06,62.2,late,potato,10,40.0,0.0,loam,early,139,hose_reel,irrigation_canal,45.2,0
farm_2,farm_2_field_4,2026-09-07,63.5,late,potato,11,40.0,0.0,loam,early,140,hose_reel,irrigation_canal,45.2,0
farm_2,farm_2_field_4,2026-09-08,56.4,late,potato,12,40.0,0.6,loam,early,141,hose_reel,irrigation_canal,45.2,0
farm_2,farm_2_field_4,2026-09-09,53.3,late,potato,13,40.0,0.0,loam,early,142,hose_reel,irrigation_canal,45.2,0
farm_2,farm_2_field_4,2026-09-10,53.3,late,potato,14,40.0,0.3,loam,early,143,hose_reel,irrigation_canal,45.2,0
farm_2,farm_2_field_4,2026-09-11,53.4,late,potato,15,40.0,0.3,loam,early,144,hose_reel,irrigation_canal,45.2,0
farm_2,farm_2_field_4,2026-09-12,55.4,late,potato,16,40.0,0.0,loam,early,145,hose_reel,irrigation_canal,45.2,0
farm_2,farm_2_field_4,2026-09-13,49.2,late,potato,17,40.0,0.2,loam,early,146,hose_reel,irrigation_canal,45.2,0
farm_2,farm_2_field_4,2026-09-14,53.6,late,potato,18,40.0,2.5,loam,early,147,hose_reel,irrigation_canal,45.2,1
farm_2,farm_2_field_4,2026-09-15,43.1,late,potato,19,40.0,0.1,loam,early,148,hose_reel,irrigation_canal,45.2,1
farm_2,farm_2_field_4,2026-09-16,41.8,late,potato,20,40.0,5.6,loam,early,149,hose_reel,irrigation_canal,45.2,1
farm_2,farm_2_field_4,2026-09-17,47.2,late,potato,21,40.0,3.0,loam,early,150,hose_reel,irrigation_canal,45.2,0
farm_2,farm_2_field_4,2026-09-18,50.2,late,potato,22,40.0,0.1,loam,early,151,hose_reel,irrigation_canal,45.2,0
farm_2,farm_2_field_4,2026-09-19,50.9,late,potato,23,40.0,0.2,loam,early,152,hose_reel,irrigation_canal,45.2,1
farm_2,farm_2_field_4,2026-09-20,46.3,late,potato,24,40.0,0.0,loam,early,153,hose_reel,irrigation_canal,45.2,1
farm_2,farm_2_field_4,2026-09-21,76.7,late,potato,1,40.0,0.0,loam,early,154,hose_reel,irrigation_canal,45.2,0
farm_2,farm_2_field_4,2026-09-22,71.5,late,potato,2,40.0,0.0,loam,early,155,hose_reel,irrigation_canal,45.2,0
farm_2,farm_2_field_4,2026-09-23,66.4,late,potato,3,40.0,0.2,loam,early,156,hose_reel,irrigation_canal,45.2,0
farm_2,farm_2_field_4,2026-09-24,70.8,late,potato,4,40.0,0.0,loam,early,157,hose_reel,irrigation_canal,45.2,0
farm_2,farm_2_field_4,2026-09-25,65.5,late,potato,5,40.0,0.0,loam,early,158,hose_reel,irrigation_canal,45.2,0
farm_2,farm_2_field_4,2026-09-26,66.3,late,potato,6,40.0,0.0,loam,early,159,hose_reel,irrigation_canal,45.2,0
farm_2,farm_2_field_4,2026-09-27,59.7,late,potato,7,40.0,0.0,loam,early,160,hose_reel,irrigation_canal,45.2,0
farm_2,farm_2_field_4,2026-09-28,60.3,late,potato,8,40.0,0.1,loam,early,161,hose_reel,irrigation_canal,45.2,0
farm_2,farm_2_field_4,2026-09-29,64.8,late,potato,9,40.0,0.0,loam,early,162,hose_reel,irrigation_canal,45.2,0
farm_2,farm_2_field_4,2026-09-30,64.7,late,potato,10,40.0,0.0,loam,early,163,hose_reel,irrigation_canal,45.2,0
farm_3,farm_3_field_1,2026-05-06,82.1,initial,maize,0,0.0,0.0,sand,late,0,pivot,river_pump,36.2,0
farm_3,farm_3_field_1,2026-05-07,86.3,initial,maize,1,0.0,0.0,sand,late,1,pivot,river_pump,36.2,0
farm_3,farm_3_field_1,2026-05-08,82.9,initial,maize,2,0.0,0.0,sand,late,2,pivot,river_pump,36.2,0
farm_3,farm_3_field_1,2026-05-09,87.0,initial,maize,3,0.0,0.9,sand,late,3,pivot,river_pump,36.2,0
farm_3,farm_3_field_1,2026-05-10,88.2,initial,maize,4,0.0,0.3,sand,late,4,pivot,river_pump,36.2,0
farm_3,farm_3_field_1,2026-05-11,84.0,initial,maize,5,0.0,0.0,sand,late,5,pivot,river_pump,36.2,0
farm_3,farm_3_field_1,2026-05-12,81.0,initial,maize,6,0.0,0.0,sand,late,6,pivot,river_pump,36.2,0
farm_3,farm_3_field_1,2026-05-13,80.0,initial,maize,7,0.0,0.0,sand,late,7,pivot,river_pump,36.2,0
farm_3,farm_3_field_1,2026-05-14,77.2,initial,maize,8,0.0,0.7,sand,late,8,pivot,river_pump,36.2,0
farm_3,farm_3_field_1,2026-05-15,79.2,initial,maize,9,0.0,0.0,sand,late,9,pivot,river_pump,36.2,0
farm_3,farm_3_field_1,2026-05-16,75.1,initial,maize,10,0.0,0.3,sand,late,10,pivot,river_pump,36.2,0
farm_3,farm_3_field_1,2026-05-17,72.6,initial,maize,11,0.0,6.1,sand,late,11,pivot,river_pump,36.2,0
farm_3,farm_3_field_1,2026-05-18,83.2,initial,maize,12,0.0,0.3,sand,late,12,pivot,river_pump,36.2,0
farm_3,farm_3_field_1,2026-05-19,74.5,initial,maize,13,0.0,8.8,sand,late,13,pivot,river_pump,36.2,0
farm_3,farm_3_field_1,2026-05-20,91.7,initial,maize,14,0.0,0.1,sand,late,14,pivot,river_pump,36.2,0
farm_3,farm_3_field_1,2026-05-21,91.4,initial,maize,15,0.0,5.8,sand,late,15,pivot,river_pump,36.2,0
farm_3,farm_3_field_1,2026-05-22,100.0,initial,maize,16,0.0,0.0,sand,late,16,pivot,river_pump,36.2,0
farm_3,farm_3_field_1,2026-05-23,93.4,initial,maize,17,0.0,0.2,sand,late,17,pivot,river_pump,36.2,0
farm_3,farm_3_field_1,2026-05-24,96.1,initial,maize,18,0.0,0.0,sand,late,18,pivot,river_pump,36.2,0
farm_3,farm_3_field_1,2026-05-25,90.3,initial,maize,19,0.0,3.6,sand,late,19,pivot,river_pump,36.2,0
farm_3,farm_3_field_1,2026-05-26,100.0,initial,maize,20,0.0,0.0,sand,late,20,pivot,river_pump,36.2,0
farm_3,farm_3_field_1,2026-05-27,93.5,initial,maize,21,0.0,0.6,sand,late,21,pivot,river_pump,36.2,0
farm_3,farm_3_field_1,2026-05-28,91.1,initial,maize,22,0.0,0.9,sand,late,22,pivot,river_pump,36.2,0
farm_3,farm_3_field_1,2026-05-29,92.5,initial,maize,23,0.0,0.0,sand,late,23,pivot,river_pump,36.2,0
farm_3,farm_3_field_1,2026-05-30,86.2,initial,maize,24,0.0,0.1,sand,late,24,pivot,river_pump,36.2,0
farm_3,farm_3_field_1,2026-05-31,87.1,initial,maize,25,0.0,0.2,sand,late,25,pivot,river_pump,36.2,0
farm_3,farm_3_field_1,2026-06-01,88.0,initial,maize,26,0.0,0.2,sand,late,26,pivot,river_pump,36.2,0
farm_3,farm_3_field_1,2026-06-02,84.2,initial,maize,27,0.0,0.0,sand,late,27,pivot,river_pump,36.2,0
farm_3,farm_3_field_1,2026-06-03,79.4,initial,maize,28,0.0,0.0,sand,late,28,pivot,river_pump,36.2,0
farm_3,farm_3_field_1,2026-06-04,80.3,initial,maize,29,0.0,0.0,sand,late,29,pivot,river_pump,36.2,0
farm_3,farm_3_field_1,2026-06-05,82.6,initial,maize,30,0.0,0.0,sand,late,30,pivot,river_pump,36.2,0
farm_3,farm_3_field_1,2026-06-06,78.7,initial,maize,31,0.0,0.0,sand,late,31,pivot,river_pump,36.2,0
farm_3,farm_3_field_1,2026-06-07,70.7,initial,maize,32,0.0,19.7,sand,late,32,pivot,river_pump,36.2,0
farm_3,farm_3_field_1,2026-06-08,97.9,initial,maize,33,0.0,18.7,sand,late,33,pivot,river_pump,36.2,0
farm_3,farm_3_field_1,2026-06-09,98.8,development,maize,34,0.0,0.0,sand,late,34,pivot,river_pump,36.2,0
farm_3,farm_3_field_1,2026-06-10,98.9,development,maize,35,0.0,0.0,sand,late,35,pivot,river_pump,36.2,0
farm_3,farm_3_field_1,2026-06-11,90.7,development,maize,36,0.0,0.6,sand,late,36,pivot,river_pump,36.2,0
farm_3,farm_3_field_1,2026-06-12,92.1,development,maize,37,0.0,0.0,sand,late,37,pivot,river_pump,36.2,0
farm_3,farm_3_field_1,2026-06-13,88.2,development,maize,38,0.0,0.0,sand,late,38,pivot,river_pump,36.2,0
farm_3,farm_3_field_1,2026-06-14,82.4,development,maize,39,0.0,0.1,sand,late,39,pivot,river_pump,36.2,0
farm_3,farm_3_field_1,2026-06-15,71.0,development,maize,40,0.0,0.0,sand,late,40,pivot,river_pump,36.2,0
farm_3,farm_3_field_1,2026-06-16,71.7,development,maize,41,0.0,0.2,sand,late,41,pivot,river_pump,36.2,0
farm_3,farm_3_field_1,2026-06-17,69.3,development,maize,42,0.0,2.2,sand,late,42,pivot,river_pump,36.2,0
farm_3,farm_3_field_1,2026-06-18,68.1,development,maize,43,0.0,22.9,sand,late,43,pivot,river_pump,36.2,0
farm_3,farm_3_field_1,2026-06-19,93.9,development,maize,44,0.0,0.0,sand,late,44,pivot,river_pump,36.2,0
farm_3,farm_3_field_1,2026-06-20,87.1,development,maize,45,0.0,0.8,sand,late,45,pivot,river_pump,36.2,0
farm_3,farm_3_field_1,2026-06-21,81.4,development,maize,46,0.0,0.0,sand,late,46,pivot,river_pump,36.2,0
farm_3,farm_3_field_1,2026-06-22,76.7,development,maize,47,0.0,0.7,sand,late,47,pivot,river_pump,36.2,0
farm_3,farm_3_field_1,2026-06-23,71.2,development,maize,48,0.0,0.0,sand,late,48,pivot,river_pump,36.2,0
farm_3,farm_3_field_1,2026-06-24,68.7,development,maize,49,0.0,0.0,sand,late,49,pivot,river_pump,36.2,0
farm_3,farm_3_field_1,2026-06-25,63.5,development,maize,50,0.0,0.0,sand,late,50,pivot,river_pump,36.2,0
farm_3,farm_3_field_1,2026-06-26,54.9,development,maize,51,0.0,0.0,sand,late,51,pivot,river_pump,36.2,0
farm_3,farm_3_field_1,2026-06-27,61.0,development,maize,52,0.0,0.0,sand,late,52,pivot,river_pump,36.2,0
farm_3,farm_3_field_1,2026-06-28,53.3,development,maize,53,0.0,3.0,sand,late,53,pivot,river_pump,36.2,1
farm_3,farm_3_field_1,2026-06-29,47.7,development,maize,54,0.0,0.6,sand,late,54,pivot,river_pump,36.2,1
farm_3,farm_3_field_1,2026-06-30,45.8,development,maize,55,0.0,0.5,sand,late,55,pivot,river_pump,36.2,1
farm_3,farm_3_field_1,2026-07-01,39.1,development,maize,56,0.0,0.4,sand,late,56,pivot,river_pump,36.2,1
farm_3,farm_3_field_1,2026-07-02,37.2,development,maize,57,0.0,0.0,sand,late,57,pivot,river_pump,36.2,1
farm_3,farm_3_field_1,2026-07-03,35.2,development,maize,58,0.0,0.0,sand,late,58,pivot,river_pump,36.2,2
farm_3,farm_3_field_1,2026-07-04,68.6,development,maize,1,30.0,0.0,sand,late,59,pivot,river_pump,36.2,0
farm_3,farm_3_field_1,2026-07-05,56.8,development,maize,2,30.0,0.3,sand,late,60,pivot,river_pump,36.2,0
farm_3,farm_3_field_1,2026-07-06,53.9,development,maize,3,30.0,0.0,sand,late,61,pivot,river_pump,36.2,0
farm_3,farm_3_field_1,2026-07-07,52.3,development,maize,4,30.0,0.0,sand,late,62,pivot,river_pump,36.2,0
farm_3,farm_3_field_1,2026-07-08,46.3,development,maize,5,30.0,1.1,sand,late,63,pivot,river_pump,36.2,1
farm_3,farm_3_field_1,2026-07-09,45.7,development,maize,6,30.0,3.7,sand,late,64,pivot,river_pump,36.2,1
farm_3,farm_3_field_1,2026-07-10,45.1,development,maize,7,30.0,0.2,sand,late,65,pivot,river_pump,36.2,1
farm_3,farm_3_field_1,2026-07-11,37.7,development,maize,8,30.0,0.0,sand,late,66,pivot,river_pump,36.2,1
farm_3,farm_3_field_1,2026-07-12,73.6,development,maize,1,30.0,0.5,sand,late,67,pivot,river_pump,36.2,0
farm_3,farm_3_field_1,2026-07-13,72.1,development,maize,2,30.0,0.0,sand,late,68,pivot,river_pump,36.2,0
farm_3,farm_3_field_1,2026-07-14,66.8,development,maize,3,30.0,0.7,sand,late,69,pivot,river_pump,36.2,0
farm_3,farm_3_field_1,2026-07-15,70.0,development,maize,4,30.0,0.0,sand,late,70,pivot,river_pump,36.2,0
farm_3,farm_3_field_1,2026-07-16,59.5,development,maize,5,30.0,0.0,sand,late,71,pivot,river_pump,36.2,0
farm_3,farm_3_field_1,2026-07-17,51.9,development,maize,6,30.0,0.0,sand,late,72,pivot,river_pump,36.2,0
farm_3,farm_3_field_1,2026-07-18,49.4,development,maize,7,30.0,0.6,sand,late,73,pivot,river_pump,36.2,1
farm_3,farm_3_field_1,2026-07-19,46.3,development,maize,8,30.0,0.3,sand,late,74,pivot,river_pump,36.2,1
farm_3,farm_3_field_1,2026-07-20,34.4,development,maize,9,30.0,0.7,sand,late,75,pivot,river_pump,36.2,1
farm_3,farm_3_field_1,2026-07-21,32.1,development,maize,10,30.0,0.0,sand,late,76,pivot,river_pump,36.2,2
farm_3,farm_3_field_1,2026-07-22,68.6,development,maize,1,30.0,0.0,sand,late,77,pivot,river_pump,36.2,0
farm_3,farm_3_field_1,2026-07-23,71.9,development,maize,2,30.0,0.7,sand,late,78,pivot,river_pump,36.2,0
farm_3,farm_3_field_1,2026-07-24,59.7,development,maize,3,30.0,0.2,sand,late,79,pivot,river_pump,36.2,0
farm_3,farm_3_field_1,2026-07-25,60.9,sensitive,maize,4,30.0,0.0,sand,late,80,pivot,river_pump,36.2,1
farm_3,farm_3_field_1,2026-07-26,47.0,sensitive,maize,5,30.0,0.3,sand,late,81,pivot,river_pump,36.2,1
farm_3,farm_3_field_1,2026-07-27,33.5,sensitive,maize,6,30.0,2.3,sand,late,82,pivot,river_pump,36.2,2
farm_3,farm_3_field_1,2026-07-28,75.7,sensitive,maize,1,30.0,0.0,sand,late,83,pivot,river_pump,36.2,0
farm_3,farm_3_field_1,2026-07-29,66.4,sensitive,maize,2,30.0,7.0,sand,late,84,pivot,river_pump,36.2,0
farm_3,farm_3_field_1,2026-07-30,68.1,sensitive,maize,3,30.0,0.0,sand,late,85,pivot,river_pump,36.2,0
farm_3,farm_3_field_1,2026-07-31,66.9,sensitive,maize,4,30.0,0.4,sand,late,86,pivot,river_pump,36.2,0
farm_3,farm_3_field_1,2026-08-01,58.3,sensitive,maize,5,30.0,0.1,sand,late,87,pivot,river_pump,36.2,1
farm_3,farm_3_field_1,2026-08-02,78.3,sensitive,maize,1,21.6,0.0,sand,late,88,pivot,river_pump,36.2,0
farm_3,farm_3_field_1,2026-08-03,67.1,sensitive,maize,2,21.6,0.1,sand,late,89,pivot,river_pump,36.2,0
farm_3,farm_3_field_1,2026-08-04,62.8,sensitive,maize,3,21.6,1.2,sand,late,90,pivot,river_pump,36.2,0
farm_3,farm_3_field_1,2026-08-05,56.5,sensitive,maize,4,21.6,0.2,sand,late,91,pivot,river_pump,36.2,1
farm_3,farm_3_field_1,2026-08-06,75.3,sensitive,maize,1,22.4,8.6,sand,late,92,pivot,river_pump,36.2,0
farm_3,farm_3_field_1,2026-08-07,83.0,sensitive,maize,2,22.4,0.4,sand,late,93,pivot,river_pump,36.2,0
farm_3,farm_3_field_1,2026-08-08,80.7,sensitive,maize,3,22.4,0.0,sand,late,94,pivot,river_pump,36.2,0
farm_3,farm_3_field_1,2026-08-09,67.5,sensitive,maize,4,22.4,0.2,sand,late,95,pivot,river_pump,36.2,0
farm_3,farm_3_field_1,2026-08-10,60.7,sensitive,maize,5,22.4,0.0,sand,late,96,pivot,river_pump,36.2,1
farm_3,farm_3_field_1,2026-08-11,55.5,sensitive,maize,6,22.4,1.3,sand,late,97,pivot,river_pump,36.2,1
farm_3,farm_3_field_1,2026-08-12,46.9,sensitive,maize,7,22.4,0.2,sand,late,98,pivot,river_pump,36.2,2
farm_3,farm_3_field_1,2026-08-13,70.4,sensitive,maize,1,29.2,0.1,sand,late,99,pivot,river_pump,36.2,0
farm_3,farm_3_field_1,2026-08-14,70.5,sensitive,maize,2,29.2,0.7,sand,late,100,pivot,river_pump,36.2,0
farm_3,farm_3_field_1,2026-08-15,65.3,sensitive,maize,3,29.2,0.0,sand,late,101,pivot,river_pump,36.2,0
farm_3,farm_3_field_1,2026-08-16,60.0,sensitive,maize,4,29.2,0.2,sand,late,102,pivot,river_pump,36.2,1
farm_3,farm_3_field_1,2026-08-17,50.8,sensitive,maize,5,29.2,0.0,sand,late,103,pivot,river_pump,36.2,1
farm_3,farm_3_field_1,2026-08-18,74.5,sensitive,maize,1,25.1,0.0,sand,late,104,pivot,river_pump,36.2,0
farm_3,farm_3_field_1,2026-08-19,71.3,sensitive,maize,2,25.1,0.3,sand,late,105,pivot,river_pump,36.2,0
farm_3,farm_3_field_1,2026-08-20,65.7,sensitive,maize,3,25.1,0.2,sand,late,106,pivot,river_pump,36.2,0
farm_3,farm_3_field_1,2026-08-21,50.9,sensitive,maize,4,25.1,0.0,sand,late,107,pivot,river_pump,36.2,1
farm_3,farm_3_field_1,2026-08-22,44.5,sensitive,maize,5,25.1,0.0,sand,late,108,pivot,river_pump,36.2,1
farm_3,farm_3_field_1,2026-08-23,41.2,sensitive,maize,6,25.1,0.0,sand,late,109,pivot,river_pump,36.2,2
farm_3,farm_3_field_1,2026-08-24,73.4,sensitive,maize,1,30.0,0.0,sand,late,110,pivot,river_pump,36.2,0
farm_3,farm_3_field_1,2026-08-25,67.7,sensitive,maize,2,30.0,0.6,sand,late,111,pivot,river_pump,36.2,0
farm_3,farm_3_field_1,2026-08-26,56.3,sensitive,maize,3,30.0,0.0,sand,late,112,pivot,river_pump,36.2,1
farm_3,farm_3_field_1,2026-08-27,45.1,sensitive,maize,4,30.0,0.3,sand,late,113,pivot,river_pump,36.2,1
farm_3,farm_3_field_1,2026-08-28,73.3,sensitive,maize,1,24.0,15.9,sand,late,114,pivot,river_pump,36.2,0
farm_3,farm_3_field_1,2026-08-29,93.1,sensitive,maize,2,24.0,0.0,sand,late,115,pivot,river_pump,36.2,0
farm_3,farm_3_field_1,2026-08-30,87.6,sensitive,maize,3,24.0,0.4,sand,late,116,pivot,river_pump,36.2,0
farm_3,farm_3_field_1,2026-08-31,79.7,sensitive,maize,4,24.0,0.4,sand,late,117,pivot,river_pump,36.2,0
farm_3,farm_3_field_1,2026-09-01,75.4,sensitive,maize,5,24.0,0.0,sand,late,118,pivot,river_pump,36.2,0
farm_3,farm_3_field_1,2026-09-02,69.9,sensitive,maize,6,24.0,0.0,sand,late,119,pivot,river_pump,36.2,0
farm_3,farm_3_field_1,2026-09-03,65.2,sensitive,maize,7,24.0,0.2,sand,late,120,pivot,river_pump,36.2,1
farm_3,farm_3_field_1,2026-09-04,55.8,sensitive,maize,8,24.0,0.0,sand,late,121,pivot,river_pump,36.2,1
farm_3,farm_3_field_1,2026-09-05,45.9,sensitive,maize,9,24.0,0.4,sand,late,122,pivot,river_pump,36.2,1
farm_3,farm_3_field_1,2026-09-06,45.1,sensitive,maize,10,24.0,0.0,sand,late,123,pivot,river_pump,36.2,2
farm_3,farm_3_field_1,2026-09-07,78.0,sensitive,maize,1,30.0,0.4,sand,late,124,pivot,river_pump,36.2,0
farm_3,farm_3_field_1,2026-09-08,74.6,sensitive,maize,2,30.0,0.0,sand,late,125,pivot,river_pump,36.2,0
farm_3,farm_3_field_1,2026-09-09,69.4,sensitive,maize,3,30.0,0.6,sand,late,126,pivot,river_pump,36.2,0
farm_3,farm_3_field_1,2026-09-10,62.1,sensitive,maize,4,30.0,0.0,sand,late,127,pivot,river_pump,36.2,1
farm_3,farm_3_field_1,2026-09-11,51.3,sensitive,maize,5,30.0,0.4,sand,late,128,pivot,river_pump,36.2,1
farm_3,farm_3_field_1,2026-09-12,79.7,sensitive,maize,1,22.1,0.0,sand,late,129,pivot,river_pump,36.2,0
farm_3,farm_3_field_1,2026-09-13,76.3,sensitive,maize,2,22.1,0.5,sand,late,130,pivot,river_pump,36.2,0
farm_3,farm_3_field_1,2026-09-14,67.3,sensitive,maize,3,22.1,1.8,sand,late,131,pivot,river_pump,36.2,0
farm_3,farm_3_field_1,2026-09-15,61.3,sensitive,maize,4,22.1,0.8,sand,late,132,pivot,river_pump,36.2,0
farm_3,farm_3_field_1,2026-09-16,56.5,sensitive,maize,5,22.1,4.2,sand,late,133,pivot,river_pump,36.2,1
farm_3,farm_3_field_1,2026-09-17,84.8,sensitive,maize,1,20.1,2.4,sand,late,134,pivot,river_pump,36.2,0
farm_3,farm_3_field_1,2026-09-18,83.1,sensitive,maize,2,20.1,0.3,sand,late,135,pivot,river_pump,36.2,0
farm_3,farm_3_field_1,2026-09-19,79.3,sensitive,maize,3,20.1,0.0,sand,late,136,pivot,river_pump,36.2,0
farm_3,farm_3_field_1,2026-09-20,71.8,late,maize,4,20.1,0.0,sand,late,137,pivot,river_pump,36.2,0
farm_3,farm_3_field_1,2026-09-21,70.8,late,maize,5,20.1,0.0,sand,late,138,pivot,river_pump,36.2,0
farm_3,farm_3_field_1,2026-09-22,63.0,late,maize,6,20.1,0.4,sand,late,139,pivot,river_pump,36.2,0
farm_3,farm_3_field_1,2026-09-23,65.1,late,maize,7,20.1,0.1,sand,late,140,pivot,river_pump,36.2,0
farm_3,farm_3_field_1,2026-09-24,53.7,late,maize,8,20.1,0.0,sand,late,141,pivot,river_pump,36.2,0
farm_3,farm_3_field_1,2026-09-25,57.9,late,maize,9,20.1,0.9,sand,late,142,pivot,river_pump,36.2,0
farm_3,farm_3_field_1,2026-09-26,58.0,late,maize,10,20.1,0.7,sand,late,143,pivot,river_pump,36.2,0
farm_3,farm_3_field_1,2026-09-27,58.4,late,maize,11,20.1,0.0,sand,late,144,pivot,river_pump,36.2,0
farm_3,farm_3_field_1,2026-09-28,57.7,late,maize,12,20.1,0.0,sand,late,145,pivot,river_pump,36.2,0
farm_3,farm_3_field_1,2026-09-29,48.9,late,maize,13,20.1,0.0,sand,late,146,pivot,river_pump,36.2,0
farm_3,farm_3_field_1,2026-09-30,50.6,late,maize,14,20.1,0.5,sand,late,147,pivot,river_pump,36.2,0
farm_3,farm_3_field_2,2026-04-18,70.3,initial,sugar_beet,0,0.0,0.0,loam,late,0,drip,river_pump,39.8,0
farm_3,farm_3_field_2,2026-04-19,65.6,initial,sugar_beet,1,0.0,0.0,loam,late,1,drip,river_pump,39.8,0
farm_3,farm_3_field_2,2026-04-20,64.9,initial,sugar_beet,2,0.0,0.4,loam,late,2,drip,river_pump,39.8,0
farm_3,farm_3_field_2,2026-04-21,61.3,initial,sugar_beet,3,0.0,0.0,loam,late,3,drip,river_pump,39.8,0
farm_3,farm_3_field_2,2026-04-22,60.0,initial,sugar_beet,4,0.0,3.4,loam,late,4,drip,river_pump,39.8,0
farm_3,farm_3_field_2,2026-04-23,70.4,initial,sugar_beet,5,0.0,0.0,loam,late,5,drip,river_pump,39.8,0
farm_3,farm_3_field_2,2026-04-24,68.0,initial,sugar_beet,6,0.0,0.0,loam,late,6,drip,river_pump,39.8,0
farm_3,farm_3_field_2,2026-04-25,67.2,initial,sugar_beet,7,0.0,0.0,loam,late,7,drip,river_pump,39.8,0
farm_3,farm_3_field_2,2026-04-26,64.6,initial,sugar_beet,8,0.0,0.1,loam,late,8,drip,river_pump,39.8,0
farm_3,farm_3_field_2,2026-04-27,56.7,initial,sugar_beet,9,0.0,5.1,loam,late,9,drip,river_pump,39.8,0
farm_3,farm_3_field_2,2026-04-28,65.5,initial,sugar_beet,10,0.0,0.0,loam,late,10,drip,river_pump,39.8,0
farm_3,farm_3_field_2,2026-04-29,63.5,initial,sugar_beet,11,0.0,0.0,loam,late,11,drip,river_pump,39.8,0
farm_3,farm_3_field_2,2026-04-30,59.9,initial,sugar_beet,12,0.0,1.6,loam,late,12,drip,river_pump,39.8,0
farm_3,farm_3_field_2,2026-05-01,64.8,initial,sugar_beet,13,0.0,0.4,loam,late,13,drip,river_pump,39.8,0
farm_3,farm_3_field_2,2026-05-02,69.3,initial,sugar_beet,14,0.0,0.3,loam,late,14,drip,river_pump,39.8,0
farm_3,farm_3_field_2,2026-05-03,62.7,initial,sugar_beet,15,0.0,2.3,loam,late,15,drip,river_pump,39.8,0
farm_3,farm_3_field_2,2026-05-04,59.4,initial,sugar_beet,16,0.0,0.3,loam,late,16,drip,river_pump,39.8,0
farm_3,farm_3_field_2,2026-05-05,69.1,initial,sugar_beet,17,0.0,0.2,loam,late,17,drip,river_pump,39.8,0
farm_3,farm_3_field_2,2026-05-06,63.3,initial,sugar_beet,18,0.0,0.0,loam,late,18,drip,river_pump,39.8,0
farm_3,farm_3_field_2,2026-05-07,61.7,initial,sugar_beet,19,0.0,0.0,loam,late,19,drip,river_pump,39.8,0
farm_3,farm_3_field_2,2026-05-08,60.9,initial,sugar_beet,20,0.0,0.0,loam,late,20,drip,river_pump,39.8,0
farm_3,farm_3_field_2,2026-05-09,60.9,initial,sugar_beet,21,0.0,0.9,loam,late,21,drip,river_pump,39.8,0
farm_3,farm_3_field_2,2026-05-10,60.7,initial,sugar_beet,22,0.0,0.3,loam,late,22,drip,river_pump,39.8,0
farm_3,farm_3_field_2,2026-05-11,63.7,initial,sugar_beet,23,0.0,0.0,loam,late,23,drip,river_pump,39.8,0
farm_3,farm_3_field_2,2026-05-12,65.8,initial,sugar_beet,24,0.0,0.0,loam,late,24,drip,river_pump,39.8,0
farm_3,farm_3_field_2,2026-05-13,56.1,initial,sugar_beet,25,0.0,0.0,loam,late,25,drip,river_pump,39.8,0
farm_3,farm_3_field_2,2026-05-14,58.6,initial,sugar_beet,26,0.0,0.7,loam,late,26,drip,river_pump,39.8,0
farm_3,farm_3_field_2,2026-05-15,56.5,initial,sugar_beet,27,0.0,0.0,loam,late,27,drip,river_pump,39.8,0
farm_3,farm_3_field_2,2026-05-16,57.4,initial,sugar_beet,28,0.0,0.3,loam,late,28,drip,river_pump,39.8,0
farm_3,farm_3_field_2,2026-05-17,56.2,development,sugar_beet,29,0.0,6.1,loam,late,29,drip,river_pump,39.8,0
farm_3,farm_3_field_2,2026-05-18,67.7,development,sugar_beet,30,0.0,0.3,loam,late,30,drip,river_pump,39.8,0
farm_3,farm_3_field_2,2026-05-19,55.4,development,sugar_beet,31,0.0,8.8,loam,late,31,drip,river_pump,39.8,0
farm_3,farm_3_field_2,2026-05-20,62.4,development,sugar_beet,32,0.0,0.1,loam,late,32,drip,river_pump,39.8,0
farm_3,farm_3_field_2,2026-05-21,61.8,development,sugar_beet,33,0.0,5.8,loam,late,33,drip,river_pump,39.8,0
farm_3,farm_3_field_2,2026-05-22,63.0,development,sugar_beet,34,0.0,0.0,loam,late,34,drip,river_pump,39.8,0
farm_3,farm_3_field_2,2026-05-23,60.8,development,sugar_beet,35,0.0,0.2,loam,late,35,drip,river_pump,39.8,0
farm_3,farm_3_field_2,2026-05-24,60.6,development,sugar_beet,36,0.0,0.0,loam,late,36,drip,river_pump,39.8,0
farm_3,farm_3_field_2,2026-05-25,54.6,development,sugar_beet,37,0.0,3.6,loam,late,37,drip,river_pump,39.8,0
farm_3,farm_3_field_2,2026-05-26,57.8,development,sugar_beet,38,0.0,0.0,loam,late,38,drip,river_pump,39.8,0
farm_3,farm_3_field_2,2026-05-27,57.6,development,sugar_beet,39,0.0,0.6,loam,late,39,drip,river_pump,39.8,0
farm_3,farm_3_field_2,2026-05-28,54.1,development,sugar_beet,40,0.0,0.9,loam,late,40,drip,river_pump,39.8,0
farm_3,farm_3_field_2,2026-05-29,48.6,development,sugar_beet,41,0.0,0.0,loam,late,41,drip,river_pump,39.8,0
farm_3,farm_3_field_2,2026-05-30,48.1,development,sugar_beet,42,0.0,0.1,loam,late,42,drip,river_pump,39.8,0
farm_3,farm_3_field_2,2026-05-31,46.8,development,sugar_beet,43,0.0,0.2,loam,late,43,drip,river_pump,39.8,0
farm_3,farm_3_field_2,2026-06-01,39.1,development,sugar_beet,44,0.0,0.2,loam,late,44,drip,river_pump,39.8,1
farm_3,farm_3_field_2,2026-06-02,53.6,development,sugar_beet,1,18.0,0.0,loam,late,45,drip,river_pump,39.8,0
farm_3,farm_3_field_2,2026-06-03,56.9,development,sugar_beet,2,18.0,0.0,loam,late,46,drip,river_pump,39.8,0
farm_3,farm_3_field_2,2026-06-04,57.4,development,sugar_beet,3,18.0,0.0,loam,late,47,drip,river_pump,39.8,0
farm_3,farm_3_field_2,2026-06-05,43.1,development,sugar_beet,4,18.0,0.0,loam,late,48,drip,river_pump,39.8,0
farm_3,farm_3_field_2,2026-06-06,50.1,development,sugar_beet,5,18.0,0.0,loam,late,49,drip,river_pump,39.8,1
farm_3,farm_3_field_2,2026-06-07,45.7,development,sugar_beet,6,18.0,19.7,loam,late,50,drip,river_pump,39.8,1
farm_3,farm_3_field_2,2026-06-08,65.9,development,sugar_beet,1,18.0,18.7,loam,late,51,drip,river_pump,39.8,0
farm_3,farm_3_field_2,2026-06-09,77.9,development,sugar_beet,2,18.0,0.0,loam,late,52,drip,river_pump,39.8,0
farm_3,farm_3_field_2,2026-06-10,80.8,development,sugar_beet,3,18.0,0.0,loam,late,53,drip,river_pump,39.8,0
farm_3,farm_3_field_2,2026-06-11,70.9,development,sugar_beet,4,18.0,0.6,loam,late,54,drip,river_pump,39.8,0
farm_3,farm_3_field_2,2026-06-12,73.4,development,sugar_beet,5,18.0,0.0,loam,late,55,drip,river_pump,39.8,0
farm_3,farm_3_field_2,2026-06-13,69.5,development,sugar_beet,6,18.0,0.0,loam,late,56,drip,river_pump,39.8,0
farm_3,farm_3_field_2,2026-06-14,68.1,development,sugar_beet,7,18.0,0.1,loam,late,57,drip,river_pump,39.8,0
farm_3,farm_3_field_2,2026-06-15,70.0,development,sugar_beet,8,18.0,0.0,loam,late,58,drip,river_pump,39.8,0
farm_3,farm_3_field_2,2026-06-16,66.1,development,sugar_beet,9,18.0,0.2,loam,late,59,drip,river_pump,39.8,0
farm_3,farm_3_field_2,2026-06-17,63.6,development,sugar_beet,10,18.0,2.2,loam,late,60,drip,river_pump,39.8,0
farm_3,farm_3_field_2,2026-06-18,61.7,development,sugar_beet,11,18.0,22.9,loam,late,61,drip,river_pump,39.8,0
farm_3,farm_3_field_2,2026-06-19,77.8,development,sugar_beet,12,18.0,0.0,loam,late,62,drip,river_pump,39.8,0
farm_3,farm_3_field_2,2026-06-20,78.9,development,sugar_beet,13,18.0,0.8,loam,late,63,drip,river_pump,39.8,0
farm_3,farm_3_field_2,2026-06-21,70.3,development,sugar_beet,14,18.0,0.0,loam,late,64,drip,river_pump,39.8,0
farm_3,farm_3_field_2,2026-06-22,70.6,development,sugar_beet,15,18.0,0.7,loam,late,65,drip,river_pump,39.8,0
farm_3,farm_3_field_2,2026-06-23,67.5,development,sugar_beet,16,18.0,0.0,loam,late,66,drip,river_pump,39.8,0
farm_3,farm_3_field_2,2026-06-24,62.0,development,sugar_beet,17,18.0,0.0,loam,late,67,drip,river_pump,39.8,0
farm_3,farm_3_field_2,2026-06-25,63.1,development,sugar_beet,18,18.0,0.0,loam,late,68,drip,river_pump,39.8,0
farm_3,farm_3_field_2,2026-06-26,59.4,sensitive,sugar_beet,19,18.0,0.0,loam,late,69,drip,river_pump,39.8,0
farm_3,farm_3_field_2,2026-06-27,60.3,sensitive,sugar_beet,20,18.0,0.0,loam,late,70,drip,river_pump,39.8,0
farm_3,farm_3_field_2,2026-06-28,55.5,sensitive,sugar_beet,21,18.0,3.0,loam,late,71,drip,river_pump,39.8,0
farm_3,farm_3_field_2,2026-06-29,49.5,sensitive,sugar_beet,22,18.0,0.6,loam,late,72,drip,river_pump,39.8,0
farm_3,farm_3_field_2,2026-06-30,49.0,sensitive,sugar_beet,23,18.0,0.5,loam,late,73,drip,river_pump,39.8,1
farm_3,farm_3_field_2,2026-07-01,54.9,sensitive,sugar_beet,1,18.0,0.4,loam,late,74,drip,river_pump,39.8,0
farm_3,farm_3_field_2,2026-07-02,64.3,sensitive,sugar_beet,2,18.0,0.0,loam,late,75,drip,river_pump,39.8,0
farm_3,farm_3_field_2,2026-07-03,55.6,sensitive,sugar_beet,3,18.0,0.0,loam,late,76,drip,river_pump,39.8,1
farm_3,farm_3_field_2,2026-07-04,48.4,sensitive,sugar_beet,4,18.0,0.0,loam,late,77,drip,river_pump,39.8,1
farm_3,farm_3_field_2,2026-07-05,43.7,sensitive,sugar_beet,5,18.0,0.3,loam,late,78,drip,river_pump,39.8,1
farm_3,farm_3_field_2,2026-07-06,50.7,sensitive,sugar_beet,1,18.0,0.0,loam,late,79,drip,river_pump,39.8,0
farm_3,farm_3_field_2,2026-07-07,54.9,sensitive,sugar_beet,2,18.0,0.0,loam,late,80,drip,river_pump,39.8,1
farm_3,farm_3_field_2,2026-07-08,63.5,sensitive,sugar_beet,1,18.0,1.1,loam,late,81,drip,river_pump,39.8,0
farm_3,farm_3_field_2,2026-07-09,56.4,sensitive,sugar_beet,2,18.0,3.7,loam,late,82,drip,river_pump,39.8,0
farm_3,farm_3_field_2,2026-07-10,50.3,sensitive,sugar_beet,3,18.0,0.2,loam,late,83,drip,river_pump,39.8,0
farm_3,farm_3_field_2,2026-07-11,50.3,sensitive,sugar_beet,4,18.0,0.0,loam,late,84,drip,river_pump,39.8,1
farm_3,farm_3_field_2,2026-07-12,54.5,sensitive,sugar_beet,1,18.0,0.5,loam,late,85,drip,river_pump,39.8,0
farm_3,farm_3_field_2,2026-07-13,53.4,sensitive,sugar_beet,2,18.0,0.0,loam,late,86,drip,river_pump,39.8,0
farm_3,farm_3_field_2,2026-07-14,57.7,sensitive,sugar_beet,3,18.0,0.7,loam,late,87,drip,river_pump,39.8,1
farm_3,farm_3_field_2,2026-07-15,60.7,sensitive,sugar_beet,1,18.0,0.0,loam,late,88,drip,river_pump,39.8,0
farm_3,farm_3_field_2,2026-07-16,54.1,sensitive,sugar_beet,2,18.0,0.0,loam,late,89,drip,river_pump,39.8,0
farm_3,farm_3_field_2,2026-07-17,50.6,sensitive,sugar_beet,3,18.0,0.0,loam,late,90,drip,river_pump,39.8,0
farm_3,farm_3_field_2,2026-07-18,51.1,sensitive,sugar_beet,4,18.0,0.6,loam,late,91,drip,river_pump,39.8,1
farm_3,farm_3_field_2,2026-07-19,44.8,sensitive,sugar_beet,5,18.0,0.3,loam,late,92,drip,river_pump,39.8,1
farm_3,farm_3_field_2,2026-07-20,43.9,sensitive,sugar_beet,6,18.0,0.7,loam,late,93,drip,river_pump,39.8,1
farm_3,farm_3_field_2,2026-07-21,36.6,sensitive,sugar_beet,7,18.0,0.0,loam,late,94,drip,river_pump,39.8,1
farm_3,farm_3_field_2,2026-07-22,54.5,sensitive,sugar_beet,1,18.0,0.0,loam,late,95,drip,river_pump,39.8,1
farm_3,farm_3_field_2,2026-07-23,40.9,sensitive,sugar_beet,2,18.0,0.7,loam,late,96,drip,river_pump,39.8,1
farm_3,farm_3_field_2,2026-07-24,52.5,sensitive,sugar_beet,1,18.0,0.2,loam,late,97,drip,river_pump,39.8,0
farm_3,farm_3_field_2,2026-07-25,44.7,sensitive,sugar_beet,2,18.0,0.0,loam,late,98,drip,river_pump,39.8,1
farm_3,farm_3_field_2,2026-07-26,59.7,sensitive,sugar_beet,1,18.0,0.3,loam,late,99,drip,river_pump,39.8,0
farm_3,farm_3_field_2,2026-07-27,57.8,sensitive,sugar_beet,2,18.0,2.3,loam,late,100,drip,river_pump,39.8,0
farm_3,farm_3_field_2,2026-07-28,48.7,sensitive,sugar_beet,3,18.0,0.0,loam,late,101,drip,river_pump,39.8,1
farm_3,farm_3_field_2,2026-07-29,64.5,sensitive,sugar_beet,1,18.0,7.0,loam,late,102,drip,river_pump,39.8,0
farm_3,farm_3_field_2,2026-07-30,58.8,sensitive,sugar_beet,2,18.0,0.0,loam,late,103,drip,river_pump,39.8,0
farm_3,farm_3_field_2,2026-07-31,56.9,sensitive,sugar_beet,3,18.0,0.4,loam,late,104,drip,river_pump,39.8,0
farm_3,farm_3_field_2,2026-08-01,51.6,sensitive,sugar_beet,4,18.0,0.1,loam,late,105,drip,river_pump,39.8,0
farm_3,farm_3_field_2,2026-08-02,47.4,sensitive,sugar_beet,5,18.0,0.0,loam,late,106,drip,river_pump,39.8,1
farm_3,farm_3_field_2,2026-08-03,47.4,sensitive,sugar_beet,6,18.0,0.1,loam,late,107,drip,river_pump,39.8,1
farm_3,farm_3_field_2,2026-08-04,47.9,sensitive,sugar_beet,7,18.0,1.2,loam,late,108,drip,river_pump,39.8,1
farm_3,farm_3_field_2,2026-08-05,41.0,sensitive,sugar_beet,8,18.0,0.2,loam,late,109,drip,river_pump,39.8,1
farm_3,farm_3_field_2,2026-08-06,49.3,sensitive,sugar_beet,1,18.0,8.6,loam,late,110,drip,river_pump,39.8,1
farm_3,farm_3_field_2,2026-08-07,56.6,sensitive,sugar_beet,2,18.0,0.4,loam,late,111,drip,river_pump,39.8,0
farm_3,farm_3_field_2,2026-08-08,47.1,sensitive,sugar_beet,3,18.0,0.0,loam,late,112,drip,river_pump,39.8,1
farm_3,farm_3_field_2,2026-08-09,45.5,sensitive,sugar_beet,4,18.0,0.2,loam,late,113,drip,river_pump,39.8,1
farm_3,farm_3_field_2,2026-08-10,43.5,sensitive,sugar_beet,5,18.0,0.0,loam,late,114,drip,river_pump,39.8,1
farm_3,farm_3_field_2,2026-08-11,39.0,sensitive,sugar_beet,6,18.0,1.3,loam,late,115,drip,river_pump,39.8,1
farm_3,farm_3_field_2,2026-08-12,34.2,sensitive,sugar_beet,7,18.0,0.2,loam,late,116,drip,river_pump,39.8,2
farm_3,farm_3_field_2,2026-08-13,39.8,sensitive,sugar_beet,1,18.0,0.1,loam,late,117,drip,river_pump,39.8,1
farm_3,farm_3_field_2,2026-08-14,51.0,sensitive,sugar_beet,1,18.0,0.7,loam,late,118,drip,river_pump,39.8,0
farm_3,farm_3_field_2,2026-08-15,52.2,sensitive,sugar_beet,2,18.0,0.0,loam,late,119,drip,river_pump,39.8,1
farm_3,farm_3_field_2,2026-08-16,43.3,sensitive,sugar_beet,3,18.0,0.2,loam,late,120,drip,river_pump,39.8,1
farm_3,farm_3_field_2,2026-08-17,43.4,sensitive,sugar_beet,4,18.0,0.0,loam,late,121,drip,river_pump,39.8,1
farm_3,farm_3_field_2,2026-08-18,36.2,sensitive,sugar_beet,5,18.0,0.0,loam,late,122,drip,river_pump,39.8,1
farm_3,farm_3_field_2,2026-08-19,52.6,sensitive,sugar_beet,1,18.0,0.3,loam,late,123,drip,river_pump,39.8,1
farm_3,farm_3_field_2,2026-08-20,60.2,sensitive,sugar_beet,1,18.0,0.2,loam,late,124,drip,river_pump,39.8,0
farm_3,farm_3_field_2,2026-08-21,54.0,sensitive,sugar_beet,2,18.0,0.0,loam,late,125,drip,river_pump,39.8,0
farm_3,farm_3_field_2,2026-08-22,49.8,late,sugar_beet,3,18.0,0.0,loam,late,126,drip,river_pump,39.8,0
farm_3,farm_3_field_2,2026-08-23,48.1,late,sugar_beet,4,18.0,0.0,loam,late,127,drip,river_pump,39.8,0
farm_3,farm_3_field_2,2026-08-24,42.4,late,sugar_beet,5,18.0,0.0,loam,late,128,drip,river_pump,39.8,0
farm_3,farm_3_field_2,2026-08-25,41.0,late,sugar_beet,6,18.0,0.6,loam,late,129,drip,river_pump,39.8,0
farm_3,farm_3_field_2,2026-08-26,41.6,late,sugar_beet,7,18.0,0.0,loam,late,130,drip,river_pump,39.8,0
farm_3,farm_3_field_2,2026-08-27,36.8,late,sugar_beet,8,18.0,0.3,loam,late,131,drip,river_pump,39.8,0
farm_3,farm_3_field_2,2026-08-28,38.8,late,sugar_beet,9,18.0,15.9,loam,late,132,drip,river_pump,39.8,0
farm_3,farm_3_field_2,2026-08-29,46.9,late,sugar_beet,10,18.0,0.0,loam,late,133,drip,river_pump,39.8,0
farm_3,farm_3_field_2,2026-08-30,43.6,late,sugar_beet,11,18.0,0.4,loam,late,134,drip,river_pump,39.8,0
farm_3,farm_3_field_2,2026-08-31,46.4,late,sugar_beet,12,18.0,0.4,loam,late,135,drip,river_pump,39.8,0
farm_3,farm_3_field_2,2026-09-01,43.1,late,sugar_beet,13,18.0,0.0,loam,late,136,drip,river_pump,39.8,0
farm_3,farm_3_field_2,2026-09-02,44.8,late,sugar_beet,14,18.0,0.0,loam,late,137,drip,river_pump,39.8,0
farm_3,farm_3_field_2,2026-09-03,39.5,late,sugar_beet,15,18.0,0.2,loam,late,138,drip,river_pump,39.8,0
farm_3,farm_3_field_2,2026-09-04,40.8,late,sugar_beet,16,18.0,0.0,loam,late,139,drip,river_pump,39.8,0
farm_3,farm_3_field_2,2026-09-05,40.7,late,sugar_beet,17,18.0,0.4,loam,late,140,drip,river_pump,39.8,1
farm_3,farm_3_field_2,2026-09-06,35.7,late,sugar_beet,18,18.0,0.0,loam,late,141,drip,river_pump,39.8,1
farm_3,farm_3_field_2,2026-09-07,43.4,late,sugar_beet,1,18.0,0.4,loam,late,142,drip,river_pump,39.8,0
farm_3,farm_3_field_2,2026-09-08,49.1,late,sugar_beet,2,18.0,0.0,loam,late,143,drip,river_pump,39.8,0
farm_3,farm_3_field_2,2026-09-09,44.8,late,sugar_beet,3,18.0,0.6,loam,late,144,drip,river_pump,39.8,0
farm_3,farm_3_field_2,2026-09-10,47.4,late,sugar_beet,4,18.0,0.0,loam,late,145,drip,river_pump,39.8,0
farm_3,farm_3_field_2,2026-09-11,37.8,late,sugar_beet,5,18.0,0.4,loam,late,146,drip,river_pump,39.8,0
farm_3,farm_3_field_2,2026-09-12,39.4,late,sugar_beet,6,18.0,0.0,loam,late,147,drip,river_pump,39.8,0
farm_3,farm_3_field_2,2026-09-13,35.5,late,sugar_beet,7,18.0,0.5,loam,late,148,drip,river_pump,39.8,1
farm_3,farm_3_field_2,2026-09-14,35.1,late,sugar_beet,8,18.0,1.8,loam,late,149,drip,river_pump,39.8,1
farm_3,farm_3_field_2,2026-09-15,34.5,late,sugar_beet,9,18.0,0.8,loam,late,150,drip,river_pump,39.8,1
farm_3,farm_3_field_2,2026-09-16,39.3,late,sugar_beet,1,18.0,4.2,loam,late,151,drip,river_pump,39.8,0
farm_3,farm_3_field_2,2026-09-17,46.2,late,sugar_beet,2,18.0,2.4,loam,late,152,drip,river_pump,39.8,0
farm_3,farm_3_field_2,2026-09-18,51.5,late,sugar_beet,3,18.0,0.3,loam,late,153,drip,river_pump,39.8,0
farm_3,farm_3_field_2,2026-09-19,43.7,late,sugar_beet,4,18.0,0.0,loam,late,154,drip,river_pump,39.8,0
farm_3,farm_3_field_2,2026-09-20,44.0,late,sugar_beet,5,18.0,0.0,loam,late,155,drip,river_pump,39.8,0
farm_3,farm_3_field_2,2026-09-21,46.1,late,sugar_beet,6,18.0,0.0,loam,late,156,drip,river_pump,39.8,0
farm_3,farm_3_field_2,2026-09-22,46.0,late,sugar_beet,7,18.0,0.4,loam,late,157,drip,river_pump,39.8,0
farm_3,farm_3_field_2,2026-09-23,42.9,late,sugar_beet,8,18.0,0.1,loam,late,158,drip,river_pump,39.8,0
farm_3,farm_3_field_2,2026-09-24,38.7,late,sugar_beet,9,18.0,0.0,loam,late,159,drip,river_pump,39.8,0
farm_3,farm_3_field_2,2026-09-25,40.7,late,sugar_beet,10,18.0,0.9,loam,late,160,drip,river_pump,39.8,0
farm_3,farm_3_field_2,2026-09-26,41.1,late,sugar_beet,11,18.0,0.7,loam,late,161,drip,river_pump,39.8,0
farm_3,farm_3_field_2,2026-09-27,37.0,late,sugar_beet,12,18.0,0.0,loam,late,162,drip,river_pump,39.8,1
farm_3,farm_3_field_2,2026-09-28,38.1,late,sugar_beet,13,18.0,0.0,loam,late,163,drip,river_pump,39.8,1
farm_3,farm_3_field_2,2026-09-29,35.2,late,sugar_beet,14,18.0,0.0,loam,late,164,drip,river_pump,39.8,1
farm_3,farm_3_field_2,2026-09-30,46.2,late,sugar_beet,1,18.0,0.5,loam,late,165,drip,river_pump,39.8,0
farm_3,farm_3_field_3,2026-04-15,64.3,initial,potato,2,0.0,0.9,sand,late,2,hose_reel,river_pump,27.1,0
farm_3,farm_3_field_3,2026-04-16,69.7,initial,potato,3,0.0,4.5,sand,late,3,hose_reel,river_pump,27.1,0
farm_3,farm_3_field_3,2026-04-17,78.3,initial,potato,4,0.0,0.7,sand,late,4,hose_reel,river_pump,27.1,0
farm_3,farm_3_field_3,2026-04-18,72.6,initial,potato,5,0.0,0.0,sand,late,5,hose_reel,river_pump,27.1,0
farm_3,farm_3_field_3,2026-04-19,71.0,initial,potato,6,0.0,0.0,sand,late,6,hose_reel,river_pump,27.1,0
farm_3,farm_3_field_3,2026-04-20,72.5,initial,potato,7,0.0,0.4,sand,late,7,hose_reel,river_pump,27.1,0
farm_3,farm_3_field_3,2026-04-21,68.1,initial,potato,8,0.0,0.0,sand,late,8,hose_reel,river_pump,27.1,0
farm_3,farm_3_field_3,2026-04-22,69.0,initial,potato,9,0.0,3.4,sand,late,9,hose_reel,river_pump,27.1,0
farm_3,farm_3_field_3,2026-04-23,68.9,initial,potato,10,0.0,0.0,sand,late,10,hose_reel,river_pump,27.1,0
farm_3,farm_3_field_3,2026-04-24,67.5,initial,potato,11,0.0,0.0,sand,late,11,hose_reel,river_pump,27.1,0
farm_3,farm_3_field_3,2026-04-25,65.2,initial,potato,12,0.0,0.0,sand,late,12,hose_reel,river_pump,27.1,0
farm_3,farm_3_field_3,2026-04-26,70.7,initial,potato,13,0.0,0.1,sand,late,13,hose_reel,river_pump,27.1,0
farm_3,farm_3_field_3,2026-04-27,62.3,initial,potato,14,0.0,5.1,sand,late,14,hose_reel,river_pump,27.1,0
farm_3,farm_3_field_3,2026-04-28,71.5,initial,potato,15,0.0,0.0,sand,late,15,hose_reel,river_pump,27.1,0
farm_3,farm_3_field_3,2026-04-29,66.8,initial,potato,16,0.0,0.0,sand,late,16,hose_reel,river_pump,27.1,0
farm_3,farm_3_field_3,2026-04-30,61.7,initial,potato,17,0.0,1.6,sand,late,17,hose_reel,river_pump,27.1,0
farm_3,farm_3_field_3,2026-05-01,65.1,initial,potato,18,0.0,0.4,sand,late,18,hose_reel,river_pump,27.1,0
farm_3,farm_3_field_3,2026-05-02,65.3,initial,potato,19,0.0,0.3,sand,late,19,hose_reel,river_pump,27.1,0
farm_3,farm_3_field_3,2026-05-03,65.9,initial,potato,20,0.0,2.3,sand,late,20,hose_reel,river_pump,27.1,0
farm_3,farm_3_field_3,2026-05-04,67.0,initial,potato,21,0.0,0.3,sand,late,21,hose_reel,river_pump,27.1,0
farm_3,farm_3_field_3,2026-05-05,64.9,initial,potato,22,0.0,0.2,sand,late,22,hose_reel,river_pump,27.1,0
farm_3,farm_3_field_3,2026-05-06,63.2,initial,potato,23,0.0,0.0,sand,late,23,hose_reel,river_pump,27.1,0
farm_3,farm_3_field_3,2026-05-07,63.0,initial,potato,24,0.0,0.0,sand,late,24,hose_reel,river_pump,27.1,0
farm_3,farm_3_field_3,2026-05-08,59.0,initial,potato,25,0.0,0.0,sand,late,25,hose_reel,river_pump,27.1,0
farm_3,farm_3_field_3,2026-05-09,53.4,initial,potato,26,0.0,0.9,sand,late,26,hose_reel,river_pump,27.1,0
farm_3,farm_3_field_3,2026-05-10,58.5,initial,potato,27,0.0,0.3,sand,late,27,hose_reel,river_pump,27.1,0
farm_3,farm_3_field_3,2026-05-11,51.4,initial,potato,28,0.0,0.0,sand,late,28,hose_reel,river_pump,27.1,0
farm_3,farm_3_field_3,2026-05-12,48.4,development,potato,29,0.0,0.0,sand,late,29,hose_reel,river_pump,27.1,0
farm_3,farm_3_field_3,2026-05-13,49.0,development,potato,30,0.0,0.0,sand,late,30,hose_reel,river_pump,27.1,1
farm_3,farm_3_field_3,2026-05-14,49.7,development,potato,31,0.0,0.7,sand,late,31,hose_reel,river_pump,27.1,1
farm_3,farm_3_field_3,2026-05-15,46.4,development,potato,32,0.0,0.0,sand,late,32,hose_reel,river_pump,27.1,1
farm_3,farm_3_field_3,2026-05-16,41.8,development,potato,33,0.0,0.3,sand,late,33,hose_reel,river_pump,27.1,1
farm_3,farm_3_field_3,2026-05-17,39.4,development,potato,34,0.0,6.1,sand,late,34,hose_reel,river_pump,27.1,1
farm_3,farm_3_field_3,2026-05-18,37.2,development,potato,35,0.0,0.3,sand,late,35,hose_reel,river_pump,27.1,1
farm_3,farm_3_field_3,2026-05-19,82.6,development,potato,1,31.3,8.8,sand,late,36,hose_reel,river_pump,27.1,0
farm_3,farm_3_field_3,2026-05-20,88.3,development,potato,2,31.3,0.1,sand,late,37,hose_reel,river_pump,27.1,0
farm_3,farm_3_field_3,2026-05-21,77.7,development,potato,3,31.3,5.8,sand,late,38,hose_reel,river_pump,27.1,0
farm_3,farm_3_field_3,2026-05-22,95.4,development,potato,4,31.3,0.0,sand,late,39,hose_reel,river_pump,27.1,0
farm_3,farm_3_field_3,2026-05-23,89.0,development,potato,5,31.3,0.2,sand,late,40,hose_reel,river_pump,27.1,0
farm_3,farm_3_field_3,2026-05-24,83.9,development,potato,6,31.3,0.0,sand,late,41,hose_reel,river_pump,27.1,0
farm_3,farm_3_field_3,2026-05-25,79.8,development,potato,7,31.3,3.6,sand,late,42,hose_reel,river_pump,27.1,0
farm_3,farm_3_field_3,2026-05-26,78.3,development,potato,8,31.3,0.0,sand,late,43,hose_reel,river_pump,27.1,0
farm_3,farm_3_field_3,2026-05-27,79.0,development,potato,9,31.3,0.6,sand,late,44,hose_reel,river_pump,27.1,0
farm_3,farm_3_field_3,2026-05-28,76.5,development,potato,10,31.3,0.9,sand,late,45,hose_reel,river_pump,27.1,0
farm_3,farm_3_field_3,2026-05-29,74.0,development,potato,11,31.3,0.0,sand,late,46,hose_reel,river_pump,27.1,0
farm_3,farm_3_field_3,2026-05-30,65.9,development,potato,12,31.3,0.1,sand,late,47,hose_reel,river_pump,27.1,0
farm_3,farm_3_field_3,2026-05-31,62.8,development,potato,13,31.3,0.2,sand,late,48,hose_reel,river_pump,27.1,0
farm_3,farm_3_field_3,2026-06-01,49.3,development,potato,14,31.3,0.2,sand,late,49,hose_reel,river_pump,27.1,0
farm_3,farm_3_field_3,2026-06-02,55.8,development,potato,15,31.3,0.0,sand,late,50,hose_reel,river_pump,27.1,0
farm_3,farm_3_field_3,2026-06-03,48.0,development,potato,16,31.3,0.0,sand,late,51,hose_reel,river_pump,27.1,1
farm_3,farm_3_field_3,2026-06-04,51.7,development,potato,17,31.3,0.0,sand,late,52,hose_reel,river_pump,27.1,1
farm_3,farm_3_field_3,2026-06-05,51.4,development,potato,18,31.3,0.0,sand,late,53,hose_reel,river_pump,27.1,1
farm_3,farm_3_field_3,2026-06-06,34.7,development,potato,19,31.3,0.0,sand,late,54,hose_reel,river_pump,27.1,2
farm_3,farm_3_field_3,2026-06-07,80.4,development,potato,1,35.4,19.7,sand,late,55,hose_reel,river_pump,27.1,0
farm_3,farm_3_field_3,2026-06-08,100.0,development,potato,2,35.4,18.7,sand,late,56,hose_reel,river_pump,27.1,0
farm_3,farm_3_field_3,2026-06-09,97.9,development,potato,3,35.4,0.0,sand,late,57,hose_reel,river_pump,27.1,0
farm_3,farm_3_field_3,2026-06-10,98.4,development,potato,4,35.4,0.0,sand,late,58,hose_reel,river_pump,27.1,0
farm_3,farm_3_field_3,2026-06-11,89.7,development,potato,5,35.4,0.6,sand,late,59,hose_reel,river_pump,27.1,0
farm_3,farm_3_field_3,2026-06-12,93.0,development,potato,6,35.4,0.0,sand,late,60,hose_reel,river_pump,27.1,0
farm_3,farm_3_field_3,2026-06-13,87.1,development,potato,7,35.4,0.0,sand,late,61,hose_reel,river_pump,27.1,0
farm_3,farm_3_field_3,2026-06-14,81.9,development,potato,8,35.4,0.1,sand,late,62,hose_reel,river_pump,27.1,0
farm_3,farm_3_field_3,2026-06-15,81.0,sensitive,potato,9,35.4,0.0,sand,late,63,hose_reel,river_pump,27.1,0
farm_3,farm_3_field_3,2026-06-16,72.4,sensitive,potato,10,35.4,0.2,sand,late,64,hose_reel,river_pump,27.1,0
farm_3,farm_3_field_3,2026-06-17,67.0,sensitive,potato,11,35.4,2.2,sand,late,65,hose_reel,river_pump,27.1,0
farm_3,farm_3_field_3,2026-06-18,60.5,sensitive,potato,12,35.4,22.9,sand,late,66,hose_reel,river_pump,27.1,0
farm_3,farm_3_field_3,2026-06-19,88.4,sensitive,potato,13,35.4,0.0,sand,late,67,hose_reel,river_pump,27.1,0
farm_3,farm_3_field_3,2026-06-20,80.6,sensitive,potato,14,35.4,0.8,sand,late,68,hose_reel,river_pump,27.1,0
farm_3,farm_3_field_3,2026-06-21,72.4,sensitive,potato,15,35.4,0.0,sand,late,69,hose_reel,river_pump,27.1,0
farm_3,farm_3_field_3,2026-06-22,71.4,sensitive,potato,16,35.4,0.7,sand,late,70,hose_reel,river_pump,27.1,0
farm_3,farm_3_field_3,2026-06-23,64.6,sensitive,potato,17,35.4,0.0,sand,late,71,hose_reel,river_pump,27.1,0
farm_3,farm_3_field_3,2026-06-24,60.5,sensitive,potato,18,35.4,0.0,sand,late,72,hose_reel,river_pump,27.1,1
farm_3,farm_3_field_3,2026-06-25,48.3,sensitive,potato,19,35.4,0.0,sand,late,73,hose_reel,river_pump,27.1,1
farm_3,farm_3_field_3,2026-06-26,42.9,sensitive,potato,20,35.4,0.0,sand,late,74,hose_reel,river_pump,27.1,2
farm_3,farm_3_field_3,2026-06-27,76.9,sensitive,potato,1,29.3,0.0,sand,late,75,hose_reel,river_pump,27.1,0
farm_3,farm_3_field_3,2026-06-28,75.0,sensitive,potato,2,29.3,3.0,sand,late,76,hose_reel,river_pump,27.1,0
farm_3,farm_3_field_3,2026-06-29,73.1,sensitive,potato,3,29.3,0.6,sand,late,77,hose_reel,river_pump,27.1,0
farm_3,farm_3_field_3,2026-06-30,63.6,sensitive,potato,4,29.3,0.5,sand,late,78,hose_reel,river_pump,27.1,0
farm_3,farm_3_field_3,2026-07-01,61.6,sensitive,potato,5,29.3,0.4,sand,late,79,hose_reel,river_pump,27.1,1
farm_3,farm_3_field_3,2026-07-02,54.2,sensitive,potato,6,29.3,0.0,sand,late,80,hose_reel,river_pump,27.1,1
farm_3,farm_3_field_3,2026-07-03,50.6,sensitive,potato,7,29.3,0.0,sand,late,81,hose_reel,river_pump,27.1,2
farm_3,farm_3_field_3,2026-07-04,72.7,sensitive,potato,1,28.2,0.0,sand,late,82,hose_reel,river_pump,27.1,0
farm_3,farm_3_field_3,2026-07-05,65.5,sensitive,potato,2,28.2,0.3,sand,late,83,hose_reel,river_pump,27.1,0
farm_3,farm_3_field_3,2026-07-06,60.6,sensitive,potato,3,28.2,0.0,sand,late,84,hose_reel,river_pump,27.1,0
farm_3,farm_3_field_3,2026-07-07,63.5,sensitive,potato,4,28.2,0.0,sand,late,85,hose_reel,river_pump,27.1,1
farm_3,farm_3_field_3,2026-07-08,48.6,sensitive,potato,5,28.2,1.1,sand,late,86,hose_reel,river_pump,27.1,1
farm_3,farm_3_field_3,2026-07-09,44.2,sensitive,potato,6,28.2,3.7,sand,late,87,hose_reel,river_pump,27.1,2
farm_3,farm_3_field_3,2026-07-10,87.5,sensitive,potato,1,29.5,0.2,sand,late,88,hose_reel,river_pump,27.1,0
farm_3,farm_3_field_3,2026-07-11,78.9,sensitive,potato,2,29.5,0.0,sand,late,89,hose_reel,river_pump,27.1,0
farm_3,farm_3_field_3,2026-07-12,68.2,sensitive,potato,3,29.5,0.5,sand,late,90,hose_reel,river_pump,27.1,0
farm_3,farm_3_field_3,2026-07-13,65.5,sensitive,potato,4,29.5,0.0,sand,late,91,hose_reel,river_pump,27.1,0
farm_3,farm_3_field_3,2026-07-14,58.4,sensitive,potato,5,29.5,0.7,sand,late,92,hose_reel,river_pump,27.1,1
farm_3,farm_3_field_3,2026-07-15,56.0,sensitive,potato,6,29.5,0.0,sand,late,93,hose_reel,river_pump,27.1,1
farm_3,farm_3_field_3,2026-07-16,46.1,sensitive,potato,7,29.5,0.0,sand,late,94,hose_reel,river_pump,27.1,1
farm_3,farm_3_field_3,2026-07-17,78.4,sensitive,potato,1,27.2,0.0,sand,late,95,hose_reel,river_pump,27.1,0
farm_3,farm_3_field_3,2026-07-18,74.2,sensitive,potato,2,27.2,0.6,sand,late,96,hose_reel,river_pump,27.1,0
farm_3,farm_3_field_3,2026-07-19,64.9,sensitive,potato,3,27.2,0.3,sand,late,97,hose_reel,river_pump,27.1,0
farm_3,farm_3_field_3,2026-07-20,57.4,sensitive,potato,4,27.2,0.7,sand,late,98,hose_reel,river_pump,27.1,1
farm_3,farm_3_field_3,2026-07-21,83.0,sensitive,potato,1,19.5,0.0,sand,late,99,hose_reel,river_pump,27.1,0
farm_3,farm_3_field_3,2026-07-22,69.5,sensitive,potato,2,19.5,0.0,sand,late,100,hose_reel,river_pump,27.1,0
farm_3,farm_3_field_3,2026-07-23,64.9,sensitive,potato,3,19.5,0.7,sand,late,101,hose_reel,river_pump,27.1,0
farm_3,farm_3_field_3,2026-07-24,64.3,sensitive,potato,4,19.5,0.2,sand,late,102,hose_reel,river_pump,27.1,1
farm_3,farm_3_field_3,2026-07-25,50.9,sensitive,potato,5,19.5,0.0,sand,late,103,hose_reel,river_pump,27.1,1
farm_3,farm_3_field_3,2026-07-26,50.0,sensitive,potato,6,19.5,0.3,sand,late,104,hose_reel,river_pump,27.1,1
farm_3,farm_3_field_3,2026-07-27,37.1,sensitive,potato,7,19.5,2.3,sand,late,105,hose_reel,river_pump,27.1,2
farm_3,farm_3_field_3,2026-07-28,91.5,sensitive,potato,1,33.2,0.0,sand,late,106,hose_reel,river_pump,27.1,0
farm_3,farm_3_field_3,2026-07-29,74.5,sensitive,potato,2,33.2,7.0,sand,late,107,hose_reel,river_pump,27.1,0
farm_3,farm_3_field_3,2026-07-30,76.0,sensitive,potato,3,33.2,0.0,sand,late,108,hose_reel,river_pump,27.1,0
farm_3,farm_3_field_3,2026-07-31,75.6,sensitive,potato,4,33.2,0.4,sand,late,109,hose_reel,river_pump,27.1,0
farm_3,farm_3_field_3,2026-08-01,65.2,sensitive,potato,5,33.2,0.1,sand,late,110,hose_reel,river_pump,27.1,0
farm_3,farm_3_field_3,2026-08-02,63.3,sensitive,potato,6,33.2,0.0,sand,late,111,hose_reel,river_pump,27.1,1
farm_3,farm_3_field_3,2026-08-03,50.3,sensitive,potato,7,33.2,0.1,sand,late,112,hose_reel,river_pump,27.1,1
farm_3,farm_3_field_3,2026-08-04,81.4,sensitive,potato,1,23.2,1.2,sand,late,113,hose_reel,river_pump,27.1,0
farm_3,farm_3_field_3,2026-08-05,71.1,sensitive,potato,2,23.2,0.2,sand,late,114,hose_reel,river_pump,27.1,0
farm_3,farm_3_field_3,2026-08-06,64.0,late,potato,3,23.2,8.6,sand,late,115,hose_reel,river_pump,27.1,0
farm_3,farm_3_field_3,2026-08-07,76.3,late,potato,4,23.2,0.4,sand,late,116,hose_reel,river_pump,27.1,0
farm_3,farm_3_field_3,2026-08-08,67.5,late,potato,5,23.2,0.0,sand,late,117,hose_reel,river_pump,27.1,0
farm_3,farm_3_field_3,2026-08-09,61.8,late,potato,6,23.2,0.2,sand,late,118,hose_reel,river_pump,27.1,0
farm_3,farm_3_field_3,2026-08-10,63.8,late,potato,7,23.2,0.0,sand,late,119,hose_reel,river_pump,27.1,0
farm_3,farm_3_field_3,2026-08-11,53.0,late,potato,8,23.2,1.3,sand,late,120,hose_reel,river_pump,27.1,0
farm_3,farm_3_field_3,2026-08-12,56.0,late,potato,9,23.2,0.2,sand,late,121,hose_reel,river_pump,27.1,0
farm_3,farm_3_field_3,2026-08-13,49.0,late,potato,10,23.2,0.1,sand,late,122,hose_reel,river_pump,27.1,0
farm_3,farm_3_field_3,2026-08-14,49.7,late,potato,11,23.2,0.7,sand,late,123,hose_reel,river_pump,27.1,0
farm_3,farm_3_field_3,2026-08-15,41.3,late,potato,12,23.2,0.0,sand,late,124,hose_reel,river_pump,27.1,0
farm_3,farm_3_field_3,2026-08-16,42.7,late,potato,13,23.2,0.2,sand,late,125,hose_reel,river_pump,27.1,1
farm_3,farm_3_field_3,2026-08-17,37.2,late,potato,14,23.2,0.0,sand,late,126,hose_reel,river_pump,27.1,1
farm_3,farm_3_field_3,2026-08-18,28.1,late,potato,15,23.2,0.0,sand,late,127,hose_reel,river_pump,27.1,1
farm_3,farm_3_field_3,2026-08-19,26.8,late,potato,16,23.2,0.3,sand,late,128,hose_reel,river_pump,27.1,1
farm_3,farm_3_field_3,2026-08-20,16.8,late,potato,17,23.2,0.2,sand,late,129,hose_reel,river_pump,27.1,2
farm_3,farm_3_field_3,2026-08-21,77.2,late,potato,1,40.0,0.0,sand,late,130,hose_reel,river_pump,27.1,0
farm_3,farm_3_field_3,2026-08-22,74.5,late,potato,2,40.0,0.0,sand,late,131,hose_reel,river_pump,27.1,0
farm_3,farm_3_field_3,2026-08-23,66.7,late,potato,3,40.0,0.0,sand,late,132,hose_reel,river_pump,27.1,0
farm_3,farm_3_field_3,2026-08-24,63.1,late,potato,4,40.0,0.0,sand,late,133,hose_reel,river_pump,27.1,0
farm_3,farm_3_field_3,2026-08-25,62.2,late,potato,5,40.0,0.6,sand,late,134,hose_reel,river_pump,27.1,0
farm_3,farm_3_field_3,2026-08-26,57.1,late,potato,6,40.0,0.0,sand,late,135,hose_reel,river_pump,27.1,0
farm_3,farm_3_field_3,2026-08-27,53.3,late,potato,7,40.0,0.3,sand,late,136,hose_reel,river_pump,27.1,0
farm_3,farm_3_field_3,2026-08-28,47.2,late,potato,8,40.0,15.9,sand,late,137,hose_reel,river_pump,27.1,0
farm_3,farm_3_field_3,2026-08-29,67.8,late,potato,9,40.0,0.0,sand,late,138,hose_reel,river_pump,27.1,0
farm_3,farm_3_field_3,2026-08-30,64.1,late,potato,10,40.0,0.4,sand,late,139,hose_reel,river_pump,27.1,0
farm_3,farm_3_field_3,2026-08-31,62.2,late,potato,11,40.0,0.4,sand,late,140,hose_reel,river_pump,27.1,0
farm_3,farm_3_field_3,2026-09-01,57.4,late,potato,12,40.0,0.0,sand,late,141,hose_reel,river_pump,27.1,0
farm_3,farm_3_field_3,2026-09-02,50.0,late,potato,13,40.0,0.0,sand,late,142,hose_reel,river_pump,27.1,0
farm_3,farm_3_field_3,2026-09-03,50.2,late,potato,14,40.0,0.2,sand,late,143,hose_reel,river_pump,27.1,0
farm_3,farm_3_field_3,2026-09-04,47.7,late,potato,15,40.0,0.0,sand,late,144,hose_reel,river_pump,27.1,0
farm_3,farm_3_field_3,2026-09-05,41.3,late,potato,16,40.0,0.4,sand,late,145,hose_reel,river_pump,27.1,0
farm_3,farm_3_field_3,2026-09-06,38.5,late,potato,17,40.0,0.0,sand,late,146,hose_reel,river_pump,27.1,1
farm_3,farm_3_field_3,2026-09-07,33.6,late,potato,18,40.0,0.4,sand,late,147,hose_reel,river_pump,27.1,1
farm_3,farm_3_field_3,2026-09-08,30.2,late,potato,19,40.0,0.0,sand,late,148,hose_reel,river_pump,27.1,1
farm_3,farm_3_field_3,2026-09-09,34.7,late,potato,20,40.0,0.6,sand,late,149,hose_reel,river_pump,27.1,1
farm_3,farm_3_field_3,2026-09-10,25.6,late,potato,21,40.0,0.0,sand,late,150,hose_reel,river_pump,27.1,1
farm_3,farm_3_field_3,2026-09-11,16.1,late,potato,22,40.0,0.4,sand,late,151,hose_reel,river_pump,27.1,2
farm_3,farm_3_field_3,2026-09-12,74.2,late,potato,1,40.0,0.0,sand,late,152,hose_reel,river_pump,27.1,0
farm_3,farm_3_field_3,2026-09-13,75.6,late,potato,2,40.0,0.5,sand,late,153,hose_reel,river_pump,27.1,0
farm_3,farm_3_field_3,2026-09-14,71.2,late,potato,3,40.0,1.8,sand,late,154,hose_reel,river_pump,27.1,0
farm_3,farm_3_field_3,2026-09-15,68.5,late,potato,4,40.0,0.8,sand,late,155,hose_reel,river_pump,27.1,0
farm_3,farm_3_field_3,2026-09-16,62.7,late,potato,5,40.0,4.2,sand,late,156,hose_reel,river_pump,27.1,0
farm_3,farm_3_field_3,2026-09-17,70.1,late,potato,6,40.0,2.4,sand,late,157,hose_reel,river_pump,27.1,0
farm_3,farm_3_field_3,2026-09-18,66.0,late,potato,7,40.0,0.3,sand,late,158,hose_reel,river_pump,27.1,0
farm_3,farm_3_field_3,2026-09-19,65.3,late,potato,8,40.0,0.0,sand,late,159,hose_reel,river_pump,27.1,0
farm_3,farm_3_field_3,2026-09-20,61.9,late,potato,9,40.0,0.0,sand,late,160,hose_reel,river_pump,27.1,0
farm_3,farm_3_field_3,2026-09-21,57.3,late,potato,10,40.0,0.0,sand,late,161,hose_reel,river_pump,27.1,0
farm_3,farm_3_field_3,2026-09-22,59.3,late,potato,11,40.0,0.4,sand,late,162,hose_reel,river_pump,27.1,0
farm_3,farm_3_field_3,2026-09-23,58.4,late,potato,12,40.0,0.1,sand,late,163,hose_reel,river_pump,27.1,0
farm_3,farm_3_field_3,2026-09-24,49.7,late,potato,13,40.0,0.0,sand,late,164,hose_reel,river_pump,27.1,0
farm_3,farm_3_field_3,2026-09-25,52.7,late,potato,14,40.0,0.9,sand,late,165,hose_reel,river_pump,27.1,0
farm_3,farm_3_field_3,2026-09-26,47.9,late,potato,15,40.0,0.7,sand,late,166,hose_reel,river_pump,27.1,0
farm_3,farm_3_field_3,2026-09-27,44.7,late,potato,16,40.0,0.0,sand,late,167,hose_reel,river_pump,27.1,0
farm_3,farm_3_field_3,2026-09-28,46.8,late,potato,17,40.0,0.0,sand,late,168,hose_reel,river_pump,27.1,0
farm_3,farm_3_field_3,2026-09-29,49.7,late,potato,18,40.0,0.0,sand,late,169,hose_reel,river_pump,27.1,0
farm_3,farm_3_field_3,2026-09-30,38.8,late,potato,19,40.0,0.5,sand,late,170,hose_reel,river_pump,27.1,1
farm_4,farm_4_field_1,2026-04-15,66.4,initial,sugar_beet,8,0.0,0.0,sand,late,8,drip,farm_reservoir,13.4,0
farm_4,farm_4_field_1,2026-04-16,68.3,initial,sugar_beet,9,0.0,4.5,sand,late,9,drip,farm_reservoir,13.4,0
farm_4,farm_4_field_1,2026-04-17,73.6,initial,sugar_beet,10,0.0,0.0,sand,late,10,drip,farm_reservoir,13.4,0
farm_4,farm_4_field_1,2026-04-18,80.2,initial,sugar_beet,11,0.0,0.0,sand,late,11,drip,farm_reservoir,13.4,0
farm_4,farm_4_field_1,2026-04-19,76.2,initial,sugar_beet,12,0.0,0.0,sand,late,12,drip,farm_reservoir,13.4,0
farm_4,farm_4_field_1,2026-04-20,67.9,initial,sugar_beet,13,0.0,0.0,sand,late,13,drip,farm_reservoir,13.4,0
farm_4,farm_4_field_1,2026-04-21,66.7,initial,sugar_beet,14,0.0,0.0,sand,late,14,drip,farm_reservoir,13.4,0
farm_4,farm_4_field_1,2026-04-22,74.2,initial,sugar_beet,15,0.0,3.9,sand,late,15,drip,farm_reservoir,13.4,0
farm_4,farm_4_field_1,2026-04-23,69.1,initial,sugar_beet,16,0.0,0.1,sand,late,16,drip,farm_reservoir,13.4,0
farm_4,farm_4_field_1,2026-04-24,75.4,initial,sugar_beet,17,0.0,0.4,sand,late,17,drip,farm_reservoir,13.4,0
farm_4,farm_4_field_1,2026-04-25,69.8,initial,sugar_beet,18,0.0,0.3,sand,late,18,drip,farm_reservoir,13.4,0
farm_4,farm_4_field_1,2026-04-26,67.0,initial,sugar_beet,19,0.0,0.0,sand,late,19,drip,farm_reservoir,13.4,0
farm_4,farm_4_field_1,2026-04-27,69.9,initial,sugar_beet,20,0.0,5.3,sand,late,20,drip,farm_reservoir,13.4,0
farm_4,farm_4_field_1,2026-04-28,77.7,initial,sugar_beet,21,0.0,0.0,sand,late,21,drip,farm_reservoir,13.4,0
farm_4,farm_4_field_1,2026-04-29,73.4,initial,sugar_beet,22,0.0,0.0,sand,late,22,drip,farm_reservoir,13.4,0
farm_4,farm_4_field_1,2026-04-30,75.8,initial,sugar_beet,23,0.0,1.3,sand,late,23,drip,farm_reservoir,13.4,0
farm_4,farm_4_field_1,2026-05-01,74.7,initial,sugar_beet,24,0.0,0.0,sand,late,24,drip,farm_reservoir,13.4,0
farm_4,farm_4_field_1,2026-05-02,69.1,initial,sugar_beet,25,0.0,0.2,sand,late,25,drip,farm_reservoir,13.4,0
farm_4,farm_4_field_1,2026-05-03,71.4,initial,sugar_beet,26,0.0,2.8,sand,late,26,drip,farm_reservoir,13.4,0
farm_4,farm_4_field_1,2026-05-04,71.4,initial,sugar_beet,27,0.0,0.5,sand,late,27,drip,farm_reservoir,13.4,0
farm_4,farm_4_field_1,2026-05-05,75.3,initial,sugar_beet,28,0.0,0.2,sand,late,28,drip,farm_reservoir,13.4,0
farm_4,farm_4_field_1,2026-05-06,71.7,development,sugar_beet,29,0.0,0.0,sand,late,29,drip,farm_reservoir,13.4,0
farm_4,farm_4_field_1,2026-05-07,68.2,development,sugar_beet,30,0.0,0.0,sand,late,30,drip,farm_reservoir,13.4,0
farm_4,farm_4_field_1,2026-05-08,65.0,development,sugar_beet,31,0.0,0.0,sand,late,31,drip,farm_reservoir,13.4,0
farm_4,farm_4_field_1,2026-05-09,67.3,development,sugar_beet,32,0.0,1.0,sand,late,32,drip,farm_reservoir,13.4,0
farm_4,farm_4_field_1,2026-05-10,59.4,development,sugar_beet,33,0.0,0.0,sand,late,33,drip,farm_reservoir,13.4,0
farm_4,farm_4_field_1,2026-05-11,61.2,development,sugar_beet,34,0.0,0.1,sand,late,34,drip,farm_reservoir,13.4,0
farm_4,farm_4_field_1,2026-05-12,56.5,development,sugar_beet,35,0.0,0.0,sand,late,35,drip,farm_reservoir,13.4,0
farm_4,farm_4_field_1,2026-05-13,51.8,development,sugar_beet,36,0.0,0.2,sand,late,36,drip,farm_reservoir,13.4,0
farm_4,farm_4_field_1,2026-05-14,49.3,development,sugar_beet,37,0.0,0.0,sand,late,37,drip,farm_reservoir,13.4,0
farm_4,farm_4_field_1,2026-05-15,48.4,development,sugar_beet,38,0.0,0.0,sand,late,38,drip,farm_reservoir,13.4,1
farm_4,farm_4_field_1,2026-05-16,40.9,development,sugar_beet,39,0.0,0.0,sand,late,39,drip,farm_reservoir,13.4,1
farm_4,farm_4_field_1,2026-05-17,64.0,development,sugar_beet,1,18.0,6.7,sand,late,40,drip,farm_reservoir,13.4,0
farm_4,farm_4_field_1,2026-05-18,73.9,development,sugar_beet,2,18.0,0.8,sand,late,41,drip,farm_reservoir,13.4,0
farm_4,farm_4_field_1,2026-05-19,68.8,development,sugar_beet,3,18.0,9.5,sand,late,42,drip,farm_reservoir,13.4,0
farm_4,farm_4_field_1,2026-05-20,75.8,development,sugar_beet,4,18.0,0.5,sand,late,43,drip,farm_reservoir,13.4,0
farm_4,farm_4_field_1,2026-05-21,71.8,development,sugar_beet,5,18.0,5.3,sand,late,44,drip,farm_reservoir,13.4,0
farm_4,farm_4_field_1,2026-05-22,78.8,development,sugar_beet,6,18.0,0.1,sand,late,45,drip,farm_reservoir,13.4,0
farm_4,farm_4_field_1,2026-05-23,79.3,development,sugar_beet,7,18.0,0.5,sand,late,46,drip,farm_reservoir,13.4,0
farm_4,farm_4_field_1,2026-05-24,67.5,development,sugar_beet,8,18.0,0.4,sand,late,47,drip,farm_reservoir,13.4,0
farm_4,farm_4_field_1,2026-05-25,71.3,development,sugar_beet,9,18.0,3.8,sand,late,48,drip,farm_reservoir,13.4,0
farm_4,farm_4_field_1,2026-05-26,68.0,development,sugar_beet,10,18.0,0.4,sand,late,49,drip,farm_reservoir,13.4,0
farm_4,farm_4_field_1,2026-05-27,73.1,development,sugar_beet,11,18.0,0.3,sand,late,50,drip,farm_reservoir,13.4,0
farm_4,farm_4_field_1,2026-05-28,59.8,development,sugar_beet,12,18.0,0.2,sand,late,51,drip,farm_reservoir,13.4,0
farm_4,farm_4_field_1,2026-05-29,58.5,development,sugar_beet,13,18.0,0.6,sand,late,52,drip,farm_reservoir,13.4,0
farm_4,farm_4_field_1,2026-05-30,53.7,development,sugar_beet,14,18.0,0.3,sand,late,53,drip,farm_reservoir,13.4,0
farm_4,farm_4_field_1,2026-05-31,54.4,development,sugar_beet,15,18.0,0.0,sand,late,54,drip,farm_reservoir,13.4,0
farm_4,farm_4_field_1,2026-06-01,45.6,development,sugar_beet,16,18.0,0.0,sand,late,55,drip,farm_reservoir,13.4,1
farm_4,farm_4_field_1,2026-06-02,37.1,development,sugar_beet,17,18.0,0.0,sand,late,56,drip,farm_reservoir,13.4,1
farm_4,farm_4_field_1,2026-06-03,65.0,development,sugar_beet,1,18.0,0.0,sand,late,57,drip,farm_reservoir,13.4,0
farm_4,farm_4_field_1,2026-06-04,59.0,development,sugar_beet,2,18.0,0.0,sand,late,58,drip,farm_reservoir,13.4,0
farm_4,farm_4_field_1,2026-06-05,55.6,development,sugar_beet,3,18.0,0.0,sand,late,59,drip,farm_reservoir,13.4,0
farm_4,farm_4_field_1,2026-06-06,54.3,development,sugar_beet,4,18.0,0.0,sand,late,60,drip,farm_reservoir,13.4,0
farm_4,farm_4_field_1,2026-06-07,43.3,development,sugar_beet,5,18.0,20.1,sand,late,61,drip,farm_reservoir,13.4,1
farm_4,farm_4_field_1,2026-06-08,96.3,development,sugar_beet,1,18.0,20.2,sand,late,62,drip,farm_reservoir,13.4,0
farm_4,farm_4_field_1,2026-06-09,100.0,development,sugar_beet,2,18.0,0.0,sand,late,63,drip,farm_reservoir,13.4,0
farm_4,farm_4_field_1,2026-06-10,95.0,development,sugar_beet,3,18.0,0.3,sand,late,64,drip,farm_reservoir,13.4,0
farm_4,farm_4_field_1,2026-06-11,95.4,development,sugar_beet,4,18.0,0.1,sand,late,65,drip,farm_reservoir,13.4,0
farm_4,farm_4_field_1,2026-06-12,87.9,development,sugar_beet,5,18.0,0.0,sand,late,66,drip,farm_reservoir,13.4,0
farm_4,farm_4_field_1,2026-06-13,83.0,development,sugar_beet,6,18.0,0.0,sand,late,67,drip,farm_reservoir,13.4,0
farm_4,farm_4_field_1,2026-06-14,77.8,development,sugar_beet,7,18.0,0.2,sand,late,68,drip,farm_reservoir,13.4,0
farm_4,farm_4_field_1,2026-06-15,75.2,sensitive,sugar_beet,8,18.0,0.9,sand,late,69,drip,farm_reservoir,13.4,0
farm_4,farm_4_field_1,2026-06-16,75.6,sensitive,sugar_beet,9,18.0,0.2,sand,late,70,drip,farm_reservoir,13.4,0
farm_4,farm_4_field_1,2026-06-17,61.8,sensitive,sugar_beet,10,18.0,2.7,sand,late,71,drip,farm_reservoir,13.4,0
farm_4,farm_4_field_1,2026-06-18,61.4,sensitive,sugar_beet,11,18.0,24.4,sand,late,72,drip,farm_reservoir,13.4,0
farm_4,farm_4_field_1,2026-06-19,91.1,sensitive,sugar_beet,12,18.0,0.0,sand,late,73,drip,farm_reservoir,13.4,0
farm_4,farm_4_field_1,2026-06-20,84.2,sensitive,sugar_beet,13,18.0,0.1,sand,late,74,drip,farm_reservoir,13.4,0
farm_4,farm_4_field_1,2026-06-21,76.1,sensitive,sugar_beet,14,18.0,0.3,sand,late,75,drip,farm_reservoir,13.4,0
farm_4,farm_4_field_1,2026-06-22,71.6,sensitive,sugar_beet,15,18.0,0.1,sand,late,76,drip,farm_reservoir,13.4,0
farm_4,farm_4_field_1,2026-06-23,61.6,sensitive,sugar_beet,16,18.0,0.0,sand,late,77,drip,farm_reservoir,13.4,0
farm_4,farm_4_field_1,2026-06-24,53.1,sensitive,sugar_beet,17,18.0,0.0,sand,late,78,drip,farm_reservoir,13.4,0
farm_4,farm_4_field_1,2026-06-25,47.7,sensitive,sugar_beet,18,18.0,0.0,sand,late,79,drip,farm_reservoir,13.4,1
farm_4,farm_4_field_1,2026-06-26,66.1,sensitive,sugar_beet,1,18.0,0.0,sand,late,80,drip,farm_reservoir,13.4,0
farm_4,farm_4_field_1,2026-06-27,58.4,sensitive,sugar_beet,2,18.0,0.1,sand,late,81,drip,farm_reservoir,13.4,0
farm_4,farm_4_field_1,2026-06-28,55.9,sensitive,sugar_beet,3,18.0,2.6,sand,late,82,drip,farm_reservoir,13.4,0
farm_4,farm_4_field_1,2026-06-29,54.6,sensitive,sugar_beet,4,18.0,0.2,sand,late,83,drip,farm_reservoir,13.4,1
farm_4,farm_4_field_1,2026-06-30,40.8,sensitive,sugar_beet,5,18.0,0.3,sand,late,84,drip,farm_reservoir,13.4,1
farm_4,farm_4_field_1,2026-07-01,39.7,sensitive,sugar_beet,6,18.0,0.0,sand,late,85,drip,farm_reservoir,13.4,2
farm_4,farm_4_field_1,2026-07-02,53.8,sensitive,sugar_beet,1,18.0,0.2,sand,late,86,drip,farm_reservoir,13.4,0
farm_4,farm_4_field_1,2026-07-03,53.6,sensitive,sugar_beet,2,18.0,0.0,sand,late,87,drip,farm_reservoir,13.4,1
farm_4,farm_4_field_1,2026-07-04,39.6,sensitive,sugar_beet,3,18.0,0.0,sand,late,88,drip,farm_reservoir,13.4,1
farm_4,farm_4_field_1,2026-07-05,36.5,sensitive,sugar_beet,4,18.0,0.0,sand,late,89,drip,farm_reservoir,13.4,2
farm_4,farm_4_field_1,2026-07-06,52.2,sensitive,sugar_beet,1,18.0,0.2,sand,late,90,drip,farm_reservoir,13.4,1
farm_4,farm_4_field_1,2026-07-07,72.7,sensitive,sugar_beet,1,18.0,0.3,sand,late,91,drip,farm_reservoir,13.4,0
farm_4,farm_4_field_1,2026-07-08,58.1,sensitive,sugar_beet,2,18.0,1.1,sand,late,92,drip,farm_reservoir,13.4,0
farm_4,farm_4_field_1,2026-07-09,54.3,sensitive,sugar_beet,3,18.0,4.5,sand,late,93,drip,farm_reservoir,13.4,0
farm_4,farm_4_field_1,2026-07-10,54.8,sensitive,sugar_beet,4,18.0,0.0,sand,late,94,drip,farm_reservoir,13.4,0
farm_4,farm_4_field_1,2026-07-11,48.7,sensitive,sugar_beet,5,18.0,0.0,sand,late,95,drip,farm_reservoir,13.4,1
farm_4,farm_4_field_1,2026-07-12,38.5,sensitive,sugar_beet,6,18.0,0.2,sand,late,96,drip,farm_reservoir,13.4,1
farm_4,farm_4_field_1,2026-07-13,31.4,sensitive,sugar_beet,7,18.0,0.0,sand,late,97,drip,farm_reservoir,13.4,2
farm_4,farm_4_field_1,2026-07-14,49.5,sensitive,sugar_beet,1,18.0,0.0,sand,late,98,drip,farm_reservoir,13.4,0
farm_4,farm_4_field_1,2026-07-15,52.9,sensitive,sugar_beet,2,18.0,0.8,sand,late,99,drip,farm_reservoir,13.4,1
farm_4,farm_4_field_1,2026-07-16,43.1,sensitive,sugar_beet,3,18.0,0.1,sand,late,100,drip,farm_reservoir,13.4,1
farm_4,farm_4_field_1,2026-07-17,61.3,sensitive,sugar_beet,1,18.0,0.0,sand,late,101,drip,farm_reservoir,13.4,0
farm_4,farm_4_field_1,2026-07-18,58.5,sensitive,sugar_beet,2,18.0,0.1,sand,late,102,drip,farm_reservoir,13.4,1
farm_4,farm_4_field_1,2026-07-19,66.7,sensitive,sugar_beet,1,18.0,0.0,sand,late,103,drip,farm_reservoir,13.4,0
farm_4,farm_4_field_1,2026-07-20,62.1,sensitive,sugar_beet,2,18.0,0.3,sand,late,104,drip,farm_reservoir,13.4,0
farm_4,farm_4_field_1,2026-07-21,57.3,sensitive,sugar_beet,3,18.0,0.0,sand,late,105,drip,farm_reservoir,13.4,0
farm_4,farm_4_field_1,2026-07-22,49.1,sensitive,sugar_beet,4,18.0,0.1,sand,late,106,drip,farm_reservoir,13.4,1
farm_4,farm_4_field_1,2026-07-23,37.8,sensitive,sugar_beet,5,18.0,0.2,sand,late,107,drip,farm_reservoir,13.4,1
farm_4,farm_4_field_1,2026-07-24,37.0,sensitive,sugar_beet,6,18.0,0.0,sand,late,108,drip,farm_reservoir,13.4,2
farm_4,farm_4_field_1,2026-07-25,47.6,sensitive,sugar_beet,1,18.0,0.4,sand,late,109,drip,farm_reservoir,13.4,1
farm_4,farm_4_field_1,2026-07-26,47.5,sensitive,sugar_beet,2,18.0,0.0,sand,late,110,drip,farm_reservoir,13.4,1
farm_4,farm_4_field_1,2026-07-27,40.4,sensitive,sugar_beet,3,18.0,2.8,sand,late,111,drip,farm_reservoir,13.4,2
farm_4,farm_4_field_1,2026-07-28,60.9,sensitive,sugar_beet,1,18.0,0.2,sand,late,112,drip,farm_reservoir,13.4,0
farm_4,farm_4_field_1,2026-07-29,57.5,sensitive,sugar_beet,2,18.0,7.3,sand,late,113,drip,farm_reservoir,13.4,0
farm_4,farm_4_field_1,2026-07-30,55.7,sensitive,sugar_beet,3,18.0,0.8,sand,late,114,drip,farm_reservoir,13.4,0
farm_4,farm_4_field_1,2026-07-31,57.9,sensitive,sugar_beet,4,18.0,0.6,sand,late,115,drip,farm_reservoir,13.4,1
farm_4,farm_4_field_1,2026-08-01,45.9,sensitive,sugar_beet,5,18.0,0.0,sand,late,116,drip,farm_reservoir,13.4,1
farm_4,farm_4_field_1,2026-08-02,37.8,sensitive,sugar_beet,6,18.0,0.0,sand,late,117,drip,farm_reservoir,13.4,2
farm_4,farm_4_field_1,2026-08-03,55.4,sensitive,sugar_beet,1,18.0,0.9,sand,late,118,drip,farm_reservoir,13.4,0
farm_4,farm_4_field_1,2026-08-04,48.2,sensitive,sugar_beet,2,18.0,0.4,sand,late,119,drip,farm_reservoir,13.4,1
farm_4,farm_4_field_1,2026-08-05,65.6,sensitive,sugar_beet,1,18.0,0.0,sand,late,120,drip,farm_reservoir,13.4,0
farm_4,farm_4_field_1,2026-08-06,62.3,sensitive,sugar_beet,2,18.0,8.9,sand,late,121,drip,farm_reservoir,13.4,0
farm_4,farm_4_field_1,2026-08-07,73.2,sensitive,sugar_beet,3,18.0,0.2,sand,late,122,drip,farm_reservoir,13.4,0
farm_4,farm_4_field_1,2026-08-08,61.7,sensitive,sugar_beet,4,18.0,0.1,sand,late,123,drip,farm_reservoir,13.4,0
farm_4,farm_4_field_1,2026-08-09,49.0,sensitive,sugar_beet,5,18.0,0.5,sand,late,124,drip,farm_reservoir,13.4,0
farm_4,farm_4_field_1,2026-08-10,50.9,sensitive,sugar_beet,6,18.0,0.0,sand,late,125,drip,farm_reservoir,13.4,1
farm_4,farm_4_field_1,2026-08-11,42.1,late,sugar_beet,7,18.0,1.7,sand,late,126,drip,farm_reservoir,13.4,0
farm_4,farm_4_field_1,2026-08-12,42.1,late,sugar_beet,8,18.0,0.4,sand,late,127,drip,farm_reservoir,13.4,1
farm_4,farm_4_field_1,2026-08-13,55.9,late,sugar_beet,1,18.0,0.0,sand,late,128,drip,farm_reservoir,13.4,0
farm_4,farm_4_field_1,2026-08-14,57.4,late,sugar_beet,2,18.0,0.0,sand,late,129,drip,farm_reservoir,13.4,0
farm_4,farm_4_field_1,2026-08-15,50.3,late,sugar_beet,3,18.0,0.0,sand,late,130,drip,farm_reservoir,13.4,0
farm_4,farm_4_field_1,2026-08-16,49.3,late,sugar_beet,4,18.0,0.0,sand,late,131,drip,farm_reservoir,13.4,0
farm_4,farm_4_field_1,2026-08-17,43.6,late,sugar_beet,5,18.0,0.0,sand,late,132,drip,farm_reservoir,13.4,0
farm_4,farm_4_field_1,2026-08-18,41.4,late,sugar_beet,6,18.0,0.0,sand,late,133,drip,farm_reservoir,13.4,0
farm_4,farm_4_field_1,2026-08-19,31.8,late,sugar_beet,7,18.0,0.0,sand,late,134,drip,farm_reservoir,13.4,1
farm_4,farm_4_field_1,2026-08-20,62.5,late,sugar_beet,1,18.0,0.5,sand,late,135,drip,farm_reservoir,13.4,0
farm_4,farm_4_field_1,2026-08-21,57.9,late,sugar_beet,2,18.0,0.2,sand,late,136,drip,farm_reservoir,13.4,0
farm_4,farm_4_field_1,2026-08-22,50.0,late,sugar_beet,3,18.0,0.0,sand,late,137,drip,farm_reservoir,13.4,0
farm_4,farm_4_field_1,2026-08-23,44.3,late,sugar_beet,4,18.0,0.0,sand,late,138,drip,farm_reservoir,13.4,0
farm_4,farm_4_field_1,2026-08-24,39.2,late,sugar_beet,5,18.0,0.4,sand,late,139,drip,farm_reservoir,13.4,0
farm_4,farm_4_field_1,2026-08-25,41.4,late,sugar_beet,6,18.0,0.0,sand,late,140,drip,farm_reservoir,13.4,0
farm_4,farm_4_field_1,2026-08-26,39.7,late,sugar_beet,7,18.0,0.0,sand,late,141,drip,farm_reservoir,13.4,1
farm_4,farm_4_field_1,2026-08-27,32.8,late,sugar_beet,8,18.0,0.0,sand,late,142,drip,farm_reservoir,13.4,1
farm_4,farm_4_field_1,2026-08-28,29.7,late,sugar_beet,9,18.0,16.1,sand,late,143,drip,farm_reservoir,13.4,1
farm_4,farm_4_field_1,2026-08-29,46.7,late,sugar_beet,10,18.0,0.0,sand,late,144,drip,farm_reservoir,13.4,0
farm_4,farm_4_field_1,2026-08-30,43.6,late,sugar_beet,11,18.0,0.2,sand,late,145,drip,farm_reservoir,13.4,0
farm_4,farm_4_field_1,2026-08-31,40.8,late,sugar_beet,12,18.0,0.5,sand,late,146,drip,farm_reservoir,13.4,0
farm_4,farm_4_field_1,2026-09-01,49.2,late,sugar_beet,13,18.0,0.0,sand,late,147,drip,farm_reservoir,13.4,0
farm_4,farm_4_field_1,2026-09-02,34.5,late,sugar_beet,14,18.0,0.1,sand,late,148,drip,farm_reservoir,13.4,1
farm_4,farm_4_field_1,2026-09-03,60.0,late,sugar_beet,1,18.0,0.4,sand,late,149,drip,farm_reservoir,13.4,0
farm_4,farm_4_field_1,2026-09-04,57.1,late,sugar_beet,2,18.0,0.3,sand,late,150,drip,farm_reservoir,13.4,0
farm_4,farm_4_field_1,2026-09-05,56.3,late,sugar_beet,3,18.0,0.0,sand,late,151,drip,farm_reservoir,13.4,0
farm_4,farm_4_field_1,2026-09-06,52.1,late,sugar_beet,4,18.0,0.0,sand,late,152,drip,farm_reservoir,13.4,0
farm_4,farm_4_field_1,2026-09-07,49.7,late,sugar_beet,5,18.0,0.0,sand,late,153,drip,farm_reservoir,13.4,0
farm_4,farm_4_field_1,2026-09-08,40.7,late,sugar_beet,6,18.0,0.2,sand,late,154,drip,farm_reservoir,13.4,0
farm_4,farm_4_field_1,2026-09-09,39.1,late,sugar_beet,7,18.0,0.1,sand,late,155,drip,farm_reservoir,13.4,0
farm_4,farm_4_field_1,2026-09-10,31.7,late,sugar_beet,8,18.0,0.3,sand,late,156,drip,farm_reservoir,13.4,1
farm_4,farm_4_field_1,2026-09-11,29.6,late,sugar_beet,9,18.0,0.6,sand,late,157,drip,farm_reservoir,13.4,1
farm_4,farm_4_field_1,2026-09-12,62.2,late,sugar_beet,1,18.0,0.1,sand,late,158,drip,farm_reservoir,13.4,0
farm_4,farm_4_field_1,2026-09-13,53.4,late,sugar_beet,2,18.0,0.0,sand,late,159,drip,farm_reservoir,13.4,0
farm_4,farm_4_field_1,2026-09-14,47.3,late,sugar_beet,3,18.0,2.0,sand,late,160,drip,farm_reservoir,13.4,0
farm_4,farm_4_field_1,2026-09-15,56.1,late,sugar_beet,4,18.0,0.2,sand,late,161,drip,farm_reservoir,13.4,0
farm_4,farm_4_field_1,2026-09-16,44.5,late,sugar_beet,5,18.0,4.7,sand,late,162,drip,farm_reservoir,13.4,0
farm_4,farm_4_field_1,2026-09-17,49.4,late,sugar_beet,6,18.0,2.0,sand,late,163,drip,farm_reservoir,13.4,0
farm_4,farm_4_field_1,2026-09-18,50.4,late,sugar_beet,7,18.0,0.0,sand,late,164,drip,farm_reservoir,13.4,0
farm_4,farm_4_field_1,2026-09-19,46.5,late,sugar_beet,8,18.0,0.0,sand,late,165,drip,farm_reservoir,13.4,0
farm_4,farm_4_field_1,2026-09-20,42.4,late,sugar_beet,9,18.0,0.1,sand,late,166,drip,farm_reservoir,13.4,0
farm_4,farm_4_field_1,2026-09-21,37.4,late,sugar_beet,10,18.0,0.0,sand,late,167,drip,farm_reservoir,13.4,0
farm_4,farm_4_field_1,2026-09-22,37.4,late,sugar_beet,11,18.0,0.2,sand,late,168,drip,farm_reservoir,13.4,0
farm_4,farm_4_field_1,2026-09-23,36.6,late,sugar_beet,12,18.0,0.0,sand,late,169,drip,farm_reservoir,13.4,1
farm_4,farm_4_field_1,2026-09-24,33.7,late,sugar_beet,13,18.0,0.0,sand,late,170,drip,farm_reservoir,13.4,1
farm_4,farm_4_field_1,2026-09-25,59.4,late,sugar_beet,1,18.0,0.0,sand,late,171,drip,farm_reservoir,13.4,0
farm_4,farm_4_field_1,2026-09-26,46.5,late,sugar_beet,2,18.0,0.5,sand,late,172,drip,farm_reservoir,13.4,0
farm_4,farm_4_field_1,2026-09-27,48.9,late,sugar_beet,3,18.0,0.0,sand,late,173,drip,farm_reservoir,13.4,0
farm_4,farm_4_field_1,2026-09-28,51.8,late,sugar_beet,4,18.0,0.0,sand,late,174,drip,farm_reservoir,13.4,0
farm_4,farm_4_field_1,2026-09-29,48.9,late,sugar_beet,5,18.0,0.0,sand,late,175,drip,farm_reservoir,13.4,0
farm_4,farm_4_field_1,2026-09-30,45.5,late,sugar_beet,6,18.0,0.2,sand,late,176,drip,farm_reservoir,13.4,0
farm_4,farm_4_field_2,2026-04-15,61.6,initial,potato,6,0.0,0.0,loam,late,6,hose_reel,farm_reservoir,4.1,0
farm_4,farm_4_field_2,2026-04-16,61.7,initial,potato,7,0.0,4.5,loam,late,7,hose_reel,farm_reservoir,4.1,0
farm_4,farm_4_field_2,2026-04-17,64.4,initial,potato,8,0.0,0.0,loam,late,8,hose_reel,farm_reservoir,4.1,0
farm_4,farm_4_field_2,2026-04-18,60.8,initial,potato,9,0.0,0.0,loam,late,9,hose_reel,farm_reservoir,4.1,0
farm_4,farm_4_field_2,2026-04-19,54.7,initial,potato,10,0.0,0.0,loam,late,10,hose_reel,farm_reservoir,4.1,0
farm_4,farm_4_field_2,2026-04-20,58.3,initial,potato,11,0.0,0.0,loam,late,11,hose_reel,farm_reservoir,4.1,0
farm_4,farm_4_field_2,2026-04-21,56.9,initial,potato,12,0.0,0.0,loam,late,12,hose_reel,farm_reservoir,4.1,0
farm_4,farm_4_field_2,2026-04-22,61.6,initial,potato,13,0.0,3.9,loam,late,13,hose_reel,farm_reservoir,4.1,0
farm_4,farm_4_field_2,2026-04-23,55.4,initial,potato,14,0.0,0.1,loam,late,14,hose_reel,farm_reservoir,4.1,0
farm_4,farm_4_field_2,2026-04-24,54.1,initial,potato,15,0.0,0.4,loam,late,15,hose_reel,farm_reservoir,4.1,0
farm_4,farm_4_field_2,2026-04-25,54.4,initial,potato,16,0.0,0.3,loam,late,16,hose_reel,farm_reservoir,4.1,0
farm_4,farm_4_field_2,2026-04-26,57.2,initial,potato,17,0.0,0.0,loam,late,17,hose_reel,farm_reservoir,4.1,0
farm_4,farm_4_field_2,2026-04-27,54.7,initial,potato,18,0.0,5.3,loam,late,18,hose_reel,farm_reservoir,4.1,0
farm_4,farm_4_field_2,2026-04-28,57.2,initial,potato,19,0.0,0.0,loam,late,19,hose_reel,farm_reservoir,4.1,0
farm_4,farm_4_field_2,2026-04-29,58.9,initial,potato,20,0.0,0.0,loam,late,20,hose_reel,farm_reservoir,4.1,0
farm_4,farm_4_field_2,2026-04-30,55.6,initial,potato,21,0.0,1.3,loam,late,21,hose_reel,farm_reservoir,4.1,0
farm_4,farm_4_field_2,2026-05-01,56.6,initial,potato,22,0.0,0.0,loam,late,22,hose_reel,farm_reservoir,4.1,0
farm_4,farm_4_field_2,2026-05-02,52.2,initial,potato,23,0.0,0.2,loam,late,23,hose_reel,farm_reservoir,4.1,0
farm_4,farm_4_field_2,2026-05-03,50.9,initial,potato,24,0.0,2.8,loam,late,24,hose_reel,farm_reservoir,4.1,0
farm_4,farm_4_field_2,2026-05-04,58.3,initial,potato,25,0.0,0.5,loam,late,25,hose_reel,farm_reservoir,4.1,0
farm_4,farm_4_field_2,2026-05-05,52.2,initial,potato,26,0.0,0.2,loam,late,26,hose_reel,farm_reservoir,4.1,0
farm_4,farm_4_field_2,2026-05-06,55.0,initial,potato,27,0.0,0.0,loam,late,27,hose_reel,farm_reservoir,4.1,0
farm_4,farm_4_field_2,2026-05-07,49.6,initial,potato,28,0.0,0.0,loam,late,28,hose_reel,farm_reservoir,4.1,0
farm_4,farm_4_field_2,2026-05-08,55.9,development,potato,29,0.0,0.0,loam,late,29,hose_reel,farm_reservoir,4.1,0
farm_4,farm_4_field_2,2026-05-09,50.6,development,potato,30,0.0,1.0,loam,late,30,hose_reel,farm_reservoir,4.1,0
farm_4,farm_4_field_2,2026-05-10,49.0,development,potato,31,0.0,0.0,loam,late,31,hose_reel,farm_reservoir,4.1,0
farm_4,farm_4_field_2,2026-05-11,52.7,development,potato,32,0.0,0.1,loam,late,32,hose_reel,farm_reservoir,4.1,0
farm_4,farm_4_field_2,2026-05-12,46.7,development,potato,33,0.0,0.0,loam,late,33,hose_reel,farm_reservoir,4.1,1
farm_4,farm_4_field_2,2026-05-13,50.0,development,potato,34,0.0,0.2,loam,late,34,hose_reel,farm_reservoir,4.1,1
farm_4,farm_4_field_2,2026-05-14,39.3,development,potato,35,0.0,0.0,loam,late,35,hose_reel,farm_reservoir,4.1,1
farm_4,farm_4_field_2,2026-05-15,63.5,development,potato,1,40.0,0.0,loam,late,36,hose_reel,farm_reservoir,4.1,0
farm_4,farm_4_field_2,2026-05-16,67.2,development,potato,2,40.0,0.0,loam,late,37,hose_reel,farm_reservoir,4.1,0
farm_4,farm_4_field_2,2026-05-17,67.2,development,potato,3,40.0,6.7,loam,late,38,hose_reel,farm_reservoir,4.1,0
farm_4,farm_4_field_2,2026-05-18,70.8,development,potato,4,40.0,0.8,loam,late,39,hose_reel,farm_reservoir,4.1,0
farm_4,farm_4_field_2,2026-05-19,71.4,development,potato,5,40.0,9.5,loam,late,40,hose_reel,farm_reservoir,4.1,0
farm_4,farm_4_field_2,2026-05-20,66.8,development,potato,6,40.0,0.5,loam,late,41,hose_reel,farm_reservoir,4.1,0
farm_4,farm_4_field_2,2026-05-21,65.0,development,potato,7,40.0,5.3,loam,late,42,hose_reel,farm_reservoir,4.1,0
farm_4,farm_4_field_2,2026-05-22,69.5,development,potato,8,40.0,0.1,loam,late,43,hose_reel,farm_reservoir,4.1,0
farm_4,farm_4_field_2,2026-05-23,70.7,development,potato,9,40.0,0.5,loam,late,44,hose_reel,farm_reservoir,4.1,0
farm_4,farm_4_field_2,2026-05-24,68.8,development,potato,10,40.0,0.4,loam,late,45,hose_reel,farm_reservoir,4.1,0
farm_4,farm_4_field_2,2026-05-25,64.2,development,potato,11,40.0,3.8,loam,late,46,hose_reel,farm_reservoir,4.1,0
farm_4,farm_4_field_2,2026-05-26,63.8,development,potato,12,40.0,0.4,loam,late,47,hose_reel,farm_reservoir,4.1,0
farm_4,farm_4_field_2,2026-05-27,62.3,development,potato,13,40.0,0.3,loam,late,48,hose_reel,farm_reservoir,4.1,0
farm_4,farm_4_field_2,2026-05-28,60.1,development,potato,14,40.0,0.2,loam,late,49,hose_reel,farm_reservoir,4.1,0
farm_4,farm_4_field_2,2026-05-29,61.2,development,potato,15,40.0,0.6,loam,late,50,hose_reel,farm_reservoir,4.1,0
farm_4,farm_4_field_2,2026-05-30,61.5,development,potato,16,40.0,0.3,loam,late,51,hose_reel,farm_reservoir,4.1,0
farm_4,farm_4_field_2,2026-05-31,56.8,development,potato,17,40.0,0.0,loam,late,52,hose_reel,farm_reservoir,4.1,0
farm_4,farm_4_field_2,2026-06-01,48.4,development,potato,18,40.0,0.0,loam,late,53,hose_reel,farm_reservoir,4.1,0
farm_4,farm_4_field_2,2026-06-02,49.1,development,potato,19,40.0,0.0,loam,late,54,hose_reel,farm_reservoir,4.1,0
farm_4,farm_4_field_2,2026-06-03,47.2,development,potato,20,40.0,0.0,loam,late,55,hose_reel,farm_reservoir,4.1,0
farm_4,farm_4_field_2,2026-06-04,47.3,development,potato,21,40.0,0.0,loam,late,56,hose_reel,farm_reservoir,4.1,1
farm_4,farm_4_field_2,2026-06-05,71.9,development,potato,1,40.0,0.0,loam,late,57,hose_reel,farm_reservoir,4.1,0
farm_4,farm_4_field_2,2026-06-06,70.8,development,potato,2,40.0,0.0,loam,late,58,hose_reel,farm_reservoir,4.1,0
farm_4,farm_4_field_2,2026-06-07,70.6,development,potato,3,40.0,20.1,loam,late,59,hose_reel,farm_reservoir,4.1,0
farm_4,farm_4_field_2,2026-06-08,80.1,development,potato,4,40.0,20.2,loam,late,60,hose_reel,farm_reservoir,4.1,0
farm_4,farm_4_field_2,2026-06-09,97.8,development,potato,5,40.0,0.0,loam,late,61,hose_reel,farm_reservoir,4.1,0
farm_4,farm_4_field_2,2026-06-10,95.2,development,potato,6,40.0,0.3,loam,late,62,hose_reel,farm_reservoir,4.1,0
farm_4,farm_4_field_2,2026-06-11,87.3,sensitive,potato,7,40.0,0.1,loam,late,63,hose_reel,farm_reservoir,4.1,0
farm_4,farm_4_field_2,2026-06-12,86.7,sensitive,potato,8,40.0,0.0,loam,late,64,hose_reel,farm_reservoir,4.1,0
farm_4,farm_4_field_2,2026-06-13,82.6,sensitive,potato,9,40.0,0.0,loam,late,65,hose_reel,farm_reservoir,4.1,0
farm_4,farm_4_field_2,2026-06-14,72.6,sensitive,potato,10,40.0,0.2,loam,late,66,hose_reel,farm_reservoir,4.1,0
farm_4,farm_4_field_2,2026-06-15,73.0,sensitive,potato,11,40.0,0.9,loam,late,67,hose_reel,farm_reservoir,4.1,0
farm_4,farm_4_field_2,2026-06-16,65.0,sensitive,potato,12,40.0,0.2,loam,late,68,hose_reel,farm_reservoir,4.1,0
farm_4,farm_4_field_2,2026-06-17,67.8,sensitive,potato,13,40.0,2.7,loam,late,69,hose_reel,farm_reservoir,4.1,0
farm_4,farm_4_field_2,2026-06-18,63.9,sensitive,potato,14,40.0,24.4,loam,late,70,hose_reel,farm_reservoir,4.1,0
farm_4,farm_4_field_2,2026-06-19,84.0,sensitive,potato,15,40.0,0.0,loam,late,71,hose_reel,farm_reservoir,4.1,0
farm_4,farm_4_field_2,2026-06-20,79.0,sensitive,potato,16,40.0,0.1,loam,late,72,hose_reel,farm_reservoir,4.1,0
farm_4,farm_4_field_2,2026-06-21,71.2,sensitive,potato,17,40.0,0.3,loam,late,73,hose_reel,farm_reservoir,4.1,0
farm_4,farm_4_field_2,2026-06-22,75.5,sensitive,potato,18,40.0,0.1,loam,late,74,hose_reel,farm_reservoir,4.1,0
farm_4,farm_4_field_2,2026-06-23,70.7,sensitive,potato,19,40.0,0.0,loam,late,75,hose_reel,farm_reservoir,4.1,0
farm_4,farm_4_field_2,2026-06-24,66.5,sensitive,potato,20,40.0,0.0,loam,late,76,hose_reel,farm_reservoir,4.1,0
farm_4,farm_4_field_2,2026-06-25,56.0,sensitive,potato,21,40.0,0.0,loam,late,77,hose_reel,farm_reservoir,4.1,0
farm_4,farm_4_field_2,2026-06-26,58.9,sensitive,potato,22,40.0,0.0,loam,late,78,hose_reel,farm_reservoir,4.1,0
farm_4,farm_4_field_2,2026-06-27,57.6,sensitive,potato,23,40.0,0.1,loam,late,79,hose_reel,farm_reservoir,4.1,1
farm_4,farm_4_field_2,2026-06-28,55.0,sensitive,potato,24,40.0,2.6,loam,late,80,hose_reel,farm_reservoir,4.1,1
farm_4,farm_4_field_2,2026-06-29,51.0,sensitive,potato,25,40.0,0.2,loam,late,81,hose_reel,farm_reservoir,4.1,1
farm_4,farm_4_field_2,2026-06-30,48.5,sensitive,potato,26,40.0,0.3,loam,late,82,hose_reel,farm_reservoir,4.1,1
farm_4,farm_4_field_2,2026-07-01,76.7,sensitive,potato,1,40.0,0.0,loam,late,83,hose_reel,farm_reservoir,4.1,0
farm_4,farm_4_field_2,2026-07-02,65.0,sensitive,potato,2,40.0,0.2,loam,late,84,hose_reel,farm_reservoir,4.1,0
farm_4,farm_4_field_2,2026-07-03,63.0,sensitive,potato,3,40.0,0.0,loam,late,85,hose_reel,farm_reservoir,4.1,0
farm_4,farm_4_field_2,2026-07-04,61.2,sensitive,potato,4,40.0,0.0,loam,late,86,hose_reel,farm_reservoir,4.1,0
farm_4,farm_4_field_2,2026-07-05,55.6,sensitive,potato,5,40.0,0.0,loam,late,87,hose_reel,farm_reservoir,4.1,1
farm_4,farm_4_field_2,2026-07-06,77.6,sensitive,potato,1,35.8,0.2,loam,late,88,hose_reel,farm_reservoir,4.1,0
farm_4,farm_4_field_2,2026-07-07,69.2,sensitive,potato,2,35.8,0.3,loam,late,89,hose_reel,farm_reservoir,4.1,0
farm_4,farm_4_field_2,2026-07-08,66.9,sensitive,potato,3,35.8,1.1,loam,late,90,hose_reel,farm_reservoir,4.1,0
farm_4,farm_4_field_2,2026-07-09,64.5,sensitive,potato,4,35.8,4.5,loam,late,91,hose_reel,farm_reservoir,4.1,0
farm_4,farm_4_field_2,2026-07-10,70.7,sensitive,potato,5,35.8,0.0,loam,late,92,hose_reel,farm_reservoir,4.1,0
farm_4,farm_4_field_2,2026-07-11,60.3,sensitive,potato,6,35.8,0.0,loam,late,93,hose_reel,farm_reservoir,4.1,0
farm_4,farm_4_field_2,2026-07-12,59.6,sensitive,potato,7,35.8,0.2,loam,late,94,hose_reel,farm_reservoir,4.1,0
farm_4,farm_4_field_2,2026-07-13,56.6,sensitive,potato,8,35.8,0.0,loam,late,95,hose_reel,farm_reservoir,4.1,1
farm_4,farm_4_field_2,2026-07-14,54.1,sensitive,potato,9,35.8,0.0,loam,late,96,hose_reel,farm_reservoir,4.1,1
farm_4,farm_4_field_2,2026-07-15,46.0,sensitive,potato,10,35.8,0.8,loam,late,97,hose_reel,farm_reservoir,4.1,1
farm_4,farm_4_field_2,2026-07-16,46.0,sensitive,potato,11,35.8,0.1,loam,late,98,hose_reel,farm_reservoir,4.1,1
farm_4,farm_4_field_2,2026-07-17,46.4,sensitive,potato,12,35.8,0.0,loam,late,99,hose_reel,farm_reservoir,4.1,1
farm_4,farm_4_field_2,2026-07-18,43.1,sensitive,potato,13,35.8,0.1,loam,late,100,hose_reel,farm_reservoir,4.1,2
farm_4,farm_4_field_2,2026-07-19,63.3,sensitive,potato,1,40.0,0.0,loam,late,101,hose_reel,farm_reservoir,4.1,0
farm_4,farm_4_field_2,2026-07-20,59.7,sensitive,potato,2,40.0,0.3,loam,late,102,hose_reel,farm_reservoir,4.1,0
farm_4,farm_4_field_2,2026-07-21,58.1,sensitive,potato,3,40.0,0.0,loam,late,103,hose_reel,farm_reservoir,4.1,1
farm_4,farm_4_field_2,2026-07-22,82.2,sensitive,potato,1,35.2,0.1,loam,late,104,hose_reel,farm_reservoir,4.1,0
farm_4,farm_4_field_2,2026-07-23,76.4,sensitive,potato,2,35.2,0.2,loam,late,105,hose_reel,farm_reservoir,4.1,0
farm_4,farm_4_field_2,2026-07-24,67.0,sensitive,potato,3,35.2,0.0,loam,late,106,hose_reel,farm_reservoir,4.1,0
farm_4,farm_4_field_2,2026-07-25,72.5,sensitive,potato,4,35.2,0.4,loam,late,107,hose_reel,farm_reservoir,4.1,0
farm_4,farm_4_field_2,2026-07-26,63.3,sensitive,potato,5,35.2,0.0,loam,late,108,hose_reel,farm_reservoir,4.1,0
farm_4,farm_4_field_2,2026-07-27,58.7,sensitive,potato,6,35.2,2.8,loam,late,109,hose_reel,farm_reservoir,4.1,0
farm_4,farm_4_field_2,2026-07-28,59.1,sensitive,potato,7,35.2,0.2,loam,late,110,hose_reel,farm_reservoir,4.1,0
farm_4,farm_4_field_2,2026-07-29,55.2,sensitive,potato,8,35.2,7.3,loam,late,111,hose_reel,farm_reservoir,4.1,1
farm_4,farm_4_field_2,2026-07-30,51.6,sensitive,potato,9,35.2,0.8,loam,late,112,hose_reel,farm_reservoir,4.1,1
farm_4,farm_4_field_2,2026-07-31,51.0,sensitive,potato,10,35.2,0.6,loam,late,113,hose_reel,farm_reservoir,4.1,1
farm_4,farm_4_field_2,2026-08-01,49.7,sensitive,potato,11,35.2,0.0,loam,late,114,hose_reel,farm_reservoir,4.1,1
farm_4,farm_4_field_2,2026-08-02,46.7,late,potato,12,35.2,0.0,loam,late,115,hose_reel,farm_reservoir,4.1,0
farm_4,farm_4_field_2,2026-08-03,45.5,late,potato,13,35.2,0.9,loam,late,116,hose_reel,farm_reservoir,4.1,0
farm_4,farm_4_field_2,2026-08-04,42.6,late,potato,14,35.2,0.4,loam,late,117,hose_reel,farm_reservoir,4.1,0
farm_4,farm_4_field_2,2026-08-05,38.0,late,potato,15,35.2,0.0,loam,late,118,hose_reel,farm_reservoir,4.1,0
farm_4,farm_4_field_2,2026-08-06,34.7,late,potato,16,35.2,8.9,loam,late,119,hose_reel,farm_reservoir,4.1,0
farm_4,farm_4_field_2,2026-08-07,45.0,late,potato,17,35.2,0.2,loam,late,120,hose_reel,farm_reservoir,4.1,0
farm_4,farm_4_field_2,2026-08-08,37.1,late,potato,18,35.2,0.1,loam,late,121,hose_reel,farm_reservoir,4.1,0
farm_4,farm_4_field_2,2026-08-09,32.9,late,potato,19,35.2,0.5,loam,late,122,hose_reel,farm_reservoir,4.1,1
farm_4,farm_4_field_2,2026-08-10,35.1,late,potato,20,35.2,0.0,loam,late,123,hose_reel,farm_reservoir,4.1,1
farm_4,farm_4_field_2,2026-08-11,37.2,late,potato,21,35.2,1.7,loam,late,124,hose_reel,farm_reservoir,4.1,1
farm_4,farm_4_field_2,2026-08-12,34.2,late,potato,22,35.2,0.4,loam,late,125,hose_reel,farm_reservoir,4.1,1
farm_4,farm_4_field_2,2026-08-13,23.6,late,potato,23,35.2,0.0,loam,late,126,hose_reel,farm_reservoir,4.1,1
farm_4,farm_4_field_2,2026-08-14,27.8,late,potato,24,35.2,0.0,loam,late,127,hose_reel,farm_reservoir,4.1,1
farm_4,farm_4_field_2,2026-08-15,25.7,late,potato,25,35.2,0.0,loam,late,128,hose_reel,farm_reservoir,4.1,1
farm_4,farm_4_field_2,2026-08-16,19.3,late,potato,26,35.2,0.0,loam,late,129,hose_reel,farm_reservoir,4.1,1
farm_4,farm_4_field_2,2026-08-17,15.2,late,potato,27,35.2,0.0,loam,late,130,hose_reel,farm_reservoir,4.1,2
farm_4,farm_4_field_2,2026-08-18,45.3,late,potato,1,40.0,0.0,loam,late,131,hose_reel,farm_reservoir,4.1,0
farm_4,farm_4_field_2,2026-08-19,44.3,late,potato,2,40.0,0.0,loam,late,132,hose_reel,farm_reservoir,4.1,0
farm_4,farm_4_field_2,2026-08-20,42.2,late,potato,3,40.0,0.5,loam,late,133,hose_reel,farm_reservoir,4.1,0
farm_4,farm_4_field_2,2026-08-21,38.8,late,potato,4,40.0,0.2,loam,late,134,hose_reel,farm_reservoir,4.1,0
farm_4,farm_4_field_2,2026-08-22,39.3,late,potato,5,40.0,0.0,loam,late,135,hose_reel,farm_reservoir,4.1,0
farm_4,farm_4_field_2,2026-08-23,42.2,late,potato,6,40.0,0.0,loam,late,136,hose_reel,farm_reservoir,4.1,1
farm_4,farm_4_field_2,2026-08-24,36.0,late,potato,7,40.0,0.4,loam,late,137,hose_reel,farm_reservoir,4.1,1
farm_4,farm_4_field_2,2026-08-25,32.5,late,potato,8,40.0,0.0,loam,late,138,hose_reel,farm_reservoir,4.1,1
farm_4,farm_4_field_2,2026-08-26,29.2,late,potato,9,40.0,0.0,loam,late,139,hose_reel,farm_reservoir,4.1,1
farm_4,farm_4_field_2,2026-08-27,30.1,late,potato,10,40.0,0.0,loam,late,140,hose_reel,farm_reservoir,4.1,1
farm_4,farm_4_field_2,2026-08-28,47.6,late,potato,1,40.0,16.1,loam,late,141,hose_reel,farm_reservoir,4.1,0
farm_4,farm_4_field_2,2026-08-29,64.8,late,potato,2,40.0,0.0,loam,late,142,hose_reel,farm_reservoir,4.1,0
farm_4,farm_4_field_2,2026-08-30,57.3,late,potato,3,40.0,0.2,loam,late,143,hose_reel,farm_reservoir,4.1,0
farm_4,farm_4_field_2,2026-08-31,59.3,late,potato,4,40.0,0.5,loam,late,144,hose_reel,farm_reservoir,4.1,0
farm_4,farm_4_field_2,2026-09-01,59.3,late,potato,5,40.0,0.0,loam,late,145,hose_reel,farm_reservoir,4.1,0
farm_4,farm_4_field_2,2026-09-02,55.7,late,potato,6,40.0,0.1,loam,late,146,hose_reel,farm_reservoir,4.1,0
farm_4,farm_4_field_2,2026-09-03,51.2,late,potato,7,40.0,0.4,loam,late,147,hose_reel,farm_reservoir,4.1,0
farm_4,farm_4_field_2,2026-09-04,49.5,late,potato,8,40.0,0.3,loam,late,148,hose_reel,farm_reservoir,4.1,0
farm_4,farm_4_field_2,2026-09-05,50.1,late,potato,9,40.0,0.0,loam,late,149,hose_reel,farm_reservoir,4.1,0
farm_4,farm_4_field_2,2026-09-06,47.7,late,potato,10,40.0,0.0,loam,late,150,hose_reel,farm_reservoir,4.1,0
farm_4,farm_4_field_2,2026-09-07,46.5,late,potato,11,40.0,0.0,loam,late,151,hose_reel,farm_reservoir,4.1,0
farm_4,farm_4_field_2,2026-09-08,39.9,late,potato,12,40.0,0.2,loam,late,152,hose_reel,farm_reservoir,4.1,0
farm_4,farm_4_field_2,2026-09-09,39.7,late,potato,13,40.0,0.1,loam,late,153,hose_reel,farm_reservoir,4.1,0
farm_4,farm_4_field_2,2026-09-10,41.7,late,potato,14,40.0,0.3,loam,late,154,hose_reel,farm_reservoir,4.1,0
farm_4,farm_4_field_2,2026-09-11,43.9,late,potato,15,40.0,0.6,loam,late,155,hose_reel,farm_reservoir,4.1,0
farm_4,farm_4_field_2,2026-09-12,40.5,late,potato,16,40.0,0.1,loam,late,156,hose_reel,farm_reservoir,4.1,0
farm_4,farm_4_field_2,2026-09-13,37.9,late,potato,17,40.0,0.0,loam,late,157,hose_reel,farm_reservoir,4.1,1
farm_4,farm_4_field_2,2026-09-14,64.1,late,potato,1,40.0,2.0,loam,late,158,hose_reel,farm_reservoir,4.1,0
farm_4,farm_4_field_2,2026-09-15,63.9,late,potato,2,40.0,0.2,loam,late,159,hose_reel,farm_reservoir,4.1,0
farm_4,farm_4_field_2,2026-09-16,62.8,late,potato,3,40.0,4.7,loam,late,160,hose_reel,farm_reservoir,4.1,0
farm_4,farm_4_field_2,2026-09-17,58.7,late,potato,4,40.0,2.0,loam,late,161,hose_reel,farm_reservoir,4.1,0
farm_4,farm_4_field_2,2026-09-18,57.1,late,potato,5,40.0,0.0,loam,late,162,hose_reel,farm_reservoir,4.1,0
farm_4,farm_4_field_2,2026-09-19,60.4,late,potato,6,40.0,0.0,loam,late,163,hose_reel,farm_reservoir,4.1,0
farm_4,farm_4_field_2,2026-09-20,59.0,late,potato,7,40.0,0.1,loam,late,164,hose_reel,farm_reservoir,4.1,0
farm_4,farm_4_field_2,2026-09-21,63.1,late,potato,8,40.0,0.0,loam,late,165,hose_reel,farm_reservoir,4.1,0
farm_4,farm_4_field_2,2026-09-22,54.3,late,potato,9,40.0,0.2,loam,late,166,hose_reel,farm_reservoir,4.1,0
farm_4,farm_4_field_2,2026-09-23,53.3,late,potato,10,40.0,0.0,loam,late,167,hose_reel,farm_reservoir,4.1,0
farm_4,farm_4_field_2,2026-09-24,47.1,late,potato,11,40.0,0.0,loam,late,168,hose_reel,farm_reservoir,4.1,0
farm_4,farm_4_field_2,2026-09-25,54.7,late,potato,12,40.0,0.0,loam,late,169,hose_reel,farm_reservoir,4.1,0
farm_4,farm_4_field_2,2026-09-26,47.4,late,potato,13,40.0,0.5,loam,late,170,hose_reel,farm_reservoir,4.1,0
farm_4,farm_4_field_2,2026-09-27,49.2,late,potato,14,40.0,0.0,loam,late,171,hose_reel,farm_reservoir,4.1,0
farm_4,farm_4_field_2,2026-09-28,51.9,late,potato,15,40.0,0.0,loam,late,172,hose_reel,farm_reservoir,4.1,0
farm_4,farm_4_field_2,2026-09-29,46.6,late,potato,16,40.0,0.0,loam,late,173,hose_reel,farm_reservoir,4.1,0
farm_4,farm_4_field_2,2026-09-30,43.4,late,potato,17,40.0,0.2,loam,late,174,hose_reel,farm_reservoir,4.1,0
farm_4,farm_4_field_3,2026-04-22,66.6,initial,maize,0,0.0,3.9,sand,early,0,pivot,farm_reservoir,25.1,0
farm_4,farm_4_field_3,2026-04-23,74.9,initial,maize,1,0.0,0.1,sand,early,1,pivot,farm_reservoir,25.1,0
farm_4,farm_4_field_3,2026-04-24,76.3,initial,maize,2,0.0,0.4,sand,early,2,pivot,farm_reservoir,25.1,0
farm_4,farm_4_field_3,2026-04-25,69.5,initial,maize,3,0.0,0.3,sand,early,3,pivot,farm_reservoir,25.1,0
farm_4,farm_4_field_3,2026-04-26,65.8,initial,maize,4,0.0,0.0,sand,early,4,pivot,farm_reservoir,25.1,0
farm_4,farm_4_field_3,2026-04-27,68.4,initial,maize,5,0.0,5.3,sand,early,5,pivot,farm_reservoir,25.1,0
farm_4,farm_4_field_3,2026-04-28,71.6,initial,maize,6,0.0,0.0,sand,early,6,pivot,farm_reservoir,25.1,0
farm_4,farm_4_field_3,2026-04-29,70.5,initial,maize,7,0.0,0.0,sand,early,7,pivot,farm_reservoir,25.1,0
farm_4,farm_4_field_3,2026-04-30,67.3,initial,maize,8,0.0,1.3,sand,early,8,pivot,farm_reservoir,25.1,0
farm_4,farm_4_field_3,2026-05-01,74.9,initial,maize,9,0.0,0.0,sand,early,9,pivot,farm_reservoir,25.1,0
farm_4,farm_4_field_3,2026-05-02,69.4,initial,maize,10,0.0,0.2,sand,early,10,pivot,farm_reservoir,25.1,0
farm_4,farm_4_field_3,2026-05-03,67.3,initial,maize,11,0.0,2.8,sand,early,11,pivot,farm_reservoir,25.1,0
farm_4,farm_4_field_3,2026-05-04,74.7,initial,maize,12,0.0,0.5,sand,early,12,pivot,farm_reservoir,25.1,0
farm_4,farm_4_field_3,2026-05-05,71.2,initial,maize,13,0.0,0.2,sand,early,13,pivot,farm_reservoir,25.1,0
farm_4,farm_4_field_3,2026-05-06,71.0,initial,maize,14,0.0,0.0,sand,early,14,pivot,farm_reservoir,25.1,0
farm_4,farm_4_field_3,2026-05-07,71.2,initial,maize,15,0.0,0.0,sand,early,15,pivot,farm_reservoir,25.1,0
farm_4,farm_4_field_3,2026-05-08,69.1,initial,maize,16,0.0,0.0,sand,early,16,pivot,farm_reservoir,25.1,0
farm_4,farm_4_field_3,2026-05-09,66.1,initial,maize,17,0.0,1.0,sand,early,17,pivot,farm_reservoir,25.1,0
farm_4,farm_4_field_3,2026-05-10,65.2,initial,maize,18,0.0,0.0,sand,early,18,pivot,farm_reservoir,25.1,0
farm_4,farm_4_field_3,2026-05-11,61.4,initial,maize,19,0.0,0.1,sand,early,19,pivot,farm_reservoir,25.1,0
farm_4,farm_4_field_3,2026-05-12,60.5,initial,maize,20,0.0,0.0,sand,early,20,pivot,farm_reservoir,25.1,0
farm_4,farm_4_field_3,2026-05-13,66.1,initial,maize,21,0.0,0.2,sand,early,21,pivot,farm_reservoir,25.1,0
farm_4,farm_4_field_3,2026-05-14,59.0,initial,maize,22,0.0,0.0,sand,early,22,pivot,farm_reservoir,25.1,0
farm_4,farm_4_field_3,2026-05-15,62.3,initial,maize,23,0.0,0.0,sand,early,23,pivot,farm_reservoir,25.1,0
farm_4,farm_4_field_3,2026-05-16,59.9,initial,maize,24,0.0,0.0,sand,early,24,pivot,farm_reservoir,25.1,0
farm_4,farm_4_field_3,2026-05-17,56.4,initial,maize,25,0.0,6.7,sand,early,25,pivot,farm_reservoir,25.1,0
farm_4,farm_4_field_3,2026-05-18,65.1,development,maize,26,0.0,0.8,sand,early,26,pivot,farm_reservoir,25.1,0
farm_4,farm_4_field_3,2026-05-19,61.8,development,maize,27,0.0,9.5,sand,early,27,pivot,farm_reservoir,25.1,0
farm_4,farm_4_field_3,2026-05-20,72.8,development,maize,28,0.0,0.5,sand,early,28,pivot,farm_reservoir,25.1,0
farm_4,farm_4_field_3,2026-05-21,71.8,development,maize,29,0.0,5.3,sand,early,29,pivot,farm_reservoir,25.1,0
farm_4,farm_4_field_3,2026-05-22,70.9,development,maize,30,0.0,0.1,sand,early,30,pivot,farm_reservoir,25.1,0
farm_4,farm_4_field_3,2026-05-23,64.5,development,maize,31,0.0,0.5,sand,early,31,pivot,farm_reservoir,25.1,0
farm_4,farm_4_field_3,2026-05-24,59.3,development,maize,32,0.0,0.4,sand,early,32,pivot,farm_reservoir,25.1,0
farm_4,farm_4_field_3,2026-05-25,59.6,development,maize,33,0.0,3.8,sand,early,33,pivot,farm_reservoir,25.1,0
farm_4,farm_4_field_3,2026-05-26,59.2,development,maize,34,0.0,0.4,sand,early,34,pivot,farm_reservoir,25.1,0
farm_4,farm_4_field_3,2026-05-27,62.5,development,maize,35,0.0,0.3,sand,early,35,pivot,farm_reservoir,25.1,0
farm_4,farm_4_field_3,2026-05-28,53.8,development,maize,36,0.0,0.2,sand,early,36,pivot,farm_reservoir,25.1,0
farm_4,farm_4_field_3,2026-05-29,47.5,development,maize,37,0.0,0.6,sand,early,37,pivot,farm_reservoir,25.1,0
farm_4,farm_4_field_3,2026-05-30,46.8,development,maize,38,0.0,0.3,sand,early,38,pivot,farm_reservoir,25.1,1
farm_4,farm_4_field_3,2026-05-31,44.0,development,maize,39,0.0,0.0,sand,early,39,pivot,farm_reservoir,25.1,1
farm_4,farm_4_field_3,2026-06-01,39.9,development,maize,40,0.0,0.0,sand,early,40,pivot,farm_reservoir,25.1,1
farm_4,farm_4_field_3,2026-06-02,31.2,development,maize,41,0.0,0.0,sand,early,41,pivot,farm_reservoir,25.1,2
farm_4,farm_4_field_3,2026-06-03,69.2,development,maize,1,30.0,0.0,sand,early,42,pivot,farm_reservoir,25.1,0
farm_4,farm_4_field_3,2026-06-04,66.9,development,maize,2,30.0,0.0,sand,early,43,pivot,farm_reservoir,25.1,0
farm_4,farm_4_field_3,2026-06-05,62.1,development,maize,3,30.0,0.0,sand,early,44,pivot,farm_reservoir,25.1,0
farm_4,farm_4_field_3,2026-06-06,51.2,development,maize,4,30.0,0.0,sand,early,45,pivot,farm_reservoir,25.1,0
farm_4,farm_4_field_3,2026-06-07,47.6,development,maize,5,30.0,20.1,sand,early,46,pivot,farm_reservoir,25.1,1
farm_4,farm_4_field_3,2026-06-08,100.0,development,maize,1,25.1,20.2,sand,early,47,pivot,farm_reservoir,25.1,0
farm_4,farm_4_field_3,2026-06-09,97.6,development,maize,2,25.1,0.0,sand,early,48,pivot,farm_reservoir,25.1,0
farm_4,farm_4_field_3,2026-06-10,97.9,development,maize,3,25.1,0.3,sand,early,49,pivot,farm_reservoir,25.1,0
farm_4,farm_4_field_3,2026-06-11,86.9,development,maize,4,25.1,0.1,sand,early,50,pivot,farm_reservoir,25.1,0
farm_4,farm_4_field_3,2026-06-12,85.5,development,maize,5,25.1,0.0,sand,early,51,pivot,farm_reservoir,25.1,0
farm_4,farm_4_field_3,2026-06-13,80.1,development,maize,6,25.1,0.0,sand,early,52,pivot,farm_reservoir,25.1,0
farm_4,farm_4_field_3,2026-06-14,80.6,development,maize,7,25.1,0.2,sand,early,53,pivot,farm_reservoir,25.1,0
farm_4,farm_4_field_3,2026-06-15,71.4,development,maize,8,25.1,0.9,sand,early,54,pivot,farm_reservoir,25.1,0
farm_4,farm_4_field_3,2026-06-16,71.4,development,maize,9,25.1,0.2,sand,early,55,pivot,farm_reservoir,25.1,0
farm_4,farm_4_field_3,2026-06-17,68.8,development,maize,10,25.1,2.7,sand,early,56,pivot,farm_reservoir,25.1,0
farm_4,farm_4_field_3,2026-06-18,62.4,development,maize,11,25.1,24.4,sand,early,57,pivot,farm_reservoir,25.1,0
farm_4,farm_4_field_3,2026-06-19,92.3,development,maize,12,25.1,0.0,sand,early,58,pivot,farm_reservoir,25.1,0
farm_4,farm_4_field_3,2026-06-20,92.3,development,maize,13,25.1,0.1,sand,early,59,pivot,farm_reservoir,25.1,0
farm_4,farm_4_field_3,2026-06-21,82.4,sensitive,maize,14,25.1,0.3,sand,early,60,pivot,farm_reservoir,25.1,0
farm_4,farm_4_field_3,2026-06-22,77.8,sensitive,maize,15,25.1,0.1,sand,early,61,pivot,farm_reservoir,25.1,0
farm_4,farm_4_field_3,2026-06-23,68.0,sensitive,maize,16,25.1,0.0,sand,early,62,pivot,farm_reservoir,25.1,0
farm_4,farm_4_field_3,2026-06-24,60.2,sensitive,maize,17,25.1,0.0,sand,early,63,pivot,farm_reservoir,25.1,0
farm_4,farm_4_field_3,2026-06-25,57.6,sensitive,maize,18,25.1,0.0,sand,early,64,pivot,farm_reservoir,25.1,1
farm_4,farm_4_field_3,2026-06-26,42.0,sensitive,maize,19,25.1,0.0,sand,early,65,pivot,farm_reservoir,25.1,2
farm_4,farm_4_field_3,2026-06-27,75.4,sensitive,maize,1,28.3,0.1,sand,early,66,pivot,farm_reservoir,25.1,0
farm_4,farm_4_field_3,2026-06-28,66.5,sensitive,maize,2,28.3,2.6,sand,early,67,pivot,farm_reservoir,25.1,0
farm_4,farm_4_field_3,2026-06-29,64.4,sensitive,maize,3,28.3,0.2,sand,early,68,pivot,farm_reservoir,25.1,0
farm_4,farm_4_field_3,2026-06-30,60.4,sensitive,maize,4,28.3,0.3,sand,early,69,pivot,farm_reservoir,25.1,1
farm_4,farm_4_field_3,2026-07-01,72.5,sensitive,maize,1,18.9,0.0,sand,early,70,pivot,farm_reservoir,25.1,0
farm_4,farm_4_field_3,2026-07-02,65.2,sensitive,maize,2,18.9,0.2,sand,early,71,pivot,farm_reservoir,25.1,0
farm_4,farm_4_field_3,2026-07-03,56.8,sensitive,maize,3,18.9,0.0,sand,early,72,pivot,farm_reservoir,25.1,1
farm_4,farm_4_field_3,2026-07-04,46.8,sensitive,maize,4,18.9,0.0,sand,early,73,pivot,farm_reservoir,25.1,1
farm_4,farm_4_field_3,2026-07-05,44.7,sensitive,maize,5,18.9,0.0,sand,early,74,pivot,farm_reservoir,25.1,2
farm_4,farm_4_field_3,2026-07-06,68.2,sensitive,maize,1,30.0,0.2,sand,early,75,pivot,farm_reservoir,25.1,0
farm_4,farm_4_field_3,2026-07-07,62.0,sensitive,maize,2,30.0,0.3,sand,early,76,pivot,farm_reservoir,25.1,0
farm_4,farm_4_field_3,2026-07-08,55.6,sensitive,maize,3,30.0,1.1,sand,early,77,pivot,farm_reservoir,25.1,1
farm_4,farm_4_field_3,2026-07-09,48.7,sensitive,maize,4,30.0,4.5,sand,early,78,pivot,farm_reservoir,25.1,1
farm_4,farm_4_field_3,2026-07-10,84.4,sensitive,maize,1,24.7,0.0,sand,early,79,pivot,farm_reservoir,25.1,0
farm_4,farm_4_field_3,2026-07-11,74.0,sensitive,maize,2,24.7,0.0,sand,early,80,pivot,farm_reservoir,25.1,0
farm_4,farm_4_field_3,2026-07-12,64.7,sensitive,maize,3,24.7,0.2,sand,early,81,pivot,farm_reservoir,25.1,0
farm_4,farm_4_field_3,2026-07-13,54.6,sensitive,maize,4,24.7,0.0,sand,early,82,pivot,farm_reservoir,25.1,1
farm_4,farm_4_field_3,2026-07-14,46.5,sensitive,maize,5,24.7,0.0,sand,early,83,pivot,farm_reservoir,25.1,1
farm_4,farm_4_field_3,2026-07-15,36.9,sensitive,maize,6,24.7,0.8,sand,early,84,pivot,farm_reservoir,25.1,2
farm_4,farm_4_field_3,2026-07-16,73.9,sensitive,maize,1,28.8,0.1,sand,early,85,pivot,farm_reservoir,25.1,0
farm_4,farm_4_field_3,2026-07-17,64.1,sensitive,maize,2,28.8,0.0,sand,early,86,pivot,farm_reservoir,25.1,0
farm_4,farm_4_field_3,2026-07-18,60.2,sensitive,maize,3,28.8,0.1,sand,early,87,pivot,farm_reservoir,25.1,1
farm_4,farm_4_field_3,2026-07-19,46.8,sensitive,maize,4,28.8,0.0,sand,early,88,pivot,farm_reservoir,25.1,1
farm_4,farm_4_field_3,2026-07-20,39.8,sensitive,maize,5,28.8,0.3,sand,early,89,pivot,farm_reservoir,25.1,2
farm_4,farm_4_field_3,2026-07-21,73.1,sensitive,maize,1,30.0,0.0,sand,early,90,pivot,farm_reservoir,25.1,0
farm_4,farm_4_field_3,2026-07-22,65.2,sensitive,maize,2,30.0,0.1,sand,early,91,pivot,farm_reservoir,25.1,0
farm_4,farm_4_field_3,2026-07-23,54.0,sensitive,maize,3,30.0,0.2,sand,early,92,pivot,farm_reservoir,25.1,1
farm_4,farm_4_field_3,2026-07-24,50.8,sensitive,maize,4,30.0,0.0,sand,early,93,pivot,farm_reservoir,25.1,1
farm_4,farm_4_field_3,2026-07-25,42.3,sensitive,maize,5,30.0,0.4,sand,early,94,pivot,farm_reservoir,25.1,2
farm_4,farm_4_field_3,2026-07-26,71.5,sensitive,maize,1,30.0,0.0,sand,early,95,pivot,farm_reservoir,25.1,0
farm_4,farm_4_field_3,2026-07-27,67.9,sensitive,maize,2,30.0,2.8,sand,early,96,pivot,farm_reservoir,25.1,0
farm_4,farm_4_field_3,2026-07-28,60.4,sensitive,maize,3,30.0,0.2,sand,early,97,pivot,farm_reservoir,25.1,0
farm_4,farm_4_field_3,2026-07-29,52.8,sensitive,maize,4,30.0,7.3,sand,early,98,pivot,farm_reservoir,25.1,1
farm_4,farm_4_field_3,2026-07-30,55.5,sensitive,maize,5,30.0,0.8,sand,early,99,pivot,farm_reservoir,25.1,1
farm_4,farm_4_field_3,2026-07-31,45.0,sensitive,maize,6,30.0,0.6,sand,early,100,pivot,farm_reservoir,25.1,1
farm_4,farm_4_field_3,2026-08-01,42.7,sensitive,maize,7,30.0,0.0,sand,early,101,pivot,farm_reservoir,25.1,2
farm_4,farm_4_field_3,2026-08-02,69.9,late,maize,1,30.0,0.0,sand,early,102,pivot,farm_reservoir,25.1,0
farm_4,farm_4_field_3,2026-08-03,68.9,late,maize,2,30.0,0.9,sand,early,103,pivot,farm_reservoir,25.1,0
farm_4,farm_4_field_3,2026-08-04,62.1,late,maize,3,30.0,0.4,sand,early,104,pivot,farm_reservoir,25.1,0
farm_4,farm_4_field_3,2026-08-05,59.3,late,maize,4,30.0,0.0,sand,early,105,pivot,farm_reservoir,25.1,0
farm_4,farm_4_field_3,2026-08-06,57.7,late,maize,5,30.0,8.9,sand,early,106,pivot,farm_reservoir,25.1,0
farm_4,farm_4_field_3,2026-08-07,68.2,late,maize,6,30.0,0.2,sand,early,107,pivot,farm_reservoir,25.1,0
farm_4,farm_4_field_3,2026-08-08,63.5,late,maize,7,30.0,0.1,sand,early,108,pivot,farm_reservoir,25.1,0
farm_4,farm_4_field_3,2026-08-09,61.1,late,maize,8,30.0,0.5,sand,early,109,pivot,farm_reservoir,25.1,0
farm_4,farm_4_field_3,2026-08-10,52.1,late,maize,9,30.0,0.0,sand,early,110,pivot,farm_reservoir,25.1,0
farm_4,farm_4_field_3,2026-08-11,53.8,late,maize,10,30.0,1.7,sand,early,111,pivot,farm_reservoir,25.1,0
farm_4,farm_4_field_3,2026-08-12,49.2,late,maize,11,30.0,0.4,sand,early,112,pivot,farm_reservoir,25.1,0
farm_4,farm_4_field_3,2026-08-13,44.9,late,maize,12,30.0,0.0,sand,early,113,pivot,farm_reservoir,25.1,0
farm_4,farm_4_field_3,2026-08-14,41.6,late,maize,13,30.0,0.0,sand,early,114,pivot,farm_reservoir,25.1,0
farm_4,farm_4_field_3,2026-08-15,40.9,late,maize,14,30.0,0.0,sand,early,115,pivot,farm_reservoir,25.1,0
farm_4,farm_4_field_3,2026-08-16,36.3,late,maize,15,30.0,0.0,sand,early,116,pivot,farm_reservoir,25.1,1
farm_4,farm_4_field_3,2026-08-17,75.6,late,maize,1,30.0,0.0,sand,early,117,pivot,farm_reservoir,25.1,0
farm_4,farm_4_field_3,2026-08-18,74.8,late,maize,2,30.0,0.0,sand,early,118,pivot,farm_reservoir,25.1,0
farm_4,farm_4_field_3,2026-08-19,60.8,late,maize,3,30.0,0.0,sand,early,119,pivot,farm_reservoir,25.1,0
farm_4,farm_4_field_3,2026-08-20,62.5,late,maize,4,30.0,0.5,sand,early,120,pivot,farm_reservoir,25.1,0
farm_4,farm_4_field_3,2026-08-21,60.6,late,maize,5,30.0,0.2,sand,early,121,pivot,farm_reservoir,25.1,0
farm_4,farm_4_field_3,2026-08-22,56.1,late,maize,6,30.0,0.0,sand,early,122,pivot,farm_reservoir,25.1,0
farm_4,farm_4_field_3,2026-08-23,55.7,late,maize,7,30.0,0.0,sand,early,123,pivot,farm_reservoir,25.1,0
farm_4,farm_4_field_3,2026-08-24,49.0,late,maize,8,30.0,0.4,sand,early,124,pivot,farm_reservoir,25.1,0
farm_4,farm_4_field_3,2026-08-25,47.6,late,maize,9,30.0,0.0,sand,early,125,pivot,farm_reservoir,25.1,0
farm_4,farm_4_field_3,2026-08-26,41.1,late,maize,10,30.0,0.0,sand,early,126,pivot,farm_reservoir,25.1,0
farm_4,farm_4_field_3,2026-08-27,36.8,late,maize,11,30.0,0.0,sand,early,127,pivot,farm_reservoir,25.1,1
farm_4,farm_4_field_3,2026-08-28,77.7,late,maize,1,30.0,16.1,sand,early,128,pivot,farm_reservoir,25.1,0
farm_4,farm_4_field_3,2026-08-29,96.8,late,maize,2,30.0,0.0,sand,early,129,pivot,farm_reservoir,25.1,0
farm_4,farm_4_field_3,2026-08-30,91.9,late,maize,3,30.0,0.2,sand,early,130,pivot,farm_reservoir,25.1,0
farm_4,farm_4_field_3,2026-08-31,82.5,late,maize,4,30.0,0.5,sand,early,131,pivot,farm_reservoir,25.1,0
farm_4,farm_4_field_3,2026-09-01,81.3,late,maize,5,30.0,0.0,sand,early,132,pivot,farm_reservoir,25.1,0
farm_4,farm_4_field_3,2026-09-02,79.3,late,maize,6,30.0,0.1,sand,early,133,pivot,farm_reservoir,25.1,0
farm_4,farm_4_field_3,2026-09-03,74.1,late,maize,7,30.0,0.4,sand,early,134,pivot,farm_reservoir,25.1,0
farm_4,farm_4_field_3,2026-09-04,80.2,late,maize,8,30.0,0.3,sand,early,135,pivot,farm_reservoir,25.1,0
farm_4,farm_4_field_3,2026-09-05,72.4,late,maize,9,30.0,0.0,sand,early,136,pivot,farm_reservoir,25.1,0
farm_4,farm_4_field_3,2026-09-06,63.1,late,maize,10,30.0,0.0,sand,early,137,pivot,farm_reservoir,25.1,0
farm_4,farm_4_field_3,2026-09-07,63.4,late,maize,11,30.0,0.0,sand,early,138,pivot,farm_reservoir,25.1,0
farm_4,farm_4_field_3,2026-09-08,62.0,late,maize,12,30.0,0.2,sand,early,139,pivot,farm_reservoir,25.1,0
farm_4,farm_4_field_3,2026-09-09,58.5,late,maize,13,30.0,0.1,sand,early,140,pivot,farm_reservoir,25.1,0
farm_4,farm_4_field_3,2026-09-10,55.6,late,maize,14,30.0,0.3,sand,early,141,pivot,farm_reservoir,25.1,0
farm_4,farm_4_field_3,2026-09-11,44.1,late,maize,15,30.0,0.6,sand,early,142,pivot,farm_reservoir,25.1,0
farm_4,farm_4_field_3,2026-09-12,46.3,late,maize,16,30.0,0.1,sand,early,143,pivot,farm_reservoir,25.1,0
farm_4,farm_4_field_3,2026-09-13,52.5,late,maize,17,30.0,0.0,sand,early,144,pivot,farm_reservoir,25.1,0
farm_4,farm_4_field_3,2026-09-14,45.3,late,maize,18,30.0,2.0,sand,early,145,pivot,farm_reservoir,25.1,0
farm_4,farm_4_field_3,2026-09-15,45.7,late,maize,19,30.0,0.2,sand,early,146,pivot,farm_reservoir,25.1,0
farm_4,farm_4_field_3,2026-09-16,41.3,late,maize,20,30.0,4.7,sand,early,147,pivot,farm_reservoir,25.1,1
farm_4,farm_4_field_3,2026-09-17,47.0,late,maize,21,30.0,2.0,sand,early,148,pivot,farm_reservoir,25.1,0
farm_4,farm_4_field_3,2026-09-18,43.3,late,maize,22,30.0,0.0,sand,early,149,pivot,farm_reservoir,25.1,0
farm_4,farm_4_field_3,2026-09-19,36.8,late,maize,23,30.0,0.0,sand,early,150,pivot,farm_reservoir,25.1,0
farm_4,farm_4_field_3,2026-09-20,35.2,late,maize,24,30.0,0.1,sand,early,151,pivot,farm_reservoir,25.1,1
farm_4,farm_4_field_3,2026-09-21,30.4,late,maize,25,30.0,0.0,sand,early,152,pivot,farm_reservoir,25.1,1
farm_4,farm_4_field_3,2026-09-22,30.7,late,maize,26,30.0,0.2,sand,early,153,pivot,farm_reservoir,25.1,1
farm_4,farm_4_field_3,2026-09-23,76.3,late,maize,1,30.0,0.0,sand,early,154,pivot,farm_reservoir,25.1,0
farm_4,farm_4_field_3,2026-09-24,71.7,late,maize,2,30.0,0.0,sand,early,155,pivot,farm_reservoir,25.1,0
farm_4,farm_4_field_3,2026-09-25,66.2,late,maize,3,30.0,0.0,sand,early,156,pivot,farm_reservoir,25.1,0
farm_4,farm_4_field_3,2026-09-26,62.9,late,maize,4,30.0,0.5,sand,early,157,pivot,farm_reservoir,25.1,0
farm_4,farm_4_field_3,2026-09-27,63.6,late,maize,5,30.0,0.0,sand,early,158,pivot,farm_reservoir,25.1,0
farm_4,farm_4_field_3,2026-09-28,60.5,late,maize,6,30.0,0.0,sand,early,159,pivot,farm_reservoir,25.1,0
farm_4,farm_4_field_3,2026-09-29,54.0,late,maize,7,30.0,0.0,sand,early,160,pivot,farm_reservoir,25.1,0
farm_4,farm_4_field_3,2026-09-30,54.2,late,maize,8,30.0,0.2,sand,early,161,pivot,farm_reservoir,25.1,0
farm_4,farm_4_field_4,2026-04-15,57.4,initial,sugar_beet,13,0.0,0.0,sand,early,13,drip,farm_reservoir,26.6,0
farm_4,farm_4_field_4,2026-04-16,66.3,initial,sugar_beet,14,0.0,4.5,sand,early,14,drip,farm_reservoir,26.6,0
farm_4,farm_4_field_4,2026-04-17,63.3,initial,sugar_beet,15,0.0,0.0,sand,early,15,drip,farm_reservoir,26.6,0
farm_4,farm_4_field_4,2026-04-18,63.7,initial,sugar_beet,16,0.0,0.0,sand,early,16,drip,farm_reservoir,26.6,0
farm_4,farm_4_field_4,2026-04-19,65.3,initial,sugar_beet,17,0.0,0.0,sand,early,17,drip,farm_reservoir,26.6,0
farm_4,farm_4_field_4,2026-04-20,62.7,initial,sugar_beet,18,0.0,0.0,sand,early,18,drip,farm_reservoir,26.6,0
farm_4,farm_4_field_4,2026-04-21,62.2,initial,sugar_beet,19,0.0,0.0,sand,early,19,drip,farm_reservoir,26.6,0
farm_4,farm_4_field_4,2026-04-22,52.1,initial,sugar_beet,20,0.0,3.9,sand,early,20,drip,farm_reservoir,26.6,0
farm_4,farm_4_field_4,2026-04-23,61.8,development,sugar_beet,21,0.0,0.1,sand,early,21,drip,farm_reservoir,26.6,0
farm_4,farm_4_field_4,2026-04-24,59.5,development,sugar_beet,22,0.0,0.4,sand,early,22,drip,farm_reservoir,26.6,0
farm_4,farm_4_field_4,2026-04-25,58.9,development,sugar_beet,23,0.0,0.3,sand,early,23,drip,farm_reservoir,26.6,0
farm_4,farm_4_field_4,2026-04-26,53.5,development,sugar_beet,24,0.0,0.0,sand,early,24,drip,farm_reservoir,26.6,0
farm_4,farm_4_field_4,2026-04-27,62.2,development,sugar_beet,25,0.0,5.3,sand,early,25,drip,farm_reservoir,26.6,0
farm_4,farm_4_field_4,2026-04-28,60.4,development,sugar_beet,26,0.0,0.0,sand,early,26,drip,farm_reservoir,26.6,0
farm_4,farm_4_field_4,2026-04-29,57.4,development,sugar_beet,27,0.0,0.0,sand,early,27,drip,farm_reservoir,26.6,0
farm_4,farm_4_field_4,2026-04-30,56.6,development,sugar_beet,28,0.0,1.3,sand,early,28,drip,farm_reservoir,26.6,0
farm_4,farm_4_field_4,2026-05-01,52.7,development,sugar_beet,29,0.0,0.0,sand,early,29,drip,farm_reservoir,26.6,0
farm_4,farm_4_field_4,2026-05-02,50.8,development,sugar_beet,30,0.0,0.2,sand,early,30,drip,farm_reservoir,26.6,0
farm_4,farm_4_field_4,2026-05-03,48.8,development,sugar_beet,31,0.0,2.8,sand,early,31,drip,farm_reservoir,26.6,0
farm_4,farm_4_field_4,2026-05-04,52.9,development,sugar_beet,32,0.0,0.5,sand,early,32,drip,farm_reservoir,26.6,0
farm_4,farm_4_field_4,2026-05-05,43.8,development,sugar_beet,33,0.0,0.2,sand,early,33,drip,farm_reservoir,26.6,1
farm_4,farm_4_field_4,2026-05-06,72.0,development,sugar_beet,1,18.0,0.0,sand,early,34,drip,farm_reservoir,26.6,0
farm_4,farm_4_field_4,2026-05-07,62.3,development,sugar_beet,2,18.0,0.0,sand,early,35,drip,farm_reservoir,26.6,0
farm_4,farm_4_field_4,2026-05-08,68.5,development,sugar_beet,3,18.0,0.0,sand,early,36,drip,farm_reservoir,26.6,0
farm_4,farm_4_field_4,2026-05-09,67.0,development,sugar_beet,4,18.0,1.0,sand,early,37,drip,farm_reservoir,26.6,0
farm_4,farm_4_field_4,2026-05-10,60.5,development,sugar_beet,5,18.0,0.0,sand,early,38,drip,farm_reservoir,26.6,0
farm_4,farm_4_field_4,2026-05-11,55.8,development,sugar_beet,6,18.0,0.1,sand,early,39,drip,farm_reservoir,26.6,0
farm_4,farm_4_field_4,2026-05-12,58.7,development,sugar_beet,7,18.0,0.0,sand,early,40,drip,farm_reservoir,26.6,0
farm_4,farm_4_field_4,2026-05-13,47.5,development,sugar_beet,8,18.0,0.2,sand,early,41,drip,farm_reservoir,26.6,0
farm_4,farm_4_field_4,2026-05-14,45.2,development,sugar_beet,9,18.0,0.0,sand,early,42,drip,farm_reservoir,26.6,0
farm_4,farm_4_field_4,2026-05-15,46.5,development,sugar_beet,10,18.0,0.0,sand,early,43,drip,farm_reservoir,26.6,1
farm_4,farm_4_field_4,2026-05-16,61.7,development,sugar_beet,1,18.0,0.0,sand,early,44,drip,farm_reservoir,26.6,0
farm_4,farm_4_field_4,2026-05-17,61.4,development,sugar_beet,2,18.0,6.7,sand,early,45,drip,farm_reservoir,26.6,0
farm_4,farm_4_field_4,2026-05-18,70.0,development,sugar_beet,3,18.0,0.8,sand,early,46,drip,farm_reservoir,26.6,0
farm_4,farm_4_field_4,2026-05-19,63.4,development,sugar_beet,4,18.0,9.5,sand,early,47,drip,farm_reservoir,26.6,0
farm_4,farm_4_field_4,2026-05-20,77.8,development,sugar_beet,5,18.0,0.5,sand,early,48,drip,farm_reservoir,26.6,0
farm_4,farm_4_field_4,2026-05-21,71.4,development,sugar_beet,6,18.0,5.3,sand,early,49,drip,farm_reservoir,26.6,0
farm_4,farm_4_field_4,2026-05-22,78.7,development,sugar_beet,7,18.0,0.1,sand,early,50,drip,farm_reservoir,26.6,0
farm_4,farm_4_field_4,2026-05-23,71.6,sensitive,sugar_beet,8,18.0,0.5,sand,early,51,drip,farm_reservoir,26.6,0
farm_4,farm_4_field_4,2026-05-24,66.9,sensitive,sugar_beet,9,18.0,0.4,sand,early,52,drip,farm_reservoir,26.6,0
farm_4,farm_4_field_4,2026-05-25,63.3,sensitive,sugar_beet,10,18.0,3.8,sand,early,53,drip,farm_reservoir,26.6,0
farm_4,farm_4_field_4,2026-05-26,61.5,sensitive,sugar_beet,11,18.0,0.4,sand,early,54,drip,farm_reservoir,26.6,0
farm_4,farm_4_field_4,2026-05-27,59.3,sensitive,sugar_beet,12,18.0,0.3,sand,early,55,drip,farm_reservoir,26.6,0
farm_4,farm_4_field_4,2026-05-28,53.1,sensitive,sugar_beet,13,18.0,0.2,sand,early,56,drip,farm_reservoir,26.6,0
farm_4,farm_4_field_4,2026-05-29,50.7,sensitive,sugar_beet,14,18.0,0.6,sand,early,57,drip,farm_reservoir,26.6,1
farm_4,farm_4_field_4,2026-05-30,65.0,sensitive,sugar_beet,1,18.0,0.3,sand,early,58,drip,farm_reservoir,26.6,0
farm_4,farm_4_field_4,2026-05-31,63.7,sensitive,sugar_beet,2,18.0,0.0,sand,early,59,drip,farm_reservoir,26.6,0
farm_4,farm_4_field_4,2026-06-01,48.4,sensitive,sugar_beet,3,18.0,0.0,sand,early,60,drip,farm_reservoir,26.6,0
farm_4,farm_4_field_4,2026-06-02,47.8,sensitive,sugar_beet,4,18.0,0.0,sand,early,61,drip,farm_reservoir,26.6,1
farm_4,farm_4_field_4,2026-06-03,43.4,sensitive,sugar_beet,5,18.0,0.0,sand,early,62,drip,farm_reservoir,26.6,1
farm_4,farm_4_field_4,2026-06-04,60.0,sensitive,sugar_beet,1,18.0,0.0,sand,early,63,drip,farm_reservoir,26.6,0
farm_4,farm_4_field_4,2026-06-05,59.4,sensitive,sugar_beet,2,18.0,0.0,sand,early,64,drip,farm_reservoir,26.6,0
farm_4,farm_4_field_4,2026-06-06,48.7,sensitive,sugar_beet,3,18.0,0.0,sand,early,65,drip,farm_reservoir,26.6,1
farm_4,farm_4_field_4,2026-06-07,59.0,sensitive,sugar_beet,1,18.0,20.1,sand,early,66,drip,farm_reservoir,26.6,0
farm_4,farm_4_field_4,2026-06-08,86.1,sensitive,sugar_beet,2,18.0,20.2,sand,early,67,drip,farm_reservoir,26.6,0
farm_4,farm_4_field_4,2026-06-09,97.6,sensitive,sugar_beet,3,18.0,0.0,sand,early,68,drip,farm_reservoir,26.6,0
farm_4,farm_4_field_4,2026-06-10,92.0,sensitive,sugar_beet,4,18.0,0.3,sand,early,69,drip,farm_reservoir,26.6,0
farm_4,farm_4_field_4,2026-06-11,87.1,sensitive,sugar_beet,5,18.0,0.1,sand,early,70,drip,farm_reservoir,26.6,0
farm_4,farm_4_field_4,2026-06-12,81.8,sensitive,sugar_beet,6,18.0,0.0,sand,early,71,drip,farm_reservoir,26.6,0
farm_4,farm_4_field_4,2026-06-13,76.1,sensitive,sugar_beet,7,18.0,0.0,sand,early,72,drip,farm_reservoir,26.6,0
farm_4,farm_4_field_4,2026-06-14,66.8,sensitive,sugar_beet,8,18.0,0.2,sand,early,73,drip,farm_reservoir,26.6,0
farm_4,farm_4_field_4,2026-06-15,62.2,sensitive,sugar_beet,9,18.0,0.9,sand,early,74,drip,farm_reservoir,26.6,0
farm_4,farm_4_field_4,2026-06-16,56.7,sensitive,sugar_beet,10,18.0,0.2,sand,early,75,drip,farm_reservoir,26.6,0
farm_4,farm_4_field_4,2026-06-17,52.4,sensitive,sugar_beet,11,18.0,2.7,sand,early,76,drip,farm_reservoir,26.6,1
farm_4,farm_4_field_4,2026-06-18,77.0,sensitive,sugar_beet,1,18.0,24.4,sand,early,77,drip,farm_reservoir,26.6,0
farm_4,farm_4_field_4,2026-06-19,96.8,sensitive,sugar_beet,2,18.0,0.0,sand,early,78,drip,farm_reservoir,26.6,0
farm_4,farm_4_field_4,2026-06-20,89.0,sensitive,sugar_beet,3,18.0,0.1,sand,early,79,drip,farm_reservoir,26.6,0
farm_4,farm_4_field_4,2026-06-21,86.4,sensitive,sugar_beet,4,18.0,0.3,sand,early,80,drip,farm_reservoir,26.6,0
farm_4,farm_4_field_4,2026-06-22,73.0,sensitive,sugar_beet,5,18.0,0.1,sand,early,81,drip,farm_reservoir,26.6,0
farm_4,farm_4_field_4,2026-06-23,70.1,sensitive,sugar_beet,6,18.0,0.0,sand,early,82,drip,farm_reservoir,26.6,0
farm_4,farm_4_field_4,2026-06-24,59.7,sensitive,sugar_beet,7,18.0,0.0,sand,early,83,drip,farm_reservoir,26.6,0
farm_4,farm_4_field_4,2026-06-25,60.2,sensitive,sugar_beet,8,18.0,0.0,sand,early,84,drip,farm_reservoir,26.6,0
farm_4,farm_4_field_4,2026-06-26,56.1,sensitive,sugar_beet,9,18.0,0.0,sand,early,85,drip,farm_reservoir,26.6,1
farm_4,farm_4_field_4,2026-06-27,41.8,sensitive,sugar_beet,10,18.0,0.1,sand,early,86,drip,farm_reservoir,26.6,1
farm_4,farm_4_field_4,2026-06-28,40.4,sensitive,sugar_beet,11,18.0,2.6,sand,early,87,drip,farm_reservoir,26.6,1
farm_4,farm_4_field_4,2026-06-29,59.2,sensitive,sugar_beet,1,18.0,0.2,sand,early,88,drip,farm_reservoir,26.6,0
farm_4,farm_4_field_4,2026-06-30,50.1,sensitive,sugar_beet,2,18.0,0.3,sand,early,89,drip,farm_reservoir,26.6,0
farm_4,farm_4_field_4,2026-07-01,51.0,sensitive,sugar_beet,3,18.0,0.0,sand,early,90,drip,farm_reservoir,26.6,1
farm_4,farm_4_field_4,2026-07-02,37.6,sensitive,sugar_beet,4,18.0,0.2,sand,early,91,drip,farm_reservoir,26.6,1
farm_4,farm_4_field_4,2026-07-03,57.0,sensitive,sugar_beet,1,18.0,0.0,sand,early,92,drip,farm_reservoir,26.6,0
farm_4,farm_4_field_4,2026-07-04,45.9,late,sugar_beet,2,18.0,0.0,sand,early,93,drip,farm_reservoir,26.6,0
farm_4,farm_4_field_4,2026-07-05,50.1,late,sugar_beet,3,18.0,0.0,sand,early,94,drip,farm_reservoir,26.6,0
farm_4,farm_4_field_4,2026-07-06,40.8,late,sugar_beet,4,18.0,0.2,sand,early,95,drip,farm_reservoir,26.6,0
farm_4,farm_4_field_4,2026-07-07,38.1,late,sugar_beet,5,18.0,0.3,sand,early,96,drip,farm_reservoir,26.6,0
farm_4,farm_4_field_4,2026-07-08,32.6,late,sugar_beet,6,18.0,1.1,sand,early,97,drip,farm_reservoir,26.6,1
farm_4,farm_4_field_4,2026-07-09,52.4,late,sugar_beet,1,18.0,4.5,sand,early,98,drip,farm_reservoir,26.6,0
farm_4,farm_4_field_4,2026-07-10,64.6,late,sugar_beet,2,18.0,0.0,sand,early,99,drip,farm_reservoir,26.6,0
farm_4,farm_4_field_4,2026-07-11,53.7,late,sugar_beet,3,18.0,0.0,sand,early,100,drip,farm_reservoir,26.6,0
farm_4,farm_4_field_4,2026-07-12,47.8,late,sugar_beet,4,18.0,0.2,sand,early,101,drip,farm_reservoir,26.6,0
farm_4,farm_4_field_4,2026-07-13,44.4,late,sugar_beet,5,18.0,0.0,sand,early,102,drip,farm_reservoir,26.6,0
farm_4,farm_4_field_4,2026-07-14,40.8,late,sugar_beet,6,18.0,0.0,sand,early,103,drip,farm_reservoir,26.6,0
farm_4,farm_4_field_4,2026-07-15,45.4,late,sugar_beet,7,18.0,0.8,sand,early,104,drip,farm_reservoir,26.6,0
farm_4,farm_4_field_4,2026-07-16,35.2,late,sugar_beet,8,18.0,0.1,sand,early,105,drip,farm_reservoir,26.6,1
farm_4,farm_4_field_4,2026-07-17,33.7,late,sugar_beet,9,18.0,0.0,sand,early,106,drip,farm_reservoir,26.6,1
farm_4,farm_4_field_4,2026-07-18,54.2,late,sugar_beet,1,18.0,0.1,sand,early,107,drip,farm_reservoir,26.6,0
farm_4,farm_4_field_4,2026-07-19,47.3,late,sugar_beet,2,18.0,0.0,sand,early,108,drip,farm_reservoir,26.6,0
farm_4,farm_4_field_4,2026-07-20,42.6,late,sugar_beet,3,18.0,0.3,sand,early,109,drip,farm_reservoir,26.6,0
farm_4,farm_4_field_4,2026-07-21,34.2,late,sugar_beet,4,18.0,0.0,sand,early,110,drip,farm_reservoir,26.6,0
farm_4,farm_4_field_4,2026-07-22,37.4,late,sugar_beet,5,18.0,0.1,sand,early,111,drip,farm_reservoir,26.6,0
farm_4,farm_4_field_4,2026-07-23,35.2,late,sugar_beet,6,18.0,0.2,sand,early,112,drip,farm_reservoir,26.6,1
farm_4,farm_4_field_4,2026-07-24,56.0,late,sugar_beet,1,18.0,0.0,sand,early,113,drip,farm_reservoir,26.6,0
farm_4,farm_4_field_4,2026-07-25,48.6,late,sugar_beet,2,18.0,0.4,sand,early,114,drip,farm_reservoir,26.6,0
farm_4,farm_4_field_4,2026-07-26,50.9,late,sugar_beet,3,18.0,0.0,sand,early,115,drip,farm_reservoir,26.6,0
farm_4,farm_4_field_4,2026-07-27,41.8,late,sugar_beet,4,18.0,2.8,sand,early,116,drip,farm_reservoir,26.6,0
farm_4,farm_4_field_4,2026-07-28,41.0,late,sugar_beet,5,18.0,0.2,sand,early,117,drip,farm_reservoir,26.6,0
farm_4,farm_4_field_4,2026-07-29,32.8,late,sugar_beet,6,18.0,7.3,sand,early,118,drip,farm_reservoir,26.6,0
farm_4,farm_4_field_4,2026-07-30,47.8,late,sugar_beet,7,18.0,0.8,sand,early,119,drip,farm_reservoir,26.6,0
farm_4,farm_4_field_4,2026-07-31,40.3,late,sugar_beet,8,18.0,0.6,sand,early,120,drip,farm_reservoir,26.6,0
farm_4,farm_4_field_4,2026-08-01,42.7,late,sugar_beet,9,18.0,0.0,sand,early,121,drip,farm_reservoir,26.6,0
farm_4,farm_4_field_4,2026-08-02,35.6,late,sugar_beet,10,18.0,0.0,sand,early,122,drip,farm_reservoir,26.6,1
farm_4,farm_4_field_4,2026-08-03,58.2,late,sugar_beet,1,18.0,0.9,sand,early,123,drip,farm_reservoir,26.6,0
farm_4,farm_4_field_4,2026-08-04,49.9,late,sugar_beet,2,18.0,0.4,sand,early,124,drip,farm_reservoir,26.6,0
farm_4,farm_4_field_4,2026-08-05,47.6,late,sugar_beet,3,18.0,0.0,sand,early,125,drip,farm_reservoir,26.6,0
farm_4,farm_4_field_4,2026-08-06,45.4,late,sugar_beet,4,18.0,8.9,sand,early,126,drip,farm_reservoir,26.6,0
farm_4,farm_4_field_4,2026-08-07,53.3,late,sugar_beet,5,18.0,0.2,sand,early,127,drip,farm_reservoir,26.6,0
farm_4,farm_4_field_4,2026-08-08,52.5,late,sugar_beet,6,18.0,0.1,sand,early,128,drip,farm_reservoir,26.6,0
farm_4,farm_4_field_4,2026-08-09,41.7,late,sugar_beet,7,18.0,0.5,sand,early,129,drip,farm_reservoir,26.6,0
farm_4,farm_4_field_4,2026-08-10,42.0,late,sugar_beet,8,18.0,0.0,sand,early,130,drip,farm_reservoir,26.6,0
farm_4,farm_4_field_4,2026-08-11,43.3,late,sugar_beet,9,18.0,1.7,sand,early,131,drip,farm_reservoir,26.6,0
farm_4,farm_4_field_4,2026-08-12,35.0,late,sugar_beet,10,18.0,0.4,sand,early,132,drip,farm_reservoir,26.6,1
farm_4,farm_4_field_4,2026-08-13,31.1,late,sugar_beet,11,18.0,0.0,sand,early,133,drip,farm_reservoir,26.6,1
farm_4,farm_4_field_4,2026-08-14,30.0,late,sugar_beet,12,18.0,0.0,sand,early,134,drip,farm_reservoir,26.6,1
farm_4,farm_4_field_4,2026-08-15,56.3,late,sugar_beet,1,18.0,0.0,sand,early,135,drip,farm_reservoir,26.6,0
farm_4,farm_4_field_4,2026-08-16,43.3,late,sugar_beet,2,18.0,0.0,sand,early,136,drip,farm_reservoir,26.6,0
farm_4,farm_4_field_4,2026-08-17,45.6,late,sugar_beet,3,18.0,0.0,sand,early,137,drip,farm_reservoir,26.6,0
farm_4,farm_4_field_4,2026-08-18,45.7,late,sugar_beet,4,18.0,0.0,sand,early,138,drip,farm_reservoir,26.6,0
farm_4,farm_4_field_4,2026-08-19,39.6,late,sugar_beet,5,18.0,0.0,sand,early,139,drip,farm_reservoir,26.6,1
farm_4,farm_4_field_4,2026-08-20,51.7,late,sugar_beet,1,18.0,0.5,sand,early,140,drip,farm_reservoir,26.6,0
farm_4,farm_4_field_4,2026-08-21,59.7,late,sugar_beet,2,18.0,0.2,sand,early,141,drip,farm_reservoir,26.6,0
farm_4,farm_4_field_4,2026-08-22,46.9,late,sugar_beet,3,18.0,0.0,sand,early,142,drip,farm_reservoir,26.6,0
farm_4,farm_4_field_4,2026-08-23,46.9,late,sugar_beet,4,18.0,0.0,sand,early,143,drip,farm_reservoir,26.6,0
farm_4,farm_4_field_4,2026-08-24,42.6,late,sugar_beet,5,18.0,0.4,sand,early,144,drip,farm_reservoir,26.6,0
farm_4,farm_4_field_4,2026-08-25,35.6,late,sugar_beet,6,18.0,0.0,sand,early,145,drip,farm_reservoir,26.6,0
farm_4,farm_4_field_4,2026-08-26,38.6,late,sugar_beet,7,18.0,0.0,sand,early,146,drip,farm_reservoir,26.6,1
farm_4,farm_4_field_4,2026-08-27,58.5,late,sugar_beet,1,18.0,0.0,sand,early,147,drip,farm_reservoir,26.6,0
farm_4,farm_4_field_4,2026-08-28,50.3,late,sugar_beet,2,18.0,16.1,sand,early,148,drip,farm_reservoir,26.6,0
farm_4,farm_4_field_4,2026-08-29,72.4,late,sugar_beet,3,18.0,0.0,sand,early,149,drip,farm_reservoir,26.6,0
farm_4,farm_4_field_4,2026-08-30,67.0,late,sugar_beet,4,18.0,0.2,sand,early,150,drip,farm_reservoir,26.6,0
farm_4,farm_4_field_4,2026-08-31,68.9,late,sugar_beet,5,18.0,0.5,sand,early,151,drip,farm_reservoir,26.6,0
farm_4,farm_4_field_4,2026-09-01,63.8,late,sugar_beet,6,18.0,0.0,sand,early,152,drip,farm_reservoir,26.6,0
farm_4,farm_4_field_4,2026-09-02,62.1,late,sugar_beet,7,18.0,0.1,sand,early,153,drip,farm_reservoir,26.6,0
farm_4,farm_4_field_4,2026-09-03,57.3,late,sugar_beet,8,18.0,0.4,sand,early,154,drip,farm_reservoir,26.6,0
farm_4,farm_4_field_4,2026-09-04,58.2,late,sugar_beet,9,18.0,0.3,sand,early,155,drip,farm_reservoir,26.6,0
farm_4,farm_4_field_4,2026-09-05,49.9,late,sugar_beet,10,18.0,0.0,sand,early,156,drip,farm_reservoir,26.6,0
farm_4,farm_4_field_4,2026-09-06,49.8,late,sugar_beet,11,18.0,0.0,sand,early,157,drip,farm_reservoir,26.6,0
farm_4,farm_4_field_4,2026-09-07,45.7,late,sugar_beet,12,18.0,0.0,sand,early,158,drip,farm_reservoir,26.6,0
farm_4,farm_4_field_4,2026-09-08,41.8,late,sugar_beet,13,18.0,0.2,sand,early,159,drip,farm_reservoir,26.6,0
farm_4,farm_4_field_4,2026-09-09,39.0,late,sugar_beet,14,18.0,0.1,sand,early,160,drip,farm_reservoir,26.6,0
farm_4,farm_4_field_4,2026-09-10,40.9,late,sugar_beet,15,18.0,0.3,sand,early,161,drip,farm_reservoir,26.6,1
farm_4,farm_4_field_4,2026-09-11,30.0,late,sugar_beet,16,18.0,0.6,sand,early,162,drip,farm_reservoir,26.6,1
farm_4,farm_4_field_4,2026-09-12,29.7,late,sugar_beet,17,18.0,0.1,sand,early,163,drip,farm_reservoir,26.6,1
farm_4,farm_4_field_4,2026-09-13,19.1,late,sugar_beet,18,18.0,0.0,sand,early,164,drip,farm_reservoir,26.6,1
farm_4,farm_4_field_4,2026-09-14,56.3,late,sugar_beet,1,18.0,2.0,sand,early,165,drip,farm_reservoir,26.6,0
farm_4,farm_4_field_4,2026-09-15,45.9,late,sugar_beet,2,18.0,0.2,sand,early,166,drip,farm_reservoir,26.6,0
farm_4,farm_4_field_4,2026-09-16,46.5,late,sugar_beet,3,18.0,4.7,sand,early,167,drip,farm_reservoir,26.6,0
farm_4,farm_4_field_4,2026-09-17,51.9,late,sugar_beet,4,18.0,2.0,sand,early,168,drip,farm_reservoir,26.6,0
farm_4,farm_4_field_4,2026-09-18,45.0,late,sugar_beet,5,18.0,0.0,sand,early,169,drip,farm_reservoir,26.6,0
farm_4,farm_4_field_4,2026-09-19,47.5,late,sugar_beet,6,18.0,0.0,sand,early,170,drip,farm_reservoir,26.6,0
farm_4,farm_4_field_4,2026-09-20,44.4,late,sugar_beet,7,18.0,0.1,sand,early,171,drip,farm_reservoir,26.6,0
farm_4,farm_4_field_4,2026-09-21,39.7,late,sugar_beet,8,18.0,0.0,sand,early,172,drip,farm_reservoir,26.6,0
farm_4,farm_4_field_4,2026-09-22,35.4,late,sugar_beet,9,18.0,0.2,sand,early,173,drip,farm_reservoir,26.6,0
farm_4,farm_4_field_4,2026-09-23,36.6,late,sugar_beet,10,18.0,0.0,sand,early,174,drip,farm_reservoir,26.6,1
farm_4,farm_4_field_4,2026-09-24,57.1,late,sugar_beet,1,18.0,0.0,sand,early,175,drip,farm_reservoir,26.6,0
farm_4,farm_4_field_4,2026-09-25,60.0,late,sugar_beet,2,18.0,0.0,sand,early,176,drip,farm_reservoir,26.6,0
farm_4,farm_4_field_4,2026-09-26,55.4,late,sugar_beet,3,18.0,0.5,sand,early,177,drip,farm_reservoir,26.6,0
farm_4,farm_4_field_4,2026-09-27,50.9,late,sugar_beet,4,18.0,0.0,sand,early,178,drip,farm_reservoir,26.6,0
farm_4,farm_4_field_4,2026-09-28,50.0,late,sugar_beet,5,18.0,0.0,sand,early,179,drip,farm_reservoir,26.6,0
farm_4,farm_4_field_4,2026-09-29,46.0,late,sugar_beet,6,18.0,0.0,sand,early,180,drip,farm_reservoir,26.6,0
farm_4,farm_4_field_4,2026-09-30,43.3,late,sugar_beet,7,18.0,0.2,sand,early,181,drip,farm_reservoir,26.6,0
farm_4,farm_4_field_5,2026-04-15,73.8,initial,potato,1,0.0,0.0,loamy_sand,medium,1,hose_reel,farm_reservoir,39.9,0
farm_4,farm_4_field_5,2026-04-16,77.6,initial,potato,2,0.0,4.5,loamy_sand,medium,2,hose_reel,farm_reservoir,39.9,0
farm_4,farm_4_field_5,2026-04-17,75.8,initial,potato,3,0.0,0.0,loamy_sand,medium,3,hose_reel,farm_reservoir,39.9,0
farm_4,farm_4_field_5,2026-04-18,73.3,initial,potato,4,0.0,0.0,loamy_sand,medium,4,hose_reel,farm_reservoir,39.9,0
farm_4,farm_4_field_5,2026-04-19,78.1,initial,potato,5,0.0,0.0,loamy_sand,medium,5,hose_reel,farm_reservoir,39.9,0
farm_4,farm_4_field_5,2026-04-20,75.5,initial,potato,6,0.0,0.0,loamy_sand,medium,6,hose_reel,farm_reservoir,39.9,0
farm_4,farm_4_field_5,2026-04-21,76.8,initial,potato,7,0.0,0.0,loamy_sand,medium,7,hose_reel,farm_reservoir,39.9,0
farm_4,farm_4_field_5,2026-04-22,75.9,initial,potato,8,0.0,3.9,loamy_sand,medium,8,hose_reel,farm_reservoir,39.9,0
farm_4,farm_4_field_5,2026-04-23,73.1,initial,potato,9,0.0,0.1,loamy_sand,medium,9,hose_reel,farm_reservoir,39.9,0
farm_4,farm_4_field_5,2026-04-24,72.3,initial,potato,10,0.0,0.4,loamy_sand,medium,10,hose_reel,farm_reservoir,39.9,0
farm_4,farm_4_field_5,2026-04-25,75.6,initial,potato,11,0.0,0.3,loamy_sand,medium,11,hose_reel,farm_reservoir,39.9,0
farm_4,farm_4_field_5,2026-04-26,75.6,initial,potato,12,0.0,0.0,loamy_sand,medium,12,hose_reel,farm_reservoir,39.9,0
farm_4,farm_4_field_5,2026-04-27,72.1,initial,potato,13,0.0,5.3,loamy_sand,medium,13,hose_reel,farm_reservoir,39.9,0
farm_4,farm_4_field_5,2026-04-28,75.5,initial,potato,14,0.0,0.0,loamy_sand,medium,14,hose_reel,farm_reservoir,39.9,0
farm_4,farm_4_field_5,2026-04-29,77.2,initial,potato,15,0.0,0.0,loamy_sand,medium,15,hose_reel,farm_reservoir,39.9,0
farm_4,farm_4_field_5,2026-04-30,75.3,initial,potato,16,0.0,1.3,loamy_sand,medium,16,hose_reel,farm_reservoir,39.9,0
farm_4,farm_4_field_5,2026-05-01,77.5,initial,potato,17,0.0,0.0,loamy_sand,medium,17,hose_reel,farm_reservoir,39.9,0
farm_4,farm_4_field_5,2026-05-02,72.9,initial,potato,18,0.0,0.2,loamy_sand,medium,18,hose_reel,farm_reservoir,39.9,0
farm_4,farm_4_field_5,2026-05-03,73.5,initial,potato,19,0.0,2.8,loamy_sand,medium,19,hose_reel,farm_reservoir,39.9,0
farm_4,farm_4_field_5,2026-05-04,67.6,initial,potato,20,0.0,0.5,loamy_sand,medium,20,hose_reel,farm_reservoir,39.9,0
farm_4,farm_4_field_5,2026-05-05,73.8,initial,potato,21,0.0,0.2,loamy_sand,medium,21,hose_reel,farm_reservoir,39.9,0
farm_4,farm_4_field_5,2026-05-06,71.8,initial,potato,22,0.0,0.0,loamy_sand,medium,22,hose_reel,farm_reservoir,39.9,0
farm_4,farm_4_field_5,2026-05-07,73.5,initial,potato,23,0.0,0.0,loamy_sand,medium,23,hose_reel,farm_reservoir,39.9,0
farm_4,farm_4_field_5,2026-05-08,69.5,initial,potato,24,0.0,0.0,loamy_sand,medium,24,hose_reel,farm_reservoir,39.9,0
farm_4,farm_4_field_5,2026-05-09,63.8,development,potato,25,0.0,1.0,loamy_sand,medium,25,hose_reel,farm_reservoir,39.9,0
farm_4,farm_4_field_5,2026-05-10,64.1,development,potato,26,0.0,0.0,loamy_sand,medium,26,hose_reel,farm_reservoir,39.9,0
farm_4,farm_4_field_5,2026-05-11,68.8,development,potato,27,0.0,0.1,loamy_sand,medium,27,hose_reel,farm_reservoir,39.9,0
farm_4,farm_4_field_5,2026-05-12,65.2,development,potato,28,0.0,0.0,loamy_sand,medium,28,hose_reel,farm_reservoir,39.9,0
farm_4,farm_4_field_5,2026-05-13,58.3,development,potato,29,0.0,0.2,loamy_sand,medium,29,hose_reel,farm_reservoir,39.9,0
farm_4,farm_4_field_5,2026-05-14,63.0,development,potato,30,0.0,0.0,loamy_sand,medium,30,hose_reel,farm_reservoir,39.9,0
farm_4,farm_4_field_5,2026-05-15,62.6,development,potato,31,0.0,0.0,loamy_sand,medium,31,hose_reel,farm_reservoir,39.9,0
farm_4,farm_4_field_5,2026-05-16,56.6,development,potato,32,0.0,0.0,loamy_sand,medium,32,hose_reel,farm_reservoir,39.9,1
farm_4,farm_4_field_5,2026-05-17,47.1,development,potato,33,0.0,6.7,loamy_sand,medium,33,hose_reel,farm_reservoir,39.9,1
farm_4,farm_4_field_5,2026-05-18,60.6,development,potato,34,0.0,0.8,loamy_sand,medium,34,hose_reel,farm_reservoir,39.9,0
farm_4,farm_4_field_5,2026-05-19,59.0,development,potato,35,0.0,9.5,loamy_sand,medium,35,hose_reel,farm_reservoir,39.9,1
farm_4,farm_4_field_5,2026-05-20,98.1,development,potato,1,30.6,0.5,loamy_sand,medium,36,hose_reel,farm_reservoir,39.9,0
farm_4,farm_4_field_5,2026-05-21,95.1,development,potato,2,30.6,5.3,loamy_sand,medium,37,hose_reel,farm_reservoir,39.9,0
farm_4,farm_4_field_5,2026-05-22,93.2,development,potato,3,30.6,0.1,loamy_sand,medium,38,hose_reel,farm_reservoir,39.9,0
farm_4,farm_4_field_5,2026-05-23,92.2,development,potato,4,30.6,0.5,loamy_sand,medium,39,hose_reel,farm_reservoir,39.9,0
farm_4,farm_4_field_5,2026-05-24,88.6,development,potato,5,30.6,0.4,loamy_sand,medium,40,hose_reel,farm_reservoir,39.9,0
farm_4,farm_4_field_5,2026-05-25,81.1,development,potato,6,30.6,3.8,loamy_sand,medium,41,hose_reel,farm_reservoir,39.9,0
farm_4,farm_4_field_5,2026-05-26,91.9,development,potato,7,30.6,0.4,loamy_sand,medium,42,hose_reel,farm_reservoir,39.9,0
farm_4,farm_4_field_5,2026-05-27,90.0,development,potato,8,30.6,0.3,loamy_sand,medium,43,hose_reel,farm_reservoir,39.9,0
farm_4,farm_4_field_5,2026-05-28,83.7,development,potato,9,30.6,0.2,loamy_sand,medium,44,hose_reel,farm_reservoir,39.9,0
farm_4,farm_4_field_5,2026-05-29,81.0,development,potato,10,30.6,0.6,loamy_sand,medium,45,hose_reel,farm_reservoir,39.9,0
farm_4,farm_4_field_5,2026-05-30,85.0,development,potato,11,30.6,0.3,loamy_sand,medium,46,hose_reel,farm_reservoir,39.9,0
farm_4,farm_4_field_5,2026-05-31,74.2,development,potato,12,30.6,0.0,loamy_sand,medium,47,hose_reel,farm_reservoir,39.9,0
farm_4,farm_4_field_5,2026-06-01,73.4,development,potato,13,30.6,0.0,loamy_sand,medium,48,hose_reel,farm_reservoir,39.9,0
farm_4,farm_4_field_5,2026-06-02,69.4,development,potato,14,30.6,0.0,loamy_sand,medium,49,hose_reel,farm_reservoir,39.9,0
farm_4,farm_4_field_5,2026-06-03,71.0,development,potato,15,30.6,0.0,loamy_sand,medium,50,hose_reel,farm_reservoir,39.9,0
farm_4,farm_4_field_5,2026-06-04,68.0,development,potato,16,30.6,0.0,loamy_sand,medium,51,hose_reel,farm_reservoir,39.9,0
farm_4,farm_4_field_5,2026-06-05,63.6,development,potato,17,30.6,0.0,loamy_sand,medium,52,hose_reel,farm_reservoir,39.9,0
farm_4,farm_4_field_5,2026-06-06,57.6,development,potato,18,30.6,0.0,loamy_sand,medium,53,hose_reel,farm_reservoir,39.9,0
farm_4,farm_4_field_5,2026-06-07,57.2,development,potato,19,30.6,20.1,loamy_sand,medium,54,hose_reel,farm_reservoir,39.9,0
farm_4,farm_4_field_5,2026-06-08,71.9,sensitive,potato,20,30.6,20.2,loamy_sand,medium,55,hose_reel,farm_reservoir,39.9,0
farm_4,farm_4_field_5,2026-06-09,92.7,sensitive,potato,21,30.6,0.0,loamy_sand,medium,56,hose_reel,farm_reservoir,39.9,0
farm_4,farm_4_field_5,2026-06-10,89.7,sensitive,potato,22,30.6,0.3,loamy_sand,medium,57,hose_reel,farm_reservoir,39.9,0
farm_4,farm_4_field_5,2026-06-11,79.2,sensitive,potato,23,30.6,0.1,loamy_sand,medium,58,hose_reel,farm_reservoir,39.9,0
farm_4,farm_4_field_5,2026-06-12,77.4,sensitive,potato,24,30.6,0.0,loamy_sand,medium,59,hose_reel,farm_reservoir,39.9,0
farm_4,farm_4_field_5,2026-06-13,78.6,sensitive,potato,25,30.6,0.0,loamy_sand,medium,60,hose_reel,farm_reservoir,39.9,0
farm_4,farm_4_field_5,2026-06-14,70.5,sensitive,potato,26,30.6,0.2,loamy_sand,medium,61,hose_reel,farm_reservoir,39.9,0
farm_4,farm_4_field_5,2026-06-15,72.6,sensitive,potato,27,30.6,0.9,loamy_sand,medium,62,hose_reel,farm_reservoir,39.9,0
farm_4,farm_4_field_5,2026-06-16,61.6,sensitive,potato,28,30.6,0.2,loamy_sand,medium,63,hose_reel,farm_reservoir,39.9,1
farm_4,farm_4_field_5,2026-06-17,80.9,sensitive,potato,1,21.9,2.7,loamy_sand,medium,64,hose_reel,farm_reservoir,39.9,0
farm_4,farm_4_field_5,2026-06-18,78.0,sensitive,potato,2,21.9,24.4,loamy_sand,medium,65,hose_reel,farm_reservoir,39.9,0
farm_4,farm_4_field_5,2026-06-19,100.0,sensitive,potato,3,21.9,0.0,loamy_sand,medium,66,hose_reel,farm_reservoir,39.9,0
farm_4,farm_4_field_5,2026-06-20,100.0,sensitive,potato,4,21.9,0.1,loamy_sand,medium,67,hose_reel,farm_reservoir,39.9,0
farm_4,farm_4_field_5,2026-06-21,92.8,sensitive,potato,5,21.9,0.3,loamy_sand,medium,68,hose_reel,farm_reservoir,39.9,0
farm_4,farm_4_field_5,2026-06-22,90.2,sensitive,potato,6,21.9,0.1,loamy_sand,medium,69,hose_reel,farm_reservoir,39.9,0
farm_4,farm_4_field_5,2026-06-23,86.4,sensitive,potato,7,21.9,0.0,loamy_sand,medium,70,hose_reel,farm_reservoir,39.9,0
farm_4,farm_4_field_5,2026-06-24,84.6,sensitive,potato,8,21.9,0.0,loamy_sand,medium,71,hose_reel,farm_reservoir,39.9,0
farm_4,farm_4_field_5,2026-06-25,70.4,sensitive,potato,9,21.9,0.0,loamy_sand,medium,72,hose_reel,farm_reservoir,39.9,0
farm_4,farm_4_field_5,2026-06-26,76.8,sensitive,potato,10,21.9,0.0,loamy_sand,medium,73,hose_reel,farm_reservoir,39.9,0
farm_4,farm_4_field_5,2026-06-27,64.2,sensitive,potato,11,21.9,0.1,loamy_sand,medium,74,hose_reel,farm_reservoir,39.9,0
farm_4,farm_4_field_5,2026-06-28,64.4,sensitive,potato,12,21.9,2.6,loamy_sand,medium,75,hose_reel,farm_reservoir,39.9,1
farm_4,farm_4_field_5,2026-06-29,60.8,sensitive,potato,13,21.9,0.2,loamy_sand,medium,76,hose_reel,farm_reservoir,39.9,1
farm_4,farm_4_field_5,2026-06-30,78.8,sensitive,potato,1,23.3,0.3,loamy_sand,medium,77,hose_reel,farm_reservoir,39.9,0
farm_4,farm_4_field_5,2026-07-01,83.0,sensitive,potato,2,23.3,0.0,loamy_sand,medium,78,hose_reel,farm_reservoir,39.9,0
farm_4,farm_4_field_5,2026-07-02,72.8,sensitive,potato,3,23.3,0.2,loamy_sand,medium,79,hose_reel,farm_reservoir,39.9,0
farm_4,farm_4_field_5,2026-07-03,72.5,sensitive,potato,4,23.3,0.0,loamy_sand,medium,80,hose_reel,farm_reservoir,39.9,0
farm_4,farm_4_field_5,2026-07-04,63.6,sensitive,potato,5,23.3,0.0,loamy_sand,medium,81,hose_reel,farm_reservoir,39.9,1
farm_4,farm_4_field_5,2026-07-05,61.3,sensitive,potato,6,23.3,0.0,loamy_sand,medium,82,hose_reel,farm_reservoir,39.9,1
farm_4,farm_4_field_5,2026-07-06,52.5,sensitive,potato,7,23.3,0.2,loamy_sand,medium,83,hose_reel,farm_reservoir,39.9,1
farm_4,farm_4_field_5,2026-07-07,51.6,sensitive,potato,8,23.3,0.3,loamy_sand,medium,84,hose_reel,farm_reservoir,39.9,2
farm_4,farm_4_field_5,2026-07-08,81.4,sensitive,potato,1,36.1,1.1,loamy_sand,medium,85,hose_reel,farm_reservoir,39.9,0
farm_4,farm_4_field_5,2026-07-09,78.6,sensitive,potato,2,36.1,4.5,loamy_sand,medium,86,hose_reel,farm_reservoir,39.9,0
farm_4,farm_4_field_5,2026-07-10,80.2,sensitive,potato,3,36.1,0.0,loamy_sand,medium,87,hose_reel,farm_reservoir,39.9,0
farm_4,farm_4_field_5,2026-07-11,72.3,sensitive,potato,4,36.1,0.0,loamy_sand,medium,88,hose_reel,farm_reservoir,39.9,0
farm_4,farm_4_field_5,2026-07-12,72.9,sensitive,potato,5,36.1,0.2,loamy_sand,medium,89,hose_reel,farm_reservoir,39.9,0
farm_4,farm_4_field_5,2026-07-13,67.5,sensitive,potato,6,36.1,0.0,loamy_sand,medium,90,hose_reel,farm_reservoir,39.9,1
farm_4,farm_4_field_5,2026-07-14,65.2,sensitive,potato,7,36.1,0.0,loamy_sand,medium,91,hose_reel,farm_reservoir,39.9,1
farm_4,farm_4_field_5,2026-07-15,59.5,sensitive,potato,8,36.1,0.8,loamy_sand,medium,92,hose_reel,farm_reservoir,39.9,1
farm_4,farm_4_field_5,2026-07-16,55.5,sensitive,potato,9,36.1,0.1,loamy_sand,medium,93,hose_reel,farm_reservoir,39.9,1
farm_4,farm_4_field_5,2026-07-17,50.7,sensitive,potato,10,36.1,0.0,loamy_sand,medium,94,hose_reel,farm_reservoir,39.9,2
farm_4,farm_4_field_5,2026-07-18,81.2,sensitive,potato,1,37.2,0.1,loamy_sand,medium,95,hose_reel,farm_reservoir,39.9,0
farm_4,farm_4_field_5,2026-07-19,80.2,sensitive,potato,2,37.2,0.0,loamy_sand,medium,96,hose_reel,farm_reservoir,39.9,0
farm_4,farm_4_field_5,2026-07-20,72.8,sensitive,potato,3,37.2,0.3,loamy_sand,medium,97,hose_reel,farm_reservoir,39.9,0
farm_4,farm_4_field_5,2026-07-21,64.7,sensitive,potato,4,37.2,0.0,loamy_sand,medium,98,hose_reel,farm_reservoir,39.9,0
farm_4,farm_4_field_5,2026-07-22,58.5,sensitive,potato,5,37.2,0.1,loamy_sand,medium,99,hose_reel,farm_reservoir,39.9,1
farm_4,farm_4_field_5,2026-07-23,62.4,late,potato,6,37.2,0.2,loamy_sand,medium,100,hose_reel,farm_reservoir,39.9,0
farm_4,farm_4_field_5,2026-07-24,57.4,late,potato,7,37.2,0.0,loamy_sand,medium,101,hose_reel,farm_reservoir,39.9,0
farm_4,farm_4_field_5,2026-07-25,52.4,late,potato,8,37.2,0.4,loamy_sand,medium,102,hose_reel,farm_reservoir,39.9,0
farm_4,farm_4_field_5,2026-07-26,49.7,late,potato,9,37.2,0.0,loamy_sand,medium,103,hose_reel,farm_reservoir,39.9,0
farm_4,farm_4_field_5,2026-07-27,44.3,late,potato,10,37.2,2.8,loamy_sand,medium,104,hose_reel,farm_reservoir,39.9,0
farm_4,farm_4_field_5,2026-07-28,50.3,late,potato,11,37.2,0.2,loamy_sand,medium,105,hose_reel,farm_reservoir,39.9,0
farm_4,farm_4_field_5,2026-07-29,45.6,late,potato,12,37.2,7.3,loamy_sand,medium,106,hose_reel,farm_reservoir,39.9,1
farm_4,farm_4_field_5,2026-07-30,53.2,late,potato,13,37.2,0.8,loamy_sand,medium,107,hose_reel,farm_reservoir,39.9,0
farm_4,farm_4_field_5,2026-07-31,51.4,late,potato,14,37.2,0.6,loamy_sand,medium,108,hose_reel,farm_reservoir,39.9,0
farm_4,farm_4_field_5,2026-08-01,38.3,late,potato,15,37.2,0.0,loamy_sand,medium,109,hose_reel,farm_reservoir,39.9,1
farm_4,farm_4_field_5,2026-08-02,44.7,late,potato,16,37.2,0.0,loamy_sand,medium,110,hose_reel,farm_reservoir,39.9,1
farm_4,farm_4_field_5,2026-08-03,44.1,late,potato,17,37.2,0.9,loamy_sand,medium,111,hose_reel,farm_reservoir,39.9,1
farm_4,farm_4_field_5,2026-08-04,42.7,late,potato,18,37.2,0.4,loamy_sand,medium,112,hose_reel,farm_reservoir,39.9,1
farm_4,farm_4_field_5,2026-08-05,31.7,late,potato,19,37.2,0.0,loamy_sand,medium,113,hose_reel,farm_reservoir,39.9,1
farm_4,farm_4_field_5,2026-08-06,27.4,late,potato,20,37.2,8.9,loamy_sand,medium,114,hose_reel,farm_reservoir,39.9,1
farm_4,farm_4_field_5,2026-08-07,42.9,late,potato,21,37.2,0.2,loamy_sand,medium,115,hose_reel,farm_reservoir,39.9,1
farm_4,farm_4_field_5,2026-08-08,35.2,late,potato,22,37.2,0.1,loamy_sand,medium,116,hose_reel,farm_reservoir,39.9,1
farm_4,farm_4_field_5,2026-08-09,72.9,late,potato,1,40.0,0.5,loamy_sand,medium,117,hose_reel,farm_reservoir,39.9,0
farm_4,farm_4_field_5,2026-08-10,71.1,late,potato,2,40.0,0.0,loamy_sand,medium,118,hose_reel,farm_reservoir,39.9,0
farm_4,farm_4_field_5,2026-08-11,66.2,late,potato,3,40.0,1.7,loamy_sand,medium,119,hose_reel,farm_reservoir,39.9,0
farm_4,farm_4_field_5,2026-08-12,63.4,late,potato,4,40.0,0.4,loamy_sand,medium,120,hose_reel,farm_reservoir,39.9,0
farm_4,farm_4_field_5,2026-08-13,65.4,late,potato,5,40.0,0.0,loamy_sand,medium,121,hose_reel,farm_reservoir,39.9,0
farm_4,farm_4_field_5,2026-08-14,65.9,late,potato,6,40.0,0.0,loamy_sand,medium,122,hose_reel,farm_reservoir,39.9,0
farm_4,farm_4_field_5,2026-08-15,56.2,late,potato,7,40.0,0.0,loamy_sand,medium,123,hose_reel,farm_reservoir,39.9,0
farm_4,farm_4_field_5,2026-08-16,56.9,late,potato,8,40.0,0.0,loamy_sand,medium,124,hose_reel,farm_reservoir,39.9,0
farm_4,farm_4_field_5,2026-08-17,55.0,late,potato,9,40.0,0.0,loamy_sand,medium,125,hose_reel,farm_reservoir,39.9,0
farm_4,farm_4_field_5,2026-08-18,47.8,late,potato,10,40.0,0.0,loamy_sand,medium,126,hose_reel,farm_reservoir,39.9,0
farm_4,farm_4_field_5,2026-08-19,49.3,late,potato,11,40.0,0.0,loamy_sand,medium,127,hose_reel,farm_reservoir,39.9,0
farm_4,farm_4_field_5,2026-08-20,45.3,late,potato,12,40.0,0.5,loamy_sand,medium,128,hose_reel,farm_reservoir,39.9,1
farm_4,farm_4_field_5,2026-08-21,40.5,late,potato,13,40.0,0.2,loamy_sand,medium,129,hose_reel,farm_reservoir,39.9,1
farm_4,farm_4_field_5,2026-08-22,37.1,late,potato,14,40.0,0.0,loamy_sand,medium,130,hose_reel,farm_reservoir,39.9,1
farm_4,farm_4_field_5,2026-08-23,43.3,late,potato,15,40.0,0.0,loamy_sand,medium,131,hose_reel,farm_reservoir,39.9,1
farm_4,farm_4_field_5,2026-08-24,39.7,late,potato,16,40.0,0.4,loamy_sand,medium,132,hose_reel,farm_reservoir,39.9,1
farm_4,farm_4_field_5,2026-08-25,29.0,late,potato,17,40.0,0.0,loamy_sand,medium,133,hose_reel,farm_reservoir,39.9,1
farm_4,farm_4_field_5,2026-08-26,26.8,late,potato,18,40.0,0.0,loamy_sand,medium,134,hose_reel,farm_reservoir,39.9,2
farm_4,farm_4_field_5,2026-08-27,67.2,late,potato,1,40.0,0.0,loamy_sand,medium,135,hose_reel,farm_reservoir,39.9,0
farm_4,farm_4_field_5,2026-08-28,68.7,late,potato,2,40.0,16.1,loamy_sand,medium,136,hose_reel,farm_reservoir,39.9,0
farm_4,farm_4_field_5,2026-08-29,76.3,late,potato,3,40.0,0.0,loamy_sand,medium,137,hose_reel,farm_reservoir,39.9,0
farm_4,farm_4_field_5,2026-08-30,77.8,late,potato,4,40.0,0.2,loamy_sand,medium,138,hose_reel,farm_reservoir,39.9,0
farm_4,farm_4_field_5,2026-08-31,69.3,late,potato,5,40.0,0.5,loamy_sand,medium,139,hose_reel,farm_reservoir,39.9,0
farm_4,farm_4_field_5,2026-09-01,73.0,late,potato,6,40.0,0.0,loamy_sand,medium,140,hose_reel,farm_reservoir,39.9,0
farm_4,farm_4_field_5,2026-09-02,73.9,late,potato,7,40.0,0.1,loamy_sand,medium,141,hose_reel,farm_reservoir,39.9,0
farm_4,farm_4_field_5,2026-09-03,60.1,late,potato,8,40.0,0.4,loamy_sand,medium,142,hose_reel,farm_reservoir,39.9,0
farm_4,farm_4_field_5,2026-09-04,66.8,late,potato,9,40.0,0.3,loamy_sand,medium,143,hose_reel,farm_reservoir,39.9,0
farm_4,farm_4_field_5,2026-09-05,60.7,late,potato,10,40.0,0.0,loamy_sand,medium,144,hose_reel,farm_reservoir,39.9,0
farm_4,farm_4_field_5,2026-09-06,58.0,late,potato,11,40.0,0.0,loamy_sand,medium,145,hose_reel,farm_reservoir,39.9,0
farm_4,farm_4_field_5,2026-09-07,59.4,late,potato,12,40.0,0.0,loamy_sand,medium,146,hose_reel,farm_reservoir,39.9,0
farm_4,farm_4_field_5,2026-09-08,60.1,late,potato,13,40.0,0.2,loamy_sand,medium,147,hose_reel,farm_reservoir,39.9,0
farm_4,farm_4_field_5,2026-09-09,56.7,late,potato,14,40.0,0.1,loamy_sand,medium,148,hose_reel,farm_reservoir,39.9,0
farm_4,farm_4_field_5,2026-09-10,47.9,late,potato,15,40.0,0.3,loamy_sand,medium,149,hose_reel,farm_reservoir,39.9,0
farm_4,farm_4_field_5,2026-09-11,50.5,late,potato,16,40.0,0.6,loamy_sand,medium,150,hose_reel,farm_reservoir,39.9,0
farm_4,farm_4_field_5,2026-09-12,49.2,late,potato,17,40.0,0.1,loamy_sand,medium,151,hose_reel,farm_reservoir,39.9,0
farm_4,farm_4_field_5,2026-09-13,45.2,late,potato,18,40.0,0.0,loamy_sand,medium,152,hose_reel,farm_reservoir,39.9,0
farm_4,farm_4_field_5,2026-09-14,42.7,late,potato,19,40.0,2.0,loamy_sand,medium,153,hose_reel,farm_reservoir,39.9,1
farm_4,farm_4_field_5,2026-09-15,44.1,late,potato,20,40.0,0.2,loamy_sand,medium,154,hose_reel,farm_reservoir,39.9,1
farm_4,farm_4_field_5,2026-09-16,36.5,late,potato,21,40.0,4.7,loamy_sand,medium,155,hose_reel,farm_reservoir,39.9,1
farm_4,farm_4_field_5,2026-09-17,46.6,late,potato,22,40.0,2.0,loamy_sand,medium,156,hose_reel,farm_reservoir,39.9,1
farm_4,farm_4_field_5,2026-09-18,45.7,late,potato,23,40.0,0.0,loamy_sand,medium,157,hose_reel,farm_reservoir,39.9,1
farm_4,farm_4_field_5,2026-09-19,43.3,late,potato,24,40.0,0.0,loamy_sand,medium,158,hose_reel,farm_reservoir,39.9,1
farm_4,farm_4_field_5,2026-09-20,34.8,late,potato,25,40.0,0.1,loamy_sand,medium,159,hose_reel,farm_reservoir,39.9,1
farm_4,farm_4_field_5,2026-09-21,37.6,late,potato,26,40.0,0.0,loamy_sand,medium,160,hose_reel,farm_reservoir,39.9,1
farm_4,farm_4_field_5,2026-09-22,33.7,late,potato,27,40.0,0.2,loamy_sand,medium,161,hose_reel,farm_reservoir,39.9,1
farm_4,farm_4_field_5,2026-09-23,31.2,late,potato,28,40.0,0.0,loamy_sand,medium,162,hose_reel,farm_reservoir,39.9,1
farm_4,farm_4_field_5,2026-09-24,72.2,late,potato,1,40.0,0.0,loamy_sand,medium,163,hose_reel,farm_reservoir,39.9,0
farm_4,farm_4_field_5,2026-09-25,66.5,late,potato,2,40.0,0.0,loamy_sand,medium,164,hose_reel,farm_reservoir,39.9,0
farm_4,farm_4_field_5,2026-09-26,70.2,late,potato,3,40.0,0.5,loamy_sand,medium,165,hose_reel,farm_reservoir,39.9,0
farm_4,farm_4_field_5,2026-09-27,67.0,late,potato,4,40.0,0.0,loamy_sand,medium,166,hose_reel,farm_reservoir,39.9,0
farm_4,farm_4_field_5,2026-09-28,68.0,late,potato,5,40.0,0.0,loamy_sand,medium,167,hose_reel,farm_reservoir,39.9,0
farm_4,farm_4_field_5,2026-09-29,63.7,late,potato,6,40.0,0.0,loamy_sand,medium,168,hose_reel,farm_reservoir,39.9,0
farm_4,farm_4_field_5,2026-09-30,59.5,late,potato,7,40.0,0.2,loamy_sand,medium,169,hose_reel,farm_reservoir,39.9,0
